variant,Year,Trt_code,Date,z_model,z_USDA,SWD_modelroot,SWD_USDAroot,Canopy_AC,Es,Tr
gross95,2012,1,2012-04-30,0.08,,3.753900049830017,,0.0,4.692375062287551,0.0
gross95,2012,1,2012-05-01,0.08,,5.2718430270147305,,0.0,1.8974287214809162,0.0
gross95,2012,1,2012-05-02,0.08,,6.643501024449703,,0.0,1.714572496793716,0.0
gross95,2012,1,2012-05-03,0.08,,7.946309182792724,,0.0,1.6285101979287846,0.0
gross95,2012,1,2012-05-04,0.08,,8.946351027475611,,0.0,1.2500523058536175,0.0
gross95,2012,1,2012-05-05,0.08,,9.569030653030312,,0.4875,0.7783495319433889,0.0
gross95,2012,1,2012-05-06,0.08,,10.58633306313073,,0.5738742470010385,3.0496280126255377,0.0
gross95,2012,1,2012-05-07,0.08,,8.763677620223216,,0.6755521053764285,1.531680696365608,0.0
gross95,2012,1,2012-05-08,0.08,,11.228728923706418,,0.6693127862307413,3.081314129354019,0.0
gross95,2012,1,2012-05-09,0.08,,12.194027183297466,,0.6619209548482653,1.206622824488818,0.0
gross95,2012,1,2012-05-10,0.08,,12.415687856150482,,0.6531637219016666,0.985736033449295,0.0
gross95,2012,1,2012-05-11,0.08,,12.415687856150482,,0.6427888736519074,0.4840079922606273,0.0
gross95,2012,1,2012-05-12,0.08,,12.415687856150482,,0.6304976080361702,1.5876180156698452,0.0
gross95,2012,1,2012-05-13,0.08,,12.415687856150482,,0.6159359289831668,0.5217902482684804,0.0
gross95,2012,1,2012-05-14,0.08,,12.415687856150482,,0.5986844511067813,0.685796659519991,0.0
gross95,2012,1,2012-05-15,0.08,,12.415687856150482,,0.5782463211468956,0.7247667675741237,0.0
gross95,2012,1,2012-05-16,0.08,,12.415687856150482,,0.5540329082874117,0.5608120017328235,0.0
gross95,2012,1,2012-05-17,0.08,,12.415687856150482,,0.5253468512237498,0.4619539308930875,0.0
gross95,2012,1,2012-05-18,0.08,,12.415687856150482,,0.49136197372485746,1.6131819458476029,0.0
gross95,2012,1,2012-05-19,0.08,,12.415687856150482,,0.45109949024546064,0.6968596617486045,0.0
gross95,2012,1,2012-05-20,0.08,,12.415687856150482,,0.40339981629543586,0.4248283114955311,0.0
gross95,2012,1,2012-05-21,0.08,,12.415687856150482,,0.3468891716874604,0.6946284114337576,0.0
gross95,2012,1,2012-05-22,0.08,,12.415687856150482,,0.2799400148157657,2.8828093041350016,0.0
gross95,2012,1,2012-05-23,0.08,,4.568063083527572,,0.32953921068278375,4.917483409091409,0.004985625129958451
gross95,2012,1,2012-05-24,0.09027524171086804,,9.435225686528577,,0.32729714898246665,4.741541664921375,0.0
gross95,2012,1,2012-05-25,0.09027524171086804,0.25,10.205482443913109,17.002565416218673,0.3238337431838241,0.8532314539256547,0.0
gross95,2012,1,2012-05-26,0.09027524171086804,,11.494056126725607,,0.31972953576767016,1.4273832541368732,0.0
gross95,2012,1,2012-05-27,0.09027524171086804,,12.316749228560461,,0.31486596519750626,0.9113164210291169,0.0
gross95,2012,1,2012-05-28,0.09027524171086804,,12.939779869691977,,0.3091025336034152,0.6901456360836621,0.0
gross95,2012,1,2012-05-29,0.09027524171086804,,13.441620270429473,,0.3022727481072324,0.5559003678381541,0.0
gross95,2012,1,2012-05-30,0.09027524171086804,,-2.132163616236468,,0.35582881171071296,7.715393681866887,0.0221610807496664
gross95,2012,1,2012-05-31,0.10011433168030215,0.335,4.2913034238865535,15.709730433955684,0.4188738284754046,4.88416274111963,0.018168619673230166
gross95,2012,1,2012-06-01,0.10987542002022938,,8.801489495970483,,0.4491429477041569,4.378485303918371,0.0
gross95,2012,1,2012-06-02,0.10987542002022938,,10.558174830980478,,0.4449902663408783,1.7566853350100122,0.0
gross95,2012,1,2012-06-03,0.10987542002022938,,11.894215738162908,,0.4400696885832304,1.3360409071824413,0.0
gross95,2012,1,2012-06-04,0.10987542002022938,,13.728615871022207,,0.4342392182555133,3.1044001328593076,0.0
gross95,2012,1,2012-06-05,0.10987542002022938,0.41,14.892505381964867,41.9356599422396,0.42733060184567145,2.6878895109426755,0.0
gross95,2012,1,2012-06-06,0.10987542002022938,,-5.010770647965667,,0.5030441586762776,8.513423137564768,0.05230083250470072
gross95,2012,1,2012-06-07,0.11922820837474701,0.44,-6.635061822641847,23.15291004656612,0.5921724877305019,6.233299280524038,0.05311893868878049
gross95,2012,1,2012-06-08,0.12852122615969186,0.455,4.419033373054581,32.75530773051774,0.6970923907509199,6.311725203008103,0.0885868172692901
gross95,2012,1,2012-06-09,0.1377564558858354,,7.293768973903719,,0.7785236568124959,2.615345999764481,0.06767471624571711
gross95,2012,1,2012-06-10,0.14685565573515227,,9.383364228520495,,0.7761150048324246,2.008299727962613,0.030328642185426774
gross95,2012,1,2012-06-11,0.15438508551606453,,10.723641579252819,,0.7685993341633568,1.3270184313854096,0.0
gross95,2012,1,2012-06-12,0.15438508551606453,,11.690181331555372,,0.7595801806190938,0.9621374691924268,0.0
gross95,2012,1,2012-06-13,0.15438508551606453,0.54,12.654149389532995,58.87404748350003,0.7488958420406239,0.9627826720922796,0.0
gross95,2012,1,2012-06-14,0.15438508551606453,,-11.23780793885862,,0.881583666529788,8.197943495280716,0.11904260327323311
gross95,2012,1,2012-06-15,0.16330933789316346,0.58,1.2732595991254958,46.75559732505833,1.0377808467655316,4.793091847405902,0.11657679246719131
gross95,2012,1,2012-06-16,0.17218690280641855,,4.71164617680259,,1.2149804803727091,2.3159306601894074,0.13247029131982002
gross95,2012,1,2012-06-17,0.1810190541208819,,6.974640308593386,,1.3790401617664738,1.7970621856021882,0.17207522767633998
gross95,2012,1,2012-06-18,0.18980700406595394,0.64,11.80084258243943,68.10232046866275,1.49568949417491,4.932537522914832,0.06602357013428621
gross95,2012,1,2012-06-19,0.1971599626689074,,-9.021448965173473,,1.7606926814707498,9.465255842484716,0.27756896135318343
gross95,2012,1,2012-06-20,0.20586292078731022,0.68,-1.1767122330564905,57.70826881549348,2.07264858826516,2.3388183510120255,0.20312905777893395
gross95,2012,1,2012-06-21,0.2145249848676612,,2.8104590143033295,,2.4390076717844633,2.320991269054395,0.3759398609703358
gross95,2012,1,2012-06-22,0.22314715934800994,,7.577079744009959,,2.8570511928458417,4.597516295551961,0.324329541354841
gross95,2012,1,2012-06-23,0.23173040482271096,,10.746192638894303,,3.1441501563295717,2.7309785895727132,0.42847912053498566
gross95,2012,1,2012-06-24,0.24026441818925498,0.76,12.698875303317793,85.75782369735364,3.1411213042832626,1.6366231598306595,0.31234477658653065
gross95,2012,1,2012-06-25,0.24864763606858048,,-15.908948149604877,,3.6976587143271322,8.92426343959315,0.5616124754703345
gross95,2012,1,2012-06-26,0.2571194591562644,0.8,0.6839965829292365,70.8066184622038,4.352802277643715,5.173852613407442,0.568890102177372
gross95,2012,1,2012-06-27,0.2655558084255564,,6.995122529158333,,5.120692326260626,3.865702093549304,0.47820101703288176
gross95,2012,1,2012-06-28,0.2739574619998996,0.84,10.134502440221748,85.58725351130248,5.85352754999166,2.246657909583396,0.6347996153493259
gross95,2012,1,2012-06-29,0.28232516760685405,,-20.934261345171414,,6.8906435180539445,6.202461354684841,0.7553197866710741
gross95,2012,1,2012-06-30,0.29065964426819807,,-0.8579520981942226,,8.11151355954009,5.391298804137191,0.8819088493088494
gross95,2012,1,2012-07-01,0.2989615838690411,,6.440604937172692,,9.506667761690563,2.6719646376380526,1.2421577829662036
gross95,2012,1,2012-07-02,0.30723165261648416,,12.726517018601706,,10.884218835361828,4.1985726522973374,1.4262581730431516
gross95,2012,1,2012-07-03,0.3154704923972795,0.92,15.269338746144953,88.04491786474111,11.577417267889157,1.2799029253535872,1.1382705601708138
gross95,2012,1,2012-07-04,0.3236787220430008,,-18.85106374128219,,13.628680239644536,6.135691409150677,1.6039071290379585
gross95,2012,1,2012-07-05,0.33185693851038817,0.94,-0.5448520591825914,64.47744876199152,16.04338176439783,4.973507121955878,1.7097880303140471
gross95,2012,1,2012-07-06,0.3400057179837907,,4.67511373703395,,18.855921821253347,5.036750052017957,1.9482724601646166
gross95,2012,1,2012-07-07,0.34812561690596694,,-14.547612077272163,,21.46774299895287,3.3190117664203913,1.513474101519822
gross95,2012,1,2012-07-08,0.3562171729429104,,-5.817783991036938,,23.507462106746292,2.459754968527144,1.230338872329935
gross95,2012,1,2012-07-09,0.36428090588784595,,3.6632361509916684,,24.872286773710258,3.142550952434383,2.146637644165839
gross95,2012,1,2012-07-10,0.37231731850906574,0.97,8.861181441049533,62.01293907660171,24.872286773710258,1.5620602664622867,2.4633000338708073
gross95,2012,1,2012-07-11,0.3803268973458597,,12.188480653345074,,24.872286773710258,0.7954457130462157,2.3447572889454564
gross95,2012,1,2012-07-12,0.38831011345641103,0.98,15.237159235113031,70.10331450332781,24.872286773710258,0.5746689851121307,2.423184836226385
gross95,2012,1,2012-07-13,0.3962674231211904,,-24.374614485329356,,24.872286773710258,4.4010523663008465,2.428383434240222
gross95,2012,1,2012-07-14,0.40419926850507965,,-1.5875637842852333,,24.872286773710258,5.251246181993109,2.908339998983701
gross95,2012,1,2012-07-15,0.4121060782811747,,8.014507923008647,,24.872286773710258,1.7483416001887888,2.5736189488597496
gross95,2012,1,2012-07-16,0.41998826821897545,,9.976892420549296,,24.872286773710258,4.627096435487415,2.54760293086427
gross95,2012,1,2012-07-17,0.4278462417394426,1.005,15.417621874047928,54.124573198342524,24.872286773710258,2.837745664481879,2.3680346251249427
gross95,2012,1,2012-07-18,0.43568039043919676,,-7.603055780602907,,24.872286773710258,4.720943316626788,2.5955286329422975
gross95,2012,1,2012-07-19,0.443491094585956,1.015,2.206585826321116,40.03808160750335,24.872286773710258,4.542988344611985,2.5017295115838234
gross95,2012,1,2012-07-20,0.45127872358713444,,8.747886720441015,,24.872286773710258,2.1726310886259013,2.700752692197497
gross95,2012,1,2012-07-21,0.45904363643338336,,12.634603287681665,,24.872286773710258,0.9722964491288251,2.6131388081834563
gross95,2012,1,2012-07-22,0.466786182118702,1.03,16.039593849164056,54.75064551776938,24.872286773710258,0.6501321717701257,2.6751347952663114
gross95,2012,1,2012-07-23,0.47450670003863554,,-16.66119742896962,,24.872286773710258,4.944470398887122,2.7086162634740143
gross95,2012,1,2012-07-24,0.48220552036795644,1.04,-0.7457218066031166,31.439180652178194,24.872286773710258,4.79687417750521,2.661255691146557
gross95,2012,1,2012-07-25,0.489882964419116,,7.728235126786429,,24.872286773710258,2.8731228882804176,1.9874478990360704
gross95,2012,1,2012-07-26,0.4975393449826659,1.05,12.436019447028226,41.630989465902125,24.872286773710258,1.6179022539049248,2.2690171691066023
gross95,2012,1,2012-07-27,0.5051749666507572,,-9.111868027332084,,24.872286773710258,4.602563282200249,2.5140152224933177
gross95,2012,1,2012-07-28,0.5127901261247443,,0.9669422333402524,,24.872286773710258,4.314920726216514,2.3551875272266116
gross95,2012,1,2012-07-29,0.5203851125078469,,7.981358428623033,,24.872286773710258,3.3270043914942677,2.2543057249744525
gross95,2012,1,2012-07-30,0.5279602075837617,,11.638212815193349,,24.872286773710258,1.0453277027343706,1.8535933435428864
gross95,2012,1,2012-07-31,0.5355156860820436,1.05,14.862028463173532,37.34671285452787,24.872286773710258,0.8379158133393879,2.2528896544037647
gross95,2012,1,2012-08-01,0.5430518159310256,,-13.01816151951604,,24.872286773710258,3.1886074500286994,1.735359984825795
gross95,2012,1,2012-08-02,0.5505688584989963,1.05,-2.6384292264994316,14.329074929669053,24.872286773710258,3.603448960636753,2.309945679649942
gross95,2012,1,2012-08-03,0.5580670688242979,,5.179628185371408,,24.872286773710258,1.5133092836798523,2.329423581637748
gross95,2012,1,2012-08-04,0.5655466958349682,,11.095223854932325,,24.872286773710258,2.8401676792083883,2.0677250102971887
gross95,2012,1,2012-08-05,0.5730079825585088,1.05,14.697472625876948,26.201799527335535,24.872286773710258,1.310481869390136,2.0656171734532225
gross95,2012,1,2012-08-06,0.5804511663223215,,-7.609733757266699,,24.872286773710258,4.161947685109859,2.256834753516887
gross95,2012,1,2012-08-07,0.5878764789453224,1.05,-2.6101808717805235,6.486945410535144,24.872286773710258,3.740669066274763,2.034632349937859
gross95,2012,1,2012-08-08,0.5952841469212051,,4.100203198007588,,24.872286773710258,2.0012722917531796,2.1296478492873514
gross95,2012,1,2012-08-09,0.6026743915938044,1.05,8.665042679884742,16.132623909111345,24.872286773710258,1.1770980529716681,2.3941521402970682
gross95,2012,1,2012-08-10,0.6100474293249714,,-14.124701992018768,,24.872286773710258,4.196788298018772,2.269069109746738
gross95,2012,1,2012-08-11,0.6174034716553543,,-3.153224069812641,,24.872286773710258,3.405800219468148,1.840056363401688
gross95,2012,1,2012-08-12,0.6247427254584514,,6.062426060601616,,24.872286773710258,3.345296541108788,2.0178401555039307
gross95,2012,1,2012-08-13,0.6320653930882829,,10.636640202201429,,24.872286773710258,2.426729412482244,1.5027615551543017
gross95,2012,1,2012-08-14,0.6393716725210001,1.05,14.226819680535925,15.974350049236996,24.872286773710258,1.4657517104881665,1.8414697448488149
gross95,2012,1,2012-08-15,0.6466617574907423,,-9.862239775390218,,24.714027391688894,4.320101541058895,2.295989543004626
gross95,2012,1,2012-08-16,0.6466617574907423,1.05,-2.614812369590398,-2.795385078818787,24.53562829977623,2.6424160004779953,1.1926050659640315
gross95,2012,1,2012-08-17,0.6466617574907423,,3.6270718900025214,,24.33452656673038,2.7463325971837733,1.467375712046653
gross95,2012,1,2012-08-18,0.6466617574907423,,8.869957665053752,,24.10783310881835,2.9742151517422677,1.8039558695778573
gross95,2012,1,2012-08-19,0.6466617574907423,,12.154678887471732,,23.85229118443129,1.4915616889970593,1.5950430819428951
gross95,2012,1,2012-08-20,0.6466617574907423,1.05,13.333477404773612,13.321424277305008,23.56422960682377,0.4307003837343933,0.6963885817232995
gross95,2012,1,2012-08-21,0.6466617574907423,,-10.305875819040212,,23.239510002818406,3.503435365042139,1.6286447445923473
gross95,2012,1,2012-08-22,0.6466617574907423,1.05,-2.110639845810191,-2.568237169157023,22.873467359779553,3.243785575243338,1.457540448050935
gross95,2012,1,2012-08-23,0.6466617574907423,,4.932095580589242,,22.46084300673724,3.082675453478083,1.3578351386456413
gross95,2012,1,2012-08-24,0.6466617574907423,,9.015194227106814,,21.995709066849482,2.5752593010108296,1.2724115947110368
gross95,2012,1,2012-08-25,0.6466617574907423,,12.378656899104218,,21.471383295865916,1.690526057414246,1.469778840064101
gross95,2012,1,2012-08-26,0.6466617574907423,,14.756329080540624,,20.88033308313826,0.9831531395350583,1.341494307118249
gross95,2012,1,2012-08-27,0.6466617574907423,1.05,16.533403944437328,16.529716857829186,20.214067236029337,0.608464412411797,1.1546986250864681
gross95,2012,1,2012-08-28,0.6466617574907423,,-12.316179136494002,,19.463013993065157,3.9788062259044583,1.272942337706692
gross95,2012,1,2012-08-29,0.6466617574907423,1.05,-3.1390545053091135,-3.728106482472478,18.61638351333296,3.6081932569573647,1.0526269361716147
gross95,2012,1,2012-08-30,0.6466617574907423,,5.250309357102199,,17.66201286660936,3.8975241594466103,1.2155723004297532
gross95,2012,1,2012-08-31,0.6466617574907423,,9.2761384922105,,16.586191297303564,1.7283781115630927,1.05966036049497
gross95,2012,1,2012-09-01,0.6466617574907423,,11.143445878531226,,15.37346325190845,0.9117359346678264,0.7037901839201095
gross95,2012,1,2012-09-02,0.6466617574907423,,12.782161437493324,,14.006406340196886,0.8590388528715119,0.7139668360919794
gross95,2012,1,2012-09-03,0.6466617574907423,,13.870242341392682,,12.465381040291776,0.5850313399352661,0.48580782480094026
gross95,2012,1,2012-09-04,0.6466617574907423,1.05,14.833540131860019,14.832171553561189,10.728248551802738,0.5636672773263609,0.39508343933723006
gross95,2012,1,2012-09-05,0.6466617574907423,,-23.381644755740883,,8.770052743628845,4.644229254157409,0.2693803124714079
gross95,2012,1,2012-09-06,0.6466617574907423,1.05,-7.1387539003008875,-8.589570642194102,6.562661627200464,4.6716338787162135,0.14561750466536186
gross95,2012,1,2012-09-07,0.6466617574907423,,1.6374895416550121,,4.0743632044646905,2.449324744506686,0.039508406141315795
gross95,2012,1,2012-09-08,0.6466617574907423,,5.363951861055898,,1.2694098844533312,1.6765532256949922,0.0037544430045347607
gross95,2012,2,2012-04-30,0.08,,3.753900049830017,,0.0,4.692375062287551,0.0
gross95,2012,2,2012-05-01,0.08,,5.2718430270147305,,0.0,1.8974287214809162,0.0
gross95,2012,2,2012-05-02,0.08,,6.643501024449703,,0.0,1.714572496793716,0.0
gross95,2012,2,2012-05-03,0.08,,7.946309182792724,,0.0,1.6285101979287846,0.0
gross95,2012,2,2012-05-04,0.08,,8.946351027475611,,0.0,1.2500523058536175,0.0
gross95,2012,2,2012-05-05,0.08,,9.569030653030312,,0.4875,0.7783495319433889,0.0
gross95,2012,2,2012-05-06,0.08,,10.58633306313073,,0.5738742470010385,3.0496280126255377,0.0
gross95,2012,2,2012-05-07,0.08,,8.763677620223216,,0.6755521053764285,1.531680696365608,0.0
gross95,2012,2,2012-05-08,0.08,,11.228728923706418,,0.6693127862307413,3.081314129354019,0.0
gross95,2012,2,2012-05-09,0.08,,12.194027183297466,,0.6619209548482653,1.206622824488818,0.0
gross95,2012,2,2012-05-10,0.08,,12.415687856150482,,0.6531637219016666,0.985736033449295,0.0
gross95,2012,2,2012-05-11,0.08,,12.415687856150482,,0.6427888736519074,0.4840079922606273,0.0
gross95,2012,2,2012-05-12,0.08,,12.415687856150482,,0.6304976080361702,1.5876180156698452,0.0
gross95,2012,2,2012-05-13,0.08,,12.415687856150482,,0.6159359289831668,0.5217902482684804,0.0
gross95,2012,2,2012-05-14,0.08,,12.415687856150482,,0.5986844511067813,0.685796659519991,0.0
gross95,2012,2,2012-05-15,0.08,,12.415687856150482,,0.5782463211468956,0.7247667675741237,0.0
gross95,2012,2,2012-05-16,0.08,,12.415687856150482,,0.5540329082874117,0.5608120017328235,0.0
gross95,2012,2,2012-05-17,0.08,,12.415687856150482,,0.5253468512237498,0.4619539308930875,0.0
gross95,2012,2,2012-05-18,0.08,,12.415687856150482,,0.49136197372485746,1.6131819458476029,0.0
gross95,2012,2,2012-05-19,0.08,,12.415687856150482,,0.45109949024546064,0.6968596617486045,0.0
gross95,2012,2,2012-05-20,0.08,,12.415687856150482,,0.40339981629543586,0.4248283114955311,0.0
gross95,2012,2,2012-05-21,0.08,,12.415687856150482,,0.3468891716874604,0.6946284114337576,0.0
gross95,2012,2,2012-05-22,0.08,,12.415687856150482,,0.2799400148157657,2.8828093041350016,0.0
gross95,2012,2,2012-05-23,0.08,,4.568063083527572,,0.32953921068278375,4.917483409091409,0.004985625129958451
gross95,2012,2,2012-05-24,0.09027524171086804,,9.435225686528577,,0.32729714898246665,4.741541664921375,0.0
gross95,2012,2,2012-05-25,0.09027524171086804,0.25,10.205482443913109,17.002565416218673,0.3238337431838241,0.8532314539256547,0.0
gross95,2012,2,2012-05-26,0.09027524171086804,,11.494056126725607,,0.31972953576767016,1.4273832541368732,0.0
gross95,2012,2,2012-05-27,0.09027524171086804,,12.316749228560461,,0.31486596519750626,0.9113164210291169,0.0
gross95,2012,2,2012-05-28,0.09027524171086804,,12.939779869691977,,0.3091025336034152,0.6901456360836621,0.0
gross95,2012,2,2012-05-29,0.09027524171086804,,13.441620270429473,,0.3022727481072324,0.5559003678381541,0.0
gross95,2012,2,2012-05-30,0.09027524171086804,,-2.560971014363089,,0.35582881171071296,7.715393681866887,0.0221610807496664
gross95,2012,2,2012-05-31,0.10011433168030215,0.335,4.158718893915869,15.22133872524961,0.4188738284754046,4.870771032413534,0.018168619673230166
gross95,2012,2,2012-06-01,0.10987542002022938,,8.635850721363866,,0.45352874781901303,4.380201465908751,0.0
gross95,2012,2,2012-06-02,0.10987542002022938,,10.41293910625227,,0.4493356034105253,1.7770883848884154,0.0
gross95,2012,2,2012-06-03,0.10987542002022938,,11.768980811623454,,0.44436709646482303,1.3560417053711942,0.0
gross95,2012,2,2012-06-04,0.10987542002022938,,13.722113734095277,,0.4384798531780138,3.223132922471835,0.0
gross95,2012,2,2012-06-05,0.10987542002022938,0.41,14.933504904310198,41.65562269247585,0.43150398821559055,2.735391170214939,0.0
gross95,2012,2,2012-06-06,0.10987542002022938,,-8.997952785348968,,0.5079569770567528,8.512701744615855,0.05332585624587153
gross95,2012,2,2012-06-07,0.11922820837474701,0.44,-7.661712574144034,18.313595136202146,0.5979557491638314,6.232677205671305,0.05415972214903189
gross95,2012,2,2012-06-08,0.12852122615969186,0.455,4.151805749283025,27.93540515897064,0.7039003185463294,6.3302759273046885,0.08944843178958733
gross95,2012,2,2012-06-09,0.1377564558858354,,7.0756706014652355,,0.7907015396380903,2.5912661076266494,0.07497647718796606
gross95,2012,2,2012-06-10,0.14689016814263386,,9.17874412082426,,0.7889094471714628,1.9963343323868217,0.036264525319988215
gross95,2012,2,2012-06-11,0.15484369150078103,,10.522647196533288,,0.7815368490173782,1.3248767461344526,0.0
gross95,2012,2,2012-06-12,0.15484369150078103,,11.492685907391396,,0.7725460438568741,0.9636527347007814,0.0
gross95,2012,2,2012-06-13,0.15484369150078103,0.54,12.461063808984632,54.03458669460548,0.7618953831895892,0.9666585181242332,0.0
gross95,2012,2,2012-06-14,0.15484369150078103,,-2.306599714318457,,0.896886439633832,8.195775245683176,0.12109820510629943
gross95,2012,2,2012-06-15,0.16376794387787996,0.58,3.8884268852793262,52.327388212021944,1.055794933723708,4.657445016879816,0.11858794661590193
gross95,2012,2,2012-06-16,0.17264550879113505,,6.584962688000114,,1.2158728217409593,2.365161762564411,0.13256689642277236
gross95,2012,2,2012-06-17,0.1814776601055984,,8.579764826960965,,1.3269795339828858,1.8092323758805542,0.15298802265316677
gross95,2012,2,2012-06-18,0.19025292681787548,0.64,13.091522174921243,73.4738998652816,1.326501935696929,4.748000678207582,0.00793823176360808
gross95,2012,2,2012-06-19,0.19217313067749375,,-7.292624381997733,,1.561528819473836,9.485926862096312,0.24645636921648648
gross95,2012,2,2012-06-20,0.20087608879589658,0.68,-0.49916310001556174,63.6667848260923,1.8381972829660884,2.4839282163846383,0.18039737891142538
gross95,2012,2,2012-06-21,0.20953815287624755,,3.2706310347948326,,2.1605359104949664,2.4426194672455015,0.3335565404508366
gross95,2012,2,2012-06-22,0.2181603273565963,,7.91269456256593,,2.5263810307157843,4.589300395235087,0.28734373795191104
gross95,2012,2,2012-06-23,0.2267435728312973,,10.984497571270735,,2.7592758388165004,2.7094466707018436,0.3566930111803896
gross95,2012,2,2012-06-24,0.23526629543823616,0.76,12.87332522292005,91.59452664855016,2.755104596375737,1.6263174538364416,0.260112277452122
gross95,2012,2,2012-06-25,0.243615004180846,,-15.73120751545378,,3.2432483603163615,8.995689616324318,0.4938971257320008
gross95,2012,2,2012-06-26,0.25208682726852993,0.8,0.7576352320777935,76.61224891407241,3.8178804320285225,5.207428405002499,0.5005309842615342
gross95,2012,2,2012-06-27,0.260523176537822,,6.979988187535509,,4.490174964492577,3.9132673348971525,0.42085742074869936
gross95,2012,2,2012-06-28,0.26892483011216517,0.84,10.085444344477258,91.32812088852089,5.13277525465653,2.267491675234656,0.5589811299842102
gross95,2012,2,2012-06-29,0.2772925357191196,,-21.078958811247826,,6.042189813931446,6.297151030781111,0.6656171830208998
gross95,2012,2,2012-06-30,0.2856270123804636,,-0.7836619670820331,,7.11273257375847,5.4627585499055,0.7778770794902563
gross95,2012,2,2012-07-01,0.29392895198130664,,6.348731721070506,,8.333028084355991,2.730148954521253,1.0963860229112268
gross95,2012,2,2012-07-02,0.3021990207287497,,12.585443583732784,,9.534362156740748,4.33950431096283,1.259422029319479
gross95,2012,2,2012-07-03,0.310437860509545,0.92,15.034894336065431,93.45936821968759,10.066002763330932,1.3292061855788913,0.9986271575077246
gross95,2012,2,2012-07-04,0.31864609015526635,,-19.264497053309263,,11.84947642280392,6.341907200121499,1.4094405481734613
gross95,2012,2,2012-07-05,0.3268243066226537,0.94,-0.7040302024947906,69.54971415335017,13.9489422758834,5.01398188303504,1.5053790955407151
gross95,2012,2,2012-07-06,0.33497308609605625,,4.532656022831262,,16.39430943586384,5.280709919140736,1.7192013808213074
gross95,2012,2,2012-07-07,0.3430929850182325,,-14.591867100999828,,18.66516126608754,3.506044865947941,1.338322976935576
gross95,2012,2,2012-07-08,0.35118454105517594,,-5.760951448186163,,20.43859809576924,2.6142272975835006,1.0897589731161095
gross95,2012,2,2012-07-09,0.3592482740001115,,3.471571021566182,,21.62524694423269,3.170393473056697,1.903535498839262
gross95,2012,2,2012-07-10,0.3672846866213313,0.97,8.453267390219589,66.79880591820847,21.62524694423269,1.6394226757015902,2.1845426106454893
gross95,2012,2,2012-07-11,0.3752942654581253,,11.672714033327441,,21.62524694423269,0.826497589616026,2.079611091763161
gross95,2012,2,2012-07-12,0.3832774815686766,0.98,14.484333666719802,74.41802440913399,21.62524694423269,0.6114178982904203,2.1493733078599955
gross95,2012,2,2012-07-13,0.39123479123345595,,-30.995612629263753,,21.62524694423269,4.697045279503805,2.154188501989547
gross95,2012,2,2012-07-14,0.3991666366173452,,-3.05988503066994,,21.62524694423269,5.508466037957486,2.580196648439954
gross95,2012,2,2012-07-15,0.40707344639344023,,7.32610953499877,,21.62524694423269,1.7381116141912645,2.2834584835327876
gross95,2012,2,2012-07-16,0.414955636331241,,9.429383049350632,,21.62524694423269,4.93829194956445,2.2605905809268534
gross95,2012,2,2012-07-17,0.4228136098517081,1.005,14.790749386823691,52.11350936838816,21.62524694423269,2.9938868580026727,2.101452496655561
gross95,2012,2,2012-07-18,0.4306477585514623,,-9.620998072126167,,21.62524694423269,5.038450505601435,2.3035559437466926
gross95,2012,2,2012-07-19,0.43845846269822153,1.015,1.3286730839285774,36.612075318632236,21.62524694423269,4.808720545469244,2.2205203520307863
gross95,2012,2,2012-07-20,0.4462460916994,,8.222832982373745,,21.62524694423269,2.217624939067101,2.3974013554099085
gross95,2012,2,2012-07-21,0.4540110045456489,,11.996472412383321,,21.62524694423269,1.0497008339820224,2.319850441383489
gross95,2012,2,2012-07-22,0.46175355023096754,1.03,15.196339642569843,50.61806577888488,21.62524694423269,0.7178190554546442,2.3751159298615576
gross95,2012,2,2012-07-23,0.4694740681509011,,-17.468223194110873,,21.62524694423269,5.277010908702167,2.4050732894746396
gross95,2012,2,2012-07-24,0.477172888480222,1.04,-0.9985479407208538,27.24450001415799,21.62524694423269,5.003784059682917,2.3632473740174413
gross95,2012,2,2012-07-25,0.48485033253138154,,7.573162026377882,,21.62524694423269,3.053058075647808,1.7650626994791192
gross95,2012,2,2012-07-26,0.49250671309493144,1.05,12.144107754535554,37.236281034809565,21.62524694423269,1.714021583326378,2.015320058802353
gross95,2012,2,2012-07-27,0.5001423347630227,,-9.369613380073794,,21.62524694423269,4.912108818293126,2.2331405919189566
gross95,2012,2,2012-07-28,0.5077574942370098,,0.8652949401544265,,21.62524694423269,4.580342420863282,2.0922598914743857
gross95,2012,2,2012-07-29,0.5153524806201124,,7.869166028197652,,21.62524694423269,3.4887531000504914,2.0028341238767227
gross95,2012,2,2012-07-30,0.5229275756960272,,11.312368701807378,,21.62524694423269,1.3209731157547726,1.6469814880299183
gross95,2012,2,2012-07-31,0.5304830541943091,1.05,14.471278004753998,32.90654876815366,21.62524694423269,1.0329099102015793,2.001964272880955
gross95,2012,2,2012-08-01,0.5380191840432911,,-14.434977053929847,,21.62524694423269,3.403057342836481,1.5422265802551842
gross95,2012,2,2012-08-02,0.5455362266112618,1.05,-3.2171976220973835,8.84114424004899,21.62524694423269,3.836246864956621,2.053064683847055
gross95,2012,2,2012-08-03,0.5530344369365634,,4.859460702078497,,21.62524694423269,1.6157717541200094,2.070578264689088
gross95,2012,2,2012-08-04,0.5605140639472337,,10.718739652752603,,21.62524694423269,2.9083931702855192,1.8381389571554476
gross95,2012,2,2012-08-05,0.5679753506707743,1.05,14.17230444917763,22.041027686580847,21.62524694423269,1.3756521724068667,1.8364445837420234
gross95,2012,2,2012-08-06,0.575418534434587,,-8.1961732006449,,21.62524694423269,4.4418596055738755,2.006643600088165
gross95,2012,2,2012-08-07,0.5828438470575878,1.05,-2.8676304033914675,3.308095204031132,21.62524694423269,3.9726993533307517,1.8092516524871656
gross95,2012,2,2012-08-08,0.5902515150334706,,3.908023635032462,,21.62524694423269,2.1135788007524368,1.8939278752046784
gross95,2012,2,2012-08-09,0.5976417597060699,1.05,8.357607261066544,12.810365443299258,21.62524694423269,1.2712052696956333,2.1293647026699607
gross95,2012,2,2012-08-10,0.6050147974372369,,2.7140880473000513,,21.62524694423269,4.479043424983045,2.018314096685418
gross95,2012,2,2012-08-11,0.6123708397676197,,8.06895441718022,,21.62524694423269,3.6348574187113756,1.6368728256180023
gross95,2012,2,2012-08-12,0.6197100935707169,,13.076347428832342,,21.62524694423269,3.1894498640590845,1.7952023755546673
gross95,2012,2,2012-08-13,0.6270327612005484,,15.22507010415319,,21.62524694423269,1.569289589974362,1.337086888229762
gross95,2012,2,2012-08-14,0.6343390406332656,1.05,17.69535516619714,22.036075845330853,21.62524694423269,0.8305096568563479,1.6386156589203948
gross95,2012,2,2012-08-15,0.6416291256030078,,20.38657672625981,,21.487648087778886,0.647874444848486,2.0430338965537675
gross95,2012,2,2012-08-16,0.6416291256030078,1.05,21.692317703217952,26.033016627423116,21.33253873043117,0.2444736279390192,1.0611802271452522
gross95,2012,2,2012-08-17,0.6416291256030078,,23.199395083685094,,21.157690527787153,0.709443968182857,1.3056101496132004
gross95,2012,2,2012-08-18,0.6416291256030078,,25.02757815979434,,20.96059156167314,0.7311981612864135,1.60498036464341
gross95,2012,2,2012-08-19,0.6416291256030078,,26.689314276017246,,20.73841025322523,0.24274683082134213,1.4189880528450598
gross95,2012,2,2012-08-20,0.6416291256030078,1.05,27.410347982265392,31.751049149954653,20.487954683635532,0.10157779146799123,0.6194555777427523
gross95,2012,2,2012-08-21,0.6416291256030078,,18.052367136195027,,20.20562673815399,3.7284958731392304,1.4485231877361977
gross95,2012,2,2012-08-22,0.6416291256030078,1.05,22.79856343458811,27.13926467145049,19.88737041456569,3.450070605697323,1.2961256667542578
gross95,2012,2,2012-08-23,0.6416291256030078,,26.122720631693635,,19.528613553528853,2.116938163435855,1.2072190263685705
gross95,2012,2,2012-08-24,0.6416291256030078,,27.6899810391418,,19.12420215365514,1.1982610303431953,1.1309993750311456
gross95,2012,2,2012-08-25,0.6416291256030078,,29.598737739667172,,18.668326327684458,0.6026957495370721,1.3060609504546574
gross95,2012,2,2012-08-26,0.6416291256030078,,31.144107761985783,,18.15443683601991,0.4896639963291194,1.0557060258330186
gross95,2012,2,2012-08-27,0.6416291256030078,1.05,32.35453695168049,36.69523819657755,17.575150998520318,0.3810774494518111,0.829351740196768
gross95,2012,2,2012-08-28,0.6416291256030078,,21.73427029840154,,16.922146632852805,4.2099123086718,1.129821038035578
gross95,2012,2,2012-08-29,0.6416291256030078,1.05,26.481396690788575,30.822097935707955,16.18604249569421,3.8133397533894318,0.9337866389935179
gross95,2012,2,2012-08-30,0.6416291256030078,,29.87523787541503,,15.356263509166142,2.4207923462447503,0.9730488383805088
gross95,2012,2,2012-08-31,0.6416291256030078,,31.788308494050177,,14.42088883630894,1.2050113024535356,0.7080593161812566
gross95,2012,2,2012-09-01,0.6416291256030078,,32.9385451815082,,13.366480623004398,0.6985888656207813,0.4516478218371566
gross95,2012,2,2012-09-02,0.6416291256030078,,33.999852875401615,,12.177890946005723,0.6890573855219737,0.3722503083714235
gross95,2012,2,2012-09-03,0.6416291256030078,,34.73097693481993,,10.83804419363623,0.4910456451928878,0.2400784142254318
gross95,2012,2,2012-09-04,0.6416291256030078,1.05,35.38109586350783,39.721797108429534,9.327691752776964,0.4820931189215581,0.16802580976636694
gross95,2012,2,2012-09-05,0.6416291256030078,,35.921512847986975,,7.625135477907953,0.4377323692981342,0.10268461518102703
gross95,2012,2,2012-09-06,0.6416291256030078,1.05,36.35437982858883,40.695081073510536,5.705915969482021,0.38144580053677535,0.051421180065090014
gross95,2012,2,2012-09-07,0.6416291256030078,,36.660328099797994,,3.542461183351032,0.2918750101071268,0.014073261102037122
gross95,2012,2,2012-09-08,0.6416291256030078,,36.944701757011686,,1.1036903230694857,0.2831166821881495,0.0012569750255556863
gross95,2012,3,2012-04-30,0.08,,3.753900049830017,,0.0,4.692375062287551,0.0
gross95,2012,3,2012-05-01,0.08,,5.2718430270147305,,0.0,1.8974287214809162,0.0
gross95,2012,3,2012-05-02,0.08,,6.643501024449703,,0.0,1.714572496793716,0.0
gross95,2012,3,2012-05-03,0.08,,7.946309182792724,,0.0,1.6285101979287846,0.0
gross95,2012,3,2012-05-04,0.08,,8.946351027475611,,0.0,1.2500523058536175,0.0
gross95,2012,3,2012-05-05,0.08,,9.569030653030312,,0.4875,0.7783495319433889,0.0
gross95,2012,3,2012-05-06,0.08,,10.58633306313073,,0.5738742470010385,3.0496280126255377,0.0
gross95,2012,3,2012-05-07,0.08,,8.763677620223216,,0.6755521053764285,1.531680696365608,0.0
gross95,2012,3,2012-05-08,0.08,,11.228728923706418,,0.6693127862307413,3.081314129354019,0.0
gross95,2012,3,2012-05-09,0.08,,12.194027183297466,,0.6619209548482653,1.206622824488818,0.0
gross95,2012,3,2012-05-10,0.08,,12.415687856150482,,0.6531637219016666,0.985736033449295,0.0
gross95,2012,3,2012-05-11,0.08,,12.415687856150482,,0.6427888736519074,0.4840079922606273,0.0
gross95,2012,3,2012-05-12,0.08,,12.415687856150482,,0.6304976080361702,1.5876180156698452,0.0
gross95,2012,3,2012-05-13,0.08,,12.415687856150482,,0.6159359289831668,0.5217902482684804,0.0
gross95,2012,3,2012-05-14,0.08,,12.415687856150482,,0.5986844511067813,0.685796659519991,0.0
gross95,2012,3,2012-05-15,0.08,,12.415687856150482,,0.5782463211468956,0.7247667675741237,0.0
gross95,2012,3,2012-05-16,0.08,,12.415687856150482,,0.5540329082874117,0.5608120017328235,0.0
gross95,2012,3,2012-05-17,0.08,,12.415687856150482,,0.5253468512237498,0.4619539308930875,0.0
gross95,2012,3,2012-05-18,0.08,,12.415687856150482,,0.49136197372485746,1.6131819458476029,0.0
gross95,2012,3,2012-05-19,0.08,,12.415687856150482,,0.45109949024546064,0.6968596617486045,0.0
gross95,2012,3,2012-05-20,0.08,,12.415687856150482,,0.40339981629543586,0.4248283114955311,0.0
gross95,2012,3,2012-05-21,0.08,,12.415687856150482,,0.3468891716874604,0.6946284114337576,0.0
gross95,2012,3,2012-05-22,0.08,,12.415687856150482,,0.2799400148157657,2.8828093041350016,0.0
gross95,2012,3,2012-05-23,0.08,,4.568063083527572,,0.32953921068278375,4.917483409091409,0.004985625129958451
gross95,2012,3,2012-05-24,0.09027524171086804,,9.435225686528577,,0.32729714898246665,4.741541664921375,0.0
gross95,2012,3,2012-05-25,0.09027524171086804,0.25,10.205482443913109,17.002565416218673,0.3238337431838241,0.8532314539256547,0.0
gross95,2012,3,2012-05-26,0.09027524171086804,,11.494056126725607,,0.31972953576767016,1.4273832541368732,0.0
gross95,2012,3,2012-05-27,0.09027524171086804,,12.316749228560461,,0.31486596519750626,0.9113164210291169,0.0
gross95,2012,3,2012-05-28,0.09027524171086804,,12.939779869691977,,0.3091025336034152,0.6901456360836621,0.0
gross95,2012,3,2012-05-29,0.09027524171086804,,13.441620270429473,,0.3022727481072324,0.5559003678381541,0.0
gross95,2012,3,2012-05-30,0.09027524171086804,,-2.6467324939884143,,0.35582881171071296,7.715393681866887,0.0221610807496664
gross95,2012,3,2012-05-31,0.10011433168030215,0.335,4.165364985590423,15.156620346212527,0.4188738284754046,4.901052653376474,0.018168619673230166
gross95,2012,3,2012-06-01,0.10987542002022938,,8.653873836004715,,0.45352874781901303,4.398552411307227,0.0
gross95,2012,3,2012-06-02,0.10987542002022938,,10.434732407430083,,0.4493356034105253,1.7808585714253657,0.0
gross95,2012,3,2012-06-03,0.10987542002022938,,11.792765632977622,,0.44436709646482303,1.3580332255475507,0.0
gross95,2012,3,2012-06-04,0.10987542002022938,,13.748110161872601,,0.4384798531780138,3.2253445288949876,0.0
gross95,2012,3,2012-06-05,0.10987542002022938,0.41,14.960364507647109,41.61809174753331,0.43150398821559055,2.736254345774523,0.0
gross95,2012,3,2012-06-06,0.10987542002022938,,-5.322607891491175,,0.5079569770567528,8.512701744615855,0.05332585624587153
gross95,2012,3,2012-06-07,0.11922820837474701,0.44,-6.728590347728816,22.456064191259593,0.5979557491638314,6.232677205671305,0.05415972214903189
gross95,2012,3,2012-06-08,0.12852122615969186,0.455,4.410085602569341,32.07714295629049,0.7039003185463294,6.32954466956708,0.08944843178958733
gross95,2012,3,2012-06-09,0.1377564558858354,,7.294612667148357,,0.7858868725358441,2.6155323699306963,0.06831185441465926
gross95,2012,3,2012-06-10,0.14685565573515227,,9.385895807749042,,0.7834555199887138,2.0068589454418575,0.03034564251296223
gross95,2012,3,2012-06-11,0.1543603083898889,,10.726259902242102,,0.7758636168459064,1.3260421713313544,0.0
gross95,2012,3,2012-06-12,0.1543603083898889,,11.692519377710882,,0.766758542056124,0.96150768698937,0.0
gross95,2012,3,2012-06-13,0.1543603083898889,0.54,12.656038110745316,58.193132977743296,0.7559724773545029,0.9622392566779905,0.0
gross95,2012,3,2012-06-14,0.1543603083898889,,-2.0166925496009283,,0.8899141255288716,8.196763104763201,0.12016166858485128
gross95,2012,3,2012-06-15,0.16328456076698783,0.58,4.1147843621801705,56.69644915833753,1.0475872793507055,4.773824635659211,0.11767166845572333
gross95,2012,3,2012-06-16,0.17216212568024292,,6.809360483226232,,1.2033686047944894,2.390719167399453,0.13121309504086903
gross95,2012,3,2012-06-17,0.18099427699470627,,8.792819687349926,,1.3032612849376213,1.8154814804891075,0.14194579855574824
gross95,2012,3,2012-06-18,0.18975713200610184,0.64,13.149650739386338,77.7078743519835,1.301996289896475,4.595879158715364,0.005562807677889945
gross95,2012,3,2012-06-19,0.1911762430641256,,-8.164895508931188,,1.5326813137692008,9.49620860730242,0.24194392376851234
gross95,2012,3,2012-06-20,0.19987920118252842,0.68,-0.8976302969523667,66.86544708882268,1.8042386355525388,2.3961443852709703,0.17709968629540407
gross95,2012,3,2012-06-21,0.2085412652628794,,2.920496855040955,,2.1226305260562173,2.3820761624052267,0.32777667153341716
gross95,2012,3,2012-06-22,0.21716343974322813,,7.589142007945039,,2.485768907508161,4.589380363325121,0.2827913499804675
gross95,2012,3,2012-06-23,0.22574668521792915,,10.704024893082147,,2.7343578560645074,2.7366865541476826,0.37223136461655615
gross95,2012,3,2012-06-24,0.23428006741680746,0.76,12.594170768639081,94.76629732751934,2.729023103111674,1.6470730485673581,0.2404824557171487
gross95,2012,3,2012-06-25,0.24257613942038606,,-8.410028667603349,,3.2125458017367166,9.000528264190296,0.4893088614177843
gross95,2012,3,2012-06-26,0.25104796250806993,0.8,-0.5761544621970371,85.0943454088278,3.7817380572882175,2.922138077741521,0.49589674375699544
gross95,2012,3,2012-06-27,0.259484311777362,,4.941912754780292,,4.451778625602967,3.8995421772935543,0.41735163306125495
gross95,2012,3,2012-06-28,0.26788596535170517,0.84,8.18365075429128,99.81222962441262,5.166213495205669,2.2832030399228813,0.5625129517233776
gross95,2012,3,2012-06-29,0.2762536709586596,,-15.320407947844842,,6.081552573144118,6.2927370224097094,0.6697989170634198
gross95,2012,3,2012-06-30,0.2845881476200036,,-0.1371466674118058,,7.159069545662172,5.459473500811951,0.7827311559788768
gross95,2012,3,2012-07-01,0.29289008722084664,,6.533569753398494,,8.382554005400172,2.7276084118307042,1.1025793569740774
gross95,2012,3,2012-07-02,0.3011601559682897,,12.642089972337972,,9.586980654234521,4.33369153301982,1.2659770621682072
gross95,2012,3,2012-07-03,0.309398995749085,0.92,15.057664069725103,109.6471639682317,10.117787997553858,1.3273338117059041,1.003454744688828
gross95,2012,3,2012-07-04,0.31760722539480635,,-2.9122234786519656,,11.910436858281768,6.334768842105947,1.4161746991818518
gross95,2012,3,2012-07-05,0.3257854418621937,0.94,4.581777679254377,102.07634373219504,14.020703555897162,5.006127337477215,1.5124716784064733
gross95,2012,3,2012-07-06,0.33393422133559625,,6.73689314772121,,16.478651073157252,5.27223088481359,1.7271683953720005
gross95,2012,3,2012-07-07,0.3420541202577725,,-13.674917358611697,,18.761185454705316,3.499531206339639,1.3444282144569053
gross95,2012,3,2012-07-08,0.35014567629471594,,-5.544357905022094,,20.543745850490048,2.608839101026287,1.0946678740257096
gross95,2012,3,2012-07-09,0.3582094092396515,,3.5274294105533066,,21.736499494471918,3.1632709388913662,1.912034863114537
gross95,2012,3,2012-07-10,0.3662458218608713,0.97,8.475182534609228,98.86136734803414,21.736499494471918,1.6356708483728999,2.1942895990689073
gross95,2012,3,2012-07-11,0.3742554006976653,,11.690459434709751,,21.736499494471918,0.8237252249530376,2.088883144628651
gross95,2012,3,2012-07-12,0.3822386168082166,0.98,14.506845768907834,106.4943378333788,21.736499494471918,0.6090941007228494,2.158949411644207
gross95,2012,3,2012-07-13,0.39019592647299595,,-14.824514305871126,,21.736499494471918,4.686709752011556,2.1637790470109155
gross95,2012,3,2012-07-14,0.3981277718568852,,0.6169729535357096,,21.736499494471918,5.463763422923466,2.5916753920247855
gross95,2012,3,2012-07-15,0.40603458163298023,,8.207958972772499,,21.736499494471918,1.7816147286813258,2.2936096511693496
gross95,2012,3,2012-07-16,0.413916771570781,,9.871077428827498,,21.736499494471918,4.927425575243514,2.2706327029137197
gross95,2012,3,2012-07-17,0.4217747450912481,1.005,15.063151212784478,100.30577523932169,21.736499494471918,2.931649813444763,2.1107808120296907
gross95,2012,3,2012-07-18,0.4296088937910023,,-2.160672787338208,,21.736499494471918,5.027363739215295,2.3137738481329486
gross95,2012,3,2012-07-19,0.43741959793776153,1.015,5.2399049682994905,92.02709312296126,21.736499494471918,4.802499040442916,2.230362652452507
gross95,2012,3,2012-07-20,0.44520722693894,,10.182286063382296,,21.736499494471918,2.305388436961757,2.408019796287314
gross95,2012,3,2012-07-21,0.4529721397851889,,13.77254289516885,,21.736499494471918,1.2191831906715271,2.330117770862978
gross95,2012,3,2012-07-22,0.46071468547050753,1.03,16.957110419865067,106.39197345798075,21.736499494471918,0.7880731971451662,2.385620037996862
gross95,2012,3,2012-07-23,0.4684352033904411,,-23.428903335616646,,21.736499494471918,5.265399206434406,2.415701958897362
gross95,2012,3,2012-07-24,0.476134023719762,1.04,-2.7772526950484098,75.37819700210443,21.736499494471918,5.049120371047799,2.3736834043482093
gross95,2012,3,2012-07-25,0.48381146777092154,,7.167701480547904,,21.736499494471918,3.0535138451739536,1.7728513317371455
gross95,2012,3,2012-07-26,0.49146784833447144,1.05,11.99257527090759,85.38670899962307,21.736499494471918,1.7136218915868104,2.024206325624825
gross95,2012,3,2012-07-27,0.4991034700025627,,-9.45813937535414,,21.736499494471918,4.901300058165153,2.242979909824063
gross95,2012,3,2012-07-28,0.5067186294765498,,0.8355096453754508,,21.736499494471918,4.571713773174965,2.1014715430868396
gross95,2012,3,2012-07-29,0.5143136158596524,,7.865529068376741,,21.736499494471918,3.483819848830346,2.011645406784016
gross95,2012,3,2012-07-30,0.5218887109355672,,11.310158979205868,,21.736499494471918,1.3120243959448712,1.654221753801686
gross95,2012,3,2012-07-31,0.5294441894338491,1.05,14.472471631645275,81.06133390847648,21.736499494471918,1.0266898123944046,2.0107584068471582
gross95,2012,3,2012-08-01,0.5369803192828311,,-14.3392815585266,,21.736499494471918,3.395569147464368,1.5489960591195842
gross95,2012,3,2012-08-02,0.5444973618508018,1.05,-3.173722796604504,57.08964588907394,21.736499494471918,3.8266771814266494,2.0620695925868864
gross95,2012,3,2012-08-03,0.5519955721761034,,4.877182079433595,,21.736499494471918,1.612283844459756,2.079653069550679
gross95,2012,3,2012-08-04,0.5594751991867737,,10.728430548077622,,21.736499494471918,2.901115850495981,1.8461888902841206
gross95,2012,3,2012-08-05,0.5669364859103143,1.05,14.184666927005356,68.49179079600054,21.736499494471918,1.3724223085348708,1.8444809436012648
gross95,2012,3,2012-08-06,0.574379669674127,,-8.185360160586248,,21.736499494471918,4.432085596736778,2.0154180263988564
gross95,2012,3,2012-08-07,0.5818049822971278,1.05,-2.8603277742689226,48.54388848372512,21.736499494471918,3.964738507069709,1.8171568681961232
gross95,2012,3,2012-08-08,0.5892126502730106,,3.915661989928558,,21.736499494471918,2.1096430326684774,1.902196699484981
gross95,2012,3,2012-08-09,0.5966028949456099,1.05,8.368886752616747,55.96223212144864,21.736499494471918,1.2678496401113994,2.1386542654587175
gross95,2012,3,2012-08-10,0.6039759326767768,,-5.541399295976607,,21.736499494471918,4.469187595689703,2.027112384998174
gross95,2012,3,2012-08-11,0.6113319750071597,,1.7079778786840085,,21.736499494471918,3.626859163096206,1.6440027988545753
gross95,2012,3,2012-08-12,0.6186712288102569,,8.291136203208254,,21.736499494471918,3.3418143530870603,1.8030159402188604
gross95,2012,3,2012-08-13,0.6259938964400884,,11.752041948949453,,21.736499494471918,2.5149136600009308,1.3429019933575526
gross95,2012,3,2012-08-14,0.6333001758728056,1.05,15.007144752855199,58.41961665991993,21.736499494471918,1.513840063939913,1.6457365852283834
gross95,2012,3,2012-08-15,0.6405902608425478,,0.40353768033456794,,21.59819275136461,4.5992458408034045,2.0519134888084247
gross95,2012,3,2012-08-16,0.6405902608425478,1.05,4.288421382800264,47.668864272909936,21.44228542340341,2.812294721359611,1.0657935620185837
gross95,2012,3,2012-08-17,0.6405902608425478,,7.926131191781329,,21.266537702316942,2.8326339694292706,1.311288269085453
gross95,2012,3,2012-08-18,0.6405902608425478,,12.01671380523231,,21.06842474719803,2.986146062219393,1.6119641358075265
gross95,2012,3,2012-08-19,0.6405902608425478,,14.846664099455827,,20.84510041193317,1.4046580174036232,1.4251668022406978
gross95,2012,3,2012-08-20,0.6405902608425478,1.05,15.86649883897598,59.244522790312864,20.593356356671595,0.3976459859893943,0.6221552752276304
gross95,2012,3,2012-08-21,0.6405902608425478,,-2.138012949110299,,20.309575955917765,3.720636188795283,1.4548430175209488
gross95,2012,3,2012-08-22,0.6405902608425478,1.05,2.774893334444235,45.98465661334681,19.989682341078172,3.442866484079086,1.301788132638634
gross95,2012,3,2012-08-23,0.6405902608425478,,7.235120997626005,,19.629079831027056,3.1113526898535016,1.2125015295908748
gross95,2012,3,2012-08-24,0.6405902608425478,,10.34105759748283,,19.222587909266224,2.6773253065531546,1.1359577871151099
gross95,2012,3,2012-08-25,0.6405902608425478,,13.356107037103765,,18.764366799176365,1.692139297488297,1.3117997103747863
gross95,2012,3,2012-08-26,0.6405902608425478,,15.526196410031897,,18.247833568153084,0.9702768569873063,1.1969184930216799
gross95,2012,3,2012-08-27,0.6405902608425478,1.05,17.154233325089823,60.15820826063776,17.66556755535628,0.5974130499423667,1.0298669263639364
gross95,2012,3,2012-08-28,0.6405902608425478,,-4.868894380250436,,17.009203764421382,4.201842017735666,1.134831406492587
gross95,2012,3,2012-08-29,0.6405902608425478,1.05,1.0627921103682567,42.87900299814194,16.269312689582417,3.806176712149292,0.9379446011266499
gross95,2012,3,2012-08-30,0.6405902608425478,,6.908848677324491,,15.435264848755278,3.8273271777679465,1.0825041826589998
gross95,2012,3,2012-08-31,0.6405902608425478,,9.95482420413835,,14.495078077425728,1.7335940851770681,0.9430246893838187
gross95,2012,3,2012-09-01,0.6405902608425478,,11.572051604883539,,13.435245389523235,0.9164387332046908,0.6258404157152113
gross95,2012,3,2012-09-02,0.6405902608425478,,13.089708805431837,,12.24054093228205,0.8638109578246425,0.634326966572337
gross95,2012,3,2012-09-03,0.6405902608425478,,14.115020644864195,,10.893801247382576,0.5890260172252829,0.4311800047623874
gross95,2012,3,2012-09-04,0.6405902608425478,1.05,15.032502611786894,55.4422165288669,9.375678695909588,0.5658897348618724,0.35025056557079415
gross95,2012,3,2012-09-05,0.6405902608425478,,-14.48596643863428,,7.664363504761226,4.822680980926682,0.23849567916620523
gross95,2012,3,2012-09-06,0.6405902608425478,1.05,-3.8966280682330012,30.85583437615814,5.735270441349685,4.803713366723851,0.12872782047452128
gross95,2012,3,2012-09-07,0.6405902608425478,,2.5413732623704575,,3.5606856152748785,2.4432478357817593,0.03486596982245747
gross95,2012,3,2012-09-08,0.6405902608425478,,5.680438252679715,,1.1093683328250379,1.6705341179494002,0.003306807955634352
gross95,2012,4,2012-04-30,0.08,,3.753900049830017,,0.0,4.692375062287551,0.0
gross95,2012,4,2012-05-01,0.08,,5.2718430270147305,,0.0,1.8974287214809162,0.0
gross95,2012,4,2012-05-02,0.08,,6.643501024449703,,0.0,1.714572496793716,0.0
gross95,2012,4,2012-05-03,0.08,,7.946309182792724,,0.0,1.6285101979287846,0.0
gross95,2012,4,2012-05-04,0.08,,8.946351027475611,,0.0,1.2500523058536175,0.0
gross95,2012,4,2012-05-05,0.08,,9.569030653030312,,0.4875,0.7783495319433889,0.0
gross95,2012,4,2012-05-06,0.08,,10.58633306313073,,0.5738742470010385,3.0496280126255377,0.0
gross95,2012,4,2012-05-07,0.08,,8.763677620223216,,0.6755521053764285,1.531680696365608,0.0
gross95,2012,4,2012-05-08,0.08,,11.228728923706418,,0.6693127862307413,3.081314129354019,0.0
gross95,2012,4,2012-05-09,0.08,,12.194027183297466,,0.6619209548482653,1.206622824488818,0.0
gross95,2012,4,2012-05-10,0.08,,12.415687856150482,,0.6531637219016666,0.985736033449295,0.0
gross95,2012,4,2012-05-11,0.08,,12.415687856150482,,0.6427888736519074,0.4840079922606273,0.0
gross95,2012,4,2012-05-12,0.08,,12.415687856150482,,0.6304976080361702,1.5876180156698452,0.0
gross95,2012,4,2012-05-13,0.08,,12.415687856150482,,0.6159359289831668,0.5217902482684804,0.0
gross95,2012,4,2012-05-14,0.08,,12.415687856150482,,0.5986844511067813,0.685796659519991,0.0
gross95,2012,4,2012-05-15,0.08,,12.415687856150482,,0.5782463211468956,0.7247667675741237,0.0
gross95,2012,4,2012-05-16,0.08,,12.415687856150482,,0.5540329082874117,0.5608120017328235,0.0
gross95,2012,4,2012-05-17,0.08,,12.415687856150482,,0.5253468512237498,0.4619539308930875,0.0
gross95,2012,4,2012-05-18,0.08,,12.415687856150482,,0.49136197372485746,1.6131819458476029,0.0
gross95,2012,4,2012-05-19,0.08,,12.415687856150482,,0.45109949024546064,0.6968596617486045,0.0
gross95,2012,4,2012-05-20,0.08,,12.415687856150482,,0.40339981629543586,0.4248283114955311,0.0
gross95,2012,4,2012-05-21,0.08,,12.415687856150482,,0.3468891716874604,0.6946284114337576,0.0
gross95,2012,4,2012-05-22,0.08,,12.415687856150482,,0.2799400148157657,2.8828093041350016,0.0
gross95,2012,4,2012-05-23,0.08,,4.568063083527572,,0.32953921068278375,4.917483409091409,0.004985625129958451
gross95,2012,4,2012-05-24,0.09027524171086804,,9.435225686528577,,0.32729714898246665,4.741541664921375,0.0
gross95,2012,4,2012-05-25,0.09027524171086804,0.25,10.205482443913109,17.002565416218673,0.3238337431838241,0.8532314539256547,0.0
gross95,2012,4,2012-05-26,0.09027524171086804,,11.494056126725607,,0.31972953576767016,1.4273832541368732,0.0
gross95,2012,4,2012-05-27,0.09027524171086804,,12.316749228560461,,0.31486596519750626,0.9113164210291169,0.0
gross95,2012,4,2012-05-28,0.09027524171086804,,12.939779869691977,,0.3091025336034152,0.6901456360836621,0.0
gross95,2012,4,2012-05-29,0.09027524171086804,,13.441620270429473,,0.3022727481072324,0.5559003678381541,0.0
gross95,2012,4,2012-05-30,0.09027524171086804,,-3.0755398921150454,,0.35582881171071296,7.715393681866887,0.0221610807496664
gross95,2012,4,2012-05-31,0.10011433168030215,0.335,4.034186293357434,14.667600583239903,0.4188738284754046,4.887032890403871,0.018168619673230166
gross95,2012,4,2012-06-01,0.10987542002022938,,8.681289494862007,,0.45777575863045467,4.592115926261563,0.0
gross95,2012,4,2012-06-02,0.10987542002022938,,10.503640353945496,,0.4535434332386525,1.8223508590834963,0.0
gross95,2012,4,2012-06-03,0.10987542002022938,,11.883417545069591,,0.44852851602610017,1.3797771911241201,0.0
gross95,2012,4,2012-06-04,0.10987542002022938,,13.862800321108653,,0.4425862993200155,3.249382776039081,0.0
gross95,2012,4,2012-06-05,0.10987542002022938,0.41,15.08439040224924,41.41924573525988,0.43554531780716205,2.7455900811406013,0.0
gross95,2012,4,2012-06-06,0.10987542002022938,,-5.198278482629209,,0.512714341110591,8.512003217738373,0.05432789738319034
gross95,2012,4,2012-06-07,0.11922820837474701,0.44,-6.703750543069496,22.25793678227827,0.6035560131927672,6.232074854810955,0.05517716204165775
gross95,2012,4,2012-06-08,0.12852122615969186,0.455,4.414284563450691,31.877345743426567,0.7104928258337396,6.327040580005103,0.0902827174689638
gross95,2012,4,2012-06-09,0.1377564558858354,,7.298239222675521,,0.7934894717632476,2.613185395950829,0.06924225636286889
gross95,2012,4,2012-06-10,0.14685746741438727,,9.388468369905084,,0.7910346822098667,2.0054054477954346,0.030637860152965497
gross95,2012,4,2012-06-11,0.1543621200691239,,10.728090318156992,,0.7833696262911521,1.325303701767711,0.0
gross95,2012,4,2012-06-12,0.1543621200691239,,11.69391616435063,,0.7741768695658734,0.9610753132915867,0.0
gross95,2012,4,2012-06-13,0.1543621200691239,0.54,12.657073681033387,57.98922619122914,0.7632869960247608,0.961878378327244,0.0
gross95,2012,4,2012-06-14,0.1543621200691239,,-1.9207204507465985,,0.8985246155679882,8.195543155483808,0.12131823744934672
gross95,2012,4,2012-06-15,0.16328637244622282,0.58,4.133802388617682,56.570345489589194,1.0577233582994399,4.755559584808226,0.11880321748742195
gross95,2012,4,2012-06-16,0.1721639373594779,,6.817664211825728,,1.2148432934279982,2.3869058083147032,0.13245543933719625
gross95,2012,4,2012-06-17,0.18099608867394126,,8.797857777049261,,1.3156884975083862,1.8136089902245818,0.14328896853556328
gross95,2012,4,2012-06-18,0.18975894368533683,0.64,13.151376301207335,77.57512939844021,1.3144115097124744,4.5922855696320655,0.0056154470393659514
gross95,2012,4,2012-06-19,0.19117805474336058,,-8.163114164867041,,1.5472962366887066,9.493879154555291,0.24423024003066693
gross95,2012,4,2012-06-20,0.1998810128617634,0.68,-0.8962349195634224,66.73365406522473,1.8214430004456865,2.3954685883461213,0.17877054965057232
gross95,2012,4,2012-06-21,0.20854307694211438,,2.9236672793196514,,2.1428039698749295,2.3810694936688837,0.33085306686779425
gross95,2012,4,2012-06-22,0.21716525142246312,,7.591863107273394,,2.5093936122254186,4.586365126669762,0.2854398082085121
gross95,2012,4,2012-06-23,0.22574849689716414,,10.708660514599618,,2.7603451458506663,2.7351211582280026,0.3757123119049141
gross95,2012,4,2012-06-24,0.23428187909604245,0.76,12.599949041463601,94.6392660282226,2.7549603069989894,1.6459672060128172,0.24273152303347426
gross95,2012,4,2012-06-25,0.24257795109962105,,-8.309499622069348,,3.2430785060447067,8.995716385985732,0.49387174684336343
gross95,2012,4,2012-06-26,0.25104977418730495,0.8,1.623673657008982,87.2332060126463,3.817680483326479,5.0886703655056955,0.5005053518870309
gross95,2012,4,2012-06-27,0.259486123456597,,7.0036784149911355,,4.487991364725684,3.779185191514569,0.4206580890524776
gross95,2012,4,2012-06-28,0.2678877770309402,0.84,9.907994837594448,101.80187410691856,5.138770471516041,2.2539359390743865,0.5596144610470615
gross95,2012,4,2012-06-29,0.2762554826378946,,-13.596297413413486,,6.049247250979363,6.296359482475003,0.6663670798403287
gross95,2012,4,2012-06-30,0.28458995929923864,,0.0695913269541808,,7.121040432982328,5.46217393083303,0.7787475764730094
gross95,2012,4,2012-07-01,0.29289189890008166,,6.587759857201768,,8.336310426080642,2.729913550608812,1.096796602420818
gross95,2012,4,2012-07-02,0.30116196764752473,,12.65314102155219,,9.532470643686224,4.339306626149469,1.259186312741894
gross95,2012,4,2012-07-03,0.30940080742832005,0.92,15.053005576368252,111.62764722226099,10.06025990290516,1.3292815261577433,0.9980916004747828
gross95,2012,4,2012-07-04,0.31760903707404137,,-2.919811708184123,,11.842716054183464,6.34269914747166,1.4086934336211216
gross95,2012,4,2012-07-05,0.32578725354142873,0.94,4.576472827304216,104.05509556879288,13.940984119059788,5.011826405594845,1.5045921530524027
gross95,2012,4,2012-07-06,0.33393603301483127,,6.734938522325269,,16.38495614706781,5.281650754464283,1.7183173354811438
gross95,2012,4,2012-07-07,0.3420559319370075,,-13.6756165905975,,18.654512409883555,3.5067676808025103,1.337645460784076
gross95,2012,4,2012-07-08,0.35014748797395095,,-5.543956110826354,,20.426937457587222,2.61482525828806,1.0892141796242147
gross95,2012,4,2012-07-09,0.3582112209188865,,3.524092955412418,,21.61290929861571,3.16924551992403,1.9025921868408868
gross95,2012,4,2012-07-10,0.3662476335401063,0.97,8.465363291814475,100.83172115838958,21.61290929861571,1.640014697965508,2.183460825064752
gross95,2012,4,2012-07-11,0.3742572123769003,,11.673631437543376,,21.61290929861571,0.8270107359262803,2.0785820133575306
gross95,2012,4,2012-07-12,0.3822404284874516,0.98,14.482101082009253,108.44975613288268,21.61290929861571,0.6118131425785078,2.148310479234844
gross95,2012,4,2012-07-13,0.39019773815223097,,-14.848430546051624,,21.61290929861571,4.698192323470655,2.1531240660624507
gross95,2012,4,2012-07-14,0.3981295835361202,,0.6099818490814608,,21.61290929861571,5.474610567175816,2.5789226396237606
gross95,2012,4,2012-07-15,0.40603639331221525,,8.19803809819864,,21.61290929861571,1.785848767327529,2.2823318156194166
gross95,2012,4,2012-07-16,0.413918583250016,,9.862923555613008,,21.61290929861571,4.939497907278336,2.259476011126202
gross95,2012,4,2012-07-17,0.42177655677048315,1.005,15.048096284387007,102.24685912687008,21.61290929861571,2.934885240369268,2.1004171474441624
gross95,2012,4,2012-07-18,0.42961070547023733,,-2.364701387453052,,21.61290929861571,5.039680922578665,2.302421854235449
gross95,2012,4,2012-07-19,0.43742140961699655,1.015,5.079087779775895,93.7376374622378,21.61290929861571,4.771929008894132,2.219427946263543
gross95,2012,4,2012-07-20,0.445209038618175,,9.995755356783851,,21.61290929861571,2.2377020400248147,2.396222800033536
gross95,2012,4,2012-07-21,0.45297395146442393,,13.570676610041705,,21.61290929861571,1.2056105025619466,2.3187108514167227
gross95,2012,4,2012-07-22,0.46071649714974255,1.03,16.74531667282354,107.98556802592728,21.61290929861571,0.7872564102219665,2.3739500543365795
gross95,2012,4,2012-07-23,0.4684370150696761,,-23.638926147683165,,21.61290929861571,5.278299583425453,2.4038935834716124
gross95,2012,4,2012-07-24,0.476135835398997,1.04,-2.8490993178419393,76.9750034601051,21.61290929861571,5.0628346193645495,2.362089044520297
gross95,2012,4,2012-07-25,0.48381327945015656,,7.146992772265483,,21.61290929861571,3.0598782030715177,1.7641982096640407
gross95,2012,4,2012-07-26,0.49146966001370646,1.05,11.974460777291807,86.97484166594506,21.61290929861571,1.7171094556659579,2.0143337340425314
gross95,2012,4,2012-07-27,0.49910528168179774,,-9.377851528077779,,21.61290929861571,4.913308381944156,2.232048479142284
gross95,2012,4,2012-07-28,0.5067204411557849,,0.8721178338416323,,21.61290929861571,4.5812200194571355,2.091237441862935
gross95,2012,4,2012-07-29,0.5143154275388875,,7.872210220554585,,21.61290929861571,3.4892325336358576,2.001856108968088
gross95,2012,4,2012-07-30,0.5218905226148023,,11.313241475758486,,21.61290929861571,1.3216923864466579,1.6461778457759082
gross95,2012,4,2012-07-31,0.5294460011130842,1.05,14.471165720937135,82.73903377377437,21.61290929861571,1.0334307578304112,2.0009881527659625
gross95,2012,4,2012-08-01,0.5369821309620662,,-14.435144748732604,,21.61290929861571,3.4038883879215645,1.5414751868869436
gross95,2012,4,2012-08-02,0.5444991735300369,1.05,-3.2121851207317365,58.6734373221093,21.61290929861571,3.8369748140280717,2.0520651594983845
gross95,2012,4,2012-08-03,0.5519973838553385,,4.861499647101144,,21.61290929861571,1.6161816157023177,2.0695709775152373
gross95,2012,4,2012-08-04,0.5594770108660088,,10.718785777759015,,21.61290929861571,2.9093217803746283,1.837245424902008
gross95,2012,4,2012-08-05,0.5669382975895494,1.05,14.171203226169812,70.06335829288136,21.61290929861571,1.376048618194511,1.83555255408339
gross95,2012,4,2012-08-06,0.5743814813533621,,-8.102326716026013,,21.61290929861571,4.4429443318132416,2.005669641228449
gross95,2012,4,2012-08-07,0.5818067939763629,1.05,-2.820938185638978,50.21162736586914,21.61290929861571,3.9735822388398527,1.8083741717831807
gross95,2012,4,2012-08-08,0.5892144619522457,,3.9229585315980393,,21.61290929861571,2.114015665612273,1.8930100296963828
gross95,2012,4,2012-08-09,0.596604706624845,1.05,8.360894321832616,57.61856460672197,21.61290929861571,1.2715779957994067,2.1283335497448195
gross95,2012,4,2012-08-10,0.6039777443560119,,-0.420653783129186,,21.61290929861571,4.480137231713056,2.0173374713688395
gross95,2012,4,2012-08-11,0.6113337866863948,,5.035509893109727,,21.61290929861571,3.635745070633891,1.6360813825508336
gross95,2012,4,2012-08-12,0.618673040489492,,10.249720519967385,,21.61290929861571,3.3182399257860187,1.7943350483144966
gross95,2012,4,2012-08-13,0.6259957081193235,,13.225513180747159,,21.61290929861571,2.3768174096746604,1.3364413925375458
gross95,2012,4,2012-08-14,0.6333019875520407,1.05,16.25139988933749,64.89114955455526,21.61290929861571,1.3816248061026426,1.6378252091513463
gross95,2012,4,2012-08-15,0.6405920725217829,,8.370617733595838,,21.4753889451234,4.610466784497323,2.042048228637009
gross95,2012,4,2012-08-16,0.6405920725217829,1.05,12.250868895249456,60.888456261221044,21.32036808083603,2.81912356324259,1.0606681302888714
gross95,2012,4,2012-08-17,0.6405920725217829,,15.322759443127667,,21.145619632667263,2.2747897501159646,1.3049798589513228
gross95,2012,4,2012-08-18,0.6405920725217829,,18.04423157311051,,20.94863311554408,1.6252350009865826,1.6042051442163463
gross95,2012,4,2012-08-19,0.6405920725217829,,20.220928995307403,,20.726578566076235,0.7583867246836375,1.4183021947858199
gross95,2012,4,2012-08-20,0.6405920725217829,1.05,21.120365992548578,69.75779037232283,20.476265886510795,0.2802795320359014,0.6191559053262683
gross95,2012,4,2012-08-21,0.6405920725217829,,7.962556238795557,,20.194099014895738,3.729368150452195,1.447821676651059
gross95,2012,4,2012-08-22,0.6405920725217829,1.05,12.70892360938886,61.34634745636573,19.87602426304838,3.450870128365187,1.2954971285744687
gross95,2012,4,2012-08-23,0.6405920725217829,,16.917288193288332,,19.517472080137324,3.001731883386214,1.2066326694025302
gross95,2012,4,2012-08-24,0.6405920725217829,,19.214242252540643,,19.113291405237433,1.928505052842167,1.1304489978114844
gross95,2012,4,2012-08-25,0.6405920725217829,,21.83508520217381,,18.65767566574811,1.3154189837802168,1.3054239634533187
gross95,2012,4,2012-08-26,0.6405920725217829,,23.938166665207437,,18.144079358547568,0.9119955814528173,1.1910858809047458
gross95,2012,4,2012-08-27,0.6405920725217829,1.05,25.607662382956562,74.24508618695609,17.565124015464637,0.6446626441624428,1.0248330733944897
gross95,2012,4,2012-08-28,0.6405920725217829,,10.332735268345255,,16.912492202141642,4.210807956515913,1.1292649288176348
gross95,2012,4,2012-08-29,0.6405920725217829,1.05,15.08019512915757,63.71761893308604,16.176808027446597,3.8141347105444883,0.9333251502519098
gross95,2012,4,2012-08-30,0.6405920725217829,,19.97221264159141,,15.347502446799282,3.814869686471397,1.077147825957805
gross95,2012,4,2012-08-31,0.6405920725217829,,22.622647503090803,,14.412661424321316,1.712101371391937,0.9383334901061252
gross95,2012,4,2012-09-01,0.6405920725217829,,24.0808108251259,,13.358854772465065,0.8354552852076786,0.6227080368270428
gross95,2012,4,2012-09-02,0.6405920725217829,,25.467672031023564,,12.17094321018372,0.7557312271297185,0.6311299787678626
gross95,2012,4,2012-09-03,0.6405920725217829,,26.438620759243452,,10.831860867786258,0.5419590697719242,0.42898965844795933
gross95,2012,4,2012-09-04,0.6405920725217829,1.05,27.321701969616612,75.95912577353852,9.32237011388114,0.5346258512358182,0.3484553591373384
gross95,2012,4,2012-09-05,0.6405920725217829,,28.046504255563693,,7.620785182184147,0.48754142204322565,0.23726086390387546
gross95,2012,4,2012-09-06,0.6405920725217829,1.05,28.5994376610935,77.23686146501541,5.702660627735706,0.4264615838554671,0.1264718216743523
gross95,2012,4,2012-09-07,0.6405920725217829,,28.955819800512774,,3.540440136802756,0.3217011069727193,0.0346810324465645
gross95,2012,4,2012-09-08,0.6405920725217829,,29.265895081928104,,1.1030606451697587,0.3067862670323586,0.0032890143829884537
gross95,2012,5,2012-04-30,0.08,,3.753900049830017,,0.0,4.692375062287551,0.0
gross95,2012,5,2012-05-01,0.08,,5.2718430270147305,,0.0,1.8974287214809162,0.0
gross95,2012,5,2012-05-02,0.08,,6.643501024449703,,0.0,1.714572496793716,0.0
gross95,2012,5,2012-05-03,0.08,,7.946309182792724,,0.0,1.6285101979287846,0.0
gross95,2012,5,2012-05-04,0.08,,8.946351027475611,,0.0,1.2500523058536175,0.0
gross95,2012,5,2012-05-05,0.08,,9.569030653030312,,0.4875,0.7783495319433889,0.0
gross95,2012,5,2012-05-06,0.08,,10.58633306313073,,0.5738742470010385,3.0496280126255377,0.0
gross95,2012,5,2012-05-07,0.08,,8.763677620223216,,0.6755521053764285,1.531680696365608,0.0
gross95,2012,5,2012-05-08,0.08,,11.228728923706418,,0.6693127862307413,3.081314129354019,0.0
gross95,2012,5,2012-05-09,0.08,,12.194027183297466,,0.6619209548482653,1.206622824488818,0.0
gross95,2012,5,2012-05-10,0.08,,12.415687856150482,,0.6531637219016666,0.985736033449295,0.0
gross95,2012,5,2012-05-11,0.08,,12.415687856150482,,0.6427888736519074,0.4840079922606273,0.0
gross95,2012,5,2012-05-12,0.08,,12.415687856150482,,0.6304976080361702,1.5876180156698452,0.0
gross95,2012,5,2012-05-13,0.08,,12.415687856150482,,0.6159359289831668,0.5217902482684804,0.0
gross95,2012,5,2012-05-14,0.08,,12.415687856150482,,0.5986844511067813,0.685796659519991,0.0
gross95,2012,5,2012-05-15,0.08,,12.415687856150482,,0.5782463211468956,0.7247667675741237,0.0
gross95,2012,5,2012-05-16,0.08,,12.415687856150482,,0.5540329082874117,0.5608120017328235,0.0
gross95,2012,5,2012-05-17,0.08,,12.415687856150482,,0.5253468512237498,0.4619539308930875,0.0
gross95,2012,5,2012-05-18,0.08,,12.415687856150482,,0.49136197372485746,1.6131819458476029,0.0
gross95,2012,5,2012-05-19,0.08,,12.415687856150482,,0.45109949024546064,0.6968596617486045,0.0
gross95,2012,5,2012-05-20,0.08,,12.415687856150482,,0.40339981629543586,0.4248283114955311,0.0
gross95,2012,5,2012-05-21,0.08,,12.415687856150482,,0.3468891716874604,0.6946284114337576,0.0
gross95,2012,5,2012-05-22,0.08,,12.415687856150482,,0.2799400148157657,2.8828093041350016,0.0
gross95,2012,5,2012-05-23,0.08,,4.568063083527572,,0.32953921068278375,4.917483409091409,0.004985625129958451
gross95,2012,5,2012-05-24,0.09027524171086804,,9.435225686528577,,0.32729714898246665,4.741541664921375,0.0
gross95,2012,5,2012-05-25,0.09027524171086804,0.25,10.205482443913109,17.002565416218673,0.3238337431838241,0.8532314539256547,0.0
gross95,2012,5,2012-05-26,0.09027524171086804,,11.494056126725607,,0.31972953576767016,1.4273832541368732,0.0
gross95,2012,5,2012-05-27,0.09027524171086804,,12.316749228560461,,0.31486596519750626,0.9113164210291169,0.0
gross95,2012,5,2012-05-28,0.09027524171086804,,12.939779869691977,,0.3091025336034152,0.6901456360836621,0.0
gross95,2012,5,2012-05-29,0.09027524171086804,,13.441620270429473,,0.3022727481072324,0.5559003678381541,0.0
gross95,2012,5,2012-05-30,0.09027524171086804,,-2.7324939736137392,,0.35582881171071296,7.715393681866887,0.0221610807496664
gross95,2012,5,2012-05-31,0.10011433168030215,0.335,4.172234632992417,15.092057694442298,0.4188738284754046,4.931490001606226,0.018168619673230166
gross95,2012,5,2012-06-01,0.10987542002022938,,8.672040688827469,,0.45352874781901303,4.416830167534448,0.0
gross95,2012,5,2012-06-02,0.10987542002022938,,10.456634147848892,,0.4493356034105253,1.784593459021435,0.0
gross95,2012,5,2012-06-03,0.10987542002022938,,11.816637593722456,,0.44436709646482303,1.3600034458735768,0.0
gross95,2012,5,2012-06-04,0.10987542002022938,,13.774168277838717,,0.4384798531780138,3.2275306841162776,0.0
gross95,2012,5,2012-06-05,0.10987542002022938,0.41,14.987275106560084,41.580550598080535,0.43150398821559055,2.737106828721371,0.0
gross95,2012,5,2012-06-06,0.10987542002022938,,-5.200697292578194,,0.5079569770567528,8.512701744615855,0.05332585624587153
gross95,2012,5,2012-06-07,0.11922820837474701,0.44,-6.697860307495149,22.51352304180683,0.5979557491638314,6.232677205671305,0.05415972214903189
gross95,2012,5,2012-06-08,0.12852122615969186,0.455,4.413757892921084,32.12987175615301,0.7039003185463294,6.324814618882385,0.08944843178958733
gross95,2012,5,2012-06-09,0.1377564558858354,,7.29598254009335,,0.7858868725358441,2.614535336879821,0.06831185441465926
gross95,2012,5,2012-06-10,0.14685565573515227,,9.386513681178664,,0.7834555199887138,2.0065639753370994,0.03034564251296223
gross95,2012,5,2012-06-11,0.1543603083898889,,10.726617634657874,,0.7758636168459064,1.3259380775083707,0.0
gross95,2012,5,2012-06-12,0.1543603083898889,,11.692772137347085,,0.766758542056124,0.9614544463479281,0.0
gross95,2012,5,2012-06-13,0.1543603083898889,0.54,12.656234242163784,58.24436973843172,0.7559724773545029,0.9621965551239388,0.0
gross95,2012,5,2012-06-14,0.1543603083898889,,-1.9215001684633992,,0.8899141255288716,8.196763104763201,0.12016166858485128
gross95,2012,5,2012-06-15,0.16328456076698783,0.58,4.133102672068131,56.82514011646203,1.0475872793507055,4.756278833095276,0.11767166845572333
gross95,2012,5,2012-06-16,0.17216212568024292,,6.816381127800698,,1.2032015466178265,2.387521776700726,0.13119500671869289
gross95,2012,5,2012-06-17,0.18099427699470627,,8.79618510847196,,1.3030803591156332,1.8143069070741453,0.14192624211813631
gross95,2012,5,2012-06-18,0.18975713200610184,0.64,13.151000991196359,77.83002709622207,1.3018155386847574,4.593751320127271,0.005562041253520399
gross95,2012,5,2012-06-19,0.1911762430641256,,-7.7054712429049275,,1.532468537429675,9.493907039594356,0.24191063477245467
gross95,2012,5,2012-06-20,0.19987920118252842,0.68,-0.6963103734727156,67.5057417408512,1.8039881599389482,2.4416454780793146,0.17707535798115437
gross95,2012,5,2012-06-21,0.2085412652628794,,3.0880517029442616,,2.1213887535583824,2.4153148274544094,0.3275872808955942
gross95,2012,5,2012-06-22,0.21716343974322813,,7.655071919745199,,2.4825638546909903,4.50605923639415,0.28243198967278255
gross95,2012,5,2012-06-23,0.22574668521792915,,10.739383244335643,,2.7278068158435542,2.70929981117646,0.36942291645298525
gross95,2012,5,2012-06-24,0.23427909757722287,0.76,12.617407981781477,95.31380765788342,2.7222792533337783,1.6370008954639488,0.23859669111816106
gross95,2012,5,2012-06-25,0.24257063780989221,,-8.291802984027468,,3.204607090530198,9.001764066937048,0.4881222125447547
gross95,2012,5,2012-06-26,0.2510424608975761,0.8,-0.5472802034683708,85.73192870347395,3.7723927815635,2.9183604762486284,0.4946981556582477
gross95,2012,5,2012-06-27,0.25947881016686813,,4.946378923699922,,4.440777573152629,3.900880797335474,0.41634688735795633
gross95,2012,5,2012-06-28,0.2678804637412113,0.84,8.181933151050817,100.45054662753986,5.153446960656192,2.284951139022007,0.5611646867667042
gross95,2012,5,2012-06-29,0.27624816934816576,,-15.322538652388994,,6.066524090269463,6.294422024286173,0.6682025858048464
gross95,2012,5,2012-06-30,0.2845826460095098,,-0.13788560534890015,,7.141378347111894,5.460743024427098,0.7808782153333268
gross95,2012,5,2012-07-01,0.2928845856103528,,6.531397470048852,,8.361839382316532,2.728643882691017,1.0999893958182294
gross95,2012,5,2012-07-02,0.30115465435779587,,12.63948390253566,,9.563289701496885,4.3361745558600395,1.263026244752715
gross95,2012,5,2012-07-03,0.3093934941385912,0.92,15.053594303541582,110.2814873858374,10.092785335516192,1.328187703540295,1.0011242986162368
gross95,2012,5,2012-07-04,0.3176017237843125,,-2.916094485893995,,11.8810042760256,6.338214695802392,1.4129239879096258
gross95,2012,5,2012-07-05,0.3257799402516999,0.94,4.57945652904616,102.70991641423775,13.986056169272427,5.008605067411769,1.5090480704847156
gross95,2012,5,2012-07-06,0.3339287197251024,,6.736043156908783,,16.437929707605974,5.276323610680974,1.7233228634607252
gross95,2012,5,2012-07-07,0.34204861864727865,,-13.675223134883536,,18.714823583962083,3.5026751526354727,1.3414814487991005
gross95,2012,5,2012-07-08,0.3501401746842221,,-5.544121823064173,,20.49297898972842,2.6114397444984103,1.092298612144722
gross95,2012,5,2012-07-09,0.35820390762915766,,3.5260054565199175,,21.682785149906337,3.1658667424444333,1.9079327716795138
gross95,2012,5,2012-07-10,0.36624032025037745,0.97,8.470923561823637,99.49129210692347,21.682785149906337,1.6375576863440153,2.1895853696410863
gross95,2012,5,2012-07-11,0.37424989908717143,,11.68315002291748,,21.682785149906337,0.8251516156873525,2.084408144092572
gross95,2012,5,2012-07-12,0.38223311519772274,0.98,14.49609505551473,107.117772610253,21.682785149906337,0.6102744650262187,2.1543276751274623
gross95,2012,5,2012-07-13,0.3901904248625021,,-14.834905271654211,,21.682785149906337,4.691698155281581,2.1591503498126707
gross95,2012,5,2012-07-14,0.39812227024639135,,0.613988982663592,,21.682785149906337,5.4684757154172035,2.5861354020533143
gross95,2012,5,2012-07-15,0.4060290800224864,,8.203667521509358,,21.682785149906337,1.7834541543320728,2.288710399346483
gross95,2012,5,2012-07-16,0.41391126996028715,,9.867540272285748,,21.682785149906337,4.932670189728506,2.2657860893591115
gross95,2012,5,2012-07-17,0.4217692434807543,1.005,15.056608037227718,100.92297886380246,21.682785149906337,2.9330505789170074,2.1062787108116856
gross95,2012,5,2012-07-18,0.42960339218050847,,-1.6917706928104588,,21.682785149906337,5.0327147250973505,2.308842416678842
gross95,2012,5,2012-07-19,0.4374140963272677,1.015,5.500801122069944,93.09809933397511,21.682785149906337,4.7856322180556035,2.225612506944969
gross95,2012,5,2012-07-20,0.44520172532844615,,10.283677969922456,,21.682785149906337,2.270223430661138,2.4028950758747376
gross95,2012,5,2012-07-21,0.45296663817469507,,13.834815405298801,,21.682785149906337,1.2064304032784599,2.3251625154206685
gross95,2012,5,2012-07-22,0.4607091838600137,1.03,17.002057040920292,107.39333963078415,21.682785149906337,0.781500448648368,2.380550517831743
gross95,2012,5,2012-07-23,0.46842970177994725,,-23.384989802516913,,21.682785149906337,5.271003550635174,2.4105723330303603
gross95,2012,5,2012-07-24,0.47612852210926815,1.04,-2.7629833399212185,76.3788532150852,21.682785149906337,5.052972336731498,2.368646760508121
gross95,2012,5,2012-07-25,0.4838059661604277,,7.169636842187707,,21.682785149906337,3.0560114207685944,1.7690923845584388
gross95,2012,5,2012-07-26,0.4914623467239776,1.05,11.989744732086473,86.3832073352076,21.682785149906337,1.7150140642304104,2.019917647169034
gross95,2012,5,2012-07-27,0.4990979683920689,,-9.365985792654975,,21.682785149906337,4.906516865377725,2.238231280830419
gross95,2012,5,2012-07-28,0.5067131278660559,,0.8770768099482993,,21.682785149906337,4.5753334309313,2.0970258460889273
gross95,2012,5,2012-07-29,0.5143081142491586,,7.875587086451152,,21.682785149906337,3.485694423660615,2.007392943172942
gross95,2012,5,2012-07-30,0.5218832093250734,,11.313316715330984,,21.682785149906337,1.3145623390622245,1.650727494968295
gross95,2012,5,2012-07-31,0.5294386878233552,1.05,14.471741525046676,82.14679909265308,21.682785149906337,1.0285928962108672,2.006514237142228
gross95,2012,5,2012-08-01,0.5369748176723372,,-13.865069295410466,,21.682785149906337,3.399183296651127,1.5457290225303433
gross95,2012,5,2012-08-02,0.5444918602403079,1.05,-2.9971253427987983,58.63388774099474,21.682785149906337,3.8144526109971224,2.0577237181631167
gross95,2012,5,2012-08-03,0.5519900705656096,,4.908542486993666,,21.682785149906337,1.6151024259761104,2.075273471587556
gross95,2012,5,2012-08-04,0.5594696975762798,,10.73176257229851,,21.682785149906337,2.910704134037595,1.84230391452677
gross95,2012,5,2012-08-05,0.5669309842998205,1.05,14.180217947639584,70.03976737167858,21.682785149906337,1.3758931579743099,1.840602526581538
gross95,2012,5,2012-08-06,0.5743741680636332,,-8.19124932347827,,21.682785149906337,4.436802985150751,2.0111834210229156
gross95,2012,5,2012-08-07,0.581799480686634,1.05,-2.8632708132987847,50.09237625070214,21.682785149906337,3.9685820249511776,1.813341758575636
gross95,2012,5,2012-08-08,0.5892071486625168,,3.9126860994123542,,21.682785149906337,2.111542473572656,1.8982061184049164
gross95,2012,5,2012-08-09,0.5965973933351161,1.05,8.363706121684597,57.50576450473198,21.682785149906337,1.2694685822930074,2.13417107975928
gross95,2012,5,2012-08-10,0.603970431066283,,2.3391155401610044,,21.682785149906337,4.473944474437555,2.0228662996634963
gross95,2012,5,2012-08-11,0.6113264733966659,,7.693330283507474,,21.682785149906337,3.630719490930962,1.640561855678978
gross95,2012,5,2012-08-12,0.6186657271997631,,12.724979487241049,,21.682785149906337,3.2097242136573505,1.799245102163486
gross95,2012,5,2012-08-13,0.6259883948295946,,14.953782413644975,,21.682785149906337,1.6463795810770936,1.3400956209080466
gross95,2012,5,2012-08-14,0.6332946742623118,1.05,17.490233709327423,66.21759823795517,21.682785149906337,0.8929970644351957,1.6423000302711215
gross95,2012,5,2012-08-15,0.6405847592320539,,20.225604044875087,,21.54482018474064,0.6874305841715388,2.0476282018083376
gross95,2012,5,2012-08-16,0.6405847592320539,1.05,21.54724204693621,70.27420840820744,21.389298128563265,0.25798421658532106,1.063567167687078
gross95,2012,5,2012-08-17,0.6405847592320539,,23.064470651567145,,21.21398470802503,0.7166574863086947,1.3085480076558245
gross95,2012,5,2012-08-18,0.6405847592320539,,24.903332055352656,,21.016361321501872,0.7382631351403833,1.6085937625305535
gross95,2012,5,2012-08-19,0.6405847592320539,,26.575291524448858,,20.793588856159644,0.24977332177968803,1.422184928150278
gross95,2012,5,2012-08-20,0.6405847592320539,1.05,27.30044444535225,76.0273816377109,20.54246690046521,0.10430019371604234,0.6208523942220479
gross95,2012,5,2012-08-21,0.6405847592320539,,18.036667207597805,,20.259387766179373,3.7244296273637483,1.4517930430667199
gross95,2012,5,2012-08-22,0.6405847592320539,1.05,22.782066146116478,71.50900322109581,19.94028465929881,3.4463435174548085,1.2990553954996409
gross95,2012,5,2012-08-23,0.6405847592320539,,26.117371110420102,,19.580573255356157,2.125352802843037,1.2099521542743865
gross95,2012,5,2012-08-24,0.6405847592320539,,27.690581042135598,,19.175085839732763,1.2016451205998735,1.1335648090767905
gross95,2012,5,2012-08-25,0.6405847592320539,,29.606548496022295,,18.717997066825383,0.6069373403071782,1.3090301130565134
gross95,2012,5,2012-08-26,0.6405847592320539,,31.155463118495952,,18.20274027150224,0.49262976980158174,1.0562848525188553
gross95,2012,5,2012-08-27,0.6405847592320539,1.05,32.369020652942986,81.09595771797586,17.621913130555438,0.38312942067617817,0.8304281137257151
gross95,2012,5,2012-08-28,0.6405847592320539,,21.74717104597323,,16.96717131885577,4.205737110294368,1.1324132827224898
gross95,2012,5,2012-08-29,0.6405847592320539,1.05,26.49274282497872,75.21967988999421,16.22910863244453,3.8096339311457696,0.93593784785574
gross95,2012,5,2012-08-30,0.6405847592320539,,29.896156415339085,,15.397121856377053,2.4296400678578833,0.9737735225013124
gross95,2012,5,2012-08-31,0.6405847592320539,,31.81180646456107,,14.459258435971787,1.2079535898206857,0.7076964594009665
gross95,2012,5,2012-09-01,0.6405847592320539,,32.96343738834536,,13.402044763067286,0.699911960335669,0.45171896344853324
gross95,2012,5,2012-09-02,0.6405847592320539,,34.02579587829559,,12.210292610399637,0.6901587316721749,0.37219975827804685
gross95,2012,5,2012-09-03,0.6405847592320539,,34.75750354141761,,10.866880933282339,0.49173000345671064,0.23997765966531823
gross95,2012,5,2012-09-04,0.6405847592320539,1.05,35.4078709392474,84.1348080042612,9.352509903890601,0.48272209400726784,0.16764530382252096
gross95,2012,5,2012-09-05,0.6405847592320539,,35.948553395142085,,7.645423644537858,0.4382769862636843,0.10240546963101216
gross95,2012,5,2012-09-06,0.6405847592320539,1.05,36.38172093639964,85.10865800141346,5.721097676653052,0.3819088916378657,0.0512586496196969
gross95,2012,5,2012-09-07,0.6405847592320539,,36.687833026477776,,3.5518865952635155,0.2920882165773596,0.014023873500781268
gross95,2012,5,2012-09-08,0.6405847592320539,,36.97224591176488,,1.1066269073763633,0.2831580853103916,0.0012547999767223267
gross95,2012,6,2012-04-30,0.08,,3.753900049830017,,0.0,4.692375062287551,0.0
gross95,2012,6,2012-05-01,0.08,,5.2718430270147305,,0.0,1.8974287214809162,0.0
gross95,2012,6,2012-05-02,0.08,,6.643501024449703,,0.0,1.714572496793716,0.0
gross95,2012,6,2012-05-03,0.08,,7.946309182792724,,0.0,1.6285101979287846,0.0
gross95,2012,6,2012-05-04,0.08,,8.946351027475611,,0.0,1.2500523058536175,0.0
gross95,2012,6,2012-05-05,0.08,,9.569030653030312,,0.4875,0.7783495319433889,0.0
gross95,2012,6,2012-05-06,0.08,,10.58633306313073,,0.5738742470010385,3.0496280126255377,0.0
gross95,2012,6,2012-05-07,0.08,,8.763677620223216,,0.6755521053764285,1.531680696365608,0.0
gross95,2012,6,2012-05-08,0.08,,11.228728923706418,,0.6693127862307413,3.081314129354019,0.0
gross95,2012,6,2012-05-09,0.08,,12.194027183297466,,0.6619209548482653,1.206622824488818,0.0
gross95,2012,6,2012-05-10,0.08,,12.415687856150482,,0.6531637219016666,0.985736033449295,0.0
gross95,2012,6,2012-05-11,0.08,,12.415687856150482,,0.6427888736519074,0.4840079922606273,0.0
gross95,2012,6,2012-05-12,0.08,,12.415687856150482,,0.6304976080361702,1.5876180156698452,0.0
gross95,2012,6,2012-05-13,0.08,,12.415687856150482,,0.6159359289831668,0.5217902482684804,0.0
gross95,2012,6,2012-05-14,0.08,,12.415687856150482,,0.5986844511067813,0.685796659519991,0.0
gross95,2012,6,2012-05-15,0.08,,12.415687856150482,,0.5782463211468956,0.7247667675741237,0.0
gross95,2012,6,2012-05-16,0.08,,12.415687856150482,,0.5540329082874117,0.5608120017328235,0.0
gross95,2012,6,2012-05-17,0.08,,12.415687856150482,,0.5253468512237498,0.4619539308930875,0.0
gross95,2012,6,2012-05-18,0.08,,12.415687856150482,,0.49136197372485746,1.6131819458476029,0.0
gross95,2012,6,2012-05-19,0.08,,12.415687856150482,,0.45109949024546064,0.6968596617486045,0.0
gross95,2012,6,2012-05-20,0.08,,12.415687856150482,,0.40339981629543586,0.4248283114955311,0.0
gross95,2012,6,2012-05-21,0.08,,12.415687856150482,,0.3468891716874604,0.6946284114337576,0.0
gross95,2012,6,2012-05-22,0.08,,12.415687856150482,,0.2799400148157657,2.8828093041350016,0.0
gross95,2012,6,2012-05-23,0.08,,4.568063083527572,,0.32953921068278375,4.917483409091409,0.004985625129958451
gross95,2012,6,2012-05-24,0.09027524171086804,,9.435225686528577,,0.32729714898246665,4.741541664921375,0.0
gross95,2012,6,2012-05-25,0.09027524171086804,0.25,10.205482443913109,17.002565416218673,0.3238337431838241,0.8532314539256547,0.0
gross95,2012,6,2012-05-26,0.09027524171086804,,11.494056126725607,,0.31972953576767016,1.4273832541368732,0.0
gross95,2012,6,2012-05-27,0.09027524171086804,,12.316749228560461,,0.31486596519750626,0.9113164210291169,0.0
gross95,2012,6,2012-05-28,0.09027524171086804,,12.939779869691977,,0.3091025336034152,0.6901456360836621,0.0
gross95,2012,6,2012-05-29,0.09027524171086804,,13.441620270429473,,0.3022727481072324,0.5559003678381541,0.0
gross95,2012,6,2012-05-30,0.09027524171086804,,-1.703356218109847,,0.35582881171071296,7.715393681866887,0.0221610807496664
gross95,2012,6,2012-05-31,0.10011433168030215,0.335,4.425458037403984,16.19800614971135,0.4188738284754046,4.897438456875285,0.018168619673230166
gross95,2012,6,2012-06-01,0.10987542002022938,,8.967940136747448,,0.4442488730934722,4.376175692349753,0.0
gross95,2012,6,2012-06-02,0.10987542002022938,,10.703660535525314,,0.44014134606123284,1.7357203987778702,0.0
gross95,2012,6,2012-06-03,0.10987542002022938,,12.01934883424589,,0.43527425476929854,1.3156882987205853,0.0
gross95,2012,6,2012-06-04,0.10987542002022938,,13.740437042782805,,0.4295071405280302,2.991088208536926,0.0
gross95,2012,6,2012-06-05,0.10987542002022938,0.41,14.85678763620375,42.219457659888576,0.4226735710145595,2.6403505934209597,0.0
gross95,2012,6,2012-06-06,0.10987542002022938,,-5.331815453712085,,0.4975620047040416,8.51422817985355,0.05116873023061968
gross95,2012,6,2012-06-07,0.11922820837474701,0.44,-6.712375506975662,23.150925401856696,0.585719016996634,6.233993495711244,0.05196942112847605
gross95,2012,6,2012-06-08,0.12852122615969186,0.455,4.408842117934267,32.76374387243763,0.6894955073500139,6.323107535419198,0.08762527148752759
gross95,2012,6,2012-06-09,0.1377564558858354,,7.288878046650153,,0.7702733338828665,2.6189876291288154,0.06722541886065037
gross95,2012,6,2012-06-10,0.14685746741438727,,9.380640528337976,,0.7679224752308653,2.009861918033592,0.030011188733732194
gross95,2012,6,2012-06-11,0.15438689719529952,,10.721979814992133,,0.7604920284765099,1.327719831649637,0.0
gross95,2012,6,2012-06-12,0.15438689719529952,,11.689029969620139,,0.7515750936952466,0.9625282930770666,0.0
gross95,2012,6,2012-06-13,0.15438689719529952,0.54,12.653350137942219,58.888332836385246,0.7410117820255601,0.9631025903101478,0.0
gross95,2012,6,2012-06-14,0.15438689719529952,,-1.9242675364387576,,0.8723027249821866,8.199258700091349,0.11779572771856531
gross95,2012,6,2012-06-15,0.16331114957239845,0.58,4.1313315091430285,57.46860549932661,1.0268555270894488,4.757966285305031,0.11535684669516202
gross95,2012,6,2012-06-16,0.17218871448565354,,6.813638848624412,,1.1793901880069217,2.388821777630597,0.12861645730800872
gross95,2012,6,2012-06-17,0.1810208658001169,,8.792755812143804,,1.27729239880512,1.8157498557189138,0.13913837558489509
gross95,2012,6,2012-06-18,0.18978372081151246,0.64,13.149926371365831,78.47342154621677,1.2760524689916593,4.596776630071377,0.00508926480882305
gross95,2012,6,2012-06-19,0.19111582091727172,,-7.7067691760218615,,1.5021408200541633,9.49857815794715,0.23716499783966327
gross95,2012,6,2012-06-20,0.19981877903567455,0.68,-0.697700571920623,68.14685289939479,1.7682870399961137,2.442905028789206,0.17360703440012307
gross95,2012,6,2012-06-21,0.20848084311602552,,3.0818647014844034,,2.079406241689384,2.417360377531211,0.3211826423191001
gross95,2012,6,2012-06-22,0.21710301759637426,,7.649465893473454,,2.4335505422946793,4.512143821206485,0.2769347881050648
gross95,2012,6,2012-06-23,0.22568626307107528,,10.729171049277655,,2.6739516663097,2.7125272998532393,0.3616116388766007
gross95,2012,6,2012-06-24,0.23421834587405377,0.76,12.604934281199322,95.94430753832273,2.668531949821763,1.6393829059773517,0.23395889665518374
gross95,2012,6,2012-06-25,0.2425098861067231,,-8.303852269907173,,3.1413369503634407,9.011651290016315,0.47866088021366976
gross95,2012,6,2012-06-26,0.250981709194407,0.8,-0.5561213025406273,86.35690041111928,3.6979125681361182,2.921963651588952,0.48514091677571997
gross95,2012,6,2012-06-27,0.25941805846369903,,4.939143966643273,,4.353101108748288,3.9083259581333434,0.408334592861068
gross95,2012,6,2012-06-28,0.2678197120380422,0.84,8.170237473583025,101.06991173826009,5.052006839102393,2.2906319412756213,0.5504444212870179
gross95,2012,6,2012-06-29,0.27618741764499666,,-15.33350419795088,,5.947111016685093,6.307821311677875,0.6555083139794233
gross95,2012,6,2012-06-30,0.2845218943063407,,-0.142769439412604,,7.000807910834332,5.4706406307497755,0.7661411497691899
gross95,2012,6,2012-07-01,0.2928238339071837,,6.514349663893539,,8.19752430803952,2.736945196446738,1.0794219691752527
gross95,2012,6,2012-07-02,0.30109390265462677,,12.618902651272235,,9.376160394438092,4.355950954940746,1.239688440719541
gross95,2012,6,2012-07-03,0.3093327424354221,0.92,15.021934875759083,110.8697747950159,9.902671893816867,1.3348154468558022,0.9833808152738888
gross95,2012,6,2012-07-04,0.3175409720811434,,-2.9462579507397377,,11.657206925871803,6.364455696094569,1.3881676879396108
gross95,2012,6,2012-07-05,0.32571918854853077,0.94,4.561594660220452,103.29252924753439,13.722606865066611,5.027526501296659,1.4829673603958204
gross95,2012,6,2012-07-06,0.3338679680219333,,6.729581448290696,,16.12829551969478,5.307509291287365,1.6940177924826505
gross95,2012,6,2012-07-07,0.34198786694410954,,-13.677490465953612,,18.362300528723566,3.5266385208549,1.3190180877735578
gross95,2012,6,2012-07-08,0.350079422981053,,-5.54211889837021,,20.106961588496347,2.6312666697908362,1.0742328390462936
gross95,2012,6,2012-07-09,0.35814315592598855,,3.515208996840379,,21.274355883510488,3.185647174666413,1.876648329083588
gross95,2012,6,2012-07-10,0.36617956854720835,0.97,8.438457098804136,100.04606650311067,21.274355883510488,1.6519586786028266,2.1537081816306287
gross95,2012,6,2012-07-11,0.37418914738400233,,11.627448581181936,,21.274355883510488,0.8360755782705084,2.0502786516784153
gross95,2012,6,2012-07-12,0.38217236349455364,0.98,14.414185349156218,107.62313693608628,21.274355883510488,0.6193190847049401,2.119078514925819
gross95,2012,6,2012-07-13,0.390129673159333,,-14.724081718162155,,21.274355883510488,4.729734978564821,2.1238475430912978
gross95,2012,6,2012-07-14,0.39806151854322225,,0.6335897100948933,,21.274355883510488,5.504409781919403,2.543881547433511
gross95,2012,6,2012-07-15,0.4059683283193173,,8.180163936951585,,21.274355883510488,1.7974789291307736,2.251342900675376
gross95,2012,6,2012-07-16,0.41385051825711805,,9.843007253470452,,21.274355883510488,4.9726606362814225,2.228819482749136
gross95,2012,6,2012-07-17,0.4217084917775852,1.005,15.007579542477348,101.57102225200079,21.274355883510488,2.9439737515354047,2.071939256043554
gross95,2012,6,2012-07-18,0.42954264047733937,,-1.3579021664635431,,21.274355883510488,5.07351625884862,2.271227672929264
gross95,2012,6,2012-07-19,0.4373533446240986,1.015,5.68836188199004,94.10687667561983,21.274355883510488,4.799411940239371,2.189379948205868
gross95,2012,6,2012-07-20,0.44514097362527705,,10.337730959995834,,21.274355883510488,2.2556502218110546,2.3638047516540244
gross95,2012,6,2012-07-21,0.45290588647152596,,13.835228098792005,,21.274355883510488,1.2049493423742037,2.287364224247982
gross95,2012,6,2012-07-22,0.4606484321568446,1.03,16.961895826087616,108.27241345668679,21.274355883510488,0.7834103384361477,2.341879997449655
gross95,2012,6,2012-07-23,0.46836895007677815,,-23.327558925593557,,21.274355883510488,5.313736954180143,2.371442687491859
gross95,2012,6,2012-07-24,0.47606777040609904,1.04,-2.7469097746883473,77.35164456894678,21.274355883510488,5.0865070961792265,2.330225771012848
gross95,2012,6,2012-07-25,0.4837452144572586,,7.162078981961946,,21.274355883510488,3.0756346859775276,1.740417569365511
gross95,2012,6,2012-07-26,0.4914015950208085,1.05,11.957776674627905,87.32511905045925,21.274355883510488,1.725902338042551,1.9872012847309335
gross95,2012,6,2012-07-27,0.4990372166888998,,-9.490068231654353,,21.274355883510488,4.946295280094049,2.2020055710091464
gross95,2012,6,2012-07-28,0.5066523761628868,,0.8216856151303993,,21.274355883510488,4.610506638908615,2.0631105445402595
gross95,2012,6,2012-07-29,0.5142473625459895,,7.848402757116595,,21.274355883510488,3.5068340955196664,1.9749512428440392
gross95,2012,6,2012-07-30,0.5218224576219043,,11.312514372908051,,21.274355883510488,1.3596003717849001,1.6240696355804418
gross95,2012,6,2012-07-31,0.5293779361201861,1.05,14.47087561917711,83.00345298915497,21.274355883510488,1.0588258229674425,1.9741347354472654
gross95,2012,6,2012-08-01,0.5369140659691681,,-13.19775705469637,,21.274355883510488,3.42674136413177,1.5208038222321638
gross95,2012,6,2012-08-02,0.5444311085371388,1.05,-2.755106926406577,60.12655938761191,21.274355883510488,3.8159940252487368,2.0245671868443247
gross95,2012,6,2012-08-03,0.5519293188624405,,4.934302912520729,,21.274355883510488,1.6302620583896132,2.0418590889543284
gross95,2012,6,2012-08-04,0.5594089458731107,,10.710365141841947,,21.274355883510488,2.9498242376111405,1.8126627809378868
gross95,2012,6,2012-08-05,0.5668702325966514,1.05,14.137342986527786,71.50978315437533,21.274355883510488,1.39160466551822,1.81101093535225
gross95,2012,6,2012-08-06,0.5743134163604641,,-8.232432454237987,,21.274355883510488,4.4727733066640285,1.9788736336754256
gross95,2012,6,2012-08-07,0.5817387289834649,1.05,-2.8823485337307955,51.56617381424201,21.274355883510488,3.9978128246417146,1.7842322055624362
gross95,2012,6,2012-08-08,0.5891463969593477,,3.8910955987982634,,21.274355883510488,2.1260346527804352,1.8677571884010449
gross95,2012,6,2012-08-09,0.596536641631947,1.05,8.324455441039873,58.941780973958565,21.274355883510488,1.2818524233404835,2.099962895194632
gross95,2012,6,2012-08-10,0.6039096793631139,,2.779896610008422,,21.274355883510488,4.5102159117127,1.9904667152957662
gross95,2012,6,2012-08-11,0.6112657216934968,,8.137603312860215,,21.274355883510488,3.660154682858663,1.6143054263581207
gross95,2012,6,2012-08-12,0.618604975496594,,13.103020649495821,,21.274355883510488,3.1721811404478837,1.770470885465872
gross95,2012,6,2012-08-13,0.6259276431264255,,15.231707266710282,,21.274355883510488,1.5676537509439703,1.3186806039758083
gross95,2012,6,2012-08-14,0.6332339225591427,1.05,17.678259237446255,67.87930132449858,21.274355883510488,0.8293155037789665,1.616075729702323
gross95,2012,6,2012-08-15,0.6405240075288848,,20.342497116569803,,21.138989704853138,0.648997281606636,2.014927293206915
gross95,2012,6,2012-08-16,0.6405240075288848,1.05,21.635029915156434,71.83567159925613,20.986397150530518,0.24586801811075004,1.0465776818332486
gross95,2012,6,2012-08-17,0.6405240075288848,,23.12620253329184,,20.814386033236296,0.7115120063983915,1.2876373732821373
gross95,2012,6,2012-08-18,0.6405240075288848,,24.934498706094473,,20.62048519315827,0.7334165845978743,1.5828750667725133
gross95,2012,6,2012-08-19,0.6405240075288848,,26.57900692875657,,20.401908996605492,0.2450758986975577,1.3994311007320366
gross95,2012,6,2012-08-20,0.6405240075288848,1.05,27.2924284359116,77.49304080283781,20.1555173168157,0.10251051949048146,0.6109106536107317
gross95,2012,6,2012-08-21,0.6405240075288848,,20.884304289653926,,19.877770422016123,3.753355295267859,1.4285204663654127
gross95,2012,6,2012-08-22,0.6405240075288848,1.05,25.63536494234623,75.83597719151899,19.564678122646992,3.4728565993596545,1.2782040276882727
gross95,2012,6,2012-08-23,0.6405240075288848,,28.722604193590385,,19.21174244718252,1.896738739344167,1.1905005046917483
gross95,2012,6,2012-08-24,0.6405240075288848,,30.024396985984843,,18.813893023014135,0.9484856187241711,1.115307171625334
gross95,2012,6,2012-08-25,0.6405240075288848,,31.413093246783525,,18.365414234059728,0.2856281598478782,1.1030681004263219
gross95,2012,6,2012-08-26,0.6405240075288848,,32.571489917586696,,17.85986310862467,0.25944291164945676,0.89895375900007
gross95,2012,6,2012-08-27,0.6405240075288848,1.05,33.508354419990596,83.7089666591867,17.289976757868775,0.22072393796652565,0.7161405643921018
gross95,2012,6,2012-08-28,0.6405240075288848,,25.842760118548863,,16.6475680351142,4.235437550040084,1.113968148504769
gross95,2012,6,2012-08-29,0.6405240075288848,1.05,30.538997052917225,80.73960929209593,15.923407917006848,3.8359951295238295,0.8602418048405283
gross95,2012,6,2012-08-30,0.6405240075288848,,32.72633533036377,,15.107092916786016,1.4609312934786003,0.7264069839667635
gross95,2012,6,2012-08-31,0.6405240075288848,,33.82575740790993,,14.186895624884416,0.5457789801700582,0.5536430973757843
gross95,2012,6,2012-09-01,0.6405240075288848,,34.551998737925516,,13.149596229682839,0.3634991882832912,0.36274214173220554
gross95,2012,6,2012-09-02,0.6405240075288848,,35.250824402714336,,11.980292597999673,0.39171846340961647,0.307107201379179
gross95,2012,6,2012-09-03,0.6405240075288848,,35.75250800958677,,10.662186186878383,0.29973920905861356,0.20194439781382195
gross95,2012,6,2012-09-04,0.6405240075288848,1.05,36.214633942082685,86.41524618125968,9.17634071102183,0.3183804498654288,0.14374548263049058
gross95,2012,6,2012-09-05,0.6405240075288848,,36.616982647118945,,7.5014100988224195,0.3134617485709712,0.08888695646531672
gross95,2012,6,2012-09-06,0.6405240075288848,1.05,36.95592746532967,87.15653970450668,5.613331828728092,0.29396309111059926,0.04498172710013711
gross95,2012,6,2012-09-07,0.6405240075288848,,37.20348084322565,,3.484981240328935,0.235211908761176,0.012341469134804866
gross95,2012,6,2012-09-08,0.6405240075288848,,37.43738355743991,,1.085781853900584,0.2327935437459151,0.0011091704683483651
gross95,2012,7,2012-04-30,0.08,,3.753900049830017,,0.0,4.692375062287551,0.0
gross95,2012,7,2012-05-01,0.08,,5.2718430270147305,,0.0,1.8974287214809162,0.0
gross95,2012,7,2012-05-02,0.08,,6.643501024449703,,0.0,1.714572496793716,0.0
gross95,2012,7,2012-05-03,0.08,,7.946309182792724,,0.0,1.6285101979287846,0.0
gross95,2012,7,2012-05-04,0.08,,8.946351027475611,,0.0,1.2500523058536175,0.0
gross95,2012,7,2012-05-05,0.08,,9.569030653030312,,0.4875,0.7783495319433889,0.0
gross95,2012,7,2012-05-06,0.08,,10.58633306313073,,0.5738742470010385,3.0496280126255377,0.0
gross95,2012,7,2012-05-07,0.08,,8.763677620223216,,0.6755521053764285,1.531680696365608,0.0
gross95,2012,7,2012-05-08,0.08,,11.228728923706418,,0.6693127862307413,3.081314129354019,0.0
gross95,2012,7,2012-05-09,0.08,,12.194027183297466,,0.6619209548482653,1.206622824488818,0.0
gross95,2012,7,2012-05-10,0.08,,12.415687856150482,,0.6531637219016666,0.985736033449295,0.0
gross95,2012,7,2012-05-11,0.08,,12.415687856150482,,0.6427888736519074,0.4840079922606273,0.0
gross95,2012,7,2012-05-12,0.08,,12.415687856150482,,0.6304976080361702,1.5876180156698452,0.0
gross95,2012,7,2012-05-13,0.08,,12.415687856150482,,0.6159359289831668,0.5217902482684804,0.0
gross95,2012,7,2012-05-14,0.08,,12.415687856150482,,0.5986844511067813,0.685796659519991,0.0
gross95,2012,7,2012-05-15,0.08,,12.415687856150482,,0.5782463211468956,0.7247667675741237,0.0
gross95,2012,7,2012-05-16,0.08,,12.415687856150482,,0.5540329082874117,0.5608120017328235,0.0
gross95,2012,7,2012-05-17,0.08,,12.415687856150482,,0.5253468512237498,0.4619539308930875,0.0
gross95,2012,7,2012-05-18,0.08,,12.415687856150482,,0.49136197372485746,1.6131819458476029,0.0
gross95,2012,7,2012-05-19,0.08,,12.415687856150482,,0.45109949024546064,0.6968596617486045,0.0
gross95,2012,7,2012-05-20,0.08,,12.415687856150482,,0.40339981629543586,0.4248283114955311,0.0
gross95,2012,7,2012-05-21,0.08,,12.415687856150482,,0.3468891716874604,0.6946284114337576,0.0
gross95,2012,7,2012-05-22,0.08,,12.415687856150482,,0.2799400148157657,2.8828093041350016,0.0
gross95,2012,7,2012-05-23,0.08,,4.568063083527572,,0.32953921068278375,4.917483409091409,0.004985625129958451
gross95,2012,7,2012-05-24,0.09027524171086804,,9.435225686528577,,0.32729714898246665,4.741541664921375,0.0
gross95,2012,7,2012-05-25,0.09027524171086804,0.25,10.205482443913109,17.002565416218673,0.3238337431838241,0.8532314539256547,0.0
gross95,2012,7,2012-05-26,0.09027524171086804,,11.494056126725607,,0.31972953576767016,1.4273832541368732,0.0
gross95,2012,7,2012-05-27,0.09027524171086804,,12.316749228560461,,0.31486596519750626,0.9113164210291169,0.0
gross95,2012,7,2012-05-28,0.09027524171086804,,12.939779869691977,,0.3091025336034152,0.6901456360836621,0.0
gross95,2012,7,2012-05-29,0.09027524171086804,,13.441620270429473,,0.3022727481072324,0.5559003678381541,0.0
gross95,2012,7,2012-05-30,0.09027524171086804,,-2.6467324939884143,,0.35582881171071296,7.715393681866887,0.0221610807496664
gross95,2012,7,2012-05-31,0.10011433168030215,0.335,4.165364985590423,15.156620346212527,0.4188738284754046,4.901052653376474,0.018168619673230166
gross95,2012,7,2012-06-01,0.10987542002022938,,8.653873836004715,,0.45352874781901303,4.398552411307227,0.0
gross95,2012,7,2012-06-02,0.10987542002022938,,10.434732407430083,,0.4493356034105253,1.7808585714253657,0.0
gross95,2012,7,2012-06-03,0.10987542002022938,,11.792765632977622,,0.44436709646482303,1.3580332255475507,0.0
gross95,2012,7,2012-06-04,0.10987542002022938,,13.748110161872601,,0.4384798531780138,3.2253445288949876,0.0
gross95,2012,7,2012-06-05,0.10987542002022938,0.41,14.960364507647109,41.61809174753331,0.43150398821559055,2.736254345774523,0.0
gross95,2012,7,2012-06-06,0.10987542002022938,,-5.417607891491164,,0.5079569770567528,8.512701744615855,0.05332585624587153
gross95,2012,7,2012-06-07,0.11922820837474701,0.44,-6.753816349126408,22.36106419125961,0.5979557491638314,6.232677205671305,0.05415972214903189
gross95,2012,7,2012-06-08,0.12852122615969186,0.455,4.407248945423699,31.986378488328924,0.7039003185463294,6.333780201605508,0.08944843178958733
gross95,2012,7,2012-06-09,0.1377564558858354,,7.294027381581991,,0.7863657403247647,2.6161102473728235,0.06862345999599209
gross95,2012,7,2012-06-10,0.14685746741438727,,9.38581325280587,,0.7839329114949167,2.0068879431933855,0.030364049293717166
gross95,2012,7,2012-06-11,0.1543621200691239,,10.72630391825228,,0.7763364004868863,1.3260150081384923,0.0
gross95,2012,7,2012-06-12,0.1543621200691239,,11.692590354302773,,0.7672258026168572,0.9614837202577909,0.0
gross95,2012,7,2012-06-13,0.1543621200691239,0.54,12.65610057412961,58.103232044258476,0.7564331989678116,0.9622170335233999,0.0
gross95,2012,7,2012-06-14,0.1543621200691239,,2.353369613353908,,0.8904564768497224,8.196686259867162,0.12023452113344153
gross95,2012,7,2012-06-15,0.16328637244622282,0.58,6.667841625370611,60.653431824817076,1.0423341875639205,4.451298713560016,0.11708518286672517
gross95,2012,7,2012-06-16,0.1721639373594779,,8.95195396461557,,1.1324731698338104,2.2169667413721315,0.0930072758042757
gross95,2012,7,2012-06-17,0.18092136650915505,,10.703224261211053,,1.129255857987746,1.6937071952068838,0.061071083020424445
gross95,2012,7,2012-06-18,0.189079498396428,0.64,13.975516473275544,80.16253149950931,1.1209429127322943,3.5137236935209715,0.0
gross95,2012,7,2012-06-19,0.189079498396428,,1.2762565858588353,,1.3195492717444024,9.516182303114977,0.20855780946833224
gross95,2012,7,2012-06-20,0.1977824565148308,0.68,5.239596185955313,79.32837946184019,1.5533442968268463,3.7972367179362942,0.15269499760940494
gross95,2012,7,2012-06-21,0.20644452059518179,,8.51496575521785,,1.7596570673752971,2.999653113132495,0.27230008303740494
gross95,2012,7,2012-06-22,0.21506669507553053,,12.36872378578666,,1.9367486513978591,4.229605936287636,0.13215209363887492
gross95,2012,7,2012-06-23,0.22343314227309868,,14.65718077141459,,1.9221753026601853,2.2515809756211995,0.036876009372162954
gross95,2012,7,2012-06-24,0.2280933444277342,0.76,15.995824689301823,105.91154385891126,1.901801219413433,1.3342139831230793,0.0044299344544542355
gross95,2012,7,2012-06-25,0.22887595408511285,,0.6986848034894798,,2.2387584466390575,9.154935879631495,0.34292423444938486
gross95,2012,7,2012-06-26,0.23734777717279676,0.8,5.841303727065191,103.6721990307431,2.6354170621173414,4.7947294456459675,0.3478894779031237
gross95,2012,7,2012-06-27,0.2457841264420888,,9.597322512481227,,3.055518596552822,3.7212331499348763,0.28878563547162633
gross95,2012,7,2012-06-28,0.254185780016432,0.84,12.0921834051576,117.73235312240656,3.331776107236653,2.1389232425688642,0.35593765010431394
gross95,2012,7,2012-06-29,0.26254949038765374,,-5.822406669658227,,3.9220933430081755,6.537941858641067,0.43746806654207204
gross95,2012,7,2012-06-30,0.27088396704899775,,2.8127302467686803,,4.617001772075081,5.444836818633076,0.5124105163682713
gross95,2012,7,2012-07-01,0.2791859066498408,,7.475429972236355,,5.379286831153577,2.9062706766114146,0.7202342886365027
gross95,2012,7,2012-07-02,0.28745597539728385,,12.51393526629003,,6.123966318834572,4.386226391796818,0.825491228478327
gross95,2012,7,2012-07-03,0.29569481517807916,0.92,14.613365205805177,132.05314985147172,6.421030853276774,1.4243398454926142,0.6510282106974484
gross95,2012,7,2012-07-04,0.29569481517807916,,1.3107971151639328,,7.558695889014655,6.857600296518803,0.9224909043151929
gross95,2012,7,2012-07-05,0.29569481517807916,0.94,7.360131956252079,128.69523647602378,8.897930075114111,5.057462686423544,0.9898955305026599
gross95,2012,7,2012-07-06,0.29569481517807916,,9.013504743999723,,10.457812220092617,5.850164303826559,1.1366761702861752
gross95,2012,7,2012-07-07,0.29569481517807916,,-11.631558579862846,,11.906372289855739,3.9839591416982043,0.8893775168673499
gross95,2012,7,2012-07-08,0.29569481517807916,,-4.402661277123631,,13.037634903969641,3.01081051241275,0.7271333695132445
gross95,2012,7,2012-07-09,0.30339175227891035,,3.057048990761609,,13.794589680074608,2.8785490712589366,1.2736774209644266
gross95,2012,7,2012-07-10,0.31142816490013014,0.97,7.2146489773997295,123.8785593610543,13.794589680074608,1.7605284753648094,1.4620337463246134
gross95,2012,7,2012-07-11,0.31943774373692413,,9.920967713714326,,13.794589680074608,1.021746892755161,1.3921226813689236
gross95,2012,7,2012-07-12,0.32742095984747543,0.98,12.266861085581555,130.48119694170254,13.794589680074608,0.7973001274488499,1.4391492756794053
gross95,2012,7,2012-07-13,0.3353782695122548,,-8.287352635636976,,13.794589680074608,5.460552281188255,1.4427012374326817
gross95,2012,7,2012-07-14,0.34331011489614405,,2.7325264920828065,,13.794589680074608,6.009389469869192,1.7284002360834791
gross95,2012,7,2012-07-15,0.3512169246722391,,8.145594968417186,,13.794589680074608,2.0866413555444936,1.5299722029642755
gross95,2012,7,2012-07-16,0.35909911461003985,,9.53165699495914,,13.794589680074608,5.7410137151618885,1.5149955100847365
gross95,2012,7,2012-07-17,0.366957088130507,1.005,14.58832710186164,132.22417041274042,13.794589680074608,3.5858446638137957,1.4086662904053053
gross95,2012,7,2012-07-18,0.37479123683026117,,2.057322218098176,,13.794589680074608,5.8574530933460505,1.5444950574902079
gross95,2012,7,2012-07-19,0.3826019409770204,1.015,8.73112349480247,128.2975812144469,13.794589680074608,5.179982434089798,1.4891616133844752
gross95,2012,7,2012-07-20,0.39038956997819885,,12.608781875038279,,13.794589680074608,2.268238149720297,1.608152531615775
gross95,2012,7,2012-07-21,0.39815448282444776,,15.413343419149935,,13.794589680074608,1.2477287964316326,1.5564887960093805
gross95,2012,7,2012-07-22,0.39815448282444776,1.03,17.847448014078623,140.34067802760805,13.794589680074608,0.8400762269285114,1.593934407361673
gross95,2012,7,2012-07-23,0.39815448282444776,,-27.318326333783254,,13.794589680074608,6.1347916063549155,1.6144093789458853
gross95,2012,7,2012-07-24,0.39815448282444776,1.04,-3.5474272796079003,104.08995303599708,13.794589680074608,5.376057081386189,1.586698338306128
gross95,2012,7,2012-07-25,0.4058319268756073,,6.600342932915626,,13.794589680074608,3.5007942403293053,1.1853463010658096
gross95,2012,7,2012-07-26,0.4134883074391572,1.05,10.892245341280406,113.5514262902683,13.794589680074608,1.9772930959395825,1.3537210135405846
gross95,2012,7,2012-07-27,0.4211239291072485,,-10.521492219533267,,13.794589680074608,5.710574503128705,1.5003802645160165
gross95,2012,7,2012-07-28,0.42873908858123555,,0.472098635296023,,13.794589680074608,5.10252488104589,1.4060512282131619
gross95,2012,7,2012-07-29,0.4363340749643382,,7.535952870179508,,13.794589680074608,3.969867718083923,1.3462658735571498
gross95,2012,7,2012-07-30,0.443909170040253,,10.685934614829595,,13.794589680074608,1.6115963789384622,1.1073247738044325
gross95,2012,7,2012-07-31,0.45146464853853485,1.05,13.411000790143508,108.2748943427147,13.794589680074608,1.26457833025332,1.3463041009054144
gross95,2012,7,2012-08-01,0.45900077838751685,,-15.449084668482676,,13.794589680074608,3.956225974130538,1.0373747687668047
gross95,2012,7,2012-08-02,0.46651782095548755,1.05,-3.3074342835628476,84.08445726066867,13.794589680074608,4.3346530393324745,1.3813091357242069
gross95,2012,7,2012-08-03,0.4740160312807892,,4.420978162416565,,13.794589680074608,1.8931451904122414,1.3934158982784723
gross95,2012,7,2012-08-04,0.48149565829145946,,10.047594941354445,,13.794589680074608,3.3672462456204704,1.237281197091386
gross95,2012,7,2012-08-05,0.4889569450150001,1.05,13.10039426345436,94.56887750090183,13.794589680074608,1.6109033186693662,1.2364283901612323
gross95,2012,7,2012-08-06,0.4964001287788128,,-9.210176754753482,,13.794589680074608,5.1638860514661005,1.3513335428764017
gross95,2012,7,2012-08-07,0.5038254414018136,1.05,-3.14811411656332,74.66029692827863,13.794589680074608,4.534813053015988,1.2186880906952215
gross95,2012,7,2012-08-08,0.5112331093776964,,3.573965794549203,,13.794589680074608,2.408214774576015,1.2760227182227704
gross95,2012,7,2012-08-09,0.5186233540502957,1.05,7.589705829959061,81.31337795233964,13.794589680074608,1.5338613525984297,1.434982178663845
gross95,2012,7,2012-08-10,0.5259963917814626,,-5.7843731390308895,,13.794589680074608,5.207114118860733,1.36046320931532
gross95,2012,7,2012-08-11,0.5333524341118455,,1.7087113276543624,,13.794589680074608,4.209782298082344,1.103607603358562
gross95,2012,7,2012-08-12,0.5406916879149427,,6.9614805136149585,,13.794589680074608,2.57448184479698,1.21063983981177
gross95,2012,7,2012-08-13,0.5480143555447742,,10.456744523445371,,13.794589680074608,2.8321187920056534,0.9019097572055881
gross95,2012,7,2012-08-14,0.5553206349774914,1.05,13.370454180762014,82.53577578306223,13.794589680074608,1.7137197243053224,1.105560642980368
gross95,2012,7,2012-08-15,0.5626107199472336,,7.588957073948167,,13.706816357988503,5.355483148660119,1.3783538249453198
gross95,2012,7,2012-08-16,0.5626107199472336,1.05,11.58386070150183,80.71803274903385,13.607873213169414,3.2725429357443034,0.7158770566218632
gross95,2012,7,2012-08-17,0.5626107199472336,,14.318360875093054,,13.49633880073044,2.360172472537016,0.8806623673776319
gross95,2012,7,2012-08-18,0.5626107199472336,,16.60805860673951,,13.370610786113021,1.7148577485618475,1.0824117220226053
gross95,2012,7,2012-08-19,0.5626107199472336,,18.40837484955676,,13.228882925500615,0.8434393680954921,0.9567666090033216
gross95,2012,7,2012-08-20,0.5626107199472336,1.05,19.09056204775871,88.22250180961717,13.069119116814923,0.2646008463824212,0.4175579266030066
gross95,2012,7,2012-08-21,0.5626107199472336,,1.2909137737825271,,12.889024148504049,4.309270168666232,0.9760742205686175
gross95,2012,7,2012-08-22,0.5626107199472336,1.05,6.146355268243462,75.27828579724371,12.686010725891533,3.982421620970726,0.8730179774209893
gross95,2012,7,2012-08-23,0.5626107199472336,,10.114253927843711,,12.45716230137749,3.1551714444410375,0.8127267245293213
gross95,2012,7,2012-08-24,0.5626107199472336,,13.120700968751681,,12.199191174500244,3.0074861836980897,0.7609607300910273
gross95,2012,7,2012-08-25,0.5626107199472336,,15.760219672148775,,11.908391259912088,1.761389399426709,0.8781292709923673
gross95,2012,7,2012-08-26,0.5626107199472336,,17.551955360264895,,11.580584844720834,0.9911766519160294,0.8005590276336708
gross95,2012,7,2012-08-27,0.5626107199472336,1.05,18.851900617056682,87.98383048453826,11.21106257029814,0.6117877166851101,0.6881575378812629
gross95,2012,7,2012-08-28,0.5626107199472336,,-3.039580879835902,,10.79451577631653,4.806078151355719,0.757440351171654
gross95,2012,7,2012-08-29,0.5626107199472336,1.05,2.3869708398136447,71.05323285330664,10.324960235050618,4.335670602577899,0.6252132636631245
gross95,2012,7,2012-08-30,0.5626107199472336,,6.774864780437488,,9.795650180288188,3.31996112645076,0.7204902817706376
gross95,2012,7,2012-08-31,0.5626107199472336,,9.271570384856163,,9.198981395766388,1.740762289982662,0.6265728605672347
gross95,2012,7,2012-09-01,0.5626107199472336,,10.673952753320867,,8.52638197087446,0.9637020864827857,0.4150035722615895
gross95,2012,7,2012-09-02,0.5626107199472336,,12.029056121094147,,7.768189154188876,0.9293602540554806,0.41967831385459714
gross95,2012,7,2012-09-03,0.5626107199472336,,12.96209277695394,,6.913510535684275,0.6469458289247275,0.2845354136550959
gross95,2012,7,2012-09-04,0.5626107199472336,1.05,13.817312136940535,81.97506486393434,5.950067563325099,0.6243725312880215,0.2304474513341885
gross95,2012,7,2012-09-05,0.5626107199472336,,-15.405654849386488,,4.864019145953481,5.295540207473935,0.15639013909093671
gross95,2012,7,2012-09-06,0.5626107199472336,1.05,-3.656174272200458,57.936119705623916,3.63976280830315,5.100036426763604,0.0840880683611253
gross95,2012,7,2012-09-07,0.5626107199472336,,2.858110265310809,,2.2597105414766783,2.3615221196124643,0.022676091969512622
gross95,2012,7,2012-09-08,0.5626107199472336,,5.890851986408928,,0.7040361286913736,1.61624947322796,0.002140042090664646
gross95,2012,8,2012-04-30,0.08,,3.753900049830017,,0.0,4.692375062287551,0.0
gross95,2012,8,2012-05-01,0.08,,5.2718430270147305,,0.0,1.8974287214809162,0.0
gross95,2012,8,2012-05-02,0.08,,6.643501024449703,,0.0,1.714572496793716,0.0
gross95,2012,8,2012-05-03,0.08,,7.946309182792724,,0.0,1.6285101979287846,0.0
gross95,2012,8,2012-05-04,0.08,,8.946351027475611,,0.0,1.2500523058536175,0.0
gross95,2012,8,2012-05-05,0.08,,9.569030653030312,,0.4875,0.7783495319433889,0.0
gross95,2012,8,2012-05-06,0.08,,10.58633306313073,,0.5738742470010385,3.0496280126255377,0.0
gross95,2012,8,2012-05-07,0.08,,8.763677620223216,,0.6755521053764285,1.531680696365608,0.0
gross95,2012,8,2012-05-08,0.08,,11.228728923706418,,0.6693127862307413,3.081314129354019,0.0
gross95,2012,8,2012-05-09,0.08,,12.194027183297466,,0.6619209548482653,1.206622824488818,0.0
gross95,2012,8,2012-05-10,0.08,,12.415687856150482,,0.6531637219016666,0.985736033449295,0.0
gross95,2012,8,2012-05-11,0.08,,12.415687856150482,,0.6427888736519074,0.4840079922606273,0.0
gross95,2012,8,2012-05-12,0.08,,12.415687856150482,,0.6304976080361702,1.5876180156698452,0.0
gross95,2012,8,2012-05-13,0.08,,12.415687856150482,,0.6159359289831668,0.5217902482684804,0.0
gross95,2012,8,2012-05-14,0.08,,12.415687856150482,,0.5986844511067813,0.685796659519991,0.0
gross95,2012,8,2012-05-15,0.08,,12.415687856150482,,0.5782463211468956,0.7247667675741237,0.0
gross95,2012,8,2012-05-16,0.08,,12.415687856150482,,0.5540329082874117,0.5608120017328235,0.0
gross95,2012,8,2012-05-17,0.08,,12.415687856150482,,0.5253468512237498,0.4619539308930875,0.0
gross95,2012,8,2012-05-18,0.08,,12.415687856150482,,0.49136197372485746,1.6131819458476029,0.0
gross95,2012,8,2012-05-19,0.08,,12.415687856150482,,0.45109949024546064,0.6968596617486045,0.0
gross95,2012,8,2012-05-20,0.08,,12.415687856150482,,0.40339981629543586,0.4248283114955311,0.0
gross95,2012,8,2012-05-21,0.08,,12.415687856150482,,0.3468891716874604,0.6946284114337576,0.0
gross95,2012,8,2012-05-22,0.08,,12.415687856150482,,0.2799400148157657,2.8828093041350016,0.0
gross95,2012,8,2012-05-23,0.08,,4.568063083527572,,0.32953921068278375,4.917483409091409,0.004985625129958451
gross95,2012,8,2012-05-24,0.09027524171086804,,9.435225686528577,,0.32729714898246665,4.741541664921375,0.0
gross95,2012,8,2012-05-25,0.09027524171086804,0.25,10.205482443913109,17.002565416218673,0.3238337431838241,0.8532314539256547,0.0
gross95,2012,8,2012-05-26,0.09027524171086804,,11.494056126725607,,0.31972953576767016,1.4273832541368732,0.0
gross95,2012,8,2012-05-27,0.09027524171086804,,12.316749228560461,,0.31486596519750626,0.9113164210291169,0.0
gross95,2012,8,2012-05-28,0.09027524171086804,,12.939779869691977,,0.3091025336034152,0.6901456360836621,0.0
gross95,2012,8,2012-05-29,0.09027524171086804,,13.441620270429473,,0.3022727481072324,0.5559003678381541,0.0
gross95,2012,8,2012-05-30,0.09027524171086804,,-2.3894480551124433,,0.35582881171071296,7.715393681866887,0.0221610807496664
gross95,2012,8,2012-05-31,0.10011433168030215,0.335,4.310126428844669,15.5152719737845,0.4188738284754046,4.97470428094844,0.018168619673230166
gross95,2012,8,2012-06-01,0.10987542002022938,,8.855794813832704,,0.44914294770415686,4.434810038537399,0.0
gross95,2012,8,2012-06-02,0.10987542002022938,,10.62369779120417,,0.44499026634087824,1.7679029773714818,0.0
gross95,2012,8,2012-06-03,0.10987542002022938,,11.965619058581915,,0.4400696885832303,1.341921267377758,0.0
gross95,2012,8,2012-06-04,0.10987542002022938,,13.80621634512947,,0.4342392182555132,3.1105972865475695,0.0
gross95,2012,8,2012-06-05,0.10987542002022938,0.41,14.972642297298677,41.82335781415904,0.4273306018456714,2.6904259521692198,0.0
gross95,2012,8,2012-06-06,0.10987542002022938,,-5.215633732631861,,0.5030441586762774,8.513423137564768,0.05230083250470069
gross95,2012,8,2012-06-07,0.11922820837474701,0.44,-6.695236971554633,22.755607918485545,0.5921724877305018,6.233299280524038,0.053118938688780475
gross95,2012,8,2012-06-08,0.12852122615969186,0.455,4.412850443569596,32.36942158452679,0.6970923907509199,6.323141185097738,0.08858681726929007
gross95,2012,8,2012-06-09,0.1377564558858354,,7.29372380743072,,0.7785236568124959,2.615962816919638,0.06767471624571711
gross95,2012,8,2012-06-10,0.14685565573515227,,9.3845492403876,,0.7761150048324245,2.007719146816408,0.03006260146450195
gross95,2012,8,2012-06-11,0.1543603083898889,,10.725128954061285,,0.7685939563877962,1.326571283226955,0.0
gross95,2012,8,2012-06-12,0.1543603083898889,,11.691610069387355,,0.7595738099575227,0.9618332556271684,0.0
gross95,2012,8,2012-06-13,0.1543603083898889,0.54,12.65537620929871,58.48691214097459,0.7488882951788414,0.9625146419934812,0.0
gross95,2012,8,2012-06-14,0.1543603083898889,,2.352699405304287,,0.8815747825305621,8.197944754166699,0.1190414097905564
gross95,2012,8,2012-06-15,0.16328456076698783,0.58,6.6669318489079155,61.03694057664326,1.0319376169588024,4.452222824967436,0.11592434361272952
gross95,2012,8,2012-06-16,0.17216212568024292,,8.951059039522889,,1.1211775245320899,2.2176492501709317,0.09208563771285905
gross95,2012,8,2012-06-17,0.18091955482992006,,10.70224271468523,,1.1179921424623391,1.6941920696492827,0.06046588201662573
gross95,2012,8,2012-06-18,0.189077686717193,0.64,13.975150720806356,80.5464211060928,1.1097616600023639,3.514464004132277,0.0
gross95,2012,8,2012-06-19,0.189077686717193,,1.3624306768158494,,1.30638694766047,9.509786685302899,0.206493270706616
gross95,2012,8,2012-06-20,0.19778064483559582,0.68,5.281495550886147,79.75466701799354,1.5378498992423326,3.7546043216502927,0.15118550003906744
gross95,2012,8,2012-06-21,0.2064427089159468,,8.536419320281858,,1.7410674632820977,2.9820859553008803,0.2694525236092821
gross95,2012,8,2012-06-22,0.21506488339629554,,12.37429694637436,,1.9153667070923202,4.21516826626686,0.13070935919836382
gross95,2012,8,2012-06-23,0.2234313305938637,,14.658892408116706,,1.9009528196427927,2.248122124193819,0.036473336928535494
gross95,2012,8,2012-06-24,0.22809153274849922,0.76,15.996727705966507,106.2968661494422,1.8808013803928718,1.333015598264837,0.004819699282348189
gross95,2012,8,2012-06-25,0.22894834014630863,,0.6997878367592921,,2.214037899346612,9.158873771641725,0.3391863590467889
gross95,2012,8,2012-06-26,0.23742016323399254,0.8,5.837948838773283,104.05326341632053,2.6063165791165086,4.794054769015547,0.3441062329723711
gross95,2012,8,2012-06-27,0.24585651250328458,,9.592586167263004,,3.021990274778118,3.722964908636282,0.28567241984412783
gross95,2012,8,2012-06-28,0.25425816607762775,0.84,12.085478332563692,118.11006732368227,3.295998868713606,2.140091651386854,0.3528005139107056
gross95,2012,8,2012-06-29,0.2626221258332354,,-5.733857985397562,,3.879977166972913,6.542786313548266,0.43287736848946823
gross95,2012,8,2012-06-30,0.2709566024945794,,2.9792323689531695,,4.567423538621133,5.573226495960146,0.5070562630899464
gross95,2012,8,2012-07-01,0.27925854209542245,,7.673314631094077,,5.317440502424941,2.9614904085092437,0.712214352414588
gross95,2012,8,2012-07-02,0.2875286108428655,,12.774358265351411,,6.041387940491983,4.460700809870184,0.8147598985942444
gross95,2012,8,2012-07-03,0.29576745062366083,0.92,14.839378760818809,132.72604674009986,6.2779390401507085,1.4175500797143759,0.623768599059606
gross95,2012,8,2012-07-04,0.29576745062366083,,1.6328403083563543,,7.390251362840843,6.878386022488743,0.9028453167923814
gross95,2012,8,2012-07-05,0.29576745062366083,0.94,7.727855173073031,129.50998327544696,8.69964089435628,5.124075247523322,0.9689927417507639
gross95,2012,8,2012-07-06,0.29576745062366083,,9.390987388559374,,10.21587536221866,5.884602199609462,1.112005713300587
gross95,2012,8,2012-07-07,0.29576745062366083,,-11.25288867611972,,11.630923635791103,4.004269613723932,0.8702564614861308
gross95,2012,8,2012-07-08,0.29576745062366083,,-4.299933074101159,,12.736014989938878,3.0274979737842678,0.7116187687013814
gross95,2012,8,2012-07-09,0.29576745062366083,,3.0160778226790805,,13.475457952269675,2.891928204651817,1.246644701236697
gross95,2012,8,2012-07-10,0.3038038632448806,0.97,7.117616009460106,124.6733096208108,13.475457952269675,1.7730730524956528,1.4310164998605182
gross95,2012,8,2012-07-11,0.3118134420816746,,9.883537021997734,,13.475457952269675,1.0325646537983104,1.3626011636665676
gross95,2012,8,2012-07-12,0.3197966581922259,0.98,12.274924623692474,131.2359641291742,13.475457952269675,0.8065265906609316,1.408643496841628
gross95,2012,8,2012-07-13,0.3277539678570053,,-8.306184545233279,,13.475457952269675,5.493220116211008,1.412133200096076
gross95,2012,8,2012-07-14,0.3356858132408945,,2.6989058248857836,,13.475457952269675,6.041878386563507,1.6917944178596096
gross95,2012,8,2012-07-15,0.34359262301698956,,8.120021196900952,,13.475457952269675,2.0998051239568376,1.497582738532925
gross95,2012,8,2012-07-16,0.3514748129547903,,9.503058388487423,,13.475457952269675,5.775359414873688,1.4829368202373219
gross95,2012,8,2012-07-17,0.35933278647525746,1.005,14.468306874192688,132.77474970087317,13.475457952269675,3.52540845506833,1.3788703898098813
gross95,2012,8,2012-07-18,0.36716693517501164,,2.319428093786082,,13.475457952269675,5.892495393365071,1.511840134760244
gross95,2012,8,2012-07-19,0.37497763932177086,1.015,8.939243400990868,129.1766177784265,13.475457952269675,5.157523835708491,1.4576901103235747
gross95,2012,8,2012-07-20,0.3827652683229493,,12.76438447887997,,13.475457952269675,2.249703953352048,1.5741809178918587
gross95,2012,8,2012-07-21,0.39053018116919824,,15.5329562827439,,13.475457952269675,1.2446073673060016,1.5236227094590398
gross95,2012,8,2012-07-22,0.39827272685451687,1.03,17.934469491939495,141.09863116756625,13.475457952269675,0.8411283969033749,1.560292139133538
gross95,2012,8,2012-07-23,0.39827272685451687,,-27.133662466547047,,13.475457952269675,6.171493088141986,1.58034965737823
gross95,2012,8,2012-07-24,0.39827272685451687,1.04,-3.512591386820689,104.93121518182066,13.475457952269675,5.395184960290699,1.5532377050475663
gross95,2012,8,2012-07-25,0.4059501709056764,,6.4425234717708735,,13.475457952269675,3.3694010815158006,1.160360275807133
gross95,2012,8,2012-07-26,0.4136065514692263,1.05,10.668903338811996,114.17556019690531,13.475457952269675,1.945066896339198,1.3251981580266203
gross95,2012,8,2012-07-27,0.4212421731373176,,-10.648530067966076,,13.475457952269675,5.744738099802988,1.4687810091586055
gross95,2012,8,2012-07-28,0.42885733261130465,,0.3267445998812173,,13.475457952269675,5.03962467201734,1.376451474902911
gross95,2012,8,2012-07-29,0.4364523189944073,,7.306040468037266,,13.475457952269675,3.875963404876888,1.317937020356897
gross95,2012,8,2012-07-30,0.4440274140703221,,10.426814176295352,,13.475457952269675,1.599151939315658,1.0840339875561327
gross95,2012,8,2012-07-31,0.45158289256860396,1.05,13.129594695693786,108.72211880504341,13.475457952269675,1.2688778917995442,1.3179991083511926
gross95,2012,8,2012-08-01,0.45911902241758595,,-15.538167368036374,,13.475457952269675,3.979894154706497,1.0155742882518914
gross95,2012,8,2012-08-02,0.46663606498555665,1.05,-3.3457895454439717,84.71675600459935,13.475457952269675,4.3568752201247,1.3522935364728736
gross95,2012,8,2012-08-03,0.4741342753108583,,4.387369225610352,,13.475457952269675,1.9051801441063048,1.364158785787606
gross95,2012,8,2012-08-04,0.48161390232152856,,10.021491892691227,,13.475457952269675,3.3935777681199886,1.2113137701770276
gross95,2012,8,2012-08-05,0.4890751890450692,1.05,13.06126342548062,95.16998801099004,13.475457952269675,1.622511300731526,1.2104902374682807
gross95,2012,8,2012-08-06,0.4965183728088819,,-9.151408566344688,,13.475457952269675,5.194779076368865,1.322997319730769
gross95,2012,8,2012-08-07,0.5039436854318827,1.05,-3.1253168219238527,75.3563980337965,13.475457952269675,4.557790385848395,1.1931445515353765
gross95,2012,8,2012-08-08,0.5113513534077655,,3.564601124184917,,13.475457952269675,2.421023505515427,1.249289221428576
gross95,2012,8,2012-08-09,0.5187415980803648,1.05,7.557011466906092,81.97741782866493,13.475457952269675,1.545775443867122,1.4049316240573502
gross95,2012,8,2012-08-10,0.5261146358115317,,-0.4958013488085667,,13.475457952269675,5.2382657563179205,1.3319857546205045
gross95,2012,8,2012-08-11,0.5334706781419146,,5.0311367126313895,,13.475457952269675,4.230206223242009,1.0805168981392665
gross95,2012,8,2012-08-12,0.5408099319450118,,8.956770001451305,,13.475457952269675,2.6216734906180412,1.185320907889066
gross95,2012,8,2012-08-13,0.5481325995748433,,11.905725439728814,,13.475457952269675,2.8025554265850388,0.8830558584020314
gross95,2012,8,2012-08-14,0.5554388790075605,1.05,14.654911705116211,88.41656773762739,13.475457952269675,1.6601098067197788,1.0824597864288854
gross95,2012,8,2012-08-15,0.5627289639773027,,6.953598382662207,,13.389715227148189,5.38740887148612,1.349550026555528
gross95,2012,8,2012-08-16,0.5627289639773027,1.05,10.94694025810687,84.70641503315792,13.293061088199726,3.291973731309988,0.7009146661788961
gross95,2012,8,2012-08-17,0.5627289639773027,,14.244110417948546,,13.184106975035817,2.94280212730576,0.8622512875709465
gross95,2012,8,2012-08-18,0.5627289639773027,,16.731596211574495,,13.06128762239885,1.9356803969625551,1.059775304688145
gross95,2012,8,2012-08-19,0.5627289639773027,,18.62480477316762,,12.922838573123666,0.9564516733329654,0.9367491221868511
gross95,2012,8,2012-08-20,0.5627289639773027,1.05,19.329066899392323,93.08838506465997,12.76677082945252,0.29544311033503445,0.408817009119809
gross95,2012,8,2012-08-21,0.5627289639773027,,6.28382125997308,,12.590842278537087,4.3341259068905424,0.9556279347184043
gross95,2012,8,2012-08-22,0.5627289639773027,1.05,11.143742592875011,84.90306010466645,12.392525481618302,4.0052055990801865,0.8547155993173665
gross95,2012,8,2012-08-23,0.5627289639773027,,14.958936721837471,,12.168971364134364,3.0195223345951177,0.7956717593433664
gross95,2012,8,2012-08-24,0.5627289639773027,,16.995812735514345,,11.916968285118884,2.0539023278032635,0.7449736767418901
gross95,2012,8,2012-08-25,0.5627289639773027,,19.21521828766935,,11.632895897868645,1.3597499089877654,0.8596556420118678
gross95,2012,8,2012-08-26,0.5627289639773027,,20.928673158160954,,11.312673139030478,0.9297642227013295,0.7836906475007139
gross95,2012,8,2012-08-27,0.5627289639773027,1.05,22.253877565412896,96.01319503153107,10.9516995989039,0.6515735074151804,0.6736308997641947
gross95,2012,8,2012-08-28,0.5627289639773027,,7.211878343703859,,10.544789430668903,4.831583567928602,0.7414172103441619
gross95,2012,8,2012-08-29,0.5627289639773027,1.05,12.182052913228159,85.94137037932359,10.08609684906036,4.358219656615015,0.6119549129047318
gross95,2012,8,2012-08-30,0.5627289639773027,,16.03469010896219,,9.5690321481822,3.147468682998523,0.7051685127343884
gross95,2012,8,2012-08-31,0.5627289639773027,,18.274880126091844,,8.986167031949769,1.6269846007124784,0.6132054164169032
gross95,2012,8,2012-09-01,0.5627289639773027,,19.53906926062913,,8.329127897111007,0.8580718951901988,0.4061172393470295
gross95,2012,8,2012-09-02,0.5627289639773027,,20.75553748401797,,7.588475535720566,0.8058139890086194,0.4106542343801832
gross95,2012,8,2012-09-03,0.5627289639773027,,21.582933877656572,,6.753569528838859,0.549008307953789,0.27838808568482437
gross95,2012,8,2012-09-04,0.5627289639773027,1.05,22.349010493876573,96.10832795997047,5.812415383298114,0.5406348415951621,0.22544177462484585
gross95,2012,8,2012-09-05,0.5627289639773027,,22.9935045235298,,4.7514922154593835,0.49152171951913126,0.1529723101341118
gross95,2012,8,2012-09-06,0.5627289639773027,1.05,23.50369601940981,97.2630134855037,3.5555585064171966,0.42795384553645593,0.08223765034356519
gross95,2012,8,2012-09-07,0.5627289639773027,,23.848253224416514,,2.207433138076847,0.32238401238608755,0.022173192620630475
gross95,2012,8,2012-09-08,0.5627289639773027,,24.158790299945036,,0.6877485644073112,0.30844491156646936,0.002092163962070397
gross95,2012,9,2012-04-30,0.08,,3.753900049830017,,0.0,4.692375062287551,0.0
gross95,2012,9,2012-05-01,0.08,,5.2718430270147305,,0.0,1.8974287214809162,0.0
gross95,2012,9,2012-05-02,0.08,,6.643501024449703,,0.0,1.714572496793716,0.0
gross95,2012,9,2012-05-03,0.08,,7.946309182792724,,0.0,1.6285101979287846,0.0
gross95,2012,9,2012-05-04,0.08,,8.946351027475611,,0.0,1.2500523058536175,0.0
gross95,2012,9,2012-05-05,0.08,,9.569030653030312,,0.4875,0.7783495319433889,0.0
gross95,2012,9,2012-05-06,0.08,,10.58633306313073,,0.5738742470010385,3.0496280126255377,0.0
gross95,2012,9,2012-05-07,0.08,,8.763677620223216,,0.6755521053764285,1.531680696365608,0.0
gross95,2012,9,2012-05-08,0.08,,11.228728923706418,,0.6693127862307413,3.081314129354019,0.0
gross95,2012,9,2012-05-09,0.08,,12.194027183297466,,0.6619209548482653,1.206622824488818,0.0
gross95,2012,9,2012-05-10,0.08,,12.415687856150482,,0.6531637219016666,0.985736033449295,0.0
gross95,2012,9,2012-05-11,0.08,,12.415687856150482,,0.6427888736519074,0.4840079922606273,0.0
gross95,2012,9,2012-05-12,0.08,,12.415687856150482,,0.6304976080361702,1.5876180156698452,0.0
gross95,2012,9,2012-05-13,0.08,,12.415687856150482,,0.6159359289831668,0.5217902482684804,0.0
gross95,2012,9,2012-05-14,0.08,,12.415687856150482,,0.5986844511067813,0.685796659519991,0.0
gross95,2012,9,2012-05-15,0.08,,12.415687856150482,,0.5782463211468956,0.7247667675741237,0.0
gross95,2012,9,2012-05-16,0.08,,12.415687856150482,,0.5540329082874117,0.5608120017328235,0.0
gross95,2012,9,2012-05-17,0.08,,12.415687856150482,,0.5253468512237498,0.4619539308930875,0.0
gross95,2012,9,2012-05-18,0.08,,12.415687856150482,,0.49136197372485746,1.6131819458476029,0.0
gross95,2012,9,2012-05-19,0.08,,12.415687856150482,,0.45109949024546064,0.6968596617486045,0.0
gross95,2012,9,2012-05-20,0.08,,12.415687856150482,,0.40339981629543586,0.4248283114955311,0.0
gross95,2012,9,2012-05-21,0.08,,12.415687856150482,,0.3468891716874604,0.6946284114337576,0.0
gross95,2012,9,2012-05-22,0.08,,12.415687856150482,,0.2799400148157657,2.8828093041350016,0.0
gross95,2012,9,2012-05-23,0.08,,4.568063083527572,,0.32953921068278375,4.917483409091409,0.004985625129958451
gross95,2012,9,2012-05-24,0.09027524171086804,,9.435225686528577,,0.32729714898246665,4.741541664921375,0.0
gross95,2012,9,2012-05-25,0.09027524171086804,0.25,10.205482443913109,17.002565416218673,0.3238337431838241,0.8532314539256547,0.0
gross95,2012,9,2012-05-26,0.09027524171086804,,11.494056126725607,,0.31972953576767016,1.4273832541368732,0.0
gross95,2012,9,2012-05-27,0.09027524171086804,,12.316749228560461,,0.31486596519750626,0.9113164210291169,0.0
gross95,2012,9,2012-05-28,0.09027524171086804,,12.939779869691977,,0.3091025336034152,0.6901456360836621,0.0
gross95,2012,9,2012-05-29,0.09027524171086804,,13.441620270429473,,0.3022727481072324,0.5559003678381541,0.0
gross95,2012,9,2012-05-30,0.09027524171086804,,-2.3036865754871134,,0.35582881171071296,7.715393681866887,0.0221610807496664
gross95,2012,9,2012-05-31,0.10011433168030215,0.335,4.304380630842538,15.5806875473063,0.4188738284754046,4.945119854470229,0.018168619673230166
gross95,2012,9,2012-06-01,0.10987542002022938,,8.83783158224401,,0.4488556053141388,4.415638529901629,0.0
gross95,2012,9,2012-06-02,0.10987542002022938,,10.601937127337608,,0.4447055750077419,1.7641055450936183,0.0
gross95,2012,9,2012-06-03,0.10987542002022938,,11.941870232275107,,0.4397881374844088,1.339933104937517,0.0
gross95,2012,9,2012-06-04,0.10987542002022938,,13.780373467503093,,0.43396138683186297,3.108503235228002,0.0
gross95,2012,9,2012-06-05,0.10987542002022938,0.41,14.945942840963053,41.86086565429814,0.4270571764568765,2.6895693734599804,0.0
gross95,2012,9,2012-06-06,0.10987542002022938,,-5.2423527341464675,,0.5027222883396505,8.513470402097957,0.05223402279252542
gross95,2012,9,2012-06-07,0.11922820837474701,0.44,-6.70062296967968,22.793069133848455,0.5917935890698581,6.233340038111931,0.0530511015036746
gross95,2012,9,2012-06-08,0.12852122615969186,0.455,4.412010492402946,32.40733247921379,0.6966463596051422,6.323647316717005,0.08853036497412264
gross95,2012,9,2012-06-09,0.1377564558858354,,7.29303295469404,,0.77802552227069,2.6163873323210343,0.0676316107497453
gross95,2012,9,2012-06-10,0.14685565573515227,,9.384028174134045,,0.7756184060781878,2.007977823133897,0.030043452367843143
gross95,2012,9,2012-06-11,0.1543603083898889,,10.724720709376756,,0.7681021512669076,1.3267052235184298,0.0
gross95,2012,9,2012-06-12,0.1543603083898889,,11.691274874736726,,0.7590877506484661,0.9619133070518631,0.0
gross95,2012,9,2012-06-13,0.1543603083898889,0.54,12.65510679140166,58.52572562609567,0.7484090385949721,0.9625823035851423,0.0
gross95,2012,9,2012-06-14,0.1543603083898889,,2.4474336332335693,,0.8810106122512016,8.198024698841405,0.11896561850709256
gross95,2012,9,2012-06-15,0.16328456076698783,0.58,6.88686756026696,61.29595982700635,1.030659861434176,4.5775671155702184,0.1157816648606993
gross95,2012,9,2012-06-16,0.17216212568024292,,9.181402223030272,,1.1104052553492867,2.2337202789709534,0.08423731567783971
gross95,2012,9,2012-06-17,0.18087970365198858,,10.92496993963215,,1.1063043517082256,1.6935738532985893,0.052734926612278854
gross95,2012,9,2012-06-18,0.18880353567983565,0.64,14.056058626207262,80.66508643487917,1.0973505716889316,3.374236547545634,0.0
gross95,2012,9,2012-06-19,0.18880353567983565,,3.6462990040786543,,1.291776888254656,9.530039097624766,0.20420128024667525
gross95,2012,9,2012-06-20,0.19750649379823848,0.68,7.503178819226885,82.01915329128958,1.5048882191921904,3.7006769505329107,0.14797339380421012
gross95,2012,9,2012-06-21,0.20616855787858945,,10.523933585571342,,1.6232823692745442,2.82536089570394,0.18828914782222672
gross95,2012,9,2012-06-22,0.21471554357301229,,13.450815268260836,,1.6216987292573692,3.387150531580471,0.047731150529723404
gross95,2012,9,2012-06-23,0.22148656797296995,,15.413880938054836,,1.6068858911981472,1.9630656691623483,0.0
gross95,2012,9,2012-06-24,0.22148656797296995,0.76,16.644714223078182,106.9839362392163,1.5889452115318656,1.2308332847242331,0.0
gross95,2012,9,2012-06-25,0.22148656797296995,,1.3499869315322306,,1.870471254961549,9.213147407748943,0.287125300624546
gross95,2012,9,2012-06-26,0.22995839106065386,0.8,6.415765035900757,104.6701631861417,2.2018775035449156,4.77438507743357,0.29139302691644775
gross95,2012,9,2012-06-27,0.2383947403299459,,10.149654278928478,,2.536069348056227,3.7474737242495775,0.24041551877084386
gross95,2012,9,2012-06-28,0.2467963939042891,0.84,12.549209719373165,118.61288228318801,2.726583306724886,2.1351523013110727,0.2644031391310333
gross95,2012,9,2012-06-29,0.2551416638358601,,-5.26607403837372,,3.209673727245837,6.620211840852945,0.3595044013993153
gross95,2012,9,2012-06-30,0.26347614049720414,,3.1212605218326757,,3.7783571145481454,5.599330730036846,0.4214124997016367
gross95,2012,9,2012-07-01,0.27177808009804716,,7.609870869600568,,4.395329131723887,3.0121384471070782,0.591930101842518
gross95,2012,9,2012-07-02,0.28004814884549023,,12.632867557844502,,4.98402972844126,4.536681944135459,0.6764017143157786
gross95,2012,9,2012-07-03,0.28828698862628555,0.92,14.588556903368891,132.93648894421082,5.127042330750431,1.4527147341782851,0.483731420285366
gross95,2012,9,2012-07-04,0.29648331567414754,,1.3897251183838777,,6.035441142362776,7.047081538508086,0.7433521428755033
gross95,2012,9,2012-07-05,0.29648331567414754,0.94,7.3123260725775685,129.55741348520147,7.104788186446206,5.121856779844096,0.7989968729710853
gross95,2012,9,2012-07-06,0.29648331567414754,,8.945518494642455,,8.350317443513283,6.047463391308942,0.9192584719386997
gross95,2012,9,2012-07-07,0.29648331567414754,,-11.689179022671544,,9.506958638052986,4.163143446070573,0.7205756502760828
gross95,2012,9,2012-07-08,0.29648331567414754,,-4.422482631393904,,10.410245266367117,3.1571634502087105,0.5899804808756578
gross95,2012,9,2012-07-09,0.29648331567414754,,2.8796764367018652,,11.01465587709847,2.998970733576086,1.0344721141474325
gross95,2012,9,2012-07-10,0.30451972829536733,0.97,6.8796364648327,124.45874510526053,11.01465587709847,1.8723417276099272,1.1875489975335771
gross95,2012,9,2012-07-11,0.3125293071321613,,9.507715762543263,,11.01465587709847,1.1195069703846834,1.1308538391270817
gross95,2012,9,2012-07-12,0.3205125232427126,0.98,11.737703367958192,130.71136140989026,11.01465587709847,0.8807884295963341,1.1691484621256658
gross95,2012,9,2012-07-13,0.328469832907492,,-8.824380315185888,,11.01465587709847,5.749353224820321,1.172128161218703
gross95,2012,9,2012-07-14,0.33640167829138123,,2.3100239639776334,,11.01465587709847,6.141954069485997,1.4043582650889144
gross95,2012,9,2012-07-15,0.34430848806747627,,7.683267913367287,,11.01465587709847,2.158604381266283,1.2432316694116816
gross95,2012,9,2012-07-16,0.35219067800527704,,9.102783131149021,,11.01465587709847,6.044647870273868,1.2311609193360233
gross95,2012,9,2012-07-17,0.36004865152574417,1.005,13.833517946535041,131.66117807962712,11.01465587709847,3.5197369110248005,1.1448446893205109
gross95,2012,9,2012-07-18,0.36788280022549835,,1.704302854760884,,11.01465587709847,6.167245563691338,1.255335978575854
gross95,2012,9,2012-07-19,0.37569350437225757,1.015,8.230732696541658,127.98752004960082,11.01465587709847,5.3109821874375625,1.2104596368730054
gross95,2012,9,2012-07-20,0.38348113337343603,,11.91668924486932,,11.01465587709847,2.377308744201697,1.3072864801214295
gross95,2012,9,2012-07-21,0.39124604621968495,,14.519277232784152,,11.01465587709847,1.3368271616762126,1.2653906069055956
gross95,2012,9,2012-07-22,0.3989885919050036,1.03,16.73595264226838,139.41938598131475,11.01465587709847,0.9206372425812593,1.295937791133823
gross95,2012,9,2012-07-23,0.3989885919050036,,-28.312076845114085,,11.01465587709847,6.459252121274817,1.3126909998387175
gross95,2012,9,2012-07-24,0.3989885919050036,1.04,-3.9631229011737723,103.08365122701787,11.01465587709847,5.469740191687218,1.2902633295064578
gross95,2012,9,2012-07-25,0.40666603595616313,,6.207071815934514,,11.01465587709847,3.576294289314735,0.9639719864489102
gross95,2012,9,2012-07-26,0.414322416519713,1.05,10.341111626124304,112.22041659801206,11.01465587709847,2.0511900795105302,1.1009904123241012
gross95,2012,9,2012-07-27,0.4219580381878043,,-10.95012142468757,,11.01465587709847,6.012598771052372,1.220368353354017
gross95,2012,9,2012-07-28,0.42957319766179136,,0.1590909490988764,,11.01465587709847,5.228644814673381,1.1437365258574799
gross95,2012,9,2012-07-29,0.437168184044894,,7.154494274398676,,11.01465587709847,4.0249744358458335,1.0951937623145995
gross95,2012,9,2012-07-30,0.4447432791208088,,10.174521460594532,,11.01465587709847,1.665457730964907,0.9008872575725138
gross95,2012,9,2012-07-31,0.45229875761909066,1.05,12.71963449346346,106.39025779505846,11.01465587709847,1.3295765477978347,1.0954029976135233
gross95,2012,9,2012-08-01,0.45983488746807266,,-16.02789724366379,,11.01465587709847,4.16546521143017,0.8441153368479027
gross95,2012,9,2012-08-02,0.46735193003604336,1.05,-3.5478730966961614,82.23039850076697,11.01465587709847,4.5114927027677645,1.124067454662722
gross95,2012,9,2012-08-03,0.474850140361345,,4.14637705645046,,11.01465587709847,2.002226022034404,1.134012014225651
gross95,2012,9,2012-08-04,0.4823297673720153,,9.650266053504808,,11.01465587709847,3.44123879759395,1.0070261251400714
gross95,2012,9,2012-08-05,0.4897910540955559,1.05,12.553303685934244,92.2508945759927,11.01465587709847,1.6835789327610986,1.006414183470631
gross95,2012,9,2012-08-06,0.4972342378593686,,-9.733461207584313,,11.01465587709847,5.436996734722364,1.100033264653466
gross95,2012,9,2012-08-07,0.5046595504823694,1.05,-3.398928753040998,72.33788712648564,11.01465587709847,4.735127572470591,0.9921362893234261
gross95,2012,9,2012-08-08,0.5120672184582522,,3.36008318219279,,11.01465587709847,2.5221281604569805,1.038897513410057
gross95,2012,9,2012-08-09,0.5194574631308515,1.05,7.263318521483862,78.70852364765216,11.01465587709847,1.6411978873239332,1.1684129599755666
gross95,2012,9,2012-08-10,0.5268305008620184,,1.6198929922696264,,11.01465587709847,5.4825110739100475,1.1078277590584973
gross95,2012,9,2012-08-11,0.5341865431924013,,6.995458097163536,,11.01465587709847,4.393473402758063,0.8987434418671105
gross95,2012,9,2012-08-12,0.5415257969954985,,10.574814635891888,,11.01465587709847,2.5706587303894155,0.9859880394560991
gross95,2012,9,2012-08-13,0.54884846462533,,13.009935696623248,,11.01465587709847,2.45821017584366,0.7346076233067637
gross95,2012,9,2012-08-14,0.5561547440580472,1.05,15.365548549066492,86.3930273971028,11.01465587709847,1.4539277570977363,0.900555745763284
gross95,2012,9,2012-08-15,0.5634448290277894,,10.536314360056032,,10.944570940874186,5.637726281771313,1.1227431666205634
gross95,2012,9,2012-08-16,0.5634448290277894,1.05,14.510699192917317,85.53780349769727,10.865567163534266,3.3912050498856905,0.583101602316921
gross95,2012,9,2012-08-17,0.5634448290277894,,16.24932974410109,,10.776509554720848,1.5293199591905304,0.7172903904329129
gross95,2012,9,2012-08-18,0.5634448290277894,,17.934753650083415,,10.676118687921672,1.3118609998862518,0.8815576794661708
gross95,2012,9,2012-08-19,0.5634448290277894,,19.33777494394794,,10.562952319871023,0.6238558914456256,0.7791640484324405
gross95,2012,9,2012-08-20,0.5634448290277894,1.05,19.885757479885648,90.9128346512797,10.435384670879671,0.20796941686750606,0.34001276786104384
gross95,2012,9,2012-08-21,0.5634448290277894,,10.769488440351255,,10.291583068429215,4.529024448575266,0.7947064206728751
gross95,2012,9,2012-08-22,0.5634448290277894,1.05,15.664040162757983,86.69111721921456,10.129481618486215,4.1838605101810735,0.7106911885056583
gross95,2012,9,2012-08-23,0.5634448290277894,,17.727856450437244,,9.946751526290774,1.4023264836674874,0.6614897978588236
gross95,2012,9,2012-08-24,0.5634448290277894,,19.002855819790017,,9.740767640239818,1.4177764034492304,0.6192229642882379
gross95,2012,9,2012-08-25,0.5634448290277894,,20.52334586579013,,9.508570738225055,0.806104082799349,0.7143859630063878
gross95,2012,9,2012-08-26,0.5634448290277894,,21.79509675609361,,9.246825014620654,0.6206642357549973,0.6510866544997913
gross95,2012,9,2012-08-27,0.5634448290277894,1.05,22.820055422056154,93.84713247048913,8.951770157166806,0.4654804151361154,0.559478250814212
gross95,2012,9,2012-08-28,0.5634448290277894,,12.697161664826824,,8.619167325272262,5.031546944162943,0.6155592986046804
gross95,2012,9,2012-08-29,0.5634448290277894,1.05,17.531289206168076,88.55836625459725,8.244238253645047,4.326261793110193,0.5078657482303218
gross95,2012,9,2012-08-30,0.5634448290277894,,20.528252352269956,,7.8215966063970965,2.412014339230084,0.5849488068716132
gross95,2012,9,2012-08-31,0.5634448290277894,,22.40362591488121,,7.345170595436638,1.3669845990983305,0.5083889635129093
gross95,2012,9,2012-09-01,0.5634448290277894,,23.501846324908637,,6.80811575146256,0.7617300852774427,0.3364903247499888
gross95,2012,9,2012-09-02,0.5634448290277894,,24.575705560615777,,6.202716594404448,0.7338506139709603,0.34000862173619667
gross95,2012,9,2012-09-03,0.5634448290277894,,25.319589090742177,,5.520275790678329,0.513573304352343,0.23031022577407476
gross95,2012,9,2012-09-04,0.5634448290277894,1.05,25.98383091352083,97.01090796194975,4.750989204860301,0.4931983977844472,0.17104342499422118
gross95,2012,9,2012-09-05,0.5634448290277894,,26.530719189327677,,3.8838050507353894,0.43864334381893716,0.10824493198793139
gross95,2012,9,2012-09-06,0.5634448290277894,1.05,26.97082129435742,97.99789834278636,2.9062651182462638,0.3840770286824566,0.05602507634730748
gross95,2012,9,2012-09-07,0.5634448290277894,,27.282649451510792,,1.804325795363779,0.2961563104338979,0.015671846719474428
gross95,2012,9,2012-09-08,0.5634448290277894,,27.567743163432795,,0.5621563136293348,0.28366078902866954,0.0014329228933470074
gross95,2012,10,2012-04-30,0.08,,3.753900049830017,,0.0,4.692375062287551,0.0
gross95,2012,10,2012-05-01,0.08,,5.2718430270147305,,0.0,1.8974287214809162,0.0
gross95,2012,10,2012-05-02,0.08,,6.643501024449703,,0.0,1.714572496793716,0.0
gross95,2012,10,2012-05-03,0.08,,7.946309182792724,,0.0,1.6285101979287846,0.0
gross95,2012,10,2012-05-04,0.08,,8.946351027475611,,0.0,1.2500523058536175,0.0
gross95,2012,10,2012-05-05,0.08,,9.569030653030312,,0.4875,0.7783495319433889,0.0
gross95,2012,10,2012-05-06,0.08,,10.58633306313073,,0.5738742470010385,3.0496280126255377,0.0
gross95,2012,10,2012-05-07,0.08,,8.763677620223216,,0.6755521053764285,1.531680696365608,0.0
gross95,2012,10,2012-05-08,0.08,,11.228728923706418,,0.6693127862307413,3.081314129354019,0.0
gross95,2012,10,2012-05-09,0.08,,12.194027183297466,,0.6619209548482653,1.206622824488818,0.0
gross95,2012,10,2012-05-10,0.08,,12.415687856150482,,0.6531637219016666,0.985736033449295,0.0
gross95,2012,10,2012-05-11,0.08,,12.415687856150482,,0.6427888736519074,0.4840079922606273,0.0
gross95,2012,10,2012-05-12,0.08,,12.415687856150482,,0.6304976080361702,1.5876180156698452,0.0
gross95,2012,10,2012-05-13,0.08,,12.415687856150482,,0.6159359289831668,0.5217902482684804,0.0
gross95,2012,10,2012-05-14,0.08,,12.415687856150482,,0.5986844511067813,0.685796659519991,0.0
gross95,2012,10,2012-05-15,0.08,,12.415687856150482,,0.5782463211468956,0.7247667675741237,0.0
gross95,2012,10,2012-05-16,0.08,,12.415687856150482,,0.5540329082874117,0.5608120017328235,0.0
gross95,2012,10,2012-05-17,0.08,,12.415687856150482,,0.5253468512237498,0.4619539308930875,0.0
gross95,2012,10,2012-05-18,0.08,,12.415687856150482,,0.49136197372485746,1.6131819458476029,0.0
gross95,2012,10,2012-05-19,0.08,,12.415687856150482,,0.45109949024546064,0.6968596617486045,0.0
gross95,2012,10,2012-05-20,0.08,,12.415687856150482,,0.40339981629543586,0.4248283114955311,0.0
gross95,2012,10,2012-05-21,0.08,,12.415687856150482,,0.3468891716874604,0.6946284114337576,0.0
gross95,2012,10,2012-05-22,0.08,,12.415687856150482,,0.2799400148157657,2.8828093041350016,0.0
gross95,2012,10,2012-05-23,0.08,,4.568063083527572,,0.32953921068278375,4.917483409091409,0.004985625129958451
gross95,2012,10,2012-05-24,0.09027524171086804,,9.435225686528577,,0.32729714898246665,4.741541664921375,0.0
gross95,2012,10,2012-05-25,0.09027524171086804,0.25,10.205482443913109,17.002565416218673,0.3238337431838241,0.8532314539256547,0.0
gross95,2012,10,2012-05-26,0.09027524171086804,,11.494056126725607,,0.31972953576767016,1.4273832541368732,0.0
gross95,2012,10,2012-05-27,0.09027524171086804,,12.316749228560461,,0.31486596519750626,0.9113164210291169,0.0
gross95,2012,10,2012-05-28,0.09027524171086804,,12.939779869691977,,0.3091025336034152,0.6901456360836621,0.0
gross95,2012,10,2012-05-29,0.09027524171086804,,13.441620270429473,,0.3022727481072324,0.5559003678381541,0.0
gross95,2012,10,2012-05-30,0.09027524171086804,,-2.217925095861788,,0.35582881171071296,7.715393681866887,0.0221610807496664
gross95,2012,10,2012-05-31,0.10011433168030215,0.335,4.29814080653792,15.645541523324063,0.4188738284754046,4.914973830487994,0.018168619673230166
gross95,2012,10,2012-06-01,0.10987542002022938,,8.819729424101023,,0.44914294770415686,4.3968287242483175,0.0
gross95,2012,10,2012-06-02,0.10987542002022938,,10.580088924096716,,0.44499026634087824,1.7603594999956933,0.0
gross95,2012,10,2012-06-03,0.10987542002022938,,11.918058507733038,,0.4400696885832303,1.3379695836363306,0.0
gross95,2012,10,2012-06-04,0.10987542002022938,,13.754492897790813,,0.4342392182555132,3.106434390057786,0.0
gross95,2012,10,2012-06-05,0.10987542002022938,0.41,14.919215722329946,41.89828486417247,0.4273306018456714,2.6887228245391452,0.0
gross95,2012,10,2012-06-06,0.10987542002022938,,-5.269060307600591,,0.5030441586762774,8.513423137564768,0.05230083250470069
gross95,2012,10,2012-06-07,0.11922820837474701,0.44,-6.705942219563357,22.83053496849898,0.5921724877305018,6.233299280524038,0.053118938688780475
gross95,2012,10,2012-06-08,0.12852122615969186,0.455,4.411227129833499,32.44528605928157,0.6970923907509199,6.324078609839081,0.08858681726929007
gross95,2012,10,2012-06-09,0.1377564558858354,,7.292371910316488,,0.7785236568124959,2.6167547326085154,0.06767471624571711
gross95,2012,10,2012-06-10,0.14685565573515227,,9.383625575900608,,0.7761150048324245,2.008205092478219,0.03032864218542677
gross95,2012,10,2012-06-11,0.15438508551606453,,10.724300180747905,,0.7685993341633567,1.3268170721840264,0.0
gross95,2012,10,2012-06-12,0.15438508551606453,,11.690887531370537,,0.7595801806190937,0.9619864706245698,0.0
gross95,2012,10,2012-06-13,0.15438508551606453,0.54,12.65477265569587,58.564851153441616,0.7488958420406239,0.9626462736796287,0.0
gross95,2012,10,2012-06-14,0.15438508551606453,,2.3520923805418543,,0.881583666529788,8.197943495280716,0.11904260327323311
gross95,2012,10,2012-06-15,0.16330933789316346,0.58,6.666669601891986,61.11522516067989,1.0319480162274426,4.452567300729523,0.11592550482354096
gross95,2012,10,2012-06-16,0.17218690280641855,,8.950914670988771,,1.1211888231087472,2.2177439208063925,0.09208655965078634
gross95,2012,10,2012-06-17,0.1809443319560957,,10.70216323698204,,1.1180034090993243,1.6942413926771072,0.060466487414232654
gross95,2012,10,2012-06-18,0.18910246384336862,0.64,13.975144708290422,80.62492453743987,1.1097728441506165,3.5145373304439227,0.0
gross95,2012,10,2012-06-19,0.18910246384336862,,3.6597881889040806,,1.306400113393099,9.527148144675241,0.2064953359384291
gross95,2012,10,2012-06-20,0.19780542196177145,0.68,7.515578423441748,82.0705430139625,1.5219239158651434,3.696165189842744,0.14963367186434595
gross95,2012,10,2012-06-21,0.20646748604212242,,10.535795758842351,,1.6416583162085687,2.8231856830336777,0.19040029060110186
gross95,2012,10,2012-06-22,0.21501447173654525,,13.483799263624494,,1.6745030183421599,3.38394012663256,0.07206337751362912
gross95,2012,10,2012-06-23,0.22272030681289762,,15.4404481259906,,1.6594786377308202,1.9566488617375297,0.0
gross95,2012,10,2012-06-24,0.22272030681289762,0.76,16.667141215371764,107.04582671095,1.6413237036733161,1.2266930890652556,0.0
gross95,2012,10,2012-06-25,0.22272030681289762,,1.3718789413461532,,1.9321300605753433,9.203253794338256,0.2964839315510658
gross95,2012,10,2012-06-26,0.23119212990058152,0.8,6.4367888128718045,104.73065044254712,2.274460889478454,4.7640382014902105,0.3008716700157035
gross95,2012,10,2012-06-27,0.23962847916987357,,10.16920601806615,,2.619184272271572,3.7382423990060993,0.24817480618062357
gross95,2012,10,2012-06-28,0.24803013274421676,0.84,12.571694501722318,118.67483054497112,2.8143793528898486,2.130758551275682,0.27172993237783166
gross95,2012,10,2012-06-29,0.25637451955903046,,-5.149215809828487,,3.3130252962357583,6.60823415590118,0.370855532547132
gross95,2012,10,2012-06-30,0.26470899622037447,,3.1577490481073864,,3.9000203018926936,5.578560346636865,0.43467018990318196
gross95,2012,10,2012-07-01,0.2730109358212175,,7.6340661253951785,,4.536380034005913,3.0007959203476537,0.6104157519639197
gross95,2012,10,2012-07-02,0.28128100456866056,,12.662707149968666,,5.1428257295764,4.522055368173255,0.6972935423598094
gross95,2012,10,2012-07-03,0.2895198443494559,0.92,14.624644895671176,133.1051765923332,5.285303271875927,1.4471391939950755,0.4957772183664581
gross95,2012,10,2012-07-04,0.2977152923682083,,1.4244696573226037,,6.22174243142548,7.023723600458708,0.7654412721661893
gross95,2012,10,2012-07-05,0.2977152923682083,0.94,7.350198609069686,129.72798593801298,7.324097954602475,5.101435437743455,0.8225718285195817
gross95,2012,10,2012-07-06,0.2977152923682083,,8.983980999938318,,8.60807406264258,6.0211623747692125,0.9461563552613609
gross95,2012,10,2012-07-07,0.2977152923682083,,-11.65199076076413,,9.80041832187018,4.1409524697253834,0.7414942409193498
gross95,2012,10,2012-07-08,0.2977152923682083,,-4.437442766122534,,10.73158749584727,3.1391965638899104,0.6069999357625518
gross95,2012,10,2012-07-09,0.2977152923682083,,2.8905552340117513,,11.354654982397044,2.9841357346440587,1.0641831898451675
gross95,2012,10,2012-07-10,0.3057517049894281,0.97,6.952046950075381,124.66264630638429,11.354654982397044,1.858321715142726,1.2216446318981513
gross95,2012,10,2012-07-11,0.3137612838262221,,9.610398559354694,,11.354654982397044,1.107066085419575,1.1633103039580577
gross95,2012,10,2012-07-12,0.3217444999367734,0.98,11.876362069416492,130.95819406661744,11.354654982397044,0.8701605446785666,1.202692222781018
gross95,2012,10,2012-07-13,0.32970180960155276,,-8.674596216227862,,11.354654982397044,5.7135143902671786,1.2057455818270133
gross95,2012,10,2012-07-14,0.337633654985442,,2.3417760700931063,,11.354654982397044,6.111587183762903,1.4446220179218738
gross95,2012,10,2012-07-15,0.34554046476153705,,7.718518995099344,,11.354654982397044,2.1436040709884225,1.278863267406197
gross95,2012,10,2012-07-16,0.3534226546993378,,9.135040950647,,11.354654982397044,6.006968304158582,1.266434114724151
gross95,2012,10,2012-07-17,0.36128062821980494,1.005,13.88744895999836,131.9557928053952,11.354654982397044,3.508829988825171,1.1776333104064685
gross95,2012,10,2012-07-18,0.36911477691955913,,1.8506617014059392,,11.354654982397044,6.12880177971029,1.2912763863294978
gross95,2012,10,2012-07-19,0.37692548106631835,1.015,8.35837891294557,128.35594036035474,11.354654982397044,5.257647818764314,1.2451029667595024
gross95,2012,10,2012-07-20,0.3847131100674968,,12.04624776347129,,11.354654982397044,2.341826336496485,1.3446877396659627
gross95,2012,10,2012-07-21,0.3924780229137457,,14.666856937512996,,11.354654982397044,1.3186604976696192,1.3015803961214407
gross95,2012,10,2012-07-22,0.3924780229137457,1.03,16.90729427898059,139.83150977974415,11.354654982397044,0.9073484779751569,1.3329880663668578
gross95,2012,10,2012-07-23,0.3924780229137457,,-28.14348422080278,,11.354654982397044,6.418988102165321,1.3502069089971018
gross95,2012,10,2012-07-24,0.3924780229137457,1.04,-3.6946570319336214,103.63249582271285,11.354654982397044,5.572347272160956,1.3271251562493709
gross95,2012,10,2012-07-25,0.4001554669649053,,6.323680015080403,,11.354654982397044,3.494172345714966,0.9915021182412703
gross95,2012,10,2012-07-26,0.4078118475284552,1.05,10.42910953874609,112.71027444322092,11.354654982397044,2.015363095729254,1.1324224574266732
gross95,2012,10,2012-07-27,0.41544746919654646,,-10.965801834261457,,11.354654982397044,5.97511898434177,1.255196078630385
gross95,2012,10,2012-07-28,0.4230626286705335,,0.1852208871118616,,11.354654982397044,5.204110961040189,1.1763656248251841
gross95,2012,10,2012-07-29,0.43065761505363614,,7.1842538206472275,,11.354654982397044,4.004013046409285,1.1264268424374728
gross95,2012,10,2012-07-30,0.43823271012955095,,10.21100769233946,,11.354654982397044,1.6561109829941378,0.926569852785736
gross95,2012,10,2012-07-31,0.4457881886278328,1.05,12.776372341526637,106.8398047393811,11.354654982397044,1.320998235759372,1.12661968693672
gross95,2012,10,2012-08-01,0.4533243184768148,,-15.498672364808005,,11.354654982397044,4.1394996092638525,0.8681622318953828
gross95,2012,10,2012-08-02,0.4608413610447855,1.05,-3.3591485101671057,83.15770752442157,11.354654982397044,4.48416289506246,1.156078048818833
gross95,2012,10,2012-08-03,0.46833957137008714,,4.2306003946795645,,11.354654982397044,1.989143445704387,1.166294205511613
gross95,2012,10,2012-08-04,0.4758191983807574,,9.6911178291084,,11.354654982397044,3.413195450741581,1.035683072261948
gross95,2012,10,2012-08-05,0.48328048510429805,1.05,12.599672701746591,93.21428651857417,11.354654982397044,1.6712194101502384,1.0350434097828567
gross95,2012,10,2012-08-06,0.49072366886811075,,-9.692483625429444,,11.354654982397044,5.403104987455822,1.1313143781064192
gross95,2012,10,2012-08-07,0.4981489814911116,1.05,-3.3569025886398434,73.30235280251938,11.354654982397044,4.710609213862176,1.0203390151976885
gross95,2012,10,2012-08-08,0.5055566494669943,,3.3974725612361136,,11.354654982397044,2.507906674804134,1.0684188262681622
gross95,2012,10,2012-08-09,0.5129468941395936,1.05,7.307879644693597,79.70791048079317,11.354654982397044,1.6276295896799644,1.2016025875215781
gross95,2012,10,2012-08-10,0.5203199318707605,,2.322419104453742,,11.354654982397044,5.448335611100529,1.1392850379155985
gross95,2012,10,2012-08-11,0.5276759742011434,,7.698467312330615,,11.354654982397044,4.36964275658583,0.924254435948782
gross95,2012,10,2012-08-12,0.5350152280042406,,11.244555474266338,,11.354654982397044,2.509735416761046,1.0139653443342562
gross95,2012,10,2012-08-13,0.5423378956340721,,13.448813685762893,,11.354654982397044,2.206600020199769,0.7554444741567159
gross95,2012,10,2012-08-14,0.5496441750667893,1.05,15.682365855824374,87.67061911769488,11.354654982397044,1.3063551670832554,0.9260903728159735
gross95,2012,10,2012-08-15,0.5569342600365315,,17.847291340864412,,11.282406672584239,1.010054346980257,1.1545805432030833
gross95,2012,10,2012-08-16,0.5569342600365315,1.05,18.857486232188652,90.84537218490183,11.20096421591466,0.4104793030075019,0.5996388740161297
gross95,2012,10,2012-08-17,0.5569342600365315,,19.945312414995154,,11.109157587281244,0.8581687266974658,0.7376376263098363
gross95,2012,10,2012-08-18,0.5569342600365315,,21.172099766801683,,11.005667866984265,0.828210519751298,0.9065716997437591
gross95,2012,10,2012-08-19,0.5569342600365315,,22.28127023720702,,10.889008292762089,0.30788842777096176,0.8012807125950216
gross95,2012,10,2012-08-20,0.5569342600365315,1.05,22.74807247291834,94.73593178835716,10.75750290054879,0.1171334171368594,0.34966847345015345
gross95,2012,10,2012-08-21,0.5569342600365315,,16.477111750248618,,10.609262447105696,4.501751994742755,0.817287192917387
gross95,2012,10,2012-08-22,0.5569342600365315,1.05,21.36687110529653,93.35473032004433,10.442157268624719,4.158860905792228,0.7308984382347901
gross95,2012,10,2012-08-23,0.5569342600365315,,22.749961783916373,,10.253786685382549,0.7027773509239988,0.6803133249336337
gross95,2012,10,2012-08-24,0.5569342600365315,,23.667163151034234,,10.041444512904429,1.0423407375543734,0.6368606288711817
gross95,2012,10,2012-08-25,0.5569342600365315,,24.787858084993616,,9.80208018416122,0.38593780734474825,0.7347571264411312
gross95,2012,10,2012-08-26,0.5569342600365315,,25.793731182539563,,9.532254924270418,0.33625255053670566,0.6696205469657628
gross95,2012,10,2012-08-27,0.5569342600365315,1.05,26.625484754737414,98.61334396580278,9.228092348094567,0.2814101950601133,0.5503433771268578
gross95,2012,10,2012-08-28,0.5569342600365315,,19.342247086544035,,8.885222771008367,5.003568955365772,0.6331933764381259
gross95,2012,10,2012-08-29,0.5569342600365315,1.05,23.95190772643369,95.93976693749565,8.49872043278744,4.087216333583242,0.5224443063057617
gross95,2012,10,2012-08-30,0.5569342600365315,,25.39274223724736,,8.063032732759485,0.8701741600275281,0.5706603507859793
gross95,2012,10,2012-08-31,0.5569342600365315,,26.51085556814817,,7.571900459590299,0.6710895276298834,0.4470238032709045
gross95,2012,10,2012-09-01,0.5569342600365315,,27.243133313942497,,7.01826786970342,0.43157608447560547,0.3007016613186986
gross95,2012,10,2012-09-02,0.5569342600365315,,27.95651342982447,,6.394181322494862,0.45313522183875193,0.260244894043229
gross95,2012,10,2012-09-03,0.5569342600365315,,28.472326363093686,,5.690675016108005,0.34086751549468275,0.17494541777454856
gross95,2012,10,2012-09-04,0.5569342600365315,1.05,28.95660827368643,100.94446748474815,4.897642182216975,0.3575046083829816,0.1267773022097799
gross95,2012,10,2012-09-05,0.5569342600365315,,29.382994398577562,,4.003689889366583,0.3465892541834068,0.07979687070772774
gross95,2012,10,2012-09-06,0.5569342600365315,1.05,29.743753655944168,101.73161286700591,2.99597536893314,0.3197437522152142,0.04101550515139385
gross95,2012,10,2012-09-07,0.5569342600365315,,30.00651219652281,,1.860021512319061,0.25134201399211226,0.011416526586536795
gross95,2012,10,2012-09-08,0.5569342600365315,,30.252186728020543,,0.5795088887623698,0.24463941908635947,0.0010351124113794098
gross95,2012,11,2012-04-30,0.08,,3.753900049830017,,0.0,4.692375062287551,0.0
gross95,2012,11,2012-05-01,0.08,,5.2718430270147305,,0.0,1.8974287214809162,0.0
gross95,2012,11,2012-05-02,0.08,,6.643501024449703,,0.0,1.714572496793716,0.0
gross95,2012,11,2012-05-03,0.08,,7.946309182792724,,0.0,1.6285101979287846,0.0
gross95,2012,11,2012-05-04,0.08,,8.946351027475611,,0.0,1.2500523058536175,0.0
gross95,2012,11,2012-05-05,0.08,,9.569030653030312,,0.4875,0.7783495319433889,0.0
gross95,2012,11,2012-05-06,0.08,,10.58633306313073,,0.5738742470010385,3.0496280126255377,0.0
gross95,2012,11,2012-05-07,0.08,,8.763677620223216,,0.6755521053764285,1.531680696365608,0.0
gross95,2012,11,2012-05-08,0.08,,11.228728923706418,,0.6693127862307413,3.081314129354019,0.0
gross95,2012,11,2012-05-09,0.08,,12.194027183297466,,0.6619209548482653,1.206622824488818,0.0
gross95,2012,11,2012-05-10,0.08,,12.415687856150482,,0.6531637219016666,0.985736033449295,0.0
gross95,2012,11,2012-05-11,0.08,,12.415687856150482,,0.6427888736519074,0.4840079922606273,0.0
gross95,2012,11,2012-05-12,0.08,,12.415687856150482,,0.6304976080361702,1.5876180156698452,0.0
gross95,2012,11,2012-05-13,0.08,,12.415687856150482,,0.6159359289831668,0.5217902482684804,0.0
gross95,2012,11,2012-05-14,0.08,,12.415687856150482,,0.5986844511067813,0.685796659519991,0.0
gross95,2012,11,2012-05-15,0.08,,12.415687856150482,,0.5782463211468956,0.7247667675741237,0.0
gross95,2012,11,2012-05-16,0.08,,12.415687856150482,,0.5540329082874117,0.5608120017328235,0.0
gross95,2012,11,2012-05-17,0.08,,12.415687856150482,,0.5253468512237498,0.4619539308930875,0.0
gross95,2012,11,2012-05-18,0.08,,12.415687856150482,,0.49136197372485746,1.6131819458476029,0.0
gross95,2012,11,2012-05-19,0.08,,12.415687856150482,,0.45109949024546064,0.6968596617486045,0.0
gross95,2012,11,2012-05-20,0.08,,12.415687856150482,,0.40339981629543586,0.4248283114955311,0.0
gross95,2012,11,2012-05-21,0.08,,12.415687856150482,,0.3468891716874604,0.6946284114337576,0.0
gross95,2012,11,2012-05-22,0.08,,12.415687856150482,,0.2799400148157657,2.8828093041350016,0.0
gross95,2012,11,2012-05-23,0.08,,4.568063083527572,,0.32953921068278375,4.917483409091409,0.004985625129958451
gross95,2012,11,2012-05-24,0.09027524171086804,,9.435225686528577,,0.32729714898246665,4.741541664921375,0.0
gross95,2012,11,2012-05-25,0.09027524171086804,0.25,10.205482443913109,17.002565416218673,0.3238337431838241,0.8532314539256547,0.0
gross95,2012,11,2012-05-26,0.09027524171086804,,11.494056126725607,,0.31972953576767016,1.4273832541368732,0.0
gross95,2012,11,2012-05-27,0.09027524171086804,,12.316749228560461,,0.31486596519750626,0.9113164210291169,0.0
gross95,2012,11,2012-05-28,0.09027524171086804,,12.939779869691977,,0.3091025336034152,0.6901456360836621,0.0
gross95,2012,11,2012-05-29,0.09027524171086804,,13.441620270429473,,0.3022727481072324,0.5559003678381541,0.0
gross95,2012,11,2012-05-30,0.09027524171086804,,-2.475209534737759,,0.35582881171071296,7.715393681866887,0.0221610807496664
gross95,2012,11,2012-05-31,0.10011433168030215,0.335,4.316099832759377,15.45001637075061,0.4188738284754046,5.004448677914549,0.018168619673230166
gross95,2012,11,2012-06-01,0.10987542002022938,,8.873917869215083,,0.44914294770415686,4.4539203745646,0.0
gross95,2012,11,2012-06-02,0.10987542002022938,,10.645583916413763,,0.44499026634087824,1.7716660471986987,0.0
gross95,2012,11,2012-06-03,0.10987542002022938,,11.989472417502409,,0.4400696885832303,1.3438885010886614,0.0
gross95,2012,11,2012-06-04,0.10987542002022938,,13.832139525321592,,0.4342392182555132,3.112667107819202,0.0
gross95,2012,11,2012-06-05,0.10987542002022938,0.41,14.999411204722726,41.78585839919401,0.4273306018456714,2.691271679401148,0.0
gross95,2012,11,2012-06-06,0.10987542002022938,,-6.898864825207812,,0.5030441586762774,8.513423137564768,0.05230083250470069
gross95,2012,11,2012-06-07,0.11922820837474701,0.44,-7.134492886541598,21.008108503520532,0.5921724877305018,6.233299280524038,0.053118938688780475
gross95,2012,11,2012-06-08,0.12852122615969186,0.455,4.362661077012444,30.694448214793365,0.6970923907509199,6.395667230329318,0.08858681726929007
gross95,2012,11,2012-06-09,0.1377564558858354,,7.281941981360134,,0.7792301246207709,2.626416234081798,0.06827131044916017
gross95,2012,11,2012-06-10,0.14685924720240098,,9.383108583601416,,0.776819294557217,2.0085139233556615,0.030089759039455627
gross95,2012,11,2012-06-11,0.1543638998571376,,10.726481471904942,,0.7692914476936566,1.3261178377547103,0.0
gross95,2012,11,2012-06-12,0.1543638998571376,,11.693597871724553,,0.7602631524546202,0.961392491852706,0.0
gross95,2012,11,2012-06-13,0.1543638998571376,0.54,12.657233909018428,56.822496736453026,0.7495679899431322,0.9620948709722463,0.0
gross95,2012,11,2012-06-14,0.1543638998571376,,6.534629217956028,,0.8823749042147632,8.197831375349038,0.11914889820225963
gross95,2012,11,2012-06-15,0.16328815223423654,0.58,10.49790741057431,63.208902593762474,0.9566842821273847,4.20448981312619,0.020040667500684662
gross95,2012,11,2012-06-16,0.1692792581806126,,12.442088235505299,,0.9481754539640637,1.9429847074776407,0.0
gross95,2012,11,2012-06-17,0.1692792581806126,,13.884187864865861,,0.9377817318771122,1.4420996293605806,0.0
gross95,2012,11,2012-06-18,0.1692792581806126,0.64,15.502269777502583,80.39669252900497,0.9254706575409924,1.8720819126367318,0.0
gross95,2012,11,2012-06-19,0.1692792581806126,,9.166366392348394,,1.0894436445495241,9.55779439928317,0.1014765709231307
gross95,2012,11,2012-06-20,0.17774849290641898,0.68,12.51985061663472,85.35079905046003,1.0866626820115177,3.3415905469562954,0.0020688700905701126
gross95,2012,11,2012-06-21,0.17870102150704759,,14.795858811943486,,1.0761076953766118,2.274831724122262,0.0
gross95,2012,11,2012-06-22,0.17870102150704759,,15.772655335589794,,1.0636068288545228,1.5269721827447829,0.0
gross95,2012,11,2012-06-23,0.17870102150704759,,16.66818509615339,,1.048801346933429,1.1378883569934697,0.0
gross95,2012,11,2012-06-24,0.17870102150704759,0.76,17.4241562980013,106.57340443361515,1.0312663788951326,0.9605608508909,0.0
gross95,2012,11,2012-06-25,0.17870102150704759,,7.813590635407786,,1.2139840341455013,9.29815684375035,0.18627749365615892
gross95,2012,11,2012-06-26,0.18717230669847812,0.8,12.155239792380115,109.01952975835545,1.255097560880754,4.103559204679724,0.03795564845218283
gross95,2012,11,2012-06-27,0.19346667453167934,,14.433410571200781,,1.243777712225325,2.3774594681454664,0.0
gross95,2012,11,2012-06-28,0.19346667453167934,0.84,15.94569835232917,120.46455142121309,1.2301322371111127,1.512287781128393,0.0
gross95,2012,11,2012-06-29,0.19346667453167934,,3.841190132537495,,1.4480845359668573,6.826611568191353,0.1638802120169771
gross95,2012,11,2012-06-30,0.20180115119302336,,9.623834821394091,,1.6903520801048595,5.440381533186695,0.1816784276945379
gross95,2012,11,2012-07-01,0.21009618321987325,,12.525096624955674,,1.688603748274589,2.8055986228478442,0.09566318071374587
gross95,2012,11,2012-07-02,0.21769696482844791,,15.317726374129066,,1.6763512236692437,3.043040521624228,0.0035892275491784583
gross95,2012,11,2012-07-03,0.2184348790608739,0.92,16.521412747141717,136.49822991521788,1.6582401239665632,1.2036863730126666,0.0
gross95,2012,11,2012-07-04,0.2184348790608739,,7.049926046990234,,1.952043697411733,7.572119676381743,0.24639362346677762
gross95,2012,11,2012-07-05,0.22661309552826125,0.94,12.159987004224195,136.04144137909222,2.1842593543037347,4.922773477723815,0.18728747951015162
gross95,2012,11,2012-07-06,0.23468584346170854,,13.107615470116256,,2.403497323726277,6.125976858328355,0.1556516075637204
gross95,2012,11,2012-07-07,0.24255551413723808,,-7.603886364962844,,2.736416884496664,4.697119925367543,0.21613452012298276
gross95,2012,11,2012-07-08,0.25064707017418153,,-2.5383563795150312,,2.996412628179111,3.5445741337623415,0.17769317936679485
gross95,2012,11,2012-07-09,0.2587108031191171,,2.944469686840561,,3.17038197666814,3.3220646750803997,0.3124563775391977
gross95,2012,11,2012-07-10,0.2667472157403369,0.97,6.026676394244892,129.286210896314,3.17038197666814,2.23012483975114,0.35877318245072687
gross95,2012,11,2012-07-11,0.27475679457713087,,7.958919353074974,,3.17038197666814,1.4542668912302132,0.34172187632070844
gross95,2012,11,2012-07-12,0.2827400106876822,0.98,9.487933268879504,134.5528262342434,3.17038197666814,1.1649345482847626,0.35337341869779
gross95,2012,11,2012-07-13,0.29069732035246154,,-0.7318535468789397,,3.17038197666814,6.617656203783548,0.3543539394541963
gross95,2012,11,2012-07-14,0.2986291657363508,,6.061286485470349,,3.17038197666814,6.149175010276658,0.4246567865731508
gross95,2012,11,2012-07-15,0.2986291657363508,,8.95425230798907,,3.17038197666814,2.410464389742155,0.37601939689267744
gross95,2012,11,2012-07-16,0.2986291657363508,,10.083212162123157,,3.17038197666814,6.843023838798273,0.37245265506554126
gross95,2012,11,2012-07-17,0.2986291657363508,1.005,13.501552990697355,143.10621233535866,3.17038197666814,3.069368984031698,0.346418388007556
gross95,2012,11,2012-07-18,0.2986291657363508,,5.685839660893842,,3.17038197666814,7.0986612352546885,0.379937786277696
gross95,2012,11,2012-07-19,0.2986291657363508,1.015,11.28435176832782,142.8404568749207,3.17038197666814,5.231888484846621,0.36643842978709507
gross95,2012,11,2012-07-20,0.2986291657363508,,13.983808183239157,,3.17038197666814,2.310563547718977,0.38884299174462633
gross95,2012,11,2012-07-21,0.2986291657363508,,15.58928992530223,,3.168037139524564,1.3111210944092166,0.29434721533723507
gross95,2012,11,2012-07-22,0.2986291657363508,1.03,16.762170283368018,151.24668636973323,3.154218425234384,0.9414213553288966,0.23145538517965225
gross95,2012,11,2012-07-23,0.2986291657363508,,-33.00119085072119,,3.154218425234384,7.4368731503633745,0.39373814884625946
gross95,2012,11,2012-07-24,0.2986291657363508,1.04,-2.750383392446651,109.4893739732229,3.154218425234384,5.737658984098803,0.38709871678529456
gross95,2012,11,2012-07-25,0.30630660978751034,,5.79259577493325,,3.154218425234384,3.936046631764442,0.2892718815428306
gross95,2012,11,2012-07-26,0.31396299035106023,1.05,9.401754247682074,117.72228382047251,3.154218425234384,2.232808990018791,0.3304637405276413
gross95,2012,11,2012-07-27,0.3215986120191515,,-12.026002161169949,,3.154218425234384,6.922617901392915,0.3663782843185007
gross95,2012,11,2012-07-28,0.3292137714931386,,-0.2653326583641279,,3.154218425234384,5.456995185584799,0.3434498483782772
gross95,2012,11,2012-07-29,0.3368087578762412,,6.337028709306503,,3.154218425234384,4.4018867201038505,0.32894772767615055
gross95,2012,11,2012-07-30,0.344383852952156,,8.963967003707022,,3.154218425234384,1.8626035096041307,0.2706481136050489
gross95,2012,11,2012-07-31,0.3519393314504379,1.05,10.922397533366457,109.90684031859399,3.154218425234384,1.5438691292445041,0.3291600782133796
gross95,2012,11,2012-08-01,0.3594754612994199,,-17.698434129493844,,3.154218425234384,4.795916896884311,0.2537077505626593
gross95,2012,11,2012-08-02,0.3669925038673906,1.05,-3.1159747857141076,85.57827427573301,3.154218425234384,4.993882172046691,0.3379271376453982
gross95,2012,11,2012-08-03,0.3744907141926922,,3.688450983339134,,3.154218425234384,2.3498988535496372,0.34099431950268316
gross95,2012,11,2012-08-04,0.3819703412033625,,8.687131840802937,,3.154218425234384,3.8495183463551443,0.3028789278515478
gross95,2012,11,2012-08-05,0.3894316279269031,1.05,11.095386084138768,94.41910682982956,3.154218425234384,1.948778309221223,0.3027637976163435
gross95,2012,11,2012-08-06,0.3968748116907158,,-11.151310630015011,,3.154218425234384,6.2598973187456055,0.33100299828943397
gross95,2012,11,2012-08-07,0.40430012431371665,1.05,-3.5996996462159188,74.44613219127555,3.154218425234384,5.314821820124847,0.2986045349630085
gross95,2012,11,2012-08-08,0.4117077922895994,,2.9936521397035825,,3.154218425234384,2.8762269998106174,0.312749602241855
gross95,2012,11,2012-08-09,0.4190980369621987,1.05,6.352413114559663,79.97831041326472,3.154218425234384,1.9913824816976877,0.3518191382390541
gross95,2012,11,2012-08-10,0.42647107469336565,,-2.115775575542634,,3.154218425234384,6.312300346326237,0.33365252398300815
gross95,2012,11,2012-08-11,0.43382711702374854,,3.6743994310851043,,3.154218425234384,4.666294508060145,0.2707428665046892
gross95,2012,11,2012-08-12,0.44116637082684573,,7.2144906962487925,,3.154218425234384,2.7360959930394477,0.29709277668543216
gross95,2012,11,2012-08-13,0.4484890384566772,,10.050176291591642,,3.154218425234384,3.2873111729428603,0.22139870447902987
gross95,2012,11,2012-08-14,0.4557953178893944,1.05,12.351294987981387,84.22871878148561,3.154218425234384,2.0060446992706265,0.27147477692948685
gross95,2012,11,2012-08-15,0.4630854028591366,,7.499167584199508,,3.1341485111456797,6.488181753788733,0.33843326221532594
gross95,2012,11,2012-08-16,0.4630854028591366,1.05,11.223674770533204,83.0931708358637,3.111524547861741,3.547087316590189,0.1757497217838514
gross95,2012,11,2012-08-17,0.4630854028591366,,13.381670936556851,,3.0860215131994733,2.449398067142989,0.21616492891579353
gross95,2012,11,2012-08-18,0.4630854028591366,,14.987299908169156,,3.0572730234312546,1.8478966522269222,0.26561982588183525
gross95,2012,11,2012-08-19,0.4630854028591366,,16.21331946965265,,3.024866069713855,0.9912782920551724,0.2347120171977428
gross95,2012,11,2012-08-20,0.4630854028591366,1.05,16.652049886485397,88.52096341969465,2.9883350846878973,0.3363292681641495,0.10239353224639139
gross95,2012,11,2012-08-21,0.4630854028591366,,7.642661904451897,,2.947155254006983,5.191374424428292,0.23923560789672874
gross95,2012,11,2012-08-22,0.4630854028591366,1.05,12.23647019732977,84.10538122656965,2.900734976708033,4.3799578819993235,0.21384989255067013
gross95,2012,11,2012-08-23,0.4630854028591366,,14.26835828001037,,2.8484073661064144,1.8329474118070697,0.1989405353992097
gross95,2012,11,2012-08-24,0.4630854028591366,,15.410982024353421,,2.7894206691153456,1.7185103661243186,0.18611334276940517
gross95,2012,11,2012-08-25,0.4630854028591366,,16.652125091670047,,2.7229274663508263,1.0265840947491862,0.2145589632968418
gross95,2012,11,2012-08-26,0.4630854028591366,,17.573895440600854,,2.647972497867799,0.7263891340514105,0.19538121243164394
gross95,2012,11,2012-08-27,0.4630854028591366,1.05,18.255492945165862,90.12440379111675,2.5634789396286473,0.5138725586325509,0.1677249452855205
gross95,2012,11,2012-08-28,0.4630854028591366,,7.715520873616123,,2.4682329335479505,5.710701616388912,0.18432631189088594
gross95,2012,11,2012-08-29,0.4630854028591366,1.05,12.464683612451665,84.3335944581865,2.360866148867783,4.597285298345515,0.1518774404444525
gross95,2012,11,2012-08-30,0.4630854028591366,,15.201913912511387,,2.2398361243354077,2.562566337597918,0.17466396244953897
gross95,2012,11,2012-08-31,0.4630854028591366,,16.72966912976102,,2.103404108773587,1.376215703297168,0.15153951394917076
gross95,2012,11,2012-09-01,0.4630854028591366,,17.574839902845337,,1.9496100816949438,0.7450699769539664,0.10010079612947557
gross95,2012,11,2012-09-02,0.4630854028591366,,18.382035128437522,,1.7762445950995436,0.7062776192788061,0.10091760631314246
gross95,2012,11,2012-09-03,0.4630854028591366,,18.936768253963706,,1.5808170319270731,0.4865521151991749,0.06818101032693472
gross95,2012,11,2012-09-04,0.4630854028591366,1.05,19.4578391080528,91.32674995377084,1.360519825155682,0.46607073852597986,0.055000115563131065
gross95,2012,11,2012-09-05,0.4630854028591366,,19.938005598947512,,1.1121881235090365,0.4430107107278976,0.03715578016683358
gross95,2012,11,2012-09-06,0.4630854028591366,1.05,20.373277677162967,92.24218852288101,0.8322543243178626,0.41539709124944635,0.019874986966039947
gross95,2012,11,2012-09-07,0.4630854028591366,,20.70747035256247,,0.5166968203423626,0.3288643370489157,0.005328338350605536
gross95,2012,11,2012-09-08,0.4630854028591366,,21.027197734519632,,0.16098222423800151,0.3192278608486989,0.0004995211084683419
gross95,2012,12,2012-04-30,0.08,,3.753900049830017,,0.0,4.692375062287551,0.0
gross95,2012,12,2012-05-01,0.08,,5.2718430270147305,,0.0,1.8974287214809162,0.0
gross95,2012,12,2012-05-02,0.08,,6.643501024449703,,0.0,1.714572496793716,0.0
gross95,2012,12,2012-05-03,0.08,,7.946309182792724,,0.0,1.6285101979287846,0.0
gross95,2012,12,2012-05-04,0.08,,8.946351027475611,,0.0,1.2500523058536175,0.0
gross95,2012,12,2012-05-05,0.08,,9.569030653030312,,0.4875,0.7783495319433889,0.0
gross95,2012,12,2012-05-06,0.08,,10.58633306313073,,0.5738742470010385,3.0496280126255377,0.0
gross95,2012,12,2012-05-07,0.08,,8.763677620223216,,0.6755521053764285,1.531680696365608,0.0
gross95,2012,12,2012-05-08,0.08,,11.228728923706418,,0.6693127862307413,3.081314129354019,0.0
gross95,2012,12,2012-05-09,0.08,,12.194027183297466,,0.6619209548482653,1.206622824488818,0.0
gross95,2012,12,2012-05-10,0.08,,12.415687856150482,,0.6531637219016666,0.985736033449295,0.0
gross95,2012,12,2012-05-11,0.08,,12.415687856150482,,0.6427888736519074,0.4840079922606273,0.0
gross95,2012,12,2012-05-12,0.08,,12.415687856150482,,0.6304976080361702,1.5876180156698452,0.0
gross95,2012,12,2012-05-13,0.08,,12.415687856150482,,0.6159359289831668,0.5217902482684804,0.0
gross95,2012,12,2012-05-14,0.08,,12.415687856150482,,0.5986844511067813,0.685796659519991,0.0
gross95,2012,12,2012-05-15,0.08,,12.415687856150482,,0.5782463211468956,0.7247667675741237,0.0
gross95,2012,12,2012-05-16,0.08,,12.415687856150482,,0.5540329082874117,0.5608120017328235,0.0
gross95,2012,12,2012-05-17,0.08,,12.415687856150482,,0.5253468512237498,0.4619539308930875,0.0
gross95,2012,12,2012-05-18,0.08,,12.415687856150482,,0.49136197372485746,1.6131819458476029,0.0
gross95,2012,12,2012-05-19,0.08,,12.415687856150482,,0.45109949024546064,0.6968596617486045,0.0
gross95,2012,12,2012-05-20,0.08,,12.415687856150482,,0.40339981629543586,0.4248283114955311,0.0
gross95,2012,12,2012-05-21,0.08,,12.415687856150482,,0.3468891716874604,0.6946284114337576,0.0
gross95,2012,12,2012-05-22,0.08,,12.415687856150482,,0.2799400148157657,2.8828093041350016,0.0
gross95,2012,12,2012-05-23,0.08,,4.568063083527572,,0.32953921068278375,4.917483409091409,0.004985625129958451
gross95,2012,12,2012-05-24,0.09027524171086804,,9.435225686528577,,0.32729714898246665,4.741541664921375,0.0
gross95,2012,12,2012-05-25,0.09027524171086804,0.25,10.205482443913109,17.002565416218673,0.3238337431838241,0.8532314539256547,0.0
gross95,2012,12,2012-05-26,0.09027524171086804,,11.494056126725607,,0.31972953576767016,1.4273832541368732,0.0
gross95,2012,12,2012-05-27,0.09027524171086804,,12.316749228560461,,0.31486596519750626,0.9113164210291169,0.0
gross95,2012,12,2012-05-28,0.09027524171086804,,12.939779869691977,,0.3091025336034152,0.6901456360836621,0.0
gross95,2012,12,2012-05-29,0.09027524171086804,,13.441620270429473,,0.3022727481072324,0.5559003678381541,0.0
gross95,2012,12,2012-05-30,0.09027524171086804,,-2.3894480551124433,,0.35582881171071296,7.715393681866887,0.0221610807496664
gross95,2012,12,2012-05-31,0.10011433168030215,0.335,4.310126428844669,15.5152719737845,0.4188738284754046,4.97470428094844,0.018168619673230166
gross95,2012,12,2012-06-01,0.10987542002022938,,8.855794813832704,,0.44914294770415686,4.434810038537399,0.0
gross95,2012,12,2012-06-02,0.10987542002022938,,10.62369779120417,,0.44499026634087824,1.7679029773714818,0.0
gross95,2012,12,2012-06-03,0.10987542002022938,,11.965619058581915,,0.4400696885832303,1.341921267377758,0.0
gross95,2012,12,2012-06-04,0.10987542002022938,,13.80621634512947,,0.4342392182555132,3.1105972865475695,0.0
gross95,2012,12,2012-06-05,0.10987542002022938,0.41,14.972642297298677,41.82335781415904,0.4273306018456714,2.6904259521692198,0.0
gross95,2012,12,2012-06-06,0.10987542002022938,,-7.495633732631859,,0.5030441586762774,8.513423137564768,0.05230083250470069
gross95,2012,12,2012-06-07,0.11922820837474701,0.44,-7.282226814774377,20.475607918485544,0.5921724877305018,6.233299280524038,0.053118938688780475
gross95,2012,12,2012-06-08,0.12852122615969186,0.455,4.3453249172523485,30.185217714130054,0.6970923907509199,6.418937314701008,0.08858681726929007
gross95,2012,12,2012-06-09,0.1377564558858354,,7.277124714793616,,0.7792301246207709,2.630364335594318,0.06827131044916017
gross95,2012,12,2012-06-10,0.14685924720240098,,9.381888754969724,,0.776819294557217,2.0091291489252066,0.030089759039455627
gross95,2012,12,2012-06-11,0.1543638998571376,,10.726316357632156,,0.7692914476936566,1.3261557192354931,0.0
gross95,2012,12,2012-06-12,0.1543638998571376,,11.693737924611426,,0.7602631524546202,0.9613607032748872,0.0
gross95,2012,12,2012-06-13,0.1543638998571376,0.54,12.65742285890426,56.317793851038594,0.7495679899431322,0.9620530662360504,0.0
gross95,2012,12,2012-06-14,0.1543638998571376,,9.380101833621818,,0.8792912249686856,8.198268344583054,0.034896632857673526
gross95,2012,12,2012-06-15,0.16177640619514677,0.58,12.882840426263211,65.09502789428456,0.8730346265364017,3.754173962673962,0.0
gross95,2012,12,2012-06-16,0.16177640619514677,,14.563153800827104,,0.8637668306909149,1.6803133745639003,0.0
gross95,2012,12,2012-06-17,0.16177640619514677,,15.701968344368584,,0.8527887589302622,1.2384223725033743,0.0
gross95,2012,12,2012-06-18,0.16177640619514677,0.64,16.37882593965463,81.2940444508891,0.8397847975146979,1.3496571237697566,0.0
gross95,2012,12,2012-06-19,0.16177640619514677,,12.593159607743727,,0.9618440302632805,9.23333366808911,0.0
gross95,2012,12,2012-06-20,0.16177640619514677,0.68,14.374979191402327,87.20537383683872,0.9529725748835541,1.7818195836586117,0.0
gross95,2012,12,2012-06-21,0.16177640619514677,,15.982726199088699,,0.9424646229809365,1.6077470076863953,0.0
gross95,2012,12,2012-06-22,0.16177640619514677,,16.60830596275894,,0.930018293888186,1.2755684569224877,0.0
gross95,2012,12,2012-06-23,0.16177640619514677,,17.175175991053752,,0.9152760197209,0.9176157423339456,0.0
gross95,2012,12,2012-06-24,0.16177640619514677,0.76,17.666794544073504,107.12446040805779,0.8978142728874485,0.7958030958725256,0.0
gross95,2012,12,2012-06-25,0.16177640619514677,,11.563023093833314,,1.0554414830267673,9.191228549759836,0.0
gross95,2012,12,2012-06-26,0.16177640619514677,0.8,14.405915623462102,111.77875762164831,1.0457110476487235,2.842892529628799,0.0
gross95,2012,12,2012-06-27,0.16177640619514677,,15.50068125986001,,1.034186455528332,1.3487656363979221,0.0
gross95,2012,12,2012-06-28,0.16177640619514677,0.84,16.46942970652413,121.65154611829414,1.0205368891542437,0.9687484466641277,0.0
gross95,2012,12,2012-06-29,0.16177640619514677,,8.053813676427328,,1.201353515487536,6.855860985123575,0.11852298477961959
gross95,2012,12,2012-06-30,0.17008655016390328,,13.064662083121146,,1.1991657261757378,4.722009749964012,0.0
gross95,2012,12,2012-07-01,0.17008655016390328,,15.308692353561629,,1.187694594109082,2.2440302704404993,0.0
gross95,2012,12,2012-07-02,0.17008655016390328,,16.598872530365735,,1.1741098022904908,1.5441801768041197,0.0
gross95,2012,12,2012-07-03,0.17008655016390328,0.92,17.32622917907371,137.8380557612815,1.1580218898087837,0.7273566487079821,0.0
gross95,2012,12,2012-07-04,0.17008655016390328,,11.591668776765822,,1.3494726165902722,7.6517470659508104,0.012402567569624993
gross95,2012,12,2012-07-05,0.17298003965858577,0.94,14.771394526000702,139.09063943089552,1.337048710365487,3.0787968293016865,0.0
gross95,2012,12,2012-07-06,0.17298003965858577,,15.129132169308388,,1.3276997747731885,5.6917376433077,0.0
gross95,2012,12,2012-07-07,0.17298003965858577,,-5.624052872332423,,1.511605627918532,4.798342062254017,0.12028834921685205
gross95,2012,12,2012-07-08,0.18107159569552922,,-1.1224308877265472,,1.6552281262344426,3.6233878764541942,0.09896800623144042
gross95,2012,12,2012-07-09,0.18913532864046478,,3.3346287219510824,,1.7513293627643096,3.486121208166471,0.17411577154176827
gross95,2012,12,2012-07-10,0.19717174126168457,0.97,6.106222842279407,131.68761188427357,1.7513293627643096,2.346936640251536,0.19993385060757646
gross95,2012,12,2012-07-11,0.20518132009847856,,7.905505039718486,,1.7513293627643096,1.5424469854120588,0.19043938983430428
gross95,2012,12,2012-07-12,0.21316453620902986,0.98,9.334271175988738,136.80136490328658,1.7513293627643096,1.2316073204061488,0.1969407199645998
gross95,2012,12,2012-07-13,0.22112184587380923,,4.820521112171618,,1.7513293627643096,6.783486443935112,0.19749520467223292
gross95,2012,12,2012-07-14,0.22905369125769848,,10.934465316653512,,1.7513293627643096,5.9003988075142635,0.21341689244333517
gross95,2012,12,2012-07-15,0.23694470792165137,,13.184180144418583,,1.7512235325714018,2.1165307213890183,0.1331343858324302
gross95,2012,12,2012-07-16,0.24467178728915562,,13.626815793107829,,1.7512235325714018,6.422121095179123,0.11649709054335111
gross95,2012,12,2012-07-17,0.25227763653088864,1.005,15.251533440999236,147.59895392611108,1.741714903745813,1.5498306030034774,0.07488126982234763
gross95,2012,12,2012-07-18,0.2593839728877975,,11.24378521158527,,1.741714903745813,7.277760168826056,0.20948975705283127
gross95,2012,12,2012-07-19,0.26719467703455674,1.015,14.670587042890203,148.97032372138025,1.741714903745813,3.292277562843567,0.13452370315077844
gross95,2012,12,2012-07-20,0.27485790383127634,,16.165256190433134,,1.7314215092772696,1.4046260532737622,0.09004292082939946
gross95,2012,12,2012-07-21,0.2820060029718148,,17.173324757461145,,1.7164809321589214,0.93399642265373,0.07407209196532001
gross95,2012,12,2012-07-22,0.28887705873778513,1.03,18.028011387155736,155.2562257293594,1.697788547369665,0.7883210710611931,0.06636554310184213
gross95,2012,12,2012-07-23,0.29549915164139345,,-31.53339024511879,,1.697788547369665,7.628164517835919,0.208482179487619
gross95,2012,12,2012-07-24,0.29549915164139345,1.04,-2.89341216857697,113.36068929950903,1.697788547369665,5.680523291153882,0.2049749782763101
gross95,2012,12,2012-07-25,0.303176595692553,,5.6257768359722675,,1.697788547369665,4.126936919977564,0.15318033476817877
gross95,2012,12,2012-07-26,0.3108329762561029,1.05,9.238401647589857,121.56411296705772,1.697788547369665,2.303987713292768,0.17500009611423686
gross95,2012,12,2012-07-27,0.3184685979241942,,-12.071247447229274,,1.697788547369665,7.1006815873094435,0.19402687051447975
gross95,2012,12,2012-07-28,0.32608375739818124,,-0.46366237919611814,,1.697788547369665,5.4147521168119095,0.18189181949017585
gross95,2012,12,2012-07-29,0.33367874378128387,,6.169134022825939,,1.697788547369665,4.587012794667988,0.1742185582709749
gross95,2012,12,2012-07-30,0.3412538388571987,,8.841178164221091,,1.697788547369665,1.9089411703055919,0.14334753134099823
gross95,2012,12,2012-07-31,0.34880931735548054,1.05,10.688098109971937,113.48474992530257,1.697788547369665,1.5884192826629422,0.17434522687038134
gross95,2012,12,2012-08-01,0.35634544720446254,,-17.548996907882017,,1.697788547369665,4.919277546305211,0.13438609484018868
gross95,2012,12,2012-08-02,0.36386248977243324,1.05,-3.121065635872868,89.47200533634157,1.697788547369665,5.084588334792279,0.17900343510135272
gross95,2012,12,2012-08-03,0.37136070009773486,,3.550936715116836,,1.697788547369665,2.4221566935955448,0.18063551380687354
gross95,2012,12,2012-08-04,0.37884032710840515,,8.546652232595886,,1.697788547369665,4.0022781185179515,0.16045112081007656
gross95,2012,12,2012-08-05,0.3863016138319458,1.05,10.897678735285574,98.1562015058584,1.697788547369665,2.0122780541999403,0.16039666858652965
gross95,2012,12,2012-08-06,0.3937447975957585,,-11.249550873962255,,1.697788547369665,6.42091449547156,0.17536423859115055
gross95,2012,12,2012-08-07,0.4011701102187593,1.05,-3.65075135276185,78.2523269735706,1.697788547369665,5.423941948128433,0.1582060961979606
gross95,2012,12,2012-08-08,0.4085777781946421,,2.889872765373227,,1.697788547369665,2.9485384437891575,0.16570716702419616
gross95,2012,12,2012-08-09,0.4159680228672414,1.05,6.156790914679358,83.61929197161035,1.697788547369665,2.066304024206122,0.1864153630203178
gross95,2012,12,2012-08-10,0.4233410605984083,,0.6384667249429885,,1.697788547369665,6.474665434547106,0.17679678831314485
gross95,2012,12,2012-08-11,0.4306971029287912,,5.574919872755601,,1.697788547369665,4.717903508032521,0.14346788582197637
gross95,2012,12,2012-08-12,0.4380363567318884,,8.508673741166353,,1.697788547369665,2.7557913334185793,0.1574372480978138
gross95,2012,12,2012-08-13,0.44535902436171987,,11.104222446777912,,1.697788547369665,3.236608375445804,0.117329763792197
gross95,2012,12,2012-08-14,0.4526653037944371,1.05,13.179552808980855,90.26665927625942,1.697788547369665,1.930493624981979,0.14387334219798686
gross95,2012,12,2012-08-15,0.45995538876417924,,14.83341624546843,,1.686985722170911,1.4742496869225357,0.17935696507718013
gross95,2012,12,2012-08-16,0.45995538876417924,1.05,15.569614922923522,92.65639576276791,1.674808155312418,0.6429909055281814,0.09313892898062026
gross95,2012,12,2012-08-17,0.45995538876417924,,16.324614138197955,,1.661080900463365,1.1484273558885534,0.11455389607666067
gross95,2012,12,2012-08-18,0.45995538876417924,,17.087683907677402,,1.645606748041905,1.1303082788077814,0.14075679752692258
gross95,2012,12,2012-08-19,0.45995538876417924,,17.81441361934059,,1.6281633920471623,0.602356026169362,0.12437245781155669
gross95,2012,12,2012-08-20,0.45995538876417924,1.05,18.107117599115,95.19387423327566,1.608500236349061,0.23844905190700008,0.054254606320000495
gross95,2012,12,2012-08-21,0.45995538876417924,,11.964885644485015,,1.5863347945542423,5.3210145367785975,0.12675342427104627
gross95,2012,12,2012-08-22,0.45995538876417924,1.05,16.009858101402344,93.09661462912644,1.5613486317275427,3.9316785148192808,0.11329391998186185
gross95,2012,12,2012-08-23,0.45995538876417924,,16.927682355928408,,1.5331827896666697,0.8124395256837956,0.10538472304881662
gross95,2012,12,2012-08-24,0.45995538876417924,,17.553329991409043,,1.5014326300082879,1.2890694211693143,0.09857821275736536
gross95,2012,12,2012-08-25,0.45995538876417924,,18.305768897878014,,1.4656420210801375,0.6388095867736201,0.11362931927687525
gross95,2012,12,2012-08-26,0.45995538876417924,,18.910141828098986,,1.4252967849858802,0.5009166163630908,0.10345631374519158
gross95,2012,12,2012-08-27,0.45995538876417924,1.05,19.396629425548333,96.48338594536347,1.3798173107816536,0.39769204677834485,0.08879555064066671
gross95,2012,12,2012-08-28,0.45995538876417924,,11.847749814236707,,1.328550227623171,5.843556815033452,0.09756357364675274
gross95,2012,12,2012-08-29,0.45995538876417924,1.05,15.687006167330216,92.77376268713496,1.2707590182574633,3.7588877658006603,0.08036858729065084
gross95,2012,12,2012-08-30,0.45995538876417924,,17.18266009907421,,1.2056134380100627,1.4032536805269884,0.09240025121641356
gross95,2012,12,2012-08-31,0.45995538876417924,,18.208373080186067,,1.1321775872578412,0.9455720167997689,0.08014096431194882
gross95,2012,12,2012-09-01,0.45995538876417924,,18.824018953243833,,1.0493964660333093,0.5627277050311155,0.052918168026627445
gross95,2012,12,2012-09-02,0.45995538876417924,,19.439197509901938,,0.9560808176000629,0.5618512078848977,0.05332734877322555
gross95,2012,12,2012-09-03,0.45995538876417924,,19.879415400385533,,0.8508900432579443,0.40420677723217824,0.03601111325142138
gross95,2012,12,2012-09-04,0.45995538876417924,1.05,20.33169268142079,97.41844920122475,0.7323129429272336,0.42324388868108537,0.029033392354180454
gross95,2012,12,2012-09-05,0.45995538876417924,,20.770366847627905,,0.5986460048257075,0.41923288135633313,0.019441284850800072
gross95,2012,12,2012-09-06,0.45995538876417924,1.05,21.17208888780739,98.25884540761135,0.44796893234201035,0.39163667008681646,0.010085370092685213
gross95,2012,12,2012-09-07,0.45995538876417924,,21.483103316239426,,0.27811705651754176,0.3082077295084627,0.002806698923582933
gross95,2012,12,2012-09-08,0.45995538876417924,,21.78140287960557,,0.0,0.2982995633661543,0.0
gross95,2013,1,2013-05-15,0.08,,3.5750575433999776,,0.0,4.468821929249998,0.0
gross95,2013,1,2013-05-16,0.08,,5.7824002357199955,,0.0,2.759178365400051,0.0
gross95,2013,1,2013-05-17,0.08,,7.460181263486801,,0.0,2.097226284708515,0.0
gross95,2013,1,2013-05-18,0.08,,8.542294799514062,,0.0,1.3526419200340798,0.0
gross95,2013,1,2013-05-19,0.08,,10.565062571331902,,0.0,2.782459714772308,0.0
gross95,2013,1,2013-05-20,0.08,,10.66962538424052,,0.4875,4.448703516135788,0.0
gross95,2013,1,2013-05-21,0.08,,12.149654448399074,,0.5738742470010385,2.866036330198201,0.0
gross95,2013,1,2013-05-22,0.08,,13.048384797278787,,0.6755521053764285,2.1394129360996583,0.0
gross95,2013,1,2013-05-23,0.08,,13.580305475840223,,0.6693127862307413,0.6649008482018102,0.0
gross95,2013,1,2013-05-24,0.08,,13.893055555555556,,0.6619209548482653,0.9093810455592738,0.0
gross95,2013,1,2013-05-25,0.08,,13.893055555555556,,0.6531637219016666,0.7549633909756408,0.0
gross95,2013,1,2013-05-26,0.08,,13.893055555555556,,0.6427888736519074,0.7399773728722208,0.0
gross95,2013,1,2013-05-27,0.08,,13.893055555555556,,0.6304976080361702,0.693408484580374,0.0
gross95,2013,1,2013-05-28,0.08,,13.893055555555556,,0.6159359289831668,2.407348429251132,0.0
gross95,2013,1,2013-05-29,0.08,,9.876697397905934,,0.5986844511067813,2.853552302937975,0.0
gross95,2013,1,2013-05-30,0.08,,13.893055555555556,,0.5782463211468956,5.224011026358109,0.0
gross95,2013,1,2013-05-31,0.08,,13.893055555555556,,0.5540329082874117,0.6570140616223447,0.0
gross95,2013,1,2013-06-01,0.08,,13.893055555555556,,0.5253468512237498,0.5220822607104458,0.0
gross95,2013,1,2013-06-02,0.08,,13.893055555555556,,0.49136197372485746,0.5156341355089056,0.0
gross95,2013,1,2013-06-03,0.08,,13.893055555555556,,0.45109949024546064,0.5852827361845605,0.0
gross95,2013,1,2013-06-04,0.08,,13.893055555555556,,0.40339981629543586,6.122004412460784,0.0
gross95,2013,1,2013-06-05,0.08,,13.893055555555556,,0.3468891716874604,0.23387583222973524,0.0
gross95,2013,1,2013-06-06,0.08,0.09,13.893055555555556,15.6296875,0.2799400148157657,0.42730060903340966,0.0
gross95,2013,1,2013-06-07,0.08,,3.8315698790005004,,0.32953921068278375,6.6913554581699595,0.016787446136230167
gross95,2013,1,2013-06-08,0.0905004365499774,,8.62469364261179,,0.35161457776096583,4.74053990471803,0.0
gross95,2013,1,2013-06-09,0.0905004365499774,,10.700733136402897,,0.3483621201547161,2.2939552260000946,0.0
gross95,2013,1,2013-06-10,0.0905004365499774,0.13,11.952290126459575,15.082756259361872,0.344507953680318,1.3829292297010456,0.0
gross95,2013,1,2013-06-11,0.0905004365499774,,13.164350892927516,,0.33994076141812496,1.3392872042099113,0.0
gross95,2013,1,2013-06-12,0.0905004365499774,0.15,14.04342847333223,18.643974920571488,0.3345286326742328,0.9713517568716643,0.0
gross95,2013,1,2013-06-13,0.0905004365499774,,3.23382767253727,,0.3937997275409484,7.313271620419491,0.027475718627280044
gross95,2013,1,2013-06-14,0.10042097240590468,0.17,9.63239594382334,13.983101917014686,0.43697611973987627,6.032799957268357,0.0
gross95,2013,1,2013-06-15,0.10042097240590468,,11.738877819334487,,0.4329356973745001,2.106481875511158,0.0
gross95,2013,1,2013-06-16,0.10042097240590468,,12.955379863963106,,0.42814809400068116,1.2165020446286305,0.0
gross95,2013,1,2013-06-17,0.10042097240590468,,13.888764911040193,,0.4224751360789001,0.9333850470770994,0.0
gross95,2013,1,2013-06-18,0.10042097240590468,,14.719618477847453,,0.4157530981259884,0.8308535668072797,0.0
gross95,2013,1,2013-06-19,0.10042097240590468,0.22,15.575799748387508,21.80237527177097,0.40778797748462126,0.8561812705400742,0.0
gross95,2013,1,2013-06-20,0.10042097240590468,,4.806691143951447,,0.4800390123385917,8.721156312720975,0.04873508284296231
gross95,2013,1,2013-06-21,0.10983564066468025,0.24,9.984984422945468,15.622870295935684,0.5089080044205617,4.589603628600809,0.0
gross95,2013,1,2013-06-22,0.10983564066468025,,11.966068138141564,,0.5042040800183359,1.9810837151961185,0.0
gross95,2013,1,2013-06-23,0.10983564066468025,,13.35577730780367,,0.49863057193537985,1.3897091696621149,0.0
gross95,2013,1,2013-06-24,0.10983564066468025,,14.456928489819937,,0.49202672593477714,1.6091511820162827,0.0
gross95,2013,1,2013-06-25,0.10983564066468025,0.29,15.339884003359328,20.977769876349544,0.48420207019721045,0.8829555135393988,0.0
gross95,2013,1,2013-06-26,0.10983564066468025,,4.0641128337000465,,0.5699919967810628,7.852299589837963,0.06192924050275557
gross95,2013,1,2013-06-27,0.11890828753033027,0.32,10.50596492650759,20.410297399667172,0.6337432881076992,5.87454869297692,0.0
gross95,2013,1,2013-06-28,0.11890828753033027,,13.084093465370989,,0.6278889516818724,3.3401285388634054,0.0
gross95,2013,1,2013-06-29,0.11890828753033027,,14.354843483522153,,0.6209530020656606,2.0327500181511726,0.0
gross95,2013,1,2013-06-30,0.11890828753033027,0.365,15.30807419140716,36.088344164566735,0.6127356066890643,0.9532307078850202,0.0
gross95,2013,1,2013-07-01,0.11890828753033027,,2.6529904276895593,,0.7212988408193051,7.056527938577605,0.08138829770479565
gross95,2013,1,2013-07-02,0.12774043884479364,0.395,8.833451997045069,36.31208151308828,0.8438864601259104,5.588877547717301,0.03931856452186533
gross95,2013,1,2013-07-03,0.13577176608671776,,11.938402912410828,,0.8366808208487441,2.602760174673992,0.0
gross95,2013,1,2013-07-04,0.13577176608671776,0.425,13.689118632706588,47.916182408058,0.8275630419588543,1.7507157202957708,0.0
gross95,2013,1,2013-07-05,0.13577176608671776,,-8.382714118547408,,0.9741889590769772,5.562211351370961,0.08927356314970733
gross95,2013,1,2013-07-06,0.14443383016706873,,2.2219235116432543,,1.1467937545169757,4.689956344617704,0.12211420726643481
gross95,2013,1,2013-07-07,0.15305600464741748,,6.520642196359459,,1.3477143641306673,4.702569368415373,0.1410536789774613
gross95,2013,1,2013-07-08,0.1616392501221185,,9.271157540533101,,1.488566246846562,2.5975849255855614,0.1381465609280216
gross95,2013,1,2013-07-09,0.17014804166787764,0.5,11.143244593945207,56.51373266386902,1.4869623325885235,1.7993833039150595,0.09269445158482396
gross95,2013,1,2013-07-10,0.17834148193090704,,-17.31239655605429,,1.7504192593500445,7.209353750378979,0.20977517860422035
gross95,2013,1,2013-07-11,0.18681330501859095,0.54,2.9382904048864833,42.24467094124367,2.0605549423499943,6.713653140576974,0.3106562078144752
gross95,2013,1,2013-07-12,0.195249654287883,,2.8138583169150055,,2.4256398275802487,5.956702476953948,0.24207357397731757
gross95,2013,1,2013-07-13,0.20365130786222618,,1.935088476306395,,2.8554097016376287,5.5294494314176434,0.26583015275875893
gross95,2013,1,2013-07-14,0.21201901346918062,0.6,5.491134314313151,57.20029443774339,3.3613253177574443,4.161084169366663,0.2905476797304705
gross95,2013,1,2013-07-15,0.22035349013052463,0.62,1.883553748008568,57.64017408987762,3.956878021853498,4.509385606059337,0.30424404607489336
gross95,2013,1,2013-07-16,0.22865542973136765,,-14.798659130330972,,4.657949528751047,7.678524499353852,0.6148088047044077
gross95,2013,1,2013-07-17,0.23692549847881073,0.66,2.4201476478619264,55.69775284209868,5.483235442832509,5.864800672720454,0.7219447754424033
gross95,2013,1,2013-07-18,0.24516433825960604,0.68,7.150760756802644,62.757773325998585,6.454743817199817,5.363138400681186,0.663632083218737
gross95,2013,1,2013-07-19,0.25337256790532736,,-12.17030999740446,,7.59838204652339,3.9377512493825346,0.5322988958797604
gross95,2013,1,2013-07-20,0.26155078437271473,,0.5363128512944554,,8.944647744358607,5.10120729284928,0.8248830404927747
gross95,2013,1,2013-07-21,0.26969956384611726,,6.746859608909999,,10.51271989055024,3.444969702591557,0.8800402494496492
gross95,2013,1,2013-07-22,0.2778194627682935,,10.632813546819488,,11.600423605715655,2.118776290484214,1.2078169819026738
gross95,2013,1,2013-07-23,0.28591101880523695,0.78,13.073423387591118,79.09186109213027,12.178240368318047,1.2482203311224755,1.147873731976876
gross95,2013,1,2013-07-24,0.2939747517501725,,-20.15737797293088,,12.885299377045612,4.128278743708724,1.0080254137027296
gross95,2013,1,2013-07-25,0.3020111643713923,0.82,-3.9075547500351457,56.52044658641392,12.885299377045612,2.495596559755823,0.5931431104497283
gross95,2013,1,2013-07-26,0.3100207432081863,,4.285442249772102,,12.885299377045612,4.034841822927716,1.2549946974495494
gross95,2013,1,2013-07-27,0.3180039593187376,,8.135001339797245,,12.885299377045612,2.807204285769874,0.6653179551194097
gross95,2013,1,2013-07-28,0.32596126898351696,0.88,10.200811705381916,76.60001584861548,12.885299377045612,1.8521543540683805,0.4821811468666928
gross95,2013,1,2013-07-29,0.3338931143674062,,-16.574873825178294,,12.885299377045612,1.6723379838317185,0.3959051379314492
gross95,2013,1,2013-07-30,0.34179992414350124,0.91,-2.052976590364769,60.91695442576872,12.885299377045612,4.7242662596107605,1.1509916957793178
gross95,2013,1,2013-07-31,0.349682114081302,,7.60453507099268,,12.885299377045612,4.735776432190981,1.2557974861692005
gross95,2013,1,2013-08-01,0.35754008760176914,0.93,11.254950478447393,73.0581667860882,12.885299377045612,1.678797743587934,0.9685490317047242
gross95,2013,1,2013-08-02,0.3653742363015233,,-6.321238926573128,,12.885299377045612,5.364436238768546,1.3055057371628207
gross95,2013,1,2013-08-03,0.37318494044828254,,-13.705109117367474,,12.885299377045612,4.440721111820444,1.0803066128798036
gross95,2013,1,2013-08-04,0.380972569449461,,-1.3536045418349947,,12.885299377045612,4.29316750948122,1.0440231954622348
gross95,2013,1,2013-08-05,0.3887374822957099,,6.469813694117389,,12.885299377045612,3.554952712748567,1.121568872011178
gross95,2013,1,2013-08-06,0.39648002798102855,0.965,10.255725068024429,64.06598632471217,12.885299377045612,1.7603127811731616,1.1299956112276464
gross95,2013,1,2013-08-07,0.4042005459009621,,-5.193480238595743,,12.885299377045612,3.008645445535978,0.6881680113392344
gross95,2013,1,2013-08-08,0.411899366230283,0.975,-0.18755231906147837,53.24898207088009,12.885299377045612,2.4505230779448763,0.5695133780145052
gross95,2013,1,2013-08-09,0.41957681028144256,,6.280547540824384,,12.885299377045612,4.268601324043366,0.9875373103789241
gross95,2013,1,2013-08-10,0.42723319084499245,,10.327564279572696,,12.885299377045612,2.551953548459014,1.1105370041684992
gross95,2013,1,2013-08-11,0.43486881251308374,0.99,12.333065865505656,66.73708087991945,12.885299377045612,1.1426987739176981,0.8000520980718923
gross95,2013,1,2013-08-12,0.4424839719870708,,-13.031720579699671,,12.885299377045612,3.719537360257263,0.8687623425580219
gross95,2013,1,2013-08-13,0.4500789583701734,1.0,-3.5662353460322302,46.44458357878007,12.885299377045612,3.243040027216777,0.8590171354952338
gross95,2013,1,2013-08-14,0.4576540534460882,,2.8879941435986596,,12.885299377045612,1.8851162383992548,0.9048310175966586
gross95,2013,1,2013-08-15,0.4652095319443701,1.01,6.379853227188297,53.376148189747724,12.885299377045612,1.3945798293623626,0.9958916922761105
gross95,2013,1,2013-08-16,0.4727456617933521,,-11.901982443212209,,12.885299377045612,4.457600059778586,1.079180457814873
gross95,2013,1,2013-08-17,0.4802627043613228,,-1.45107476592823,,12.885299377045612,4.447532448655484,1.0763415204068205
gross95,2013,1,2013-08-18,0.4877609146866244,,5.729612980917564,,12.885299377045612,3.266638136242814,0.9907475418054169
gross95,2013,1,2013-08-19,0.4952405416972947,,10.00731589663038,,12.885299377045612,2.0050919951491295,1.200282214275952
gross95,2013,1,2013-08-20,0.5027018284208353,1.035,12.649151776610688,54.335184787323875,12.885299377045612,1.2819915725795068,1.1597660675342822
gross95,2013,1,2013-08-21,0.510145012184648,,-15.041350911862091,,12.885299377045612,4.734840508413057,1.144162485877299
gross95,2013,1,2013-08-22,0.5175703248076489,1.045,-10.211729447438124,26.105405091961384,12.885299377045612,3.504600142306371,0.8465615081441331
gross95,2013,1,2013-08-23,0.5249779927835316,,1.0098844123232582,,12.885299377045612,4.244226589145146,1.0563479925913262
gross95,2013,1,2013-08-24,0.5323682374561309,,6.48055831896371,,12.885299377045612,2.1782865025131057,0.9829955894138301
gross95,2013,1,2013-08-25,0.5397412751872979,1.05,10.786189938239312,39.07371943005573,12.885299377045612,3.367027436571506,1.0258573111928269
gross95,2013,1,2013-08-26,0.5470973175176808,,-6.183880612009566,,12.885299377045612,4.810909127355205,1.160372333527887
gross95,2013,1,2013-08-27,0.554436571320778,1.05,1.6633886572115297,27.72958945505685,12.885299377045612,4.647087111399639,1.1225014527184156
gross95,2013,1,2013-08-28,0.5617592389506094,,6.190731933034417,,12.885299377045612,3.7390961061827728,0.9823223588547129
gross95,2013,1,2013-08-29,0.5690655183833266,1.05,10.375329547299398,34.25085562162067,12.885299377045612,2.355826412281513,1.2220212892448665
gross95,2013,1,2013-08-30,0.5763556033530688,,-13.699249169196358,,12.803311760260536,3.7821170425773007,0.8991042179568058
gross95,2013,1,2013-08-31,0.5763556033530688,,-3.5358851553475494,,12.710890595741095,3.921353671515643,0.9182135058415802
gross95,2013,1,2013-09-01,0.5763556033530688,,4.62036673935743,,12.606708135193179,3.380812047535804,0.8709427816020657
gross95,2013,1,2013-09-02,0.5763556033530688,,8.990119332020209,,12.489267664254994,1.9850628255133846,0.946049909683035
gross95,2013,1,2013-09-03,0.5763556033530688,,12.785454217176634,,12.356882000280017,2.8921325903360735,0.8603026009112251
gross95,2013,1,2013-09-04,0.5763556033530688,1.05,15.205885329110611,27.905122796045287,12.207649253799293,1.510691050946502,0.8214849300052607
gross95,2013,1,2013-09-05,0.5763556033530688,,-3.272649850619748,,12.039425505445466,4.651529567135166,0.9735546336833143
gross95,2013,1,2013-09-06,0.5763556033530688,1.05,3.4833377735788305,15.326368359918044,11.849794005807645,4.923677548057533,1.0024838149967767
gross95,2013,1,2013-09-07,0.5763556033530688,,7.593882302698267,,11.636030455733518,2.5758157484788473,0.85142486270548
gross95,2013,1,2013-09-08,0.5763556033530688,,10.348226000581047,,11.395063868285943,1.6119199251555996,0.871074002222581
gross95,2013,1,2013-09-09,0.5763556033530688,,-12.760366414014946,,11.1234324500858,3.527910729717399,0.6279025756779846
gross95,2013,1,2013-09-10,0.5763556033530688,,-7.6191248200920825,,10.817233868220292,2.018742715499075,0.318858615570552
gross95,2013,1,2013-09-11,0.5763556033530688,,-5.750932738546873,,10.472069188237041,1.3011187158802904,0.19207267792712585
gross95,2013,1,2013-09-12,0.5763556033530688,,-11.16095037288826,,10.082979677821639,0.819665283064133,0.09882628815571515
gross95,2013,1,2013-09-13,0.5763556033530688,,-13.323001381215388,,9.644375568262562,2.215036367314293,0.2880443476034964
gross95,2013,1,2013-09-14,0.5763556033530688,,-6.664699641822702,,9.149955750270744,3.2626851215192234,0.3805130877346634
gross95,2013,1,2013-09-15,0.5763556033530688,,-14.706468488863502,,8.59261725048147,0.5221544756106143,0.03187340876964366
gross95,2013,1,2013-09-16,0.5763556033530688,,-6.125498104379709,,7.964353188152779,2.1787486995394243,0.17698403806254862
gross95,2013,1,2013-09-17,0.5763556033530688,1.05,1.590073226870304,-0.28937093325126856,7.256137746077636,3.4381296026129085,0.2479942828765184
gross95,2013,1,2013-09-18,0.5763556033530688,,5.5873584993174035,,6.457796503170004,2.874732257947115,0.2020143882351016
gross95,2013,1,2013-09-19,0.5763556033530688,,7.995068889947685,,5.557860265886321,2.694044449832205,0.06463890932476805
gross95,2013,1,2013-09-20,0.5763556033530688,,9.82079798075525,,4.5434002985838235,1.686327136215067,0.050669625865041625
gross95,2013,1,2013-09-21,0.5763556033530688,,11.391586773111134,,3.3998425856889067,1.4914618383853417,0.05277450411145372
gross95,2013,1,2013-09-22,0.5763556033530688,,9.80126432830611,,2.110758457313923,3.209708604198015,0.017990060606953573
gross95,2013,1,2013-09-23,0.5763556033530688,,-3.7255363719190706,,0.657628570391475,3.9449866296551184,0.000915355654421756
gross95,2013,2,2013-05-15,0.08,,3.5750575433999776,,0.0,4.468821929249998,0.0
gross95,2013,2,2013-05-16,0.08,,5.7824002357199955,,0.0,2.759178365400051,0.0
gross95,2013,2,2013-05-17,0.08,,7.460181263486801,,0.0,2.097226284708515,0.0
gross95,2013,2,2013-05-18,0.08,,8.542294799514062,,0.0,1.3526419200340798,0.0
gross95,2013,2,2013-05-19,0.08,,10.565062571331902,,0.0,2.782459714772308,0.0
gross95,2013,2,2013-05-20,0.08,,10.66962538424052,,0.4875,4.448703516135788,0.0
gross95,2013,2,2013-05-21,0.08,,12.149654448399074,,0.5738742470010385,2.866036330198201,0.0
gross95,2013,2,2013-05-22,0.08,,13.048384797278787,,0.6755521053764285,2.1394129360996583,0.0
gross95,2013,2,2013-05-23,0.08,,13.580305475840223,,0.6693127862307413,0.6649008482018102,0.0
gross95,2013,2,2013-05-24,0.08,,13.893055555555556,,0.6619209548482653,0.9093810455592738,0.0
gross95,2013,2,2013-05-25,0.08,,13.893055555555556,,0.6531637219016666,0.7549633909756408,0.0
gross95,2013,2,2013-05-26,0.08,,13.893055555555556,,0.6427888736519074,0.7399773728722208,0.0
gross95,2013,2,2013-05-27,0.08,,13.893055555555556,,0.6304976080361702,0.693408484580374,0.0
gross95,2013,2,2013-05-28,0.08,,13.893055555555556,,0.6159359289831668,2.407348429251132,0.0
gross95,2013,2,2013-05-29,0.08,,9.876697397905934,,0.5986844511067813,2.853552302937975,0.0
gross95,2013,2,2013-05-30,0.08,,13.893055555555556,,0.5782463211468956,5.224011026358109,0.0
gross95,2013,2,2013-05-31,0.08,,13.893055555555556,,0.5540329082874117,0.6570140616223447,0.0
gross95,2013,2,2013-06-01,0.08,,13.893055555555556,,0.5253468512237498,0.5220822607104458,0.0
gross95,2013,2,2013-06-02,0.08,,13.893055555555556,,0.49136197372485746,0.5156341355089056,0.0
gross95,2013,2,2013-06-03,0.08,,13.893055555555556,,0.45109949024546064,0.5852827361845605,0.0
gross95,2013,2,2013-06-04,0.08,,13.893055555555556,,0.40339981629543586,6.122004412460784,0.0
gross95,2013,2,2013-06-05,0.08,,13.893055555555556,,0.3468891716874604,0.23387583222973524,0.0
gross95,2013,2,2013-06-06,0.08,0.09,13.893055555555556,15.6296875,0.2799400148157657,0.42730060903340966,0.0
gross95,2013,2,2013-06-07,0.08,,3.8315698790005004,,0.32953921068278375,6.6913554581699595,0.016787446136230167
gross95,2013,2,2013-06-08,0.0905004365499774,,8.62469364261179,,0.35161457776096583,4.74053990471803,0.0
gross95,2013,2,2013-06-09,0.0905004365499774,,10.700733136402897,,0.3483621201547161,2.2939552260000946,0.0
gross95,2013,2,2013-06-10,0.0905004365499774,0.13,11.952290126459575,15.082756259361872,0.344507953680318,1.3829292297010456,0.0
gross95,2013,2,2013-06-11,0.0905004365499774,,13.164350892927516,,0.33994076141812496,1.3392872042099113,0.0
gross95,2013,2,2013-06-12,0.0905004365499774,0.15,14.04342847333223,18.643974920571488,0.3345286326742328,0.9713517568716643,0.0
gross95,2013,2,2013-06-13,0.0905004365499774,,3.23382767253727,,0.3937997275409484,7.313271620419491,0.027475718627280044
gross95,2013,2,2013-06-14,0.10042097240590468,0.17,9.63239594382334,13.983101917014686,0.43697611973987627,6.032799957268357,0.0
gross95,2013,2,2013-06-15,0.10042097240590468,,11.738877819334487,,0.4329356973745001,2.106481875511158,0.0
gross95,2013,2,2013-06-16,0.10042097240590468,,12.955379863963106,,0.42814809400068116,1.2165020446286305,0.0
gross95,2013,2,2013-06-17,0.10042097240590468,,13.888764911040193,,0.4224751360789001,0.9333850470770994,0.0
gross95,2013,2,2013-06-18,0.10042097240590468,,14.719618477847453,,0.4157530981259884,0.8308535668072797,0.0
gross95,2013,2,2013-06-19,0.10042097240590468,0.22,15.575799748387508,21.80237527177097,0.40778797748462126,0.8561812705400742,0.0
gross95,2013,2,2013-06-20,0.10042097240590468,,4.806691143951447,,0.4800390123385917,8.721156312720975,0.04873508284296231
gross95,2013,2,2013-06-21,0.10983564066468025,0.24,9.984984422945468,15.622870295935684,0.5089080044205617,4.589603628600809,0.0
gross95,2013,2,2013-06-22,0.10983564066468025,,11.966068138141564,,0.5042040800183359,1.9810837151961185,0.0
gross95,2013,2,2013-06-23,0.10983564066468025,,13.35577730780367,,0.49863057193537985,1.3897091696621149,0.0
gross95,2013,2,2013-06-24,0.10983564066468025,,14.456928489819937,,0.49202672593477714,1.6091511820162827,0.0
gross95,2013,2,2013-06-25,0.10983564066468025,0.29,15.339884003359328,20.977769876349544,0.48420207019721045,0.8829555135393988,0.0
gross95,2013,2,2013-06-26,0.10983564066468025,,3.9691128337000463,,0.5699919967810628,7.852299589837963,0.06192924050275557
gross95,2013,2,2013-06-27,0.11890828753033027,0.32,10.47231126211906,20.37664373527864,0.635966738410786,5.935895028588417,0.0
gross95,2013,2,2013-06-28,0.11890828753033027,,13.066503750244033,,0.6300919242383559,3.356192488124993,0.0
gross95,2013,2,2013-06-29,0.11890828753033027,,14.342150761368552,,0.6231317249513889,2.0376470111245326,0.0
gross95,2013,2,2013-06-30,0.11890828753033027,0.365,15.298198328511193,36.07846830167077,0.6148856132119502,0.9560475671426538,0.0
gross95,2013,2,2013-07-01,0.11890828753033027,,2.643090519879652,,0.72382978107442,7.056219514744839,0.08167267662362308
gross95,2013,2,2013-07-02,0.12774043884479364,0.395,8.679036347076757,36.15766586311997,0.8469259003772052,5.439896561637028,0.043783808443751494
gross95,2013,2,2013-07-03,0.1359535218241269,,11.75627300267571,,0.8399833230490557,2.5636809131278864,0.0
gross95,2013,2,2013-07-04,0.1359535218241269,0.425,13.501893255912945,47.71759202948507,0.8308861788671065,1.7456202532372564,0.0
gross95,2013,2,2013-07-05,0.1359535218241269,,-8.44481993626524,,0.9781008825454993,5.561835057235928,0.08963000920828765
gross95,2013,2,2013-07-06,0.14461558590447787,,2.210970302292069,,1.1513987845371272,4.701068187823955,0.12260128363400101
gross95,2013,2,2013-07-07,0.15323776038482662,,6.522896132978466,,1.3530645442105578,4.69951033590344,0.14160923267604522
gross95,2013,2,2013-07-08,0.16182100585952763,,9.275534121526494,,1.4944755831966372,2.5945731955440903,0.1383070919393721
gross95,2013,2,2013-07-09,0.1703289950957607,0.5,11.146085237466265,56.319918133494475,1.4928184655824943,1.7979435850220977,0.09268562502225972
gross95,2013,2,2013-07-10,0.17851811433279005,,-17.331163029469053,,1.757312969939281,7.208490492551492,0.2105929028829094
gross95,2013,2,2013-07-11,0.18698993742047396,0.54,2.934665570155654,42.05131710522428,2.0686700663980786,6.712950612634894,0.3118649636605039
gross95,2013,2,2013-07-12,0.195426286689766,,2.8132655103319495,,2.435192772610842,5.955710268467548,0.24301344726084556
gross95,2013,2,2013-07-13,0.2038279402641092,,1.9352359639776417,,2.866655217814191,5.5283625295047765,0.26685955500783914
gross95,2013,2,2013-07-14,0.21219564587106363,0.6,5.491713365039799,57.00708487789785,3.3745632913532657,4.160216661767242,0.2916692983704066
gross95,2013,2,2013-07-15,0.22053012253240764,0.62,5.209112986379498,60.771898521721425,3.9724614723747727,4.508149439137882,0.30541420468569275
gross95,2013,2,2013-07-16,0.22883206213325066,,-14.893221629647577,,4.676294022973763,7.676036437529972,0.6171630815742706
gross95,2013,2,2013-07-17,0.23710213088069373,0.66,2.4137306573830952,55.41054697887316,5.504830176799027,5.86325399723126,0.7246949408162568
gross95,2013,2,2013-07-18,0.24534097066148905,0.68,7.1501012299939966,62.47089180343262,6.480164661700788,5.360950315581901,0.6661445089775797
gross95,2013,2,2013-07-19,0.2535492003072104,,-12.169551584142104,,7.62830690395134,3.9356328291755314,0.534299325363778
gross95,2013,2,2013-07-20,0.26172741677459777,,0.5344057417478476,,8.979874626457228,5.098001164242642,0.8279559712223847
gross95,2013,2,2013-07-21,0.2698761962480003,,6.747579308404243,,10.554122342016683,3.443049690596665,0.8832849354022012
gross95,2013,2,2013-07-22,0.27799609517017654,,10.63641558050812,,11.646109782112077,2.1169038125387436,1.2122373936523576
gross95,2013,2,2013-07-23,0.28608765120712,0.78,13.079922902741323,78.81139957286413,12.22508192002483,1.2469329628527461,1.151959684384543
gross95,2013,2,2013-07-24,0.29415138415205555,,-20.151086596318965,,12.934860512215634,4.124474850264617,1.0115954818100388
gross95,2013,2,2013-07-25,0.30218779677327534,0.82,-3.9102233248676384,56.23955159184144,12.934860512215634,2.4932970582003002,0.5952429620357154
gross95,2013,2,2013-07-26,0.3101973756100693,,4.2862037638735995,,12.934860512215634,4.032160320057313,1.2594358418071885
gross95,2013,2,2013-07-27,0.31818059172062063,,8.136059780624633,,12.934860512215634,2.8046263668647877,0.667671410289453
gross95,2013,2,2013-07-28,0.3261379013854,0.88,10.20197829841218,76.32060179710778,12.934860512215634,1.850395174292225,0.4838860919554354
gross95,2013,2,2013-07-29,0.33406974676928924,,-16.478798902549883,,12.934860512215634,1.67079705215342,0.39730445003458154
gross95,2013,2,2013-07-30,0.3419765565453843,0.91,-2.0262511227175275,60.732112185041814,12.934860512215634,4.719913209206756,1.15505817653927
gross95,2013,2,2013-07-31,0.34985874648318505,,7.611637103248651,,12.934860512215634,4.732043104499647,1.2602324391162747
gross95,2013,2,2013-08-01,0.3577167200036522,0.93,11.259009857689009,72.8758782581992,12.934860512215634,1.677230716311727,0.9719681465631043
gross95,2013,2,2013-08-02,0.36555086870340636,,-6.413152090358351,,12.934860512215634,5.359493320640482,1.3101124732351015
gross95,2013,2,2013-08-03,0.3733615728501656,,-13.752092207304385,,12.934860512215634,4.436629326606062,1.0841171293632976
gross95,2013,2,2013-08-04,0.38114920185134404,,-1.3672070637415263,,12.934860512215634,4.289211683637665,1.0477042225744722
gross95,2013,2,2013-08-05,0.38891411469759296,,6.467910115733248,,12.934860512215634,3.552848566011093,1.1255216886519719
gross95,2013,2,2013-08-06,0.3966566603829116,0.965,10.258478787737443,63.79185991131194,12.934860512215634,1.7585375949112334,1.1339764915930062
gross95,2013,2,2013-08-07,0.40437717830284514,,-5.190606940554377,,12.934860512215634,3.0058732086313467,0.6905913733323076
gross95,2013,2,2013-08-08,0.41207599863216604,0.975,-0.18686515564544062,52.974253510873716,12.934860512215634,2.448265108159035,0.5715180761057584
gross95,2013,2,2013-08-09,0.4197534426833256,,6.280350690684163,,12.934860512215634,4.265106124941535,0.9910120285719989
gross95,2013,2,2013-08-10,0.4274098232468755,,10.329404194837622,,12.934860512215634,2.550238727373119,1.1144428934760473
gross95,2013,2,2013-08-11,0.4350454449149668,0.99,12.336799784255616,66.46641896141048,12.934860512215634,1.1417821127754706,0.8028648133986617
gross95,2013,2,2013-08-12,0.4426606043889538,,-8.183361159800157,,12.934860512215634,3.716110090768411,0.8718153573279896
gross95,2013,2,2013-08-13,0.45025559077205646,1.0,-1.5449921735121444,51.00350789898838,12.934860512215634,3.224983002141681,0.8620346540065186
gross95,2013,2,2013-08-14,0.45783068584797126,,3.6510001808514665,,12.934860512215634,1.9375094885525137,0.9080081519852033
gross95,2013,2,2013-08-15,0.46538616434625313,1.01,6.8228132653733295,58.0283351923224,12.934860512215634,1.4287767021254791,0.9993871173375375
gross95,2013,2,2013-08-16,0.4729222941952351,,9.168747718340981,,12.934860512215634,1.0523183367469273,1.082966640193927
gross95,2013,2,2013-08-17,0.4804393367632058,,11.125462328931162,,12.934860512215634,0.8344420586177205,1.080116172358568
gross95,2013,2,2013-08-18,0.48793754708850745,,14.393140656786482,,12.934860512215634,2.5147016000670765,0.9942205753199461
gross95,2013,2,2013-08-19,0.49541717409917774,,17.21486263682314,,12.934860512215634,1.6133457263674003,1.2044880110413898
gross95,2013,2,2013-08-20,0.5028784608227184,1.035,19.348331980034757,74.66107533595004,12.934860512215634,0.9684482399694669,1.1638281996119437
gross95,2013,2,2013-08-21,0.5103216445865311,,8.79234579263532,,12.934860512215634,4.730477714646699,1.14816829144068
gross95,2013,2,2013-08-22,0.5177469572095319,1.045,6.285354650206807,63.34876224526744,12.934860512215634,3.501370921041734,0.8495241488549526
gross95,2013,2,2013-08-23,0.5251546251854147,,11.64687053573478,,12.934860512215634,4.301437291632827,1.0600432574772667
gross95,2013,2,2013-08-24,0.532544869858014,,14.793342529351044,,12.934860512215634,2.1600281705614086,0.9864328148420107
gross95,2013,2,2013-08-25,0.5399179075891809,1.05,17.387637333843657,75.32656806276921,12.934860512215634,2.326848461438698,1.02944290488296
gross95,2013,2,2013-08-26,0.5472739499195638,,11.768541034095662,,12.934860512215634,4.806476242168461,1.1644263820224088
gross95,2013,2,2013-08-27,0.554613203722661,1.05,17.294859264478507,75.23378858000984,12.934860512215634,4.399896353119229,1.126421539930551
gross95,2013,2,2013-08-28,0.5619358713524925,,19.0781985600294,,12.934860512215634,2.575587732976062,0.9857514566895995
gross95,2013,2,2013-08-29,0.5692421507852097,1.05,21.653298643583963,79.59222782134347,12.934860512215634,1.3488147208144308,1.2262853308535675
gross95,2013,2,2013-08-30,0.5765322357549518,,14.744184684901597,,12.852557543862941,3.7786442325283445,0.9022417986907587
gross95,2013,2,2013-08-31,0.5765322357549518,,19.58337010318442,,12.759780896890724,3.9177671207591915,0.921418294291971
gross95,2013,2,2013-09-01,0.5765322357549518,,22.38435026912898,,12.655197716044547,1.9269968596768472,0.8739833052707034
gross95,2013,2,2013-09-02,0.5765322357549518,,24.205828393303282,,12.537305530102753,0.8721244255112383,0.9493536983554937
gross95,2013,2,2013-09-03,0.5765322357549518,,25.693692043280038,,12.404410666954762,0.8785554578597374,0.86330819202214
gross95,2013,2,2013-09-04,0.5765322357549518,1.05,27.07804544820951,85.01697461121006,12.254603921833905,0.5599970006353026,0.8243564042649161
gross95,2013,2,2013-09-05,0.5765322357549518,,23.10739986563291,,12.085733129147853,4.647394569845137,0.976959847569246
gross95,2013,2,2013-09-06,0.5765322357549518,1.05,28.537968789867847,86.47689795285658,11.895372243865891,4.424575984189046,1.0059929400431054
gross95,2013,2,2013-09-07,0.5765322357549518,,29.884492222787287,,11.680786488277588,0.49211544636617943,0.8544079865524301
gross95,2013,2,2013-09-08,0.5765322357549518,,31.21931213743494,,11.438893063411454,0.46069058410823666,0.8741293305391561
gross95,2013,2,2013-09-09,0.5765322357549518,,7.527157650310439,,11.166216860682846,3.5248933769899757,0.6301078200100793
gross95,2013,2,2013-09-10,0.5765322357549518,,7.578175970610367,,10.858840537512252,2.0170381552248595,0.3199801650750655
gross95,2013,2,2013-09-11,0.5765322357549518,,4.540443613288486,,10.512348239686373,1.300035832169299,0.1927494582228423
gross95,2013,2,2013-09-12,0.5765322357549518,,-3.8404536259269784,,10.121762161961616,0.8189940614997159,0.09917521595588404
gross95,2013,2,2013-09-13,0.5765322357549518,,-10.637201272051419,,9.68147103552199,2.213255140118943,0.2890637304276703
gross95,2013,2,2013-09-14,0.5765322357549518,,-6.3335585952578946,,9.185149514922168,3.260114281096473,0.38186333339089584
gross95,2013,2,2013-09-15,0.5765322357549518,,-14.692470835798002,,8.625667306405981,0.5217522993886957,0.031986859083714875
gross95,2013,2,2013-09-16,0.5765322357549518,,-6.127259137153268,,7.994986732112418,2.1771126357107398,0.17761620904462486
gross95,2013,2,2013-09-17,0.5765322357549518,1.05,1.5873043343428241,41.02440606367767,7.28404725854782,3.435619705478866,0.24888364262330986
gross95,2013,2,2013-09-18,0.5765322357549518,,5.584962910478906,,6.482635330428015,2.873792307112438,0.20274215268694015
gross95,2013,2,2013-09-19,0.5765322357549518,,7.99243072648255,,5.579237639886993,2.6933744355197207,0.06487297660680495
gross95,2013,2,2013-09-20,0.5765322357549518,,9.818373364228119,,4.560875723076547,1.6862967895100942,0.05085418217580025
gross95,2013,2,2013-09-21,0.5765322357549518,,11.389441026567692,,3.412919507925293,1.4915292192222787,0.05296799933038869
gross95,2013,2,2013-09-22,0.5765322357549518,,9.797886913013894,,2.1188771344321715,3.2084050113493467,0.01805651308374613
gross95,2013,2,2013-09-23,0.5765322357549518,,-3.7301258377568396,,0.660158027993904,3.9437695020885357,0.0009187652982305511
gross95,2013,3,2013-05-15,0.08,,3.5750575433999776,,0.0,4.468821929249998,0.0
gross95,2013,3,2013-05-16,0.08,,5.7824002357199955,,0.0,2.759178365400051,0.0
gross95,2013,3,2013-05-17,0.08,,7.460181263486801,,0.0,2.097226284708515,0.0
gross95,2013,3,2013-05-18,0.08,,8.542294799514062,,0.0,1.3526419200340798,0.0
gross95,2013,3,2013-05-19,0.08,,10.565062571331902,,0.0,2.782459714772308,0.0
gross95,2013,3,2013-05-20,0.08,,10.66962538424052,,0.4875,4.448703516135788,0.0
gross95,2013,3,2013-05-21,0.08,,12.149654448399074,,0.5738742470010385,2.866036330198201,0.0
gross95,2013,3,2013-05-22,0.08,,13.048384797278787,,0.6755521053764285,2.1394129360996583,0.0
gross95,2013,3,2013-05-23,0.08,,13.580305475840223,,0.6693127862307413,0.6649008482018102,0.0
gross95,2013,3,2013-05-24,0.08,,13.893055555555556,,0.6619209548482653,0.9093810455592738,0.0
gross95,2013,3,2013-05-25,0.08,,13.893055555555556,,0.6531637219016666,0.7549633909756408,0.0
gross95,2013,3,2013-05-26,0.08,,13.893055555555556,,0.6427888736519074,0.7399773728722208,0.0
gross95,2013,3,2013-05-27,0.08,,13.893055555555556,,0.6304976080361702,0.693408484580374,0.0
gross95,2013,3,2013-05-28,0.08,,13.893055555555556,,0.6159359289831668,2.407348429251132,0.0
gross95,2013,3,2013-05-29,0.08,,9.876697397905934,,0.5986844511067813,2.853552302937975,0.0
gross95,2013,3,2013-05-30,0.08,,13.893055555555556,,0.5782463211468956,5.224011026358109,0.0
gross95,2013,3,2013-05-31,0.08,,13.893055555555556,,0.5540329082874117,0.6570140616223447,0.0
gross95,2013,3,2013-06-01,0.08,,13.893055555555556,,0.5253468512237498,0.5220822607104458,0.0
gross95,2013,3,2013-06-02,0.08,,13.893055555555556,,0.49136197372485746,0.5156341355089056,0.0
gross95,2013,3,2013-06-03,0.08,,13.893055555555556,,0.45109949024546064,0.5852827361845605,0.0
gross95,2013,3,2013-06-04,0.08,,13.893055555555556,,0.40339981629543586,6.122004412460784,0.0
gross95,2013,3,2013-06-05,0.08,,13.893055555555556,,0.3468891716874604,0.23387583222973524,0.0
gross95,2013,3,2013-06-06,0.08,0.09,13.893055555555556,15.6296875,0.2799400148157657,0.42730060903340966,0.0
gross95,2013,3,2013-06-07,0.08,,3.8315698790005004,,0.32953921068278375,6.6913554581699595,0.016787446136230167
gross95,2013,3,2013-06-08,0.0905004365499774,,8.62469364261179,,0.35161457776096583,4.74053990471803,0.0
gross95,2013,3,2013-06-09,0.0905004365499774,,10.700733136402897,,0.3483621201547161,2.2939552260000946,0.0
gross95,2013,3,2013-06-10,0.0905004365499774,0.13,11.952290126459575,15.082756259361872,0.344507953680318,1.3829292297010456,0.0
gross95,2013,3,2013-06-11,0.0905004365499774,,13.164350892927516,,0.33994076141812496,1.3392872042099113,0.0
gross95,2013,3,2013-06-12,0.0905004365499774,0.15,14.04342847333223,18.643974920571488,0.3345286326742328,0.9713517568716643,0.0
gross95,2013,3,2013-06-13,0.0905004365499774,,3.23382767253727,,0.3937997275409484,7.313271620419491,0.027475718627280044
gross95,2013,3,2013-06-14,0.10042097240590468,0.17,9.63239594382334,13.983101917014686,0.43697611973987627,6.032799957268357,0.0
gross95,2013,3,2013-06-15,0.10042097240590468,,11.738877819334487,,0.4329356973745001,2.106481875511158,0.0
gross95,2013,3,2013-06-16,0.10042097240590468,,12.955379863963106,,0.42814809400068116,1.2165020446286305,0.0
gross95,2013,3,2013-06-17,0.10042097240590468,,13.888764911040193,,0.4224751360789001,0.9333850470770994,0.0
gross95,2013,3,2013-06-18,0.10042097240590468,,14.719618477847453,,0.4157530981259884,0.8308535668072797,0.0
gross95,2013,3,2013-06-19,0.10042097240590468,0.22,15.575799748387508,21.80237527177097,0.40778797748462126,0.8561812705400742,0.0
gross95,2013,3,2013-06-20,0.10042097240590468,,4.806691143951447,,0.4800390123385917,8.721156312720975,0.04873508284296231
gross95,2013,3,2013-06-21,0.10983564066468025,0.24,9.984984422945468,15.622870295935684,0.5089080044205617,4.589603628600809,0.0
gross95,2013,3,2013-06-22,0.10983564066468025,,11.966068138141564,,0.5042040800183359,1.9810837151961185,0.0
gross95,2013,3,2013-06-23,0.10983564066468025,,13.35577730780367,,0.49863057193537985,1.3897091696621149,0.0
gross95,2013,3,2013-06-24,0.10983564066468025,,14.456928489819937,,0.49202672593477714,1.6091511820162827,0.0
gross95,2013,3,2013-06-25,0.10983564066468025,0.29,15.339884003359328,20.977769876349544,0.48420207019721045,0.8829555135393988,0.0
gross95,2013,3,2013-06-26,0.10983564066468025,,8.752279428786021,,0.5699919967810628,7.852299589837963,0.0009743705773684208
gross95,2013,3,2013-06-27,0.11065496093319989,0.32,12.570666600022347,22.991941759999854,0.5647249865822974,3.7671479232350062,0.0
gross95,2013,3,2013-06-28,0.11065496093319989,,14.110872768308036,,0.5584845803852694,2.302206168285699,0.0
gross95,2013,3,2013-06-29,0.11065496093319989,,15.00374480507901,,0.5510908849045292,1.6548720367709715,0.0
gross95,2013,3,2013-06-30,0.11065496093319989,0.365,15.723165740084294,37.020378400061794,0.5423307607818473,0.7194209350052991,0.0
gross95,2013,3,2013-07-01,0.11065496093319989,,7.864482582409328,,0.6384198091675548,7.066632716428753,0.022684125896283804
gross95,2013,3,2013-07-02,0.11830876403296639,0.395,12.176452900821504,40.24563144512629,0.632725586644492,3.833311202739461,0.0
gross95,2013,3,2013-07-03,0.11830876403296639,,13.86589341983263,,0.6257761722609538,1.6894405190111428,0.0
gross95,2013,3,2013-07-04,0.11830876403296639,0.425,15.120417657704735,50.44022120200952,0.617542852870738,1.2545242378721184,0.0
gross95,2013,3,2013-07-05,0.11830876403296639,,-3.209841204050968,,0.7269578249888571,5.586027745900839,0.06671339234345412
gross95,2013,3,2013-07-06,0.12697082811331736,,4.347978727113542,,0.8557587167528062,4.593731956923834,0.09127816702794365
gross95,2013,3,2013-07-07,0.1355930025936661,,8.537193473190577,,0.9856567863021366,4.644033078261028,0.07317059710871926
gross95,2013,3,2013-07-08,0.1440744453893257,,11.254215140773063,,0.9805607586189415,2.4859457464459584,0.0020065916233252567
gross95,2013,3,2013-07-09,0.1449707170868085,0.5,12.973052318916045,62.80518481111754,0.970530745845578,1.6944938334730029,0.0
gross95,2013,3,2013-07-10,0.1449707170868085,,-8.601579152794084,,1.142487386591769,7.285755262913969,0.1374035536513669
gross95,2013,3,2013-07-11,0.1534425401744924,0.54,4.097858635551063,56.112710739419185,1.344910951155971,6.698258719926158,0.20360839181018367
gross95,2013,3,2013-07-12,0.16187888944378445,,3.0354821296675976,,1.5831995064165814,6.044639089136297,0.15877528176653333
gross95,2013,3,2013-07-13,0.17028054301812764,,1.9148246109814144,,1.8637075376353465,5.625864190555958,0.1745132993287475
gross95,2013,3,2013-07-14,0.17864824862508208,0.6,5.410020074522555,71.08411022290898,2.193915404698757,4.266729625261261,0.1909419851460745
gross95,2013,3,2013-07-15,0.1869827252864261,0.62,7.799239294881171,77.53885431575797,2.5418220449689284,2.1764164562155273,0.19707763663350825
gross95,2013,3,2013-07-16,0.19528466488726912,,-8.723247197997356,,2.992176845266017,7.906702956153614,0.3988569076716907
gross95,2013,3,2013-07-17,0.2035547336347122,0.66,2.855072026104873,75.41770367253994,3.522324582504571,5.831583722254058,0.4692057707026056
gross95,2013,3,2013-07-18,0.2117935734155075,0.68,6.9832242859988725,82.39368352952978,4.146402805083197,5.510503319178512,0.432226537811346
gross95,2013,3,2013-07-19,0.22000180306122882,,-4.680600497546088,,4.881053923138694,4.133271569840651,0.34756205241740734
gross95,2013,3,2013-07-20,0.2281800195286162,,3.801520130978933,,5.745869014795248,5.388749693493869,0.5402069179731348
gross95,2013,3,2013-07-21,0.23632879900201872,,8.476815563344893,,6.708556744359044,3.614240756813278,0.5746695995569473
gross95,2013,3,2013-07-22,0.24444869792419496,,11.665760790290527,,7.187243716325504,2.3908775996110707,0.7686750814178461
gross95,2013,3,2013-07-23,0.25254025396113844,0.78,13.768446394052107,105.92532916750855,7.328568522953168,1.3816136433840427,0.7115287234706443
gross95,2013,3,2013-07-24,0.260603986906074,,-11.848033324095141,,7.754059418067348,4.534533805367904,0.6260030983712082
gross95,2013,3,2013-07-25,0.2686403995272938,0.82,-2.2060176929704634,90.99899825072708,7.754059418067348,2.741182867561489,0.3684076452512793
gross95,2013,3,2013-07-26,0.2766499783640878,,4.542476229565306,,7.754059418067348,4.302018220071698,0.7796060760821211
gross95,2013,3,2013-07-27,0.2846331944746391,,8.101890706189,,7.754059418067348,3.0858745136549577,0.41335841854105165
gross95,2013,3,2013-07-28,0.29259050413941845,0.88,10.091312411922628,110.9079848017283,7.754059418067348,2.045633477189893,0.29962084546158524
gross95,2013,3,2013-07-29,0.3005223495233077,,-22.392009005309788,,7.754059418067348,1.836909179943877,0.24604652300556887
gross95,2013,3,2013-07-30,0.30842915929940273,0.91,-2.36252663390404,89.56897171740863,7.754059418067348,5.189171175132127,0.7154225375987378
gross95,2013,3,2013-07-31,0.3163113492372035,,7.229671358272729,,7.754059418067348,4.830314045879533,0.7806824339752226
gross95,2013,3,2013-08-01,0.32416932275767063,0.93,10.627812592493939,101.05280377557237,7.754059418067348,1.7683438181598432,0.6022000934825286
gross95,2013,3,2013-08-02,0.3320034714574248,,-6.9124062851860595,,7.754059418067348,5.892338909650166,0.8118250341123688
gross95,2013,3,2013-08-03,0.33981417560418403,,-13.713586665580205,,7.754059418067348,4.877722957164134,0.6718853550882833
gross95,2013,3,2013-08-04,0.3476018046053625,,-1.010714748884816,,7.754059418067348,4.698987713829285,0.6494157424165534
gross95,2013,3,2013-08-05,0.3553667174516114,,5.5461809877803905,,7.754059418067348,2.9138100519776664,0.697755348509689
gross95,2013,3,2013-08-06,0.36310926313693004,0.965,8.782852649654082,90.60688260037732,7.754059418067348,1.7244061499360184,0.7031024062324828
gross95,2013,3,2013-08-07,0.3708297810568636,,-6.562214221520164,,7.754059418067348,3.3047197944034123,0.4282535263100565
gross95,2013,3,2013-08-08,0.3785286013861845,0.975,-0.7679884881434589,79.94714195532836,7.754059418067348,2.691673801026472,0.35446639987778783
gross95,2013,3,2013-08-09,0.38620604543734405,,5.838729069063005,,7.754059418067348,4.474102374845471,0.6147370277680687
gross95,2013,3,2013-08-10,0.39386242600089394,,9.54190785133169,,7.754059418067348,2.5550658572940046,0.6914068039186851
gross95,2013,3,2013-08-11,0.4014980476689852,0.99,11.315848416247027,92.61412470774508,7.754059418067348,1.2067749348288441,0.49817700376169
gross95,2013,3,2013-08-12,0.4091132071429723,,-9.06871920260582,,7.754059418067348,4.0855690585619735,0.5410423081899635
gross95,2013,3,2013-08-13,0.4167081935260749,1.0,-1.7878237757713533,77.25165476481877,7.754059418067348,3.5187196925326956,0.5350531644557376
gross95,2013,3,2013-08-14,0.4242832886019897,,3.4471125368817144,,7.754059418067348,2.1261347363197545,0.5636733452071276
gross95,2013,3,2013-08-15,0.4318387671002716,1.01,6.408280783731674,83.91583080045896,7.754059418067348,1.602728850094404,0.6204932706856379
gross95,2013,3,2013-08-16,0.4393748969492536,,-0.3553045190126587,,7.754059418067348,4.896262926208588,0.6724872041029779
gross95,2013,3,2013-08-17,0.4468919395172243,,5.3234382888854,,7.754059418067348,4.84491977066003,0.6708185624062989
gross95,2013,3,2013-08-18,0.4543901498425259,,9.119236019093904,,7.754059418067348,3.348938443269104,0.6175655268385011
gross95,2013,3,2013-08-19,0.4618697768531962,,12.08770700564298,,7.754059418067348,2.204461891228408,0.7482875427692153
gross95,2013,3,2013-08-20,0.4693310635767368,1.035,14.1854034501921,95.5964121882121,7.754059418067348,1.3698377689072823,0.7231371680294996
gross95,2013,3,2013-08-21,0.4767742473405495,,-6.7838658613584535,,7.754059418067348,5.200786013091761,0.7135151040080782
gross95,2013,3,2013-08-22,0.48419955996355035,1.045,-6.604580575449587,74.17325571593226,7.754059418067348,3.8494803297387685,0.5280064209849319
gross95,2013,3,2013-08-23,0.4916072279394331,,1.7532951917863315,,7.754059418067348,4.511159494613382,0.6589507487739884
gross95,2013,3,2013-08-24,0.4989974726120324,,6.321783500479336,,7.754059418067348,2.3070200006374826,0.6132856615145797
gross95,2013,3,2013-08-25,0.5063705103431994,1.05,10.361615367248248,86.64862724954585,7.754059418067348,3.631259557539545,0.6401231538680235
gross95,2013,3,2013-08-26,0.5137265526735822,,-2.8142964744836507,,7.754059418067348,5.284340381760904,0.7241679822367532
gross95,2013,3,2013-08-27,0.5210658064766794,1.05,3.8095510236662715,79.06966519251932,7.754059418067348,4.99689062368858,0.7006389552872784
gross95,2013,3,2013-08-28,0.5283884741065109,,7.284709972198251,,7.754059418067348,3.9496580887755632,0.613234883666823
gross95,2013,3,2013-08-29,0.5356947535392281,1.05,10.81196334955907,85.12317517219236,7.754059418067348,2.5056300969507594,0.7629869102799446
gross95,2013,3,2013-08-30,0.5429848385089703,,-7.508268328179854,,7.704721266620922,4.153020428367911,0.5613481495550122
gross95,2013,3,2013-08-31,0.5429848385089703,,-0.022150852918283254,,7.649104460196744,4.304413485106166,0.5732440127302242
gross95,2013,3,2013-09-01,0.5429848385089703,,5.87365768061792,,7.58640999220106,3.37620872892519,0.543685043563011
gross95,2013,3,2013-09-02,0.5429848385089703,,9.247592796912471,,7.515737176374775,2.049503084675268,0.5905008768160979
gross95,2013,3,2013-09-03,0.5429848385089703,,12.675057609937886,,7.436070707282798,3.000379297200688,0.5368977818342444
gross95,2013,3,2013-09-04,0.5429848385089703,1.05,14.818486954991764,83.57402418879167,7.346266074152245,1.588073520473589,0.5125746073519681
gross95,2013,3,2013-09-05,0.5429848385089703,,3.2417806092091617,,7.245033118510616,5.093215773984489,0.607317814346118
gross95,2013,3,2013-09-06,0.5429848385089703,1.05,9.096702164248555,77.83565684700022,7.1309174994084055,5.225912068872143,0.6251870010058083
gross95,2013,3,2013-09-07,0.5429848385089703,,12.089602162106528,,7.002279799950325,2.4609495598281015,0.5308009817750727
gross95,2013,3,2013-09-08,0.5429848385089703,,14.244735837152149,,6.857271974973747,1.6119540051186758,0.5428328520274514
gross95,2013,3,2013-09-09,0.5429848385089703,,-8.974382853594213,,6.693810801515106,3.8502108581213603,0.391109534501016
gross95,2013,3,2013-09-10,0.5429848385089703,,-5.649341447592987,,6.509547950646251,2.2008070372175585,0.19850197278280843
gross95,2013,3,2013-09-11,0.5429848385089703,,-5.084221906029475,,6.301836250724382,1.4167715053674463,0.11949612821163941
gross95,2013,3,2013-09-12,0.5429848385089703,,-10.932480562729216,,6.067691657383972,0.8913421388306414,0.06143818003745362
gross95,2013,3,2013-09-13,0.5429848385089703,,-13.061579815747882,,5.80375038392096,2.405204896768721,0.1789176723388293
gross95,2013,3,2013-09-14,0.5429848385089703,,-6.269715036877374,,5.506220576192298,3.5370668123629163,0.23612150965540654
gross95,2013,3,2013-09-15,0.5429848385089703,,-14.467383997280546,,5.170827837778998,0.565058008091903,0.019756199435095316
gross95,2013,3,2013-09-16,0.5429848385089703,,-5.7897925259841045,,4.792753822811871,2.3531636053550344,0.10955865437134944
gross95,2013,3,2013-09-17,0.5429848385089703,1.05,1.945378483465794,36.00182629372213,4.366567014267372,3.7054421119837375,0.15328920771972568
gross95,2013,3,2013-09-18,0.5429848385089703,,5.969025514569432,,3.8861446932751815,3.082190287198766,0.12465762195321915
gross95,2013,3,2013-09-19,0.5429848385089703,,8.452529562116856,,3.3445849784267367,2.828389974912381,0.03981024462174291
gross95,2013,3,2013-09-20,0.5429848385089703,,10.280324743156019,,2.73410767141691,1.7180535868691524,0.031138476534155215
gross95,2013,3,2013-09-21,0.5429848385089703,,11.83156738930008,,2.045942484539467,1.4954344669573667,0.03235135083072995
gross95,2013,3,2013-09-22,0.5429848385089703,,10.369809896406863,,1.2702030442813845,3.3462143355262857,0.010996958482347493
gross95,2013,3,2013-09-23,0.5429848385089703,,-3.0311033040435533,,0.3957448609163338,4.071522213365352,0.0005577452747923483
gross95,2013,4,2013-05-15,0.08,,3.5750575433999776,,0.0,4.468821929249998,0.0
gross95,2013,4,2013-05-16,0.08,,5.7824002357199955,,0.0,2.759178365400051,0.0
gross95,2013,4,2013-05-17,0.08,,7.460181263486801,,0.0,2.097226284708515,0.0
gross95,2013,4,2013-05-18,0.08,,8.542294799514062,,0.0,1.3526419200340798,0.0
gross95,2013,4,2013-05-19,0.08,,10.565062571331902,,0.0,2.782459714772308,0.0
gross95,2013,4,2013-05-20,0.08,,10.66962538424052,,0.4875,4.448703516135788,0.0
gross95,2013,4,2013-05-21,0.08,,12.149654448399074,,0.5738742470010385,2.866036330198201,0.0
gross95,2013,4,2013-05-22,0.08,,13.048384797278787,,0.6755521053764285,2.1394129360996583,0.0
gross95,2013,4,2013-05-23,0.08,,13.580305475840223,,0.6693127862307413,0.6649008482018102,0.0
gross95,2013,4,2013-05-24,0.08,,13.893055555555556,,0.6619209548482653,0.9093810455592738,0.0
gross95,2013,4,2013-05-25,0.08,,13.893055555555556,,0.6531637219016666,0.7549633909756408,0.0
gross95,2013,4,2013-05-26,0.08,,13.893055555555556,,0.6427888736519074,0.7399773728722208,0.0
gross95,2013,4,2013-05-27,0.08,,13.893055555555556,,0.6304976080361702,0.693408484580374,0.0
gross95,2013,4,2013-05-28,0.08,,13.893055555555556,,0.6159359289831668,2.407348429251132,0.0
gross95,2013,4,2013-05-29,0.08,,9.876697397905934,,0.5986844511067813,2.853552302937975,0.0
gross95,2013,4,2013-05-30,0.08,,13.893055555555556,,0.5782463211468956,5.224011026358109,0.0
gross95,2013,4,2013-05-31,0.08,,13.893055555555556,,0.5540329082874117,0.6570140616223447,0.0
gross95,2013,4,2013-06-01,0.08,,13.893055555555556,,0.5253468512237498,0.5220822607104458,0.0
gross95,2013,4,2013-06-02,0.08,,13.893055555555556,,0.49136197372485746,0.5156341355089056,0.0
gross95,2013,4,2013-06-03,0.08,,13.893055555555556,,0.45109949024546064,0.5852827361845605,0.0
gross95,2013,4,2013-06-04,0.08,,13.893055555555556,,0.40339981629543586,6.122004412460784,0.0
gross95,2013,4,2013-06-05,0.08,,13.893055555555556,,0.3468891716874604,0.23387583222973524,0.0
gross95,2013,4,2013-06-06,0.08,0.09,13.893055555555556,15.6296875,0.2799400148157657,0.42730060903340966,0.0
gross95,2013,4,2013-06-07,0.08,,3.8315698790005004,,0.32953921068278375,6.6913554581699595,0.016787446136230167
gross95,2013,4,2013-06-08,0.0905004365499774,,8.62469364261179,,0.35161457776096583,4.74053990471803,0.0
gross95,2013,4,2013-06-09,0.0905004365499774,,10.700733136402897,,0.3483621201547161,2.2939552260000946,0.0
gross95,2013,4,2013-06-10,0.0905004365499774,0.13,11.952290126459575,15.082756259361872,0.344507953680318,1.3829292297010456,0.0
gross95,2013,4,2013-06-11,0.0905004365499774,,13.164350892927516,,0.33994076141812496,1.3392872042099113,0.0
gross95,2013,4,2013-06-12,0.0905004365499774,0.15,14.04342847333223,18.643974920571488,0.3345286326742328,0.9713517568716643,0.0
gross95,2013,4,2013-06-13,0.0905004365499774,,3.319803087259747,,0.3937997275409484,7.313271620419491,0.027475718627280044
gross95,2013,4,2013-06-14,0.10042097240590468,0.17,9.66625507304564,14.016961046236986,0.4352115786124214,5.971659086490672,0.0
gross95,2013,4,2013-06-15,0.10042097240590468,,11.759204143538245,,0.4311874381157853,2.0929490704926335,0.0
gross95,2013,4,2013-06-16,0.10042097240590468,,12.970409053919665,,0.42641912133650994,1.2112049103814413,0.0
gross95,2013,4,2013-06-17,0.10042097240590468,,13.900616773043437,,0.42076900923765936,0.9302077191237914,0.0
gross95,2013,4,2013-06-18,0.10042097240590468,,14.729155556987486,,0.41407403316804714,0.8285387839440502,0.0
gross95,2013,4,2013-06-19,0.10042097240590468,0.22,15.583364845288791,21.80994036867225,0.40614096851579046,0.8542092883013211,0.0
gross95,2013,4,2013-06-20,0.10042097240590468,,4.814155525273706,,0.4781001897092753,8.721447928113351,0.04834275187156514
gross95,2013,4,2013-06-21,0.10983564066468025,0.24,9.987995169692303,15.625881042682519,0.5065936305746893,4.585149994025367,0.0
gross95,2013,4,2013-06-22,0.10983564066468025,,11.967992053125247,,0.5019110469915269,1.9799968834329633,0.0
gross95,2013,4,2013-06-23,0.10983564066468025,,13.35718449352075,,0.4963628153745182,1.3891924403955223,0.0
gross95,2013,4,2013-06-24,0.10983564066468025,,14.458020863588843,,0.4897889072895319,1.6088363700681074,0.0
gross95,2013,4,2013-06-25,0.10983564066468025,0.29,15.340773362615032,20.97865923560525,0.481999710570101,0.8827524990261975,0.0
gross95,2013,4,2013-06-26,0.10983564066468025,,8.753500200362927,,0.5673994276064311,7.852650863988232,0.000772433258359277
gross95,2013,4,2013-06-27,0.11049722536097885,0.32,12.561469382517682,22.992428385151033,0.5621563096654647,3.7665958522992296,0.0
gross95,2013,4,2013-06-28,0.11049722536097885,,14.101542714761523,,0.5559441993566661,2.3020733322438445,0.0
gross95,2013,4,2013-06-29,0.11049722536097885,,14.99435649419931,,0.548584015030635,1.6548137794377948,0.0
gross95,2013,4,2013-06-30,0.11049722536097885,0.365,15.713733995430282,37.02063049806363,0.5398635785573122,0.7193775012309868,0.0
gross95,2013,4,2013-07-01,0.11049722536097885,,7.8551995730911655,,0.6355154966725405,7.066986992977357,0.022478584683528313
gross95,2013,4,2013-07-02,0.11815102846074535,0.395,12.166951556280488,40.2458293991259,0.6298471006886837,3.8331083234013987,0.0
gross95,2013,4,2013-07-03,0.11815102846074535,,13.856355046212723,,0.622929191243194,1.6894034899322605,0.0
gross95,2013,4,2013-07-04,0.11815102846074535,0.425,15.110857491712785,50.44036033455819,0.6147331797580232,1.2545024455000704,0.0
gross95,2013,4,2013-07-05,0.11815102846074535,,-3.314384539600696,,0.7236503397747479,5.586346829551804,0.0664111391347145
gross95,2013,4,2013-07-06,0.12681309254109632,,4.33191336277087,,0.8518652181133931,4.623623432674531,0.09086492957327118
gross95,2013,4,2013-07-07,0.13543526702144507,,8.529785430510604,,0.9814388827197136,4.659036094119372,0.07313735459715509
gross95,2013,4,2013-07-08,0.14391868958243725,,11.24625225294125,,0.9764072011134199,2.4915548370500256,0.0019982271994767884
gross95,2013,4,2013-07-09,0.14481496127992005,0.5,12.966960616214571,62.76291694893724,0.9664277567841465,1.697021270478762,0.0
gross95,2013,4,2013-07-10,0.14481496127992005,,-8.662518486694683,,1.1376574383700613,7.286364436706036,0.13682651144699517
gross95,2013,4,2013-07-11,0.15328678436760396,0.54,4.09237739283035,55.98274440440374,1.3392252426456395,6.706382184407409,0.20275432290608963
gross95,2013,4,2013-07-12,0.161723133636896,,3.0390218066337797,,1.5765064157703579,6.045341206789823,0.15811019813392158
gross95,2013,4,2013-07-13,0.1701247872112392,,1.9210474158583064,,1.8558285789590154,5.626634680217538,0.1737835280366244
gross95,2013,4,2013-07-14,0.17849249281819363,0.6,5.413829847983591,70.9510134017346,2.1846404683345892,4.264318258987923,0.19014511287009966
gross95,2013,4,2013-07-15,0.18682696947953764,0.62,7.801512647105142,77.4039838954057,2.5310763080705803,2.1754635826937765,0.196256910977372
gross95,2013,4,2013-07-16,0.19512890908038066,,-8.89977550688223,,2.979527200812662,7.908452828920396,0.3972004752476581
gross95,2013,4,2013-07-17,0.20339897782782373,0.66,2.8253994023018185,75.1015301949305,3.5074337000727764,5.842129415992893,0.4672635793638548
gross95,2013,4,2013-07-18,0.21163781760861905,0.68,6.979921953591531,82.07560507217626,4.128873586739141,5.510380496077803,0.43044438116797556
gross95,2013,4,2013-07-19,0.21984604725434037,,-4.771516241567828,,4.860418913953643,4.13478042819621,0.34613560573219493
gross95,2013,4,2013-07-20,0.22802426372172774,,3.7649746441421046,,5.721577937137954,5.392821927956341,0.5380019910136824
gross95,2013,4,2013-07-21,0.23617304319513027,,8.462120531282105,,6.6812675866593185,3.6248297854491294,0.572426595315055
gross95,2013,4,2013-07-22,0.2442929421173065,,11.653685197027764,,7.159125636924066,2.3959418592041644,0.7657989083042827
gross95,2013,4,2013-07-23,0.25238449815424996,0.78,13.756303947931546,105.52451921269966,7.300775914939517,1.3839762144785517,0.7089508248739005
gross95,2013,4,2013-07-24,0.2604482310991855,,-11.859988572981711,,7.724653193202842,4.536934139316008,0.6237417229838575
gross95,2013,4,2013-07-25,0.2684846437204053,0.82,-2.207248203485218,90.59844775990771,7.724653193202842,2.7426338997022532,0.3670771185392816
gross95,2013,4,2013-07-26,0.2764942225571993,,4.5411857632105415,,7.724653193202842,4.303749749558439,0.7767911376789502
gross95,2013,4,2013-07-27,0.2844774386677506,,8.100999585378238,,7.724653193202842,3.087511006050415,0.41186624575210323
gross95,2013,4,2013-07-28,0.29243474833252997,0.88,10.090526630786014,110.50653048215983,7.724653193202842,2.046750079407331,0.29853950380492944
gross95,2013,4,2013-07-29,0.3003665937164192,,-22.392710125702493,,7.724653193202842,1.837881539099957,0.24515874035942736
gross95,2013,4,2013-07-30,0.30827340349251425,0.91,-2.359465551542466,89.16776806048978,7.724653193202842,5.19191803826488,0.712841760605675
gross95,2013,4,2013-07-31,0.316155593430315,,7.22966705345794,,7.724653193202842,4.832074091116988,0.7778669008491476
gross95,2013,4,2013-08-01,0.32401356695078215,0.93,10.626087671665989,100.64942858798223,7.724653193202842,1.769399102994959,0.600028765864718
gross95,2013,4,2013-08-02,0.33184771565053633,,-6.819123193037782,,7.724653193202842,5.895457991285818,0.8088985564608527
gross95,2013,4,2013-08-03,0.33965841979729555,,-13.669712377376086,,7.724653193202842,4.8803049566609,0.6694639017030024
gross95,2013,4,2013-08-04,0.347446048798474,,-0.9993810775315559,,7.724653193202842,4.701145889072292,0.647075817907436
gross95,2013,4,2013-08-05,0.35521096164472293,,5.547594255057991,,7.724653193202842,2.9148824974993137,0.6952418407204995
gross95,2013,4,2013-08-06,0.36295350733004156,0.965,8.780736354464388,90.29586714020135,7.724653193202842,1.7255677131253928,0.7005702318953198
gross95,2013,4,2013-08-07,0.3706740252499751,,-6.564504897713715,,7.724653193202842,3.3064691321417454,0.42671156365865415
gross95,2013,4,2013-08-08,0.378372845579296,0.975,-0.7682022707794978,79.63648270931259,7.724653193202842,2.693098625777845,0.353190414199675
gross95,2013,4,2013-08-09,0.38605028963045557,,5.838465412181427,,7.724653193202842,4.475935557181667,0.6125246573269996
gross95,2013,4,2013-08-10,0.39370667019400546,,9.540351931132,,7.724653193202842,2.556262386478217,0.6889190936286891
gross95,2013,4,2013-08-11,0.40134229186209675,0.99,11.313108619902362,92.30064721771905,7.724653193202842,1.2074190989565114,0.4963849648344362
gross95,2013,4,2013-08-12,0.4089574513360838,,-9.356250261789688,,7.724653193202842,4.087731735152229,0.5390965335899965
gross95,2013,4,2013-08-13,0.41655243771918643,1.0,-2.0064522233705127,76.57818835496712,7.724653193202842,3.445437652062818,0.5331293831097512
gross95,2013,4,2013-08-14,0.42412753279510124,,3.263226266816825,,7.724653193202842,2.0900423523224614,0.5616471388641758
gross95,2013,4,2013-08-15,0.4316830112933831,1.01,6.220545138964568,83.18672564754786,7.724653193202842,1.587438624023681,0.6182633440371096
gross95,2013,4,2013-08-16,0.4392191411423651,,2.3110050473683885,,7.724653193202842,4.898854739749973,0.6700709934973671
gross95,2013,4,2013-08-17,0.4467361837103358,,7.855821007131073,,7.724653193202842,4.816004941182301,0.6684089176449776
gross95,2013,4,2013-08-18,0.4542343940356374,,11.564623855599335,,7.724653193202842,3.3300084697294663,0.6153476975490096
gross95,2013,4,2013-08-19,0.4617140210463077,,14.369017170422607,,7.724653193202842,2.055153358475903,0.7456008956125286
gross95,2013,4,2013-08-20,0.46917530776984834,1.035,16.326541335953937,97.37644334300725,7.724653193202842,1.2358616622320258,0.720541436452596
gross95,2013,4,2013-08-21,0.47661849153366104,,0.20138221223304853,,7.724653193202842,5.203539024483864,0.7109545191395736
gross95,2013,4,2013-08-22,0.48404380415666187,1.045,-2.0019697845340287,80.79862259982367,7.724653193202842,3.8515180338809434,0.5261120194153901
gross95,2013,4,2013-08-23,0.49145147213254464,,3.7746107194186314,,7.724653193202842,4.497295486498639,0.6565871020678475
gross95,2013,4,2013-08-24,0.49884171680514394,,7.201193802477881,,7.724653193202842,2.350439695906615,0.6110863380179006
gross95,2013,4,2013-08-25,0.5062147545363109,1.05,10.83500029186164,93.25319146062489,7.724653193202842,3.5877591877205126,0.6378281339230452
gross95,2013,4,2013-08-26,0.5135707968666938,,1.3903418389666142,,7.724653193202842,5.287137622261496,0.7215722565122897
gross95,2013,4,2013-08-27,0.520910050669791,1.05,7.0450387331779964,89.42200789438883,7.724653193202842,4.946978388863141,0.6981281661270499
gross95,2013,4,2013-08-28,0.5282327182996225,,9.80177180352986,,7.724653193202842,3.9207691299413185,0.6110378372706151
gross95,2013,4,2013-08-29,0.5355389977323397,1.05,13.079183176977548,95.45232859843696,7.724653193202842,2.516259739545389,0.7602539972908625
gross95,2013,4,2013-08-30,0.5428290827020819,,0.4090091147082179,,7.675502150043521,4.155211935538051,0.5593373541581624
gross95,2013,4,2013-08-31,0.5428290827020819,,5.286962942861076,,7.620096262858904,4.306676869938391,0.5711903999330478
gross95,2013,4,2013-09-01,0.5428290827020819,,9.11130821746175,,7.557639555180009,3.2825820250141327,0.5417370453269166
gross95,2013,4,2013-09-02,0.5428290827020819,,11.659925767164088,,7.48723475647894,1.9602248620531784,0.5883847342173416
gross95,2013,4,2013-09-03,0.5428290827020819,,14.173633832308626,,7.4078704117295775,2.2327323861726924,0.5349732595105468
gross95,2013,4,2013-09-04,0.5428290827020819,1.05,15.975606709321895,98.34835160985097,7.318406350561831,1.291235433391114,0.5107367061604414
gross95,2013,4,2013-09-05,0.5428290827020819,,7.236572163887723,,7.21755730725525,5.095825851949221,0.6051393774494088
gross95,2013,4,2013-09-06,0.5428290827020819,1.05,12.835500903812104,95.20824551032203,7.103874456252295,4.975985225379451,0.6229434456929994
gross95,2013,4,2013-09-07,0.5428290827020819,,15.487268072360843,,6.975724597925209,2.122872042050465,0.5288951054176061
gross95,2013,4,2013-09-08,0.5428290827020819,,17.406738456121232,,6.831266695573475,1.3785878566759069,0.5408825206229846
gross95,2013,4,2013-09-09,0.5428290827020819,,-5.934989407569035,,6.668425426575733,3.8521154165913347,0.38970326505910213
gross95,2013,4,2013-09-10,0.5428290827020819,,-4.0255420396871715,,6.484861367724669,2.2018828492351976,0.19778761220289295
gross95,2013,4,2013-09-11,0.5428290827020819,,-4.660233181832097,,6.277937386419021,1.4174548333721333,0.11906565062544569
gross95,2013,4,2013-09-12,0.5428290827020819,,-10.849466909259371,,6.044680754879179,0.8917655778137721,0.06121659095607998
gross95,2013,4,2013-09-13,0.5428290827020819,,-13.044060640806862,,5.781740443108617,2.4063280974412278,0.17827149092649244
gross95,2013,4,2013-09-14,0.5428290827020819,,-6.264969274893992,,5.485338977059874,3.538686890240876,0.23526739615554484
gross95,2013,4,2013-09-15,0.5428290827020819,,-14.465561308037683,,5.151218170386061,0.5653112136531174,0.01968460805547452
gross95,2013,4,2013-09-16,0.5428290827020819,,-5.787910100457923,,4.77457795014504,2.354192273879858,0.10916082946145718
gross95,2013,4,2013-09-17,0.5428290827020819,1.05,1.9473124012859055,52.68049960878064,4.350007397609253,3.7070171806506567,0.15273129136155703
gross95,2013,4,2013-09-18,0.5428290827020819,,5.970553617296986,,3.871407013494162,3.0827427602734754,0.12420270923358485
gross95,2013,4,2013-09-19,0.5428290827020819,,8.454114494444328,,3.3319010908458777,2.828754494781801,0.03966452692890459
gross95,2013,4,2013-09-20,0.5428290827020819,,10.281795936827049,,2.7237389367123344,1.7180445905688981,0.031024110152968975
gross95,2013,4,2013-09-21,0.5428290827020819,,11.832849122427174,,2.038183523520929,1.4953791460411558,0.03223206924053675
gross95,2013,4,2013-09-22,0.5428290827020819,,10.371837454814182,,1.2653859704972057,3.347005458276218,0.010956234213601224
gross95,2013,4,2013-09-23,0.5428290827020819,,-3.0283510919525436,,0.3942440518895167,4.072250350977253,0.0005556695878703461
gross95,2013,5,2013-05-15,0.08,,3.5750575433999776,,0.0,4.468821929249998,0.0
gross95,2013,5,2013-05-16,0.08,,5.7824002357199955,,0.0,2.759178365400051,0.0
gross95,2013,5,2013-05-17,0.08,,7.460181263486801,,0.0,2.097226284708515,0.0
gross95,2013,5,2013-05-18,0.08,,8.542294799514062,,0.0,1.3526419200340798,0.0
gross95,2013,5,2013-05-19,0.08,,10.565062571331902,,0.0,2.782459714772308,0.0
gross95,2013,5,2013-05-20,0.08,,10.66962538424052,,0.4875,4.448703516135788,0.0
gross95,2013,5,2013-05-21,0.08,,12.149654448399074,,0.5738742470010385,2.866036330198201,0.0
gross95,2013,5,2013-05-22,0.08,,13.048384797278787,,0.6755521053764285,2.1394129360996583,0.0
gross95,2013,5,2013-05-23,0.08,,13.580305475840223,,0.6693127862307413,0.6649008482018102,0.0
gross95,2013,5,2013-05-24,0.08,,13.893055555555556,,0.6619209548482653,0.9093810455592738,0.0
gross95,2013,5,2013-05-25,0.08,,13.893055555555556,,0.6531637219016666,0.7549633909756408,0.0
gross95,2013,5,2013-05-26,0.08,,13.893055555555556,,0.6427888736519074,0.7399773728722208,0.0
gross95,2013,5,2013-05-27,0.08,,13.893055555555556,,0.6304976080361702,0.693408484580374,0.0
gross95,2013,5,2013-05-28,0.08,,13.893055555555556,,0.6159359289831668,2.407348429251132,0.0
gross95,2013,5,2013-05-29,0.08,,9.876697397905934,,0.5986844511067813,2.853552302937975,0.0
gross95,2013,5,2013-05-30,0.08,,13.893055555555556,,0.5782463211468956,5.224011026358109,0.0
gross95,2013,5,2013-05-31,0.08,,13.893055555555556,,0.5540329082874117,0.6570140616223447,0.0
gross95,2013,5,2013-06-01,0.08,,13.893055555555556,,0.5253468512237498,0.5220822607104458,0.0
gross95,2013,5,2013-06-02,0.08,,13.893055555555556,,0.49136197372485746,0.5156341355089056,0.0
gross95,2013,5,2013-06-03,0.08,,13.893055555555556,,0.45109949024546064,0.5852827361845605,0.0
gross95,2013,5,2013-06-04,0.08,,13.893055555555556,,0.40339981629543586,6.122004412460784,0.0
gross95,2013,5,2013-06-05,0.08,,13.893055555555556,,0.3468891716874604,0.23387583222973524,0.0
gross95,2013,5,2013-06-06,0.08,0.09,13.893055555555556,15.6296875,0.2799400148157657,0.42730060903340966,0.0
gross95,2013,5,2013-06-07,0.08,,3.2995698790005035,,0.32953921068278375,6.6913554581699595,0.016787446136230167
gross95,2013,5,2013-06-08,0.0905004365499774,,8.30546182731293,,0.3644485695418138,5.052799268906198,0.0
gross95,2013,5,2013-06-09,0.0905004365499774,,10.52480611277483,,0.36107760177468473,2.452302298272696,0.0
gross95,2013,5,2013-06-10,0.0905004365499774,0.13,11.829992632021394,14.947621558248422,0.35708303854653856,1.4421880921268433,0.0
gross95,2013,5,2013-06-11,0.0905004365499774,,13.07922655075526,,0.35234952090829447,1.3803623124447668,0.0
gross95,2013,5,2013-06-12,0.0905004365499774,0.15,13.978586718500912,18.572326918304107,0.3467403496543033,0.9937633474828655,0.0
gross95,2013,5,2013-06-13,0.0905004365499774,,3.1691922816321427,,0.40817509141074887,7.311459538455424,0.029515825929197582
gross95,2013,5,2013-06-14,0.10042097240590468,0.17,9.60539667382506,13.956102647016406,0.4541510200984293,6.077220664199617,0.0
gross95,2013,5,2013-06-15,0.10042097240590468,,11.722264449213212,,0.44995213479131063,2.1168677753881613,0.0
gross95,2013,5,2013-06-16,0.10042097240590468,,12.942827936903337,,0.44497682767549435,1.2205634876901403,0.0
gross95,2013,5,2013-06-17,0.10042097240590468,,13.878654174527751,,0.4390815294984457,0.9358262376244357,0.0
gross95,2013,5,2013-06-18,0.10042097240590468,,14.711293304527898,,0.43209612341450176,0.8326391300001597,0.0
gross95,2013,5,2013-06-19,0.10042097240590468,0.22,15.569005400668276,21.795580924051738,0.42381903603195487,0.8577120961403976,0.0
gross95,2013,5,2013-06-20,0.10042097240590468,,4.800960033238321,,0.49891042085650067,8.718318236410326,0.052636396159723244
gross95,2013,5,2013-06-21,0.10983564066468025,0.24,9.981740132868584,15.619626005858802,0.5291210702821924,4.592090449237024,0.0
gross95,2013,5,2013-06-22,0.10983564066468025,,11.963513764964821,,0.5242307812815225,1.9817736320962522,0.0
gross95,2013,5,2013-06-23,0.10983564066468025,,13.353566130369947,,0.5184365431526383,1.3900523654051444,0.0
gross95,2013,5,2013-06-24,0.10983564066468025,,14.454926391441468,,0.5115712647427904,1.6093602610715283,0.0
gross95,2013,5,2013-06-25,0.10983564066468025,0.29,15.338047122654304,20.97593299564452,0.5034369688101169,0.8831207312128527,0.0
gross95,2013,5,2013-06-26,0.10983564066468025,,8.747382803541083,,0.5926348951556741,7.849232093572561,0.00105318319110833
gross95,2013,5,2013-06-27,0.11065496093319989,0.32,12.568128093918927,22.989473669056967,0.5871592404490515,3.7695053966488032,0.0
gross95,2013,5,2013-06-28,0.11065496093319989,,14.108627129617496,,0.5806717386604268,2.302499035698582,0.0
gross95,2013,5,2013-06-29,0.11065496093319989,,15.001633816868962,,0.5729854104107283,1.6550066872514775,0.0
gross95,2013,5,2013-06-30,0.11065496093319989,0.365,15.7211852635438,37.018468338681835,0.5638787243723979,0.719551446674854,0.0
gross95,2013,5,2013-07-01,0.11065496093319989,,7.768670808133071,,0.6637855966135714,7.063539032717455,0.026946511871822572
gross95,2013,5,2013-07-02,0.11852422825775248,0.395,12.130632569522458,40.18640046831145,0.6579676504900427,3.869821585040355,0.0
gross95,2013,5,2013-07-03,0.11852422825775248,,13.84039955053586,,0.6507619268860951,1.7097669810134097,0.0
gross95,2013,5,2013-07-04,0.11852422825775248,0.425,15.105495199491955,50.41188809828093,0.6422251049693004,1.2650956489561083,0.0
gross95,2013,5,2013-07-05,0.11852422825775248,,-2.8449114854794275,,0.7560132277321439,5.583225206863447,0.06936810816517278
gross95,2013,5,2013-07-06,0.12718629233810347,,4.550685242373513,,0.889962095974582,4.632466612952183,0.09490754549543484
gross95,2013,5,2013-07-07,0.1358084668184522,,8.77562367043618,,1.0216742372054177,4.661003928680793,0.0685929459428734
gross95,2013,5,2013-07-08,0.14422838760728057,,11.502273253406809,,1.01536055029827,2.4753445901792053,0.0
gross95,2013,5,2013-07-09,0.14422838760728057,0.5,13.182744758812303,63.18483104196547,1.0047755806786522,1.6804715054055068,0.0
gross95,2013,5,2013-07-10,0.14422838760728057,,-8.473355011954704,,1.1827996508040877,7.280672245395531,0.1422184614361405
gross95,2013,5,2013-07-11,0.15270021069496448,0.54,4.284474530683564,56.54019509997208,1.3923656594016145,6.834238841837847,0.21073450933712112
gross95,2013,5,2013-07-12,0.16113655996425652,,3.1904491321252335,,1.6390621422342686,6.038781134408473,0.16432425178671073
gross95,2013,5,2013-07-13,0.1695382135385997,,2.055864142388108,,1.9294678003335384,5.61943620782831,0.1806015669790699
gross95,2013,5,2013-07-14,0.17790591914555415,0.6,5.494755434963671,71.45227981257969,2.2713269354444297,4.206274316417503,0.19758952788052694
gross95,2013,5,2013-07-15,0.18624039580689816,0.62,7.860712329903888,77.88447544604095,2.6296954589931016,2.1471604309869274,0.20378520247437254
gross95,2013,5,2013-07-16,0.19454233540774118,,-8.657046397775082,,3.095619489993265,7.892403075947511,0.41239301474508433
gross95,2013,5,2013-07-17,0.20281240415518426,0.66,2.8782291141189127,75.76644359876508,3.6440949821982036,5.819597038135178,0.4850750238963675
gross95,2013,5,2013-07-18,0.21105124393597957,0.68,6.9946655970059775,82.74507374185598,4.289748233660014,5.498594173689795,0.44678596940110776
gross95,2013,5,2013-07-19,0.2192594735817009,,-4.673542584500943,,5.049796999827025,4.120946603365666,0.35921339170247396
gross95,2013,5,2013-07-20,0.22743769004908826,,3.8076799129495518,,5.944509642633512,5.370802817673684,0.5582130989841841
gross95,2013,5,2013-07-21,0.2355864695224908,,8.48682416859607,,6.9404784815508895,3.602604047482485,0.5937016634739134
gross95,2013,5,2013-07-22,0.24370636844466703,,11.69202942038872,,7.434551169934577,2.3825774719107633,0.7939286689474118
gross95,2013,5,2013-07-23,0.2517979244816105,0.78,13.811296535682688,106.31721918177445,7.578007435857134,1.3752823301551416,0.7346253462228227
gross95,2013,5,2013-07-24,0.25986165742654604,,-11.806479103601662,,8.017980557069823,4.513028183920116,0.6462615831444812
gross95,2013,5,2013-07-25,0.26789807004776583,0.82,-2.1873289626143384,91.38856009916191,8.017980557069823,2.7281824482021375,0.38032703545410174
gross95,2013,5,2013-07-26,0.2759076488845598,,4.556694963479835,,8.017980557069823,4.2871829350273085,0.8048231953813081
gross95,2013,5,2013-07-27,0.2838908649951111,,8.110926717167285,,8.017980557069823,3.071105830703653,0.42672566104875503
gross95,2013,5,2013-07-28,0.2918481746598905,0.88,10.098905544042413,111.30608158430007,8.017980557069823,2.0355011853490055,0.30930767762819283
gross95,2013,5,2013-07-29,0.29978002004377974,,-22.385317348510913,,8.017980557069823,1.8281973971777907,0.2539993515561469
gross95,2013,5,2013-07-30,0.3076868298198748,0.91,-2.349364693234898,89.96481782280856,8.017980557069823,5.164560850077749,0.7385411396968085
gross95,2013,5,2013-07-31,0.31556901975767554,,7.241986603144602,,8.017980557069823,4.814575902946888,0.8059037563336445
gross95,2013,5,2013-08-01,0.32342699327814267,0.93,10.64704034718293,101.46812686758925,8.017980557069823,1.7588872187660862,0.6216505000674301
gross95,2013,5,2013-08-02,0.33126114197789686,,-6.89585475867727,,8.017980557069823,5.864393719367761,0.8380397196413748
gross95,2013,5,2013-08-03,0.3390718461246561,,-13.705702705952095,,8.017980557069823,4.854589716141699,0.6935759599256527
gross95,2013,5,2013-08-04,0.34685947512583454,,-1.0033582512275934,,8.017980557069823,4.6781052479867125,0.6703758496985632
gross95,2013,5,2013-08-05,0.35462438797208345,,5.560174169533,,8.017980557069823,2.9027969797084534,0.7202701432530451
gross95,2013,5,2013-08-06,0.3623669336574021,0.965,8.807691488793122,91.04330537274465,8.017980557069823,1.7144178103809824,0.7257842031628291
gross95,2013,5,2013-08-07,0.37008745157733564,,-6.634825663891818,,8.017980557069823,3.289046727239304,0.4420654383548155
gross95,2013,5,2013-08-08,0.37778627190665653,0.975,-0.8081732276692499,80.28536731456578,8.017980557069823,2.678908184910152,0.36589575798355195
gross95,2013,5,2013-08-09,0.3854637159578161,,5.821286371515787,,8.017980557069823,4.462967989650826,0.634553665731344
gross95,2013,5,2013-08-10,0.393120096521366,,9.545620533225694,,8.017980557069823,2.550311901610961,0.7136895142262681
gross95,2013,5,2013-08-11,0.40075571818945727,0.99,11.332203731510667,92.99081849227849,8.017980557069823,1.2029809965820069,0.5142283599113329
gross95,2013,5,2013-08-12,0.4083708776634443,,-9.149183282003662,,8.017980557069823,4.066192711324641,0.5584705227547243
gross95,2013,5,2013-08-13,0.41596586404654695,1.0,-1.9147704503676224,77.44527667579284,8.017980557069823,3.415364885470827,0.552284230630852
gross95,2013,5,2013-08-14,0.42354095912246176,,3.3029483764776835,,8.017980557069823,2.0742738607913305,0.5818216548632541
gross95,2013,5,2013-08-15,0.4310964376207436,1.01,6.258215298398441,84.0677754274763,8.017980557069823,1.5747913228032084,0.6404660798923635
gross95,2013,5,2013-08-16,0.4386325674697256,,8.362264512552942,,8.017980557069823,1.2017051164730503,0.694128308694377
gross95,2013,5,2013-08-17,0.4461496100376963,,10.030125343928145,,8.017980557069823,0.916025584195398,0.6924006632740127
gross95,2013,5,2013-08-18,0.45364782036299794,,13.283892587082653,,8.017980557069823,2.8586105722407757,0.6374294426162642
gross95,2013,5,2013-08-19,0.46112744737366823,,15.87101240971086,,8.017980557069823,1.8111843188578702,0.7723501916953431
gross95,2013,5,2013-08-20,0.46858873409720886,1.035,17.721317887178465,99.62467604866498,8.017980557069823,1.1028165094730633,0.7463853303352809
gross95,2013,5,2013-08-21,0.47603191786102156,,7.199228457710343,,8.017980557069823,5.176120603144636,0.7364482727689327
gross95,2013,5,2013-08-22,0.4834572304840224,1.045,4.717531374562884,88.3715873711186,8.017980557069823,3.831223664269858,0.544972948936864
gross95,2013,5,2013-08-23,0.49086489845990516,,9.94504890110112,,8.017980557069823,4.547364613833536,0.6801197092170441
gross95,2013,5,2013-08-24,0.49825514313250446,,12.830280560834824,,8.017980557069823,2.2522385018141007,0.6329827535782067
gross95,2013,5,2013-08-25,0.5056281808636713,1.05,15.36689446989108,99.89647649837539,8.017980557069823,2.6379335189122344,0.6606771132350638
gross95,2013,5,2013-08-26,0.5129842231940542,,9.688589019041878,,8.017980557069823,5.259278704259045,0.747414818445363
gross95,2013,5,2013-08-27,0.5203234769971514,1.05,14.856284533719002,99.38586521448718,8.017980557069823,4.444570283962222,0.7231249094451886
gross95,2013,5,2013-08-28,0.5276461446269829,,16.523968539547152,,8.017980557069823,2.8127730437586655,0.6329108613728665
gross95,2013,5,2013-08-29,0.5349524240597001,1.05,18.764987709522917,103.29456825799832,8.017980557069823,1.453557441586721,0.7874616967929065
gross95,2013,5,2013-08-30,0.5422425090294423,,11.88772952210485,,7.966963107023275,4.13338579991855,0.5793560027410954
gross95,2013,5,2013-08-31,0.5422425090294423,,16.76349981403586,,7.909453298481401,4.284134901080141,0.5916353877003043
gross95,2013,5,2013-09-01,0.5422425090294423,,18.865201588868402,,7.844624929452662,1.5405711073815977,0.561130666483391
gross95,2013,5,2013-09-02,0.5422425090294423,,20.38219674257465,,7.771546657459001,0.907542674323924,0.6094524790849875
gross95,2013,5,2013-09-03,0.5422425090294423,,21.537944646575582,,7.689168619609367,0.8556144613350715,0.5541334425744372
gross95,2013,5,2013-09-04,0.5422425090294423,1.05,22.60495974070571,107.13454027472423,7.596307349975838,0.5379803993658485,0.529034694736631
gross95,2013,5,2013-09-05,0.5422425090294423,,18.706618901426907,,7.491628777591155,5.069831174444353,0.6268279862682995
gross95,2013,5,2013-09-06,0.5422425090294423,1.05,23.482342828233318,108.01192336224068,7.373629060812152,4.130443207229984,0.6452807195738255
gross95,2013,5,2013-09-07,0.5422425090294423,,24.61726945691287,,7.240612982710166,0.587055898157747,0.547870730521007
gross95,2013,5,2013-09-08,0.5422425090294423,,25.7147725095528,,7.090669597110605,0.5372018731146984,0.5603011795249997
gross95,2013,5,2013-09-09,0.5422425090294423,,2.137153572175629,,6.921644775405811,3.833147238368225,0.4037052776848143
gross95,2013,5,2013-09-10,0.5422425090294423,,2.2472226010302827,,6.731110259741115,2.1911684237277607,0.2049006051268806
gross95,2013,5,2013-09-11,0.5422425090294423,,-0.7354521162822844,,6.516328777983452,1.4106492752024604,0.1233521277345481
gross95,2013,5,2013-09-12,0.5422425090294423,,-9.083547146763507,,6.274214719304451,0.8875483351655433,0.06342315102429785
gross95,2013,5,2013-09-13,0.5422425090294423,,-12.683191771705387,,6.001289805432413,2.3951414489900453,0.18470639312147996
gross95,2013,5,2013-09-14,0.5422425090294423,,-6.2531129474138,,5.693633120733999,3.522551267523037,0.2437734114372018
gross95,2013,5,2013-09-15,0.5422425090294423,,-14.468122950188635,,5.346824783243789,0.5627892808112793,0.020397621553122317
gross95,2013,5,2013-09-16,0.5422425090294423,,-5.7930858174843705,,4.955882447404,2.343946360391976,0.11312323773062592
gross95,2013,5,2013-09-17,0.5422425090294423,1.05,1.9356005149945517,62.870741933494244,4.515189726294942,3.6913281537822735,0.15828868065734922
gross95,2013,5,2013-09-18,0.5422425090294423,,5.957767347447388,,4.018415505049954,3.0772162454724965,0.1287344916712315
gross95,2013,5,2013-09-19,0.5422425090294423,,8.439048636216402,,3.4584229862888107,2.8251126486927305,0.04111629706091903
gross95,2013,5,2013-09-20,0.5422425090294423,,10.267786388089217,,2.827167160890823,1.7180544138211877,0.0321636632069909
gross95,2013,5,2013-09-21,0.5422425090294423,,11.820519626471462,,2.1155792311440953,1.4958815417212405,0.033420754591491825
gross95,2013,5,2013-09-22,0.5422425090294423,,10.35202347060111,,1.3134363258616164,3.3391185268202355,0.011362127272858772
gross95,2013,5,2013-09-23,0.5422425090294423,,-3.055407115819265,,0.4092146357550457,4.064988696308445,0.0005763611567629517
gross95,2013,6,2013-05-15,0.08,,3.5750575433999776,,0.0,4.468821929249998,0.0
gross95,2013,6,2013-05-16,0.08,,5.7824002357199955,,0.0,2.759178365400051,0.0
gross95,2013,6,2013-05-17,0.08,,7.460181263486801,,0.0,2.097226284708515,0.0
gross95,2013,6,2013-05-18,0.08,,8.542294799514062,,0.0,1.3526419200340798,0.0
gross95,2013,6,2013-05-19,0.08,,10.565062571331902,,0.0,2.782459714772308,0.0
gross95,2013,6,2013-05-20,0.08,,10.66962538424052,,0.4875,4.448703516135788,0.0
gross95,2013,6,2013-05-21,0.08,,12.149654448399074,,0.5738742470010385,2.866036330198201,0.0
gross95,2013,6,2013-05-22,0.08,,13.048384797278787,,0.6755521053764285,2.1394129360996583,0.0
gross95,2013,6,2013-05-23,0.08,,13.580305475840223,,0.6693127862307413,0.6649008482018102,0.0
gross95,2013,6,2013-05-24,0.08,,13.893055555555556,,0.6619209548482653,0.9093810455592738,0.0
gross95,2013,6,2013-05-25,0.08,,13.893055555555556,,0.6531637219016666,0.7549633909756408,0.0
gross95,2013,6,2013-05-26,0.08,,13.893055555555556,,0.6427888736519074,0.7399773728722208,0.0
gross95,2013,6,2013-05-27,0.08,,13.893055555555556,,0.6304976080361702,0.693408484580374,0.0
gross95,2013,6,2013-05-28,0.08,,13.893055555555556,,0.6159359289831668,2.407348429251132,0.0
gross95,2013,6,2013-05-29,0.08,,9.876697397905934,,0.5986844511067813,2.853552302937975,0.0
gross95,2013,6,2013-05-30,0.08,,13.893055555555556,,0.5782463211468956,5.224011026358109,0.0
gross95,2013,6,2013-05-31,0.08,,13.893055555555556,,0.5540329082874117,0.6570140616223447,0.0
gross95,2013,6,2013-06-01,0.08,,13.893055555555556,,0.5253468512237498,0.5220822607104458,0.0
gross95,2013,6,2013-06-02,0.08,,13.893055555555556,,0.49136197372485746,0.5156341355089056,0.0
gross95,2013,6,2013-06-03,0.08,,13.893055555555556,,0.45109949024546064,0.5852827361845605,0.0
gross95,2013,6,2013-06-04,0.08,,13.893055555555556,,0.40339981629543586,6.122004412460784,0.0
gross95,2013,6,2013-06-05,0.08,,13.893055555555556,,0.3468891716874604,0.23387583222973524,0.0
gross95,2013,6,2013-06-06,0.08,0.09,13.893055555555556,15.6296875,0.2799400148157657,0.42730060903340966,0.0
gross95,2013,6,2013-06-07,0.08,,3.2995698790005035,,0.32953921068278375,6.6913554581699595,0.016787446136230167
gross95,2013,6,2013-06-08,0.0905004365499774,,8.30546182731293,,0.3644485695418138,5.052799268906198,0.0
gross95,2013,6,2013-06-09,0.0905004365499774,,10.52480611277483,,0.36107760177468473,2.452302298272696,0.0
gross95,2013,6,2013-06-10,0.0905004365499774,0.13,11.829992632021394,14.947621558248422,0.35708303854653856,1.4421880921268433,0.0
gross95,2013,6,2013-06-11,0.0905004365499774,,13.07922655075526,,0.35234952090829447,1.3803623124447668,0.0
gross95,2013,6,2013-06-12,0.0905004365499774,0.15,13.978586718500912,18.572326918304107,0.3467403496543033,0.9937633474828655,0.0
gross95,2013,6,2013-06-13,0.0905004365499774,,3.1691922816321427,,0.40817509141074887,7.311459538455424,0.029515825929197582
gross95,2013,6,2013-06-14,0.10042097240590468,0.17,9.60539667382506,13.956102647016406,0.4541510200984293,6.077220664199617,0.0
gross95,2013,6,2013-06-15,0.10042097240590468,,11.722264449213212,,0.44995213479131063,2.1168677753881613,0.0
gross95,2013,6,2013-06-16,0.10042097240590468,,12.942827936903337,,0.44497682767549435,1.2205634876901403,0.0
gross95,2013,6,2013-06-17,0.10042097240590468,,13.878654174527751,,0.4390815294984457,0.9358262376244357,0.0
gross95,2013,6,2013-06-18,0.10042097240590468,,14.711293304527898,,0.43209612341450176,0.8326391300001597,0.0
gross95,2013,6,2013-06-19,0.10042097240590468,0.22,15.569005400668276,21.795580924051738,0.42381903603195487,0.8577120961403976,0.0
gross95,2013,6,2013-06-20,0.10042097240590468,,4.895960033238319,,0.49891042085650067,8.718318236410326,0.052636396159723244
gross95,2013,6,2013-06-21,0.10983564066468025,0.24,10.018985130079052,15.65687100306927,0.5256117101284067,4.5343354464475105,0.0
gross95,2013,6,2013-06-22,0.10983564066468025,,11.986662505736291,,0.5207537748910498,1.9676773756572665,0.0
gross95,2013,6,2013-06-23,0.10983564066468025,,13.370021053186294,,0.5149978560541802,1.3833585474500114,0.0
gross95,2013,6,2013-06-24,0.10983564066468025,,14.467299228625782,,0.5081779624084479,1.6052781754394971,0.0
gross95,2013,6,2013-06-25,0.10983564066468025,0.29,15.347828873475127,20.985714746465344,0.5000974194652129,0.8805296448493647,0.0
gross95,2013,6,2013-06-26,0.10983564066468025,,8.757675261463424,,0.5887036513287416,7.8497646120559255,0.0008314245625794088
gross95,2013,6,2013-06-27,0.11049722536097885,0.32,12.563617761039554,22.99462956252698,0.5832642181226175,3.764568779443164,0.0
gross95,2013,6,2013-06-28,0.11049722536097885,,14.102469810629687,,0.5768196124995266,2.300852049590137,0.0
gross95,2013,6,2013-06-29,0.11049722536097885,,14.994764435865209,,0.569184085034944,1.6542946252355324,0.0
gross95,2013,6,2013-06-30,0.11049722536097885,0.365,15.713835138687491,37.020784440174914,0.5601375610004085,0.7190707028222924,0.0
gross95,2013,6,2013-07-01,0.11049722536097885,,7.854106478144089,,0.6593815816125285,7.06407609336554,0.024195246091064087
gross95,2013,6,2013-07-02,0.11815102846074535,0.395,12.166376468697948,40.24530259531917,0.6535099184683817,3.8336218156876742,0.0
gross95,2013,6,2013-07-03,0.11815102846074535,,13.855416117775107,,0.6463347994765648,1.6890396490771769,0.0
gross95,2013,6,2013-07-04,0.11815102846074535,0.425,15.109749531306814,50.43930065792802,0.6378342080658945,1.254333413531724,0.0
gross95,2013,6,2013-07-05,0.11815102846074535,,-2.745630860027144,,0.7508443607493722,5.583723700587597,0.06889590807844025
gross95,2013,6,2013-07-06,0.12681309254109632,,4.5551579428509035,,0.883877419774404,4.595057084829545,0.09426199599298593
gross95,2013,6,2013-07-07,0.13543526702144507,,8.76839735686013,,1.0147691457358177,4.641951152824393,0.06784461082418462
gross95,2013,6,2013-07-08,0.14385217034762904,,11.496072660031944,,1.008456964797465,2.4685511635795088,0.0
gross95,2013,6,2013-07-09,0.14385217034762904,0.5,13.173493955130102,63.23957006974282,0.9979355998685024,1.6774212950981646,0.0
gross95,2013,6,2013-07-10,0.14385217034762904,,-8.449051519336994,,1.174747776266803,7.281687324075673,0.14125692427412076
gross95,2013,6,2013-07-11,0.15232399343531294,0.54,4.292687270207812,56.59125855577291,1.3828871703000123,6.831932766521893,0.20931147115841023
gross95,2013,6,2013-07-12,0.16076034270460499,,3.1900568896976003,,1.6279042739350083,6.039950882808733,0.16321620314076193
gross95,2013,6,2013-07-13,0.16916199627894818,,2.053185529427934,,1.9163330038855897,5.620719722882769,0.17938588678342626
gross95,2013,6,2013-07-14,0.1775297018859026,0.6,5.4923926230090725,71.50444481613505,2.2558649427858066,4.208573608026389,0.19626224941304055
gross95,2013,6,2013-07-15,0.18586417854724663,0.62,7.8581781872157785,77.93665254748798,2.6117938829377785,2.148538426640755,0.20241930471220831
gross95,2013,6,2013-07-16,0.19416611814808965,,-8.744433646615933,,3.074546149523766,7.8953148423963055,0.4096367955523514
gross95,2013,6,2013-07-17,0.20243618689553272,0.66,2.8647280685423984,75.72751750433754,3.6192879106213196,5.826569295314027,0.48184402358690637
gross95,2013,6,2013-07-18,0.21067502667632804,0.68,6.992541593016454,82.70478198289376,4.260545896180043,5.500192508592082,0.443821969964144
gross95,2013,6,2013-07-19,0.21888325632204936,,-4.672233331831162,,5.015420652274227,4.123455460511027,0.35684172321591723
gross95,2013,6,2013-07-20,0.22706147278943672,,3.810077880631072,,5.904042564548367,5.3743922274885065,0.5545484383567855
gross95,2013,6,2013-07-21,0.23521025226283926,,8.485938193708998,,6.893231374296341,3.604593718068163,0.5898288748634098
gross95,2013,6,2013-07-22,0.2433301511850155,,11.687173655332215,,7.383940677091894,2.384104583356394,0.78876694122165
gross95,2013,6,2013-07-23,0.25142170722195895,0.78,13.802818995452943,106.26793774394784,7.526420368618261,1.3765192109799091,0.7298545829924564
gross95,2013,6,2013-07-24,0.2594854401668945,,-11.814721807363222,,7.963398385487307,4.517470298196212,0.6420773894288683
gross95,2013,6,2013-07-25,0.2675218527881143,0.82,-2.184856221358116,91.33976007708944,7.963398385487307,2.7308677622988085,0.3778652165510487
gross95,2013,6,2013-07-26,0.2755314316249083,,4.555388202256768,,7.963398385487307,4.290246637748484,0.7996149099587354
gross95,2013,6,2013-07-27,0.2835146477354596,,8.109484569312018,,7.963398385487307,3.074155252869468,0.4239648393079645
gross95,2013,6,2013-07-28,0.29147195740023896,0.88,10.097447181193647,111.25551720386298,7.963398385487307,2.037593479665547,0.30730700722340465
gross95,2013,6,2013-07-29,0.2994038027841282,,-22.386665162199765,,7.963398385487307,1.829996867827334,0.2523568241552006
gross95,2013,6,2013-07-30,0.30731061256022324,0.91,-2.3420357762608965,89.91471905411555,7.963398385487307,5.169644259386745,0.7337663988832865
gross95,2013,6,2013-07-31,0.315192802498024,,7.242472734468997,,7.963398385487307,4.817822132562789,0.8006947688950669
gross95,2013,6,2013-08-01,0.32305077601849114,0.93,10.643995934251638,101.4140018458386,7.963398385487307,1.7608408117031622,0.6176334118954023
gross95,2013,6,2013-08-02,0.3308849247182453,,-6.708989161586943,,7.963398385487307,5.870165964964246,0.8326256410861647
gross95,2013,6,2013-08-03,0.33869562886500454,,-13.61754933420732,,7.963398385487307,4.859368024940987,0.6890962614737481
gross95,2013,6,2013-08-04,0.346483257866183,,-0.9800207745588638,,7.963398385487307,4.682102292093278,0.6660470465708722
gross95,2013,6,2013-08-05,0.3542481707124319,,5.56345545182799,,7.963398385487307,2.9047504423259953,0.7156202868829997
gross95,2013,6,2013-08-06,0.36199071639775054,0.965,8.803949572709048,91.17427110318344,7.963398385487307,1.7165642542721227,0.7210998868461248
gross95,2013,6,2013-08-07,0.3697112343176841,,-6.543996634465382,,7.963398385487307,3.2922840926681025,0.4392129770126726
gross95,2013,6,2013-08-08,0.377410054647005,0.975,-0.7567517385082139,80.5119943664272,7.963398385487307,2.6815449989976283,0.3635353612320329
gross95,2013,6,2013-08-09,0.38508749869816455,,5.918886766733235,,7.963398385487307,4.535436195409078,0.6304611501155879
gross95,2013,6,2013-08-10,0.39274387926171445,,9.706784878863427,,7.963398385487307,2.62518396663285,0.7090877370729269
gross95,2013,6,2013-08-11,0.40037950092980573,0.99,11.506812401537713,93.37065084720855,7.963398385487307,1.2208551916091948,0.5109134899417719
gross95,2013,6,2013-08-12,0.4079946604037928,,-8.879500755222061,,7.963398385487307,4.070195011322831,0.554871332051183
gross95,2013,6,2013-08-13,0.4155896467868954,1.0,-1.701177493665134,77.99525181362955,7.963398385487307,3.493663012641055,0.5487257770726506
gross95,2013,6,2013-08-14,0.4231647418628102,,3.482796466103377,,7.963398385487307,2.1133200169157154,0.5780738020958068
gross95,2013,6,2013-08-15,0.4307202203610921,1.01,6.438414802498801,84.66712519895714,7.963398385487307,1.5929922610945926,0.6363414718881709
gross95,2013,6,2013-08-16,0.4382563502100741,,8.542343647029526,,7.963398385487307,1.2099624514194454,0.6896592080575153
gross95,2013,6,2013-08-17,0.4457733927780448,,10.207959745459794,,7.963398385487307,0.9193735005341434,0.6879437764166562
gross95,2013,6,2013-08-18,0.4532716031033464,,13.3754642585011,,7.963398385487307,2.7766341784769195,0.6333274022039799
gross95,2013,6,2013-08-19,0.4607512301140167,,15.92433449713928,,7.963398385487307,1.7779640809422856,0.7673811152309818
gross95,2013,6,2013-08-20,0.4682125168375573,1.035,17.756029229951174,100.08384623732735,7.963398385487307,1.0890262604241123,0.7415844813309466
gross95,2013,6,2013-08-21,0.47565570060137,,10.274292431875113,,7.963398385487307,5.181215390566515,0.7317125021917117
gross95,2013,6,2013-08-22,0.48308101322437086,1.045,7.792860684112435,91.87138398181416,7.963398385487307,3.8349946873258647,0.5414693310693883
gross95,2013,6,2013-08-23,0.49048868120025363,,12.85629816484612,,7.963398385487307,4.387656636342364,0.6757483101854415
gross95,2013,6,2013-08-24,0.49787892587285293,,15.572925029833952,,7.963398385487307,2.087701354033424,0.6289153225503447
gross95,2013,6,2013-08-25,0.5052519636040198,1.05,17.384160742619834,102.31915139274787,7.963398385487307,1.8977401034815782,0.6564327676739325
gross95,2013,6,2013-08-26,0.5126080059344027,,13.82292679210162,,7.963398385487307,5.264455343105972,0.7426144314079577
gross95,2013,6,2013-08-27,0.5199472597374999,1.05,18.62479626042909,103.50645598848209,7.963398385487307,4.056753149011837,0.7184816722084664
gross95,2013,6,2013-08-28,0.5272699273673314,,19.800173902683714,,7.963398385487307,2.297955488258436,0.6288478968904112
gross95,2013,6,2013-08-29,0.5345762068000486,1.05,21.4411116091362,106.26968235202116,7.963398385487307,0.8320151364516909,0.7824078419385694
gross95,2013,6,2013-08-30,0.5418662917697907,,22.511782136148167,,7.912728235261746,0.46857707076481675,0.5756375139843375
gross95,2013,6,2013-08-31,0.5418662917697907,,23.497145913921813,,7.85560992308422,0.39752608154946933,0.5878376946734125
gross95,2013,6,2013-09-01,0.5418662917697907,,24.399602385479746,,7.79122287130944,0.3449282198533705,0.5575282512431253
gross95,2013,6,2013-09-02,0.5418662917697907,,25.351501328054702,,7.718642077546428,0.3463598740221073,0.6055390684105073
gross95,2013,6,2013-09-03,0.5418662917697907,,26.18467725173364,,7.636824825815509,0.5366015817366776,0.5505743418983652
gross95,2013,6,2013-09-04,0.5418662917697907,1.05,26.989492960037854,111.79160775844795,7.544595706598963,0.27917998910630604,0.525635719184364
gross95,2013,6,2013-09-05,0.5418662917697907,,27.934655799331537,,7.440629730579194,0.322363705684451,0.6227991336050658
gross95,2013,6,2013-09-06,0.5418662917697907,1.05,28.899874456400774,113.7019892548054,7.323433293471683,0.32408734328577626,0.6411313137821852
gross95,2013,6,2013-09-07,0.5418662917697907,,29.71560015820191,,7.191322718488161,0.2713799708093213,0.5443457309914254
gross95,2013,6,2013-09-08,0.5418662917697907,,30.51400023398572,,7.042400068165044,0.27674041992808457,0.5216596558556255
gross95,2013,6,2013-09-09,0.5418662917697907,,6.937304678884714,,6.874525878063101,3.836671810582237,0.4011040877470102
gross95,2013,6,2013-09-10,0.5418662917697907,,7.048043178964909,,6.685288420623026,2.1931593297266985,0.20357917035347153
gross95,2013,6,2013-09-11,0.5418662917697907,,4.031331208319961,,6.471969057612919,1.4119138585402393,0.12255577125262868
gross95,2013,6,2013-09-12,0.5418662917697907,,-4.316390141903312,,6.231503183411208,0.8883319726650655,0.06301319378271521
gross95,2013,6,2013-09-13,0.5418662917697907,,-10.79533266369888,,5.9604361980252865,2.3972201452359307,0.18351080122003116
gross95,2013,6,2013-09-14,0.5418662917697907,,-6.001735181661762,,5.654873877341998,3.5255496241987894,0.24219293476747122
gross95,2013,6,2013-09-15,0.5418662917697907,,-14.446644964856393,,5.310426427615035,0.5632579220825181,0.020265131386648417
gross95,2013,6,2013-09-16,0.5418662917697907,,-5.786055741909697,,4.922145420460419,2.345850379239886,0.11238690771515927
gross95,2013,6,2013-09-17,0.5418662917697907,1.05,1.9402054179031598,67.9161208821775,4.484452702350559,3.6942438068018224,0.15725588277532793
gross95,2013,6,2013-09-18,0.5418662917697907,,5.960890794102032,,3.9910602573008083,3.078235738843742,0.1278922259527204
gross95,2013,6,2013-09-19,0.5418662917697907,,8.442071673795864,,3.434879871473441,2.825792416341539,0.040846449604536796
gross95,2013,6,2013-09-20,0.5418662917697907,,10.27045700113519,,2.8079213019155116,1.7180549381284724,0.03195182667878683
gross95,2013,6,2013-09-21,0.5418662917697907,,11.822834025126205,,2.101177486494206,1.4957894440538464,0.033199758231036575
gross95,2013,6,2013-09-22,0.5418662917697907,,10.355716030631118,,1.304495145923531,3.3405853604793068,0.011286654805690684
gross95,2013,6,2013-09-23,0.5418662917697907,,-3.0503714620332625,,0.4064289189147764,4.0663396838087245,0.0005725131426888966
gross95,2013,7,2013-05-15,0.08,,3.5750575433999776,,0.0,4.468821929249998,0.0
gross95,2013,7,2013-05-16,0.08,,5.7824002357199955,,0.0,2.759178365400051,0.0
gross95,2013,7,2013-05-17,0.08,,7.460181263486801,,0.0,2.097226284708515,0.0
gross95,2013,7,2013-05-18,0.08,,8.542294799514062,,0.0,1.3526419200340798,0.0
gross95,2013,7,2013-05-19,0.08,,10.565062571331902,,0.0,2.782459714772308,0.0
gross95,2013,7,2013-05-20,0.08,,10.66962538424052,,0.4875,4.448703516135788,0.0
gross95,2013,7,2013-05-21,0.08,,12.149654448399074,,0.5738742470010385,2.866036330198201,0.0
gross95,2013,7,2013-05-22,0.08,,13.048384797278787,,0.6755521053764285,2.1394129360996583,0.0
gross95,2013,7,2013-05-23,0.08,,13.580305475840223,,0.6693127862307413,0.6649008482018102,0.0
gross95,2013,7,2013-05-24,0.08,,13.893055555555556,,0.6619209548482653,0.9093810455592738,0.0
gross95,2013,7,2013-05-25,0.08,,13.893055555555556,,0.6531637219016666,0.7549633909756408,0.0
gross95,2013,7,2013-05-26,0.08,,13.893055555555556,,0.6427888736519074,0.7399773728722208,0.0
gross95,2013,7,2013-05-27,0.08,,13.893055555555556,,0.6304976080361702,0.693408484580374,0.0
gross95,2013,7,2013-05-28,0.08,,13.893055555555556,,0.6159359289831668,2.407348429251132,0.0
gross95,2013,7,2013-05-29,0.08,,9.876697397905934,,0.5986844511067813,2.853552302937975,0.0
gross95,2013,7,2013-05-30,0.08,,13.893055555555556,,0.5782463211468956,5.224011026358109,0.0
gross95,2013,7,2013-05-31,0.08,,13.893055555555556,,0.5540329082874117,0.6570140616223447,0.0
gross95,2013,7,2013-06-01,0.08,,13.893055555555556,,0.5253468512237498,0.5220822607104458,0.0
gross95,2013,7,2013-06-02,0.08,,13.893055555555556,,0.49136197372485746,0.5156341355089056,0.0
gross95,2013,7,2013-06-03,0.08,,13.893055555555556,,0.45109949024546064,0.5852827361845605,0.0
gross95,2013,7,2013-06-04,0.08,,13.893055555555556,,0.40339981629543586,6.122004412460784,0.0
gross95,2013,7,2013-06-05,0.08,,13.893055555555556,,0.3468891716874604,0.23387583222973524,0.0
gross95,2013,7,2013-06-06,0.08,0.09,13.893055555555556,15.6296875,0.2799400148157657,0.42730060903340966,0.0
gross95,2013,7,2013-06-07,0.08,,3.907569879000506,,0.32953921068278375,6.6913554581699595,0.016787446136230167
gross95,2013,7,2013-06-08,0.0905004365499774,,8.672280884619843,,0.34925256851314074,4.698122238927836,0.0
gross95,2013,7,2013-06-09,0.0905004365499774,,10.727543800688034,,0.34602192347045313,2.2709977922959763,0.0
gross95,2013,7,2013-06-10,0.0905004365499774,0.13,11.971085464000758,15.10352448795578,0.34219359821964124,1.37407255778927,0.0
gross95,2013,7,2013-06-11,0.0905004365499774,,13.177512997994402,,0.3376570199102486,1.3330626679656126,0.0
gross95,2013,7,2013-06-12,0.0905004365499774,0.15,14.05348956930198,18.655092100060667,0.332281159342266,0.9679252440112147,0.0
gross95,2013,7,2013-06-13,0.0905004365499774,,3.24385800574156,,0.39115405150805127,7.313605153317004,0.027108193887699833
gross95,2013,7,2013-06-14,0.10042097240590468,0.17,9.636497638271369,13.987203611462714,0.4338692763778478,6.025818464069267,0.0
gross95,2013,7,2013-06-15,0.10042097240590468,,11.74141907347287,,0.42985752182689546,2.1049214352015095,0.0
gross95,2013,7,2013-06-16,0.10042097240590468,,12.957309331189798,,0.4251038767825001,1.2158902577169413,0.0
gross95,2013,7,2013-06-17,0.10042097240590468,,13.890326040250699,,0.4194711440414753,0.9330167090609087,0.0
gross95,2013,7,2013-06-18,0.10042097240590468,,14.720909753072636,,0.412796754633873,0.8305837128219463,0.0
gross95,2013,7,2013-06-19,0.10042097240590468,0.22,15.57685921697691,21.80343474036037,0.40488807584287323,0.8559494639042814,0.0
gross95,2013,7,2013-06-20,0.10042097240590468,,4.902574345136393,,0.47662531209031433,8.7216697666436,0.048045361515880985
gross95,2013,7,2013-06-21,0.10983564066468025,0.24,10.022746417176988,15.660632290167204,0.5018941844975044,4.531482421647373,0.0
gross95,2013,7,2013-06-22,0.10983564066468025,,11.989635551166382,,0.49725493590142844,1.9668891339894057,0.0
gross95,2013,7,2013-06-23,0.10983564066468025,,13.372599746446213,,0.4917580313212432,1.3829641952798497,0.0
gross95,2013,7,2013-06-24,0.10983564066468025,,14.469637109425511,,0.4852449162471301,1.605037362979321,0.0
gross95,2013,7,2013-06-25,0.10983564066468025,0.29,15.349975612569553,20.98786148555977,0.47752772426210754,0.8803385031440562,0.0
gross95,2013,7,2013-06-26,0.10983564066468025,,11.613339786517233,,0.562135103965203,7.853364173947674,0.0
gross95,2013,7,2013-06-27,0.10983564066468025,0.32,14.235628268369974,24.70726414136018,0.5569405020905053,2.6222884818527517,0.0
gross95,2013,7,2013-06-28,0.10983564066468025,,15.28286444745074,,0.5507858502759878,1.8092361790807774,0.0
gross95,2013,7,2013-06-29,0.10983564066468025,,15.943537750212986,,0.5434937151188259,1.422673302762264,0.0
gross95,2013,7,2013-06-30,0.10983564066468025,0.365,16.501092913236132,37.84866628622633,0.5348538705341352,0.5575551630231477,0.0
gross95,2013,7,2013-07-01,0.10983564066468025,,11.474714122106594,,0.5975338496952785,7.071621208870464,0.0
gross95,2013,7,2013-07-02,0.10983564066468025,0.395,14.264717627960804,42.86291600095102,0.5920130591301417,2.7900035058542345,0.0
gross95,2013,7,2013-07-03,0.10983564066468025,,15.207918692712106,,0.5854721044862787,0.9432010647513097,0.0
gross95,2013,7,2013-07-04,0.10983564066468025,0.425,16.013304086764673,51.86212745975487,0.5777224738585117,0.8053853940525819,0.0
gross95,2013,7,2013-07-05,0.10983564066468025,,1.483283816713014,,0.6800821531510369,5.59055113934447,0.06242859060387249
gross95,2013,7,2013-07-06,0.11849770474503123,,6.347571195934782,,0.8005777098223513,4.49123753772677,0.08541976649024825
gross95,2013,7,2013-07-07,0.12711987922537998,,10.550275165070135,,0.8745791891684278,4.425568150331036,0.0
gross95,2013,7,2013-07-08,0.12711987922537998,,12.788025784702448,,0.866509281941241,2.2377506196323296,0.0
gross95,2013,7,2013-07-09,0.12711987922537998,0.5,14.273866296251134,67.16848627543223,0.8569501235756336,1.4858405115487008,0.0
gross95,2013,7,2013-07-10,0.12711987922537998,,-2.3370847387186258,,1.0087827833526433,7.302631338911909,0.12141762611832929
gross95,2013,7,2013-07-11,0.1355917023130639,0.54,6.9557744858073365,67.03147482817995,1.1875168414033024,6.630305533954832,0.1761340537626592
gross95,2013,7,2013-07-12,0.14402521125949724,,5.55734896919878,,1.3979186321258907,6.064095671965142,0.1403449592685528
gross95,2013,7,2013-07-13,0.15242686483384044,,4.5169646190705315,,1.6455989792409582,5.647219412879321,0.1542865219763633
gross95,2013,7,2013-07-14,0.16079457044079487,0.6,8.07613491325592,81.84282338666051,1.9275729247822604,4.138128046831677,0.16802394555955283
gross95,2013,7,2013-07-15,0.16912904710213889,,-2.4150835885105892,,2.269096329741557,4.64461622655428,0.1762152668517772
gross95,2013,7,2013-07-16,0.1774309867029819,0.64,6.291752837565105,86.72972940754484,2.671130148929756,7.1268352468783736,0.3567392805999124
gross95,2013,7,2013-07-17,0.18570105545042498,,9.967643750985868,,3.00609018829388,3.2928266038183214,0.39857966445704623
gross95,2013,7,2013-07-18,0.1939389276999907,0.68,12.229205875486073,100.8276141445627,3.3886643845402307,5.067154390358255,0.22482407838427318
gross95,2013,7,2013-07-19,0.20198375364108467,,3.12818567899123,,3.989060968240537,4.198830633313812,0.2855725889691222
gross95,2013,7,2013-07-20,0.21016197010847204,,9.037084056320015,,4.679886428024061,5.466076833364148,0.4428261287956269
gross95,2013,7,2013-07-21,0.21831074958187457,,12.736072873480136,,5.0800951094763604,3.5261684365314485,0.4268108565094581
gross95,2013,7,2013-07-22,0.22642683578913497,,15.204503072701504,,5.073656774745764,2.1600128649388393,0.3084120431020393
gross95,2013,7,2013-07-23,0.23425978651570234,0.78,16.612119395531458,125.58018873023946,5.036694368285201,1.246668859887146,0.16094534026517582
gross95,2013,7,2013-07-24,0.24120949748961015,,4.399116251149764,,5.329120861735609,4.735304186727071,0.4366919217751988
gross95,2013,7,2013-07-25,0.24924591011082994,0.82,7.518682031493873,124.07029204978315,5.329120861735609,2.8625510948848896,0.25701444948987195
gross95,2013,7,2013-07-26,0.25725548894762396,,11.74616259574654,,5.329120861735609,4.191561322028604,0.5439191674919943
gross95,2013,7,2013-07-27,0.26523870505817526,,13.894220266785613,,5.329120861735609,2.367643747186204,0.28841390090791574
gross95,2013,7,2013-07-28,0.2731960147229546,0.88,14.839199914503203,141.8976848282265,5.329120861735609,1.2439096541788912,0.20906998664979093
gross95,2013,7,2013-07-29,0.2811278601068439,,-32.322877372781726,,5.329120861735609,1.9182399125856564,0.17169876629726583
gross95,2013,7,2013-07-30,0.2890346698829389,0.91,-2.824676228376608,105.28426567562613,5.329120861735609,5.418926188654348,0.4992784798623594
gross95,2013,7,2013-07-31,0.2969168598207397,,6.92185994266938,,5.329120861735609,4.86016942342249,0.5448600127181998
gross95,2013,7,2013-08-01,0.3047748333412068,0.93,10.277284492945613,116.4300748827914,5.329120861735609,1.8181665538422258,0.4203215505157236
gross95,2013,7,2013-08-02,0.312608982040961,,-11.98980058259294,,5.329120861735609,6.153227278943499,0.5666744084418162
gross95,2013,7,2013-08-03,0.3204196861877202,,-15.123392633047446,,5.329120861735609,5.093688333167049,0.46902573037259343
gross95,2013,7,2013-08-04,0.3282073151888987,,-0.9679767398025012,,5.329120861735609,4.853528453073949,0.4533719530545231
gross95,2013,7,2013-08-05,0.3359722280351476,,5.359017852585137,,5.329120861735609,2.9233683331018754,0.48715298462244094
gross95,2013,7,2013-08-06,0.3437147737204662,0.965,8.413700415732007,100.87445788351924,5.329120861735609,1.7905958960772175,0.4909204739845686
gross95,2013,7,2013-08-07,0.35143529164039977,,-6.9262536997182576,,5.329120861735609,3.4510391034847854,0.2990362837309062
gross95,2013,7,2013-08-08,0.35913411196972067,0.975,-0.8375812226099025,90.2440593960863,5.329120861735609,2.810849971879325,0.2475303201387229
gross95,2013,7,2013-08-09,0.3668115560208802,,5.796556112713846,,5.329120861735609,4.637795076322224,0.42931207471968663
gross95,2013,7,2013-08-10,0.3744679365844301,,9.39999912303865,,5.329120861735609,2.662577687334184,0.4828895335242779
gross95,2013,7,2013-08-11,0.3821035582525214,0.99,11.076180686534665,102.69470435866387,5.329120861735609,1.2633927046269897,0.3479591360502644
gross95,2013,7,2013-08-12,0.38971871772650846,,-9.386944943227896,,5.329120861735609,4.266461139901336,0.37792552970342114
gross95,2013,7,2013-08-13,0.3973137041096111,1.0,-1.924688530666907,87.1236308348663,5.329120861735609,3.548625740338036,0.37376823292633293
gross95,2013,7,2013-08-14,0.4048887991855259,,3.225414201718599,,5.329120861735609,2.168590236656156,0.3937888431431196
gross95,2013,7,2013-08-15,0.41244427768380776,1.01,6.045706644940488,93.53892028899261,5.329120861735609,1.6682502139128041,0.4335143270809577
gross95,2013,7,2013-08-16,0.41998040753278976,,-0.7101281122282926,,5.329120861735609,5.113049175274801,0.46987342789307157
gross95,2013,7,2013-08-17,0.42749745010076046,,5.059928041850613,,5.329120861735609,5.004701182045148,0.46874044189542363
gross95,2013,7,2013-08-18,0.4349956604260621,,8.933368249684033,,5.329120861735609,3.524142315352966,0.43155972056892294
gross95,2013,7,2013-08-19,0.44247528743673237,,11.79396685229585,,5.329120861735609,2.306353207430091,0.5229460527582038
gross95,2013,7,2013-08-20,0.449936574160273,1.035,13.75012610620782,104.9109388568385,5.329120861735609,1.4413834014655904,0.5054050598284194
gross95,2013,7,2013-08-21,0.4573797579240857,,-7.202272771865972,,5.329120861735609,5.431055283546818,0.4987152071874912
gross95,2013,7,2013-08-22,0.46480507054708653,1.045,-6.7604825187973665,83.51476326778159,5.329120861735609,4.019919379707117,0.36907888060502053
gross95,2013,7,2013-08-23,0.4722127385229693,,1.739283191660924,,5.329120861735609,4.6685214585949915,0.4606419739672434
gross95,2013,7,2013-08-24,0.4796029831955686,,6.220954135158322,,5.329120861735609,2.404507783829044,0.42874980681793523
gross95,2013,7,2013-08-25,0.48697602092673553,1.05,10.221813411299053,95.84021815585373,5.329120861735609,3.8019174547044465,0.4475434934918995
gross95,2013,7,2013-08-26,0.4943320632571184,,-2.943033492414978,,5.329120861735609,5.51830909369814,0.506339288740975
gross95,2013,7,2013-08-27,0.5016713170602156,1.05,3.6700872531774578,88.18264118602869,5.329120861735609,5.112852360889431,0.4899222868464382
gross95,2013,7,2013-08-28,0.5089939846900471,,7.166533299137004,,5.329120861735609,4.109957434251312,0.4288351613854875
gross95,2013,7,2013-08-29,0.5163002641227643,1.05,10.605588994950832,94.11307162583546,5.329120861735609,2.6360434552304555,0.5335943889395537
gross95,2013,7,2013-08-30,0.5235903490925065,,-7.699617514047144,,5.295212303911048,4.336325866596494,0.3925711119093247
gross95,2013,7,2013-08-31,0.5235903490925065,,-0.0517571086479792,,5.25698862423591,4.493733079037169,0.4008782759604495
gross95,2013,7,2013-09-01,0.5235903490925065,,5.717602429853258,,5.213900690639123,3.358028487167436,0.3801909543006459
gross95,2013,7,2013-09-02,0.5235903490925065,,8.95689508370766,,5.1653294898175375,2.0905060829534228,0.41290493928858835
gross95,2013,7,2013-09-03,0.5235903490925065,,12.416454256904096,,5.11057723431771,3.1976170049780217,0.3753956343086111
gross95,2013,7,2013-09-04,0.5235903490925065,1.05,14.491466902867362,92.24563482938825,5.048857337926225,1.6750556597788855,0.3583561072738036
gross95,2013,7,2013-09-05,0.5235903490925065,,2.94993999504566,,4.979283115352183,5.311545880484803,0.42454612327773833
gross95,2013,7,2013-09-06,0.5235903490925065,1.05,8.717347961604837,86.45543311084509,4.900855043858369,5.326728037848451,0.43697823984592316
gross95,2013,7,2013-09-07,0.5235903490925065,,11.573173343385122,,4.812446403838096,2.483767786563408,0.3709464208599249
gross95,2013,7,2013-09-08,0.5235903490925065,,13.607524238242553,,4.712787092046261,1.654734082299205,0.37928207074055653
gross95,2013,7,2013-09-09,0.5235903490925065,,-9.502136113715174,,4.600445374940958,4.0095238046976,0.27321013102864505
gross95,2013,7,2013-09-10,0.5235903490925065,,-5.777930795656162,,4.473807319999041,2.2907945376303904,0.1386273940655537
gross95,2013,7,2013-09-11,0.5235903490925065,,-5.003071000396487,,4.3310536095101835,1.473926775408291,0.08342677233447683
gross95,2013,7,2013-09-12,0.5235903490925065,,-10.846046187112416,,4.170133403749885,0.9267572210672143,0.042878196264494815
gross95,2013,7,2013-09-13,0.5235903490925065,,-12.922518215740148,,3.988734878042509,2.4991361019223377,0.12481721445879804
gross95,2013,7,2013-09-14,0.5235903490925065,,-6.059361038063934,,3.7842520104415045,3.670963317481687,0.16464684127404605
gross95,2013,7,2013-09-15,0.5235903490925065,,-14.342065482232789,,3.5537471428893763,0.5862252400128961,0.013768543475113441
gross95,2013,7,2013-09-16,0.5235903490925065,,-5.61006310305182,,3.293908778000545,2.4391301559963785,0.07630699659667761
gross95,2013,7,2013-09-17,0.5235903490925065,1.05,2.124574017028161,44.79643030152149,3.0010040051638818,3.837012826261087,0.10669015457003352
gross95,2013,7,2013-09-18,0.5235903490925065,,6.100062753457462,,2.6708248725049972,3.125664363947555,0.0866929664884959
gross95,2013,7,2013-09-19,0.5235903490925065,,8.694827895650004,,2.2986279342729006,2.9694812274762,0.027660742064964414
gross95,2013,7,2013-09-20,0.5235903490925065,,10.566848827770485,,1.8790661051718913,1.7683094936060046,0.021613037908373763
gross95,2013,7,2013-09-21,0.5235903490925065,,12.125732216197727,,1.4061118426389354,1.5146501634465137,0.022428431693738426
gross95,2013,7,2013-09-22,0.5235903490925065,,10.725661501101461,,0.8729705534816726,3.411793412457859,0.00761373608556122
gross95,2013,7,2013-09-23,0.5235903490925065,,-2.615421557575339,,0.2719829808525705,4.131681447345643,0.00038556868324654385
gross95,2013,8,2013-05-15,0.08,,3.5750575433999776,,0.0,4.468821929249998,0.0
gross95,2013,8,2013-05-16,0.08,,5.7824002357199955,,0.0,2.759178365400051,0.0
gross95,2013,8,2013-05-17,0.08,,7.460181263486801,,0.0,2.097226284708515,0.0
gross95,2013,8,2013-05-18,0.08,,8.542294799514062,,0.0,1.3526419200340798,0.0
gross95,2013,8,2013-05-19,0.08,,10.565062571331902,,0.0,2.782459714772308,0.0
gross95,2013,8,2013-05-20,0.08,,10.66962538424052,,0.4875,4.448703516135788,0.0
gross95,2013,8,2013-05-21,0.08,,12.149654448399074,,0.5738742470010385,2.866036330198201,0.0
gross95,2013,8,2013-05-22,0.08,,13.048384797278787,,0.6755521053764285,2.1394129360996583,0.0
gross95,2013,8,2013-05-23,0.08,,13.580305475840223,,0.6693127862307413,0.6649008482018102,0.0
gross95,2013,8,2013-05-24,0.08,,13.893055555555556,,0.6619209548482653,0.9093810455592738,0.0
gross95,2013,8,2013-05-25,0.08,,13.893055555555556,,0.6531637219016666,0.7549633909756408,0.0
gross95,2013,8,2013-05-26,0.08,,13.893055555555556,,0.6427888736519074,0.7399773728722208,0.0
gross95,2013,8,2013-05-27,0.08,,13.893055555555556,,0.6304976080361702,0.693408484580374,0.0
gross95,2013,8,2013-05-28,0.08,,13.893055555555556,,0.6159359289831668,2.407348429251132,0.0
gross95,2013,8,2013-05-29,0.08,,9.876697397905934,,0.5986844511067813,2.853552302937975,0.0
gross95,2013,8,2013-05-30,0.08,,13.893055555555556,,0.5782463211468956,5.224011026358109,0.0
gross95,2013,8,2013-05-31,0.08,,13.893055555555556,,0.5540329082874117,0.6570140616223447,0.0
gross95,2013,8,2013-06-01,0.08,,13.893055555555556,,0.5253468512237498,0.5220822607104458,0.0
gross95,2013,8,2013-06-02,0.08,,13.893055555555556,,0.49136197372485746,0.5156341355089056,0.0
gross95,2013,8,2013-06-03,0.08,,13.893055555555556,,0.45109949024546064,0.5852827361845605,0.0
gross95,2013,8,2013-06-04,0.08,,13.893055555555556,,0.40339981629543586,6.122004412460784,0.0
gross95,2013,8,2013-06-05,0.08,,13.893055555555556,,0.3468891716874604,0.23387583222973524,0.0
gross95,2013,8,2013-06-06,0.08,0.09,13.893055555555556,15.6296875,0.2799400148157657,0.42730060903340966,0.0
gross95,2013,8,2013-06-07,0.08,,2.539569879000503,,0.32953921068278375,6.6913554581699595,0.016787446136230167
gross95,2013,8,2013-06-08,0.0905004365499774,,7.7448586009420834,,0.3760621655333629,5.383351178110239,0.0
gross95,2013,8,2013-06-09,0.0905004365499774,,10.12384869802721,,0.37258396927036125,2.6287056590841793,0.0
gross95,2013,8,2013-06-10,0.0905004365499774,0.13,11.496583249576815,14.579215177953827,0.36846237676318794,1.5168264418167123,0.0
gross95,2013,8,2013-06-11,0.0905004365499774,,12.799424510797966,,0.36357837266718956,1.439596659295317,0.0
gross95,2013,8,2013-06-12,0.0905004365499774,0.15,13.732683082079928,18.300611503666094,0.35779092619638625,1.0312199662888903,0.0
gross95,2013,8,2013-06-13,0.0905004365499774,,1.633901245351144,,0.4211835863687288,7.309820018046893,0.03142476048251846
gross95,2013,8,2013-06-14,0.10042097240590468,0.17,8.080323381427013,12.431029354618358,0.48824797419860927,6.248593372294813,0.0
gross95,2013,8,2013-06-15,0.10042097240590468,,10.347018460121621,,0.4837345722948782,2.2666950786946267,0.0
gross95,2013,8,2013-06-16,0.10042097240590468,,11.665497671960967,,0.47838672569004875,1.3184792118393462,0.0
gross95,2013,8,2013-06-17,0.10042097240590468,,12.681110207286542,,0.4720501609615357,1.0156125353255927,0.0
gross95,2013,8,2013-06-18,0.10042097240590468,,13.587938910345512,,0.464542082378583,0.9068287030589897,0.0
gross95,2013,8,2013-06-19,0.10042097240590468,0.22,14.52518892509399,20.751764448477452,0.4556458986539641,0.9372500147484908,0.0
gross95,2013,8,2013-06-20,0.10042097240590468,,3.7596999883899502,,0.5363763015162157,8.712685579968605,0.06082548332735163
gross95,2013,8,2013-06-21,0.10983564066468025,0.24,8.877647417148822,14.51553329013904,0.5996757379347644,4.529257778365661,0.0
gross95,2013,8,2013-06-22,0.10983564066468025,,10.921421815451254,,0.594135214028453,2.0437743983024337,0.0
gross95,2013,8,2013-06-23,0.10983564066468025,,12.376312175661651,,0.5875708899843496,1.4548903602104097,0.0
gross95,2013,8,2013-06-24,0.10983564066468025,,13.744847924854978,,0.5797935839236523,1.87653574919335,0.0
gross95,2013,8,2013-06-25,0.10983564066468025,0.29,14.78876298634837,20.426648859338588,0.5705791561843494,1.0439150614933994,0.0
gross95,2013,8,2013-06-26,0.10983564066468025,,11.039434387415499,,0.6558577373546459,7.840671401067127,0.0
gross95,2013,8,2013-06-27,0.10983564066468025,0.32,13.857928209546618,24.329564082536827,0.6497997483236853,2.818493822131134,0.0
gross95,2013,8,2013-06-28,0.10983564066468025,,14.999886860853605,,0.642622637598826,1.903958651307,0.0
gross95,2013,8,2013-06-29,0.10983564066468025,,15.708422899593282,,0.6341196644020058,1.4705360387396906,0.0
gross95,2013,8,2013-06-30,0.10983564066468025,0.365,16.300738985241782,37.64831235823198,0.6240458957285736,0.5923160856485176,0.0
gross95,2013,8,2013-07-01,0.10983564066468025,,11.26160926509911,,0.702079914824193,7.058870279857334,0.0
gross95,2013,8,2013-07-02,0.10983564066468025,0.395,14.101808980763986,42.700007353754195,0.6955964020889173,2.8401997156648866,0.0
gross95,2013,8,2013-07-03,0.10983564066468025,,15.08069299222164,,0.6879154206182195,0.978884011457676,0.0
gross95,2013,8,2013-07-04,0.10983564066468025,0.425,15.91071704131962,51.75954041430982,0.6788158045980017,0.8300240490979989,0.0
gross95,2013,8,2013-07-05,0.10983564066468025,,1.3800913049185386,,0.7990869922381176,5.579072272020875,0.07330199157805116
gross95,2013,8,2013-07-06,0.11849770474503123,,6.149620026698164,,0.9406675814543066,4.38161331797461,0.10028532880026515
gross95,2013,8,2013-07-07,0.12711987922537998,,10.291655421000348,,1.0375126350291548,4.3648995754978985,0.0
gross95,2013,8,2013-07-08,0.12711987922537998,,12.532581636485332,,1.0279466807850306,2.2409262154849885,0.0
gross95,2013,8,2013-07-09,0.12711987922537998,0.5,14.030247062639184,66.92486704182029,1.0166167483971973,1.497665426153864,0.0
gross95,2013,8,2013-07-10,0.12711987922537998,,-2.581954908098017,,1.1967388122565865,7.278915197265662,0.14388283199713914
gross95,2013,8,2013-07-11,0.1355917023130639,0.54,6.775221842829409,66.7295545222064,1.4087745328013654,6.5361917932610565,0.21319765786228173
gross95,2013,8,2013-07-12,0.14402805158235593,,5.35954858267584,,1.658378306062817,6.036756461664369,0.1662421307870956
gross95,2013,8,2013-07-13,0.15242970515669912,,4.301747020070774,,1.9522063623275014,5.6172146911122125,0.1827056724718406
gross95,2013,8,2013-07-14,0.16079741076365356,0.6,7.816898945721784,81.509624773511,2.289046142572167,4.078791024604225,0.1991102706649057
gross95,2013,8,2013-07-15,0.16913188742499757,,-2.0268501990101937,,2.6946146285522743,4.610269780945784,0.20873612600157707
gross95,2013,8,2013-07-16,0.1774338270258406,0.64,6.537571997348128,87.14430951886037,3.1720409044480395,7.145796354942428,0.42238248345959295
gross95,2013,8,2013-07-17,0.18570389577328367,,10.225881798873965,,3.5562398322590165,3.290212431551614,0.45145309647230203
gross95,2013,8,2013-07-18,0.19393609538346984,0.68,12.396663060403121,101.19782662715951,3.9904674428431113,4.945092648377975,0.2522589318972827
gross95,2013,8,2013-07-19,0.20194766318631985,,3.298576236811789,,4.697490254243589,4.146706857987196,0.3348601534001448
gross95,2013,8,2013-07-20,0.21012587965370721,,9.198224619990938,,5.507137090942239,5.381141225330222,0.5185084413036005
gross95,2013,8,2013-07-21,0.21827465912710975,,12.84519569271265,,5.954082484351845,3.4071343783330303,0.4938341420533527
gross95,2013,8,2013-07-22,0.22638966470874694,,15.305992071135552,,5.945149394982164,2.1055121594078647,0.35528279727061884
gross95,2013,8,2013-07-23,0.23421166873494495,0.78,16.705754143265597,125.8708182834919,5.900529281025122,1.2199445054892186,0.17981699575721805
gross95,2013,8,2013-07-24,0.24106672387766334,,4.4884314416087445,,6.243109346636504,4.6589553072663605,0.5087217899524458
gross95,2013,8,2013-07-25,0.24910313649888313,0.82,7.604228420920428,124.35283396337334,6.243109346636504,2.8163972344621344,0.2993996815338313
gross95,2013,8,2013-07-26,0.25711271533567714,,11.868594728571663,,6.243109346636504,4.138763958133328,0.6336023294526978
gross95,2013,8,2013-07-27,0.26509593144622845,,14.034158912048909,,6.243109346636504,2.337604469644034,0.3359597076697911
gross95,2013,8,2013-07-28,0.2730532411110078,0.88,14.999916827967152,142.2553973423403,6.243109346636504,1.2302285704972105,0.24352934356994133
gross95,2013,8,2013-07-29,0.28098508649489706,,-32.190641490395336,,6.243109346636504,1.8873114944550458,0.19999326842779766
gross95,2013,8,2013-07-30,0.2888918962709921,0.91,-2.826030562220055,105.63423471912819,6.243109346636504,5.331555044991871,0.5815400689131627
gross95,2013,8,2013-07-31,0.29677408620879286,,6.954312103895128,,6.243109346636504,4.807338637946568,0.6346149833664501
gross95,2013,8,2013-08-01,0.30463205972926,0.93,10.344001310081339,116.85199282830398,6.243109346636504,1.7839644292649393,0.48954839193118177
gross95,2013,8,2013-08-02,0.3124662084290142,,-11.929173773698746,,6.243109346636504,6.054016755334218,0.6599881719397177
gross95,2013,8,2013-08-03,0.3202769125757734,,-15.126538454933124,,6.243109346636504,5.011561107285876,0.5462454074017661
gross95,2013,8,2013-08-04,0.32806454157695186,,-0.9632267692383323,,6.243109346636504,4.784485605340401,0.528000524673712
gross95,2013,8,2013-08-05,0.3358294544232008,,5.404274312592585,,6.243109346636504,2.8836339318231126,0.5673272472681775
gross95,2013,8,2013-08-06,0.3435720001085194,0.965,8.503025634924725,101.37573577906188,6.243109346636504,1.7539553156277716,0.5716997281748382
gross95,2013,8,2013-08-07,0.35129251802845296,,-6.938448828790618,,6.243109346636504,3.395396855777723,0.3482324917107488
gross95,2013,8,2013-08-08,0.35899133835777386,0.975,-0.857885615652408,90.63928605278221,6.243109346636504,2.7655297058050383,0.2882453870934976
gross95,2013,8,2013-08-09,0.3666687824089334,,5.791488437373979,,6.243109346636504,4.58480654279632,0.4999143701701422
gross95,2013,8,2013-08-10,0.3743251629724833,,9.44180593597009,,6.243109346636504,2.6308268488938613,0.5622880591700842
gross95,2013,8,2013-08-11,0.3819607846405746,0.99,11.156439547404156,103.19379003364216,6.243109346636504,1.2447881994859857,0.4051612103435899
gross95,2013,8,2013-08-12,0.38957594411456165,,-9.313403066837699,,6.243109346636504,4.197671572336243,0.4400422635994069
gross95,2013,8,2013-08-13,0.3971709304976643,1.0,-1.8862528708772648,87.63266616220923,6.243109346636504,3.503826279590369,0.43519017970775764
gross95,2013,8,2013-08-14,0.4047460255735791,,3.269845637858,,6.243109346636504,2.136389779274719,0.45848870682210247
gross95,2013,8,2013-08-15,0.41230150407186095,1.01,6.124184738255183,94.11940642433291,6.243109346636504,1.635988146764039,0.5047277959295374
gross95,2013,8,2013-08-16,0.41983763392084295,,2.306693375597013,,6.243109346636504,5.03060978811696,0.5470451620654558
gross95,2013,8,2013-08-17,0.42735467648881365,,7.836800833602497,,6.243109346636504,4.927594396360046,0.5457116754799051
gross95,2013,8,2013-08-18,0.43485288681411527,,11.505074772742402,,6.243109346636504,3.4035258135186854,0.5024122782935572
gross95,2013,8,2013-08-19,0.44233251382478556,,14.217798973950803,,6.243109346636504,2.1006427974694426,0.6087861272835818
gross95,2013,8,2013-08-20,0.4497938005483262,1.035,16.078856545229158,108.17464158043501,6.243109346636504,1.2716922646546462,0.5883502695265604
gross95,2013,8,2013-08-21,0.4572369843121389,,-0.03679310369009432,,6.243109346636504,5.343488578465814,0.5805471424629944
gross95,2013,8,2013-08-22,0.4646622969351397,1.045,-2.233052350590155,91.61346585086595,6.243109346636504,3.955104886686096,0.42962800291942593
gross95,2013,8,2013-08-23,0.4720699649110225,,3.65663624658613,,6.243109346636504,4.598344451213862,0.5361982548438353
gross95,2013,8,2013-08-24,0.4794602095836218,,7.106818486848353,,6.243109346636504,2.408416146419282,0.49906179316582056
gross95,2013,8,2013-08-25,0.4868332473147887,1.05,10.745346374250278,103.97674308705845,6.243109346636504,3.686759961489503,0.5209237123935666
gross95,2013,8,2013-08-26,0.4941892896451716,,1.4088869876846384,,6.243109346636504,5.429335566505814,0.5893441767084477
gross95,2013,8,2013-08-27,0.4941892896451716,1.05,7.0256093608058245,100.21146259891435,6.243109346636504,5.035818972761852,0.5702207958798271
gross95,2013,8,2013-08-28,0.4941892896451716,,9.73194599090584,,6.243109346636504,3.982058567963311,0.4991082232628132
gross95,2013,8,2013-08-29,0.4941892896451716,1.05,12.902635170160183,106.084373541703,6.243109346636504,2.5487263194239627,0.6210178321386377
gross95,2013,8,2013-08-30,0.4941892896451716,,0.3364289457240558,,6.203385189542319,4.266618096951149,0.4568927365187676
gross95,2013,8,2013-08-31,0.4941892896451716,,5.224818056562587,,6.158605831364096,4.421737743269345,0.4665663302758799
gross95,2013,8,2013-09-01,0.4941892896451716,,8.880091818187328,,6.1081279593201625,3.212751754662013,0.44249636191673913
gross95,2013,8,2013-09-02,0.4941892896451716,,11.330380839249958,,6.051226394185114,1.9696993560452956,0.4805819076626992
gross95,2013,8,2013-09-03,0.4941892896451716,,13.870639149053384,,5.987083672162278,2.357319146093316,0.4369368109068824
gross95,2013,8,2013-09-04,0.4941892896451716,1.05,15.64398370633516,108.82531762800411,5.914778300970222,1.3562254796992042,0.4171183622998585
gross95,2013,8,2013-09-05,0.4941892896451716,,6.926682508433707,,5.833271521426944,5.228515533518821,0.4941830506776234
gross95,2013,8,2013-09-06,0.4941892896451716,1.05,12.5045644153635,105.68589805263039,5.741392384344991,5.069201369780144,0.5086804706497134
gross95,2013,8,2013-09-07,0.4941892896451716,,15.122825402637718,,5.637820928347981,2.1864208037760187,0.4318401631721166
gross95,2013,8,2013-09-08,0.4941892896451716,,16.98325278866851,,5.521069216936367,1.418851230804509,0.44157614900516634
gross95,2013,8,2013-09-09,0.4941892896451716,,-6.273920047419165,,5.389459962375591,3.948937821955539,0.31810977651166433
gross95,2013,8,2013-09-10,0.4941892896451716,,-4.031500483119929,,5.24110242931145,2.2565732459254,0.161425586247398
gross95,2013,8,2013-09-11,0.4941892896451716,,-4.51996790561239,,5.073865271937281,1.4521918202967545,0.09715805486818704
gross95,2013,8,2013-09-12,0.4941892896451716,,-10.717871555650385,,4.885345914484093,0.9132901809397724,0.04994221317331732
gross95,2013,8,2013-09-13,0.4941892896451716,,-12.802112467456213,,4.672836035145201,2.4634198641025384,0.1454027164566362
gross95,2013,8,2013-09-14,0.4941892896451716,,-5.896744651627051,,4.433282657567817,3.620366792881815,0.1918351457506381
gross95,2013,8,2013-09-15,0.4941892896451716,,-14.256369631865562,,4.163244290941014,0.5781785221910204,0.016045408133214163
gross95,2013,8,2013-09-16,0.4941892896451716,,-5.46865053841943,,3.8588414885763687,2.406456422770937,0.08894628559483966
gross95,2013,8,2013-09-17,0.4941892896451716,1.05,2.180432674133381,63.34698089975923,3.5157011146919888,3.7870200604117317,0.12439496528824573
gross95,2013,8,2013-09-18,0.4941892896451716,,6.091117285204241,,3.1288935187209566,3.1096735549586003,0.10110985050682406
gross95,2013,8,2013-09-19,0.4941892896451716,,8.656589453816343,,2.6928617145727745,2.9567608279506716,0.032271769659365304
gross95,2013,8,2013-09-20,0.4941892896451716,,10.523404454514417,,2.201341547417224,1.7694274004906718,0.02522578262933023
gross95,2013,8,2013-09-21,0.4941892896451716,,12.08623921250798,,1.6472717010843647,1.5168629233068898,0.0261891119196027
gross95,2013,8,2013-09-22,0.4941892896451716,,10.662027121968505,,1.0226922532218308,3.386994847111009,0.008894853951282018
gross95,2013,8,2013-09-23,0.4941892896451716,,-2.7018853006828727,,0.3186303208243795,4.108979477219006,0.0004507039146355446
gross95,2013,9,2013-05-15,0.08,,3.5750575433999776,,0.0,4.468821929249998,0.0
gross95,2013,9,2013-05-16,0.08,,5.7824002357199955,,0.0,2.759178365400051,0.0
gross95,2013,9,2013-05-17,0.08,,7.460181263486801,,0.0,2.097226284708515,0.0
gross95,2013,9,2013-05-18,0.08,,8.542294799514062,,0.0,1.3526419200340798,0.0
gross95,2013,9,2013-05-19,0.08,,10.565062571331902,,0.0,2.782459714772308,0.0
gross95,2013,9,2013-05-20,0.08,,10.66962538424052,,0.4875,4.448703516135788,0.0
gross95,2013,9,2013-05-21,0.08,,12.149654448399074,,0.5738742470010385,2.866036330198201,0.0
gross95,2013,9,2013-05-22,0.08,,13.048384797278787,,0.6755521053764285,2.1394129360996583,0.0
gross95,2013,9,2013-05-23,0.08,,13.580305475840223,,0.6693127862307413,0.6649008482018102,0.0
gross95,2013,9,2013-05-24,0.08,,13.893055555555556,,0.6619209548482653,0.9093810455592738,0.0
gross95,2013,9,2013-05-25,0.08,,13.893055555555556,,0.6531637219016666,0.7549633909756408,0.0
gross95,2013,9,2013-05-26,0.08,,13.893055555555556,,0.6427888736519074,0.7399773728722208,0.0
gross95,2013,9,2013-05-27,0.08,,13.893055555555556,,0.6304976080361702,0.693408484580374,0.0
gross95,2013,9,2013-05-28,0.08,,13.893055555555556,,0.6159359289831668,2.407348429251132,0.0
gross95,2013,9,2013-05-29,0.08,,9.876697397905934,,0.5986844511067813,2.853552302937975,0.0
gross95,2013,9,2013-05-30,0.08,,13.893055555555556,,0.5782463211468956,5.224011026358109,0.0
gross95,2013,9,2013-05-31,0.08,,13.893055555555556,,0.5540329082874117,0.6570140616223447,0.0
gross95,2013,9,2013-06-01,0.08,,13.893055555555556,,0.5253468512237498,0.5220822607104458,0.0
gross95,2013,9,2013-06-02,0.08,,13.893055555555556,,0.49136197372485746,0.5156341355089056,0.0
gross95,2013,9,2013-06-03,0.08,,13.893055555555556,,0.45109949024546064,0.5852827361845605,0.0
gross95,2013,9,2013-06-04,0.08,,13.893055555555556,,0.40339981629543586,6.122004412460784,0.0
gross95,2013,9,2013-06-05,0.08,,13.893055555555556,,0.3468891716874604,0.23387583222973524,0.0
gross95,2013,9,2013-06-06,0.08,0.09,13.893055555555556,15.6296875,0.2799400148157657,0.42730060903340966,0.0
gross95,2013,9,2013-06-07,0.08,,2.4635698790005023,,0.32953921068278375,6.6913554581699595,0.016787446136230167
gross95,2013,9,2013-06-08,0.0905004365499774,,7.701847475120672,,0.37696097553792857,5.430825301483484,0.0
gross95,2013,9,2013-06-09,0.0905004365499774,,10.10136990316351,,0.3734744810416521,2.6513932081617657,0.0
gross95,2013,9,2013-06-10,0.0905004365499774,0.13,11.481254506098171,14.562277421559493,0.36934305804288425,1.524727012971537,0.0
gross95,2013,9,2013-06-11,0.0905004365499774,,12.78889748544146,,0.3644474082683109,1.4449023995825472,0.0
gross95,2013,9,2013-06-12,0.0905004365499774,0.15,13.724724140945513,18.291817135994705,0.35864616576120656,1.034057614724621,0.0
gross95,2013,9,2013-06-13,0.0905004365499774,,1.7119388495762267,,0.42219035552004525,7.3096931406538195,0.03157498653313987
gross95,2013,9,2013-06-14,0.10042097240590468,0.17,8.11483013227504,12.465536105466386,0.4887712050809675,6.196871142156656,0.0
gross95,2013,9,2013-06-15,0.10042097240590468,,10.367875779132524,,0.4842529775906287,2.2530456468574918,0.0
gross95,2013,9,2013-06-16,0.10042097240590468,,11.680947990779867,,0.4788994153079685,1.3130722116473548,0.0
gross95,2013,9,2013-06-17,0.10042097240590468,,12.693300713370917,,0.4725560806317914,1.0123527225910647,0.0
gross95,2013,9,2013-06-18,0.10042097240590468,,13.59774726841536,,0.4650399833699142,0.9044465550444493,0.0
gross95,2013,9,2013-06-19,0.10042097240590468,0.22,14.53296366136146,20.75953918474492,0.4561343019052177,0.9352163929461111,0.0
gross95,2013,9,2013-06-20,0.10042097240590468,,3.76751857000438,,0.536951239050669,8.712599162449864,0.06095574619305282
gross95,2013,9,2013-06-21,0.10983564066468025,0.24,8.880669087981166,14.518554960971382,0.6001467323812807,4.524460867583575,0.0
gross95,2013,9,2013-06-22,0.10983564066468025,,10.923314258720197,,0.5946018692293722,2.042645170739043,0.0
gross95,2013,9,2013-06-23,0.10983564066468025,,12.37765459566674,,0.5880324064016011,1.4543403369465613,0.0
gross95,2013,9,2013-06-24,0.10983564066468025,,13.745780208821818,,0.5802490146995695,1.8761256131550825,0.0
gross95,2013,9,2013-06-25,0.10983564066468025,0.29,14.789461838959554,20.42734771194977,0.5710273799973894,1.0436816301377556,0.0
gross95,2013,9,2013-06-26,0.10983564066468025,,11.040064723241205,,0.6563639386919691,7.840602884281647,0.0
gross95,2013,9,2013-06-27,0.10983564066468025,0.32,13.858358080909593,24.329993953899802,0.6503012885373772,2.8182933576684124,0.0
gross95,2013,9,2013-06-28,0.10983564066468025,,15.000194150202658,,0.643118658300692,1.903836069293082,0.0
gross95,2013,9,2013-06-29,0.10983564066468025,,15.708669483048665,,0.6346091491254228,1.4704753328460212,0.0
gross95,2013,9,2013-06-30,0.10983564066468025,0.365,16.300942842927412,37.64851621591761,0.6245276408174847,0.5922733598787551,0.0
gross95,2013,9,2013-07-01,0.10983564066468025,,11.261747634732874,,0.702617186265996,7.05880479180546,0.0
gross95,2013,9,2013-07-02,0.10983564066468025,0.395,14.101949888450095,42.700148261440305,0.6961287284772485,2.8402022537172407,0.0
gross95,2013,9,2013-07-03,0.10983564066468025,,15.080793405435971,,0.6884418916764505,0.9788435169858829,0.0
gross95,2013,9,2013-07-04,0.10983564066468025,0.425,15.910790081779961,51.75961345477017,0.679335342489281,0.829996676344006,0.0
gross95,2013,9,2013-07-05,0.10983564066468025,,1.855161235939677,,0.7996985807840588,5.579013321031746,0.07335783312796765
gross95,2013,9,2013-07-06,0.11849770474503123,,6.68173954852959,,0.9404626879443224,4.442071254424959,0.09687698316018681
gross95,2013,9,2013-07-07,0.12711506581362336,,10.852683536346426,,1.0080082704517248,4.394109146764089,0.0
gross95,2013,9,2013-07-08,0.12711506581362336,,13.059580310055493,,0.9987130530238426,2.2068967737090817,0.0
gross95,2013,9,2013-07-09,0.12711506581362336,0.5,14.52185652789202,67.41677748482468,0.9877035427758649,1.4622762178365367,0.0
gross95,2013,9,2013-07-10,0.12711506581362336,,-2.185119120597717,,1.1627028243502717,7.283205977510438,0.13981837399982064
gross95,2013,9,2013-07-11,0.13558688890130727,0.54,6.993519850632144,67.14470039712165,1.3687081185846008,6.565549097105169,0.20184946368155302
gross95,2013,9,2013-07-12,0.1440197371006585,,5.603753331380462,,1.61121300700912,6.041701016181224,0.16155838261013528
gross95,2013,9,2013-07-13,0.15242139067500168,,4.57189514241399,,1.8966844126269495,5.622640125218219,0.17756697761636073
gross95,2013,9,2013-07-14,0.16078909628195612,0.6,8.127590584102823,81.94030874461441,2.2218063756040096,4.099554085307034,0.19333776055984436
gross95,2013,9,2013-07-15,0.16912357294330013,,-2.8303679860513387,,2.615461458014067,4.6166458234228,0.20269916589028864
gross95,2013,9,2013-07-16,0.17742551254414315,0.64,6.201631462721772,86.42567768737489,3.0788635380062783,7.148322422529416,0.41020153091797973
gross95,2013,9,2013-07-17,0.18569558129158623,,9.970576598044705,,3.467832547626839,3.2933767365322653,0.46209677903669527
gross95,2013,9,2013-07-18,0.19393442107238154,0.68,12.245153117260855,100.5990463699611,3.908508116605454,5.043270772958918,0.26012439405835047
gross95,2013,9,2013-07-19,0.20198356255358624,,3.1465957948374195,,4.60100954320903,4.1537800622773435,0.3281726666326965
gross95,2013,9,2013-07-20,0.2101617790209736,,9.061871732935026,,5.397401382133419,5.406771577474031,0.5085131719375783
gross95,2013,9,2013-07-21,0.21831055849437614,,12.733418321121512,,5.856046078339752,3.4284282464331453,0.497100041701613
gross95,2013,9,2013-07-22,0.22642866822482477,,15.205446493332678,,5.84878699027112,2.112086740314633,0.3599312655672074
gross95,2013,9,2013-07-23,0.23427726823385425,0.78,16.613807525017737,125.33243709593418,5.806352113685002,1.221794594844222,0.18656235879071534
gross95,2013,9,2013-07-24,0.24124948108338953,,4.39695694181578,,6.14346432740889,4.66723909759939,0.5009088831983987
gross95,2013,9,2013-07-25,0.24928589370460932,0.82,7.513164655141546,123.81533400284059,6.14346432740889,2.821404890180235,0.29480236926171866
gross95,2013,9,2013-07-26,0.2572954725414033,,11.769779620053825,,6.14346432740889,4.140739734651917,0.6238750865401683
gross95,2013,9,2013-07-27,0.2652786886519546,,13.932179215230985,,6.14346432740889,2.339596645589142,0.3308029054672727
gross95,2013,9,2013-07-28,0.27323599831673395,0.88,14.89531810570288,141.70436225231552,6.14346432740889,1.2313468926552908,0.23979198457119813
gross95,2013,9,2013-07-29,0.2811678437006232,,-32.35810365721684,,6.14346432740889,1.8906672022655067,0.19692460616092994
gross95,2013,9,2013-07-30,0.28907465347671824,0.91,-2.830945634173058,104.98904496126346,6.14346432740889,5.341034741882897,0.5726186586386078
gross95,2013,9,2013-07-31,0.296956843414519,,6.949725400631033,,6.14346432740889,4.813265523169274,0.624881141196681
gross95,2013,9,2013-08-01,0.30481481693498613,0.93,10.336561333537723,116.19913285131086,6.14346432740889,1.7876085691130066,0.4820409899018084
gross95,2013,9,2013-08-02,0.3126489656347403,,-11.93571141272014,,6.14346432740889,6.064781015166378,0.6498688777780273
gross95,2013,9,2013-08-03,0.32045966978149953,,-15.12801469356205,,6.14346432740889,5.020471843430774,0.5378716216117907
gross95,2013,9,2013-08-04,0.328247298782678,,-0.9658278804987306,,6.14346432740889,4.791965154998949,0.519907919748401
gross95,2013,9,2013-08-05,0.3360122116289269,,5.398715086292808,,6.14346432740889,2.8879565224121864,0.5586334898064438
gross95,2013,9,2013-08-06,0.34375475731424554,0.965,8.493132553335075,100.71427529848033,6.14346432740889,1.7579162631030885,0.5629405832251031
gross95,2013,9,2013-08-07,0.3514752752341791,,-6.947490929126661,,6.14346432740889,3.4014339936757456,0.34289812553991705
gross95,2013,9,2013-08-08,0.3591740955635,0.975,-0.8618834433958005,89.97903091160804,6.14346432740889,2.7704469172251445,0.283830743353584
gross95,2013,9,2013-08-09,0.36685153961465955,,5.789335927237758,,6.14346432740889,4.591245946003421,0.49225930952167385
gross95,2013,9,2013-08-10,0.37450792017820944,,9.436085029981022,,6.14346432740889,2.634872402899115,0.5536794785488226
gross95,2013,9,2013-08-11,0.3821435418463007,0.99,11.146913884195888,102.5237644525615,6.14346432740889,1.2469982782653266,0.3989593757151215
gross95,2013,9,2013-08-12,0.3897587013202878,,-9.322142900972299,,6.14346432740889,4.205135183574994,0.43330774898537444
gross95,2013,9,2013-08-13,0.3973536877033904,1.0,-1.892201081720315,86.96164640955067,6.14346432740889,3.5087620347791115,0.4285311563163956
gross95,2013,9,2013-08-14,0.4049287827793052,,3.2644860892321432,,6.14346432740889,2.139901533367377,0.451474483372299
gross95,2013,9,2013-08-15,0.4124842612775871,1.01,6.115498575958141,93.44065989769356,6.14346432740889,1.6394840258158014,0.49700761225413365
gross95,2013,9,2013-08-16,0.4200203911265691,,8.120364418515518,,6.14346432740889,1.2660707800711128,0.5386792555984348
gross95,2013,9,2013-08-17,0.4275374336945398,,9.693786350467557,,6.14346432740889,0.9791751055156824,0.537367711176043
gross95,2013,9,2013-08-18,0.4350356440198414,,13.00152918490628,,6.14346432740889,3.056216644620046,0.49473179124570926
gross95,2013,9,2013-08-19,0.4425152710305117,,15.515882554420788,,6.14346432740889,1.9115716078098908,0.5994812093987868
gross95,2013,9,2013-08-20,0.4499765577540523,1.035,17.26267613142859,108.69359545176695,6.14346432740889,1.1664174921282224,0.5793593731762006
gross95,2013,9,2013-08-21,0.457419741517865,,6.75265792673262,,6.14346432740889,5.3529894936091535,0.5716771404422455
gross95,2013,9,2013-08-22,0.46484505414086585,1.045,4.279958407724222,97.46161019490783,6.14346432740889,3.962137205621491,0.4230650701346833
gross95,2013,9,2013-08-23,0.4722527221167486,,9.421215381881703,,6.14346432740889,4.613217345742186,0.5280088964749113
gross95,2013,9,2013-08-24,0.4796429667893479,,12.200530271568415,,6.14346432740889,2.287864199007007,0.49144104055870186
gross95,2013,9,2013-08-25,0.48701600452051486,1.05,14.743928307500216,108.80110959088643,6.14346432740889,2.7924243895404306,0.5129706079887077
gross95,2013,9,2013-08-26,0.49437204685089775,,9.173266541195293,,6.14346432740889,5.438989120685749,0.5803481543659891
gross95,2013,9,2013-08-27,0.49437204685089775,1.05,14.212014966578844,108.26919498360112,6.14346432740889,4.477229811290665,0.5615183063723306
gross95,2013,9,2013-08-28,0.49437204685089775,,15.813986623856326,,6.14346432740889,2.88847911432504,0.4914924489592025
gross95,2013,9,2013-08-29,0.49437204685089775,1.05,17.950990348046275,112.00817024232393,6.14346432740889,1.5254600567813397,0.611543638657251
gross95,2013,9,2013-08-30,0.49437204685089775,,11.085093735578914,,6.104374199638504,4.27418130547234,0.4499220732547324
gross95,2013,9,2013-08-31,0.49437204685089775,,15.974090369826783,,6.060309555837193,4.429549120747999,0.459447510800155
gross95,2013,9,2013-09-01,0.49437204685089775,,17.839688164798275,,6.010637351009883,1.4298537637058342,0.435744030437182
gross95,2013,9,2013-09-02,0.49437204685089775,,19.290083145136634,,5.954643980371703,0.977147691016832,0.47324728906712404
gross95,2013,9,2013-09-03,0.49437204685089775,,20.37153567216027,,5.891525027502089,0.9051855271748501,0.4302669997706061
gross95,2013,9,2013-09-04,0.49437204685089775,1.05,21.326968489976625,115.38414837156384,5.82037370787355,0.5446832918108978,0.4107495259814234
gross95,2013,9,2013-09-05,0.49437204685089775,,17.361127805209076,,5.740167841731565,5.237524027842201,0.4866352873828294
gross95,2013,9,2013-09-06,0.49437204685089775,1.05,21.844352707951796,115.90153258952932,5.649755169174388,3.9823164165035805,0.500908486236887
gross95,2013,9,2013-09-07,0.49437204685089775,,22.775232258876624,,5.547836796465086,0.5056401865339243,0.4252393643902377
gross95,2013,9,2013-09-08,0.49437204685089775,,23.680427185789434,,5.432948535760889,0.47037182328943694,0.4348231036231801
gross95,2013,9,2013-09-09,0.49437204685089775,,0.1719966351313235,,5.303439870181195,3.9555112011543585,0.3132420075190777
gross95,2013,9,2013-09-10,0.49437204685089775,,0.3052365170912651,,5.157450242020514,2.2602861752988472,0.1589537066610584
gross95,2013,9,2013-09-11,0.49437204685089775,,-2.6612204661231793,,4.992882323456187,1.4545500464669037,0.0956690905682316
gross95,2013,9,2013-09-12,0.49437204685089775,,-10.277066427327465,,4.807371885750386,0.9147513787056825,0.04917612557749396
gross95,2013,9,2013-09-13,0.49437204685089775,,-12.730005343407445,,4.598253834078936,2.4672952760733193,0.14316991643711208
gross95,2013,9,2013-09-14,0.49437204685089775,,-5.884771915923087,,4.362523920033805,3.6258532409915007,0.18888569382799372
gross95,2013,9,2013-09-15,0.49437204685089775,,-14.252642084476841,,4.096795581750366,0.5790517469278458,0.01579836228729403
gross95,2013,9,2013-09-16,0.49437204685089775,,-5.466398623942182,,3.7972512916126306,2.4100025352491357,0.08757459638355952
gross95,2013,9,2013-09-17,0.49437204685089775,1.05,2.1845626197571817,70.6820341780817,3.459587712583989,3.792446648436602,0.12247306814866435
gross95,2013,9,2013-09-18,0.49437204685089775,,6.095422897521801,,3.0789538752639563,3.111426351888507,0.09954443123606739
gross95,2013,9,2013-09-19,0.49437204685089775,,8.661821274019484,,2.649881487505238,2.9581852184365998,0.031770935597999116
gross95,2013,9,2013-09-20,0.49437204685089775,,10.528485170663567,,2.166206375399596,1.7692968454030442,0.024833238277471928
gross95,2013,9,2013-09-21,0.49437204685089775,,12.09066630925806,,1.6209799270317344,1.5166158638232359,0.025780327923447338
gross95,2013,9,2013-09-22,0.49437204685089775,,10.6690144475106,,1.0063692667774076,3.3896936732331664,0.008755533208750057
gross95,2013,9,2013-09-23,0.49437204685089775,,-2.692431411906595,,0.3135447260218264,4.111452894691164,0.0004436168265288051
gross95,2013,10,2013-05-15,0.08,,3.5750575433999776,,0.0,4.468821929249998,0.0
gross95,2013,10,2013-05-16,0.08,,5.7824002357199955,,0.0,2.759178365400051,0.0
gross95,2013,10,2013-05-17,0.08,,7.460181263486801,,0.0,2.097226284708515,0.0
gross95,2013,10,2013-05-18,0.08,,8.542294799514062,,0.0,1.3526419200340798,0.0
gross95,2013,10,2013-05-19,0.08,,10.565062571331902,,0.0,2.782459714772308,0.0
gross95,2013,10,2013-05-20,0.08,,10.66962538424052,,0.4875,4.448703516135788,0.0
gross95,2013,10,2013-05-21,0.08,,12.149654448399074,,0.5738742470010385,2.866036330198201,0.0
gross95,2013,10,2013-05-22,0.08,,13.048384797278787,,0.6755521053764285,2.1394129360996583,0.0
gross95,2013,10,2013-05-23,0.08,,13.580305475840223,,0.6693127862307413,0.6649008482018102,0.0
gross95,2013,10,2013-05-24,0.08,,13.893055555555556,,0.6619209548482653,0.9093810455592738,0.0
gross95,2013,10,2013-05-25,0.08,,13.893055555555556,,0.6531637219016666,0.7549633909756408,0.0
gross95,2013,10,2013-05-26,0.08,,13.893055555555556,,0.6427888736519074,0.7399773728722208,0.0
gross95,2013,10,2013-05-27,0.08,,13.893055555555556,,0.6304976080361702,0.693408484580374,0.0
gross95,2013,10,2013-05-28,0.08,,13.893055555555556,,0.6159359289831668,2.407348429251132,0.0
gross95,2013,10,2013-05-29,0.08,,9.876697397905934,,0.5986844511067813,2.853552302937975,0.0
gross95,2013,10,2013-05-30,0.08,,13.893055555555556,,0.5782463211468956,5.224011026358109,0.0
gross95,2013,10,2013-05-31,0.08,,13.893055555555556,,0.5540329082874117,0.6570140616223447,0.0
gross95,2013,10,2013-06-01,0.08,,13.893055555555556,,0.5253468512237498,0.5220822607104458,0.0
gross95,2013,10,2013-06-02,0.08,,13.893055555555556,,0.49136197372485746,0.5156341355089056,0.0
gross95,2013,10,2013-06-03,0.08,,13.893055555555556,,0.45109949024546064,0.5852827361845605,0.0
gross95,2013,10,2013-06-04,0.08,,13.893055555555556,,0.40339981629543586,6.122004412460784,0.0
gross95,2013,10,2013-06-05,0.08,,13.893055555555556,,0.3468891716874604,0.23387583222973524,0.0
gross95,2013,10,2013-06-06,0.08,0.09,13.893055555555556,15.6296875,0.2799400148157657,0.42730060903340966,0.0
gross95,2013,10,2013-06-07,0.08,,2.3115698790005035,,0.32953921068278375,6.6913554581699595,0.016787446136230167
gross95,2013,10,2013-06-08,0.0905004365499774,,7.481709924183522,,0.37852199280733745,5.377580562199184,0.0
gross95,2013,10,2013-06-09,0.0905004365499774,,9.880212821351039,,0.3750210864394245,2.6502666601425684,0.0
gross95,2013,10,2013-06-10,0.0905004365499774,0.13,11.270634997437535,14.32954980532935,0.370872590466163,1.5363706840449125,0.0
gross95,2013,10,2013-06-11,0.0905004365499774,,12.593287251085089,,0.3659567152522746,1.461487153067111,0.0
gross95,2013,10,2013-06-12,0.0905004365499774,0.15,13.542263838397018,18.090204514548695,0.36013151275134914,1.0485878560241926,0.0
gross95,2013,10,2013-06-13,0.0905004365499774,,1.357565188211419,,0.42393887323389823,7.309472788439719,0.03183674255707563
gross95,2013,10,2013-06-14,0.10042097240590468,0.17,7.791391079546846,12.142097052738192,0.4933763287442725,6.260849789255828,0.00415351780881222
gross95,2013,10,2013-06-15,0.10409163861073245,,10.30970496796523,,0.4888156572477333,2.2887908563332022,0.0
gross95,2013,10,2013-06-16,0.10409163861073245,,11.644607900602388,,0.48341179575516585,1.3349029326371693,0.0
gross95,2013,10,2013-06-17,0.10409163861073245,,12.674261731674651,,0.4770088842930253,1.0296538310722818,0.0
gross95,2013,10,2013-06-18,0.10409163861073245,,13.594523193167033,,0.46942222145046375,0.9202614614924016,0.0
gross95,2013,10,2013-06-19,0.10409163861073245,0.22,14.546478428851504,20.543530920149774,0.46043295876472573,0.9519552356844817,0.0
gross95,2013,10,2013-06-20,0.10409163861073245,,3.6864252561189197,,0.5420115230883429,8.711838587922308,0.06210823934511335
gross95,2013,10,2013-06-21,0.11350630686950802,0.24,8.818618507382432,14.22698134828746,0.6121365236493519,4.538987788543235,0.004515812327075913
gross95,2013,10,2013-06-22,0.11666696801418208,,11.07935536587104,,0.6064815440547968,2.063103925162969,0.0
gross95,2013,10,2013-06-23,0.11666696801418208,,12.552151144125089,,0.5997813380755073,1.4727957782540637,0.0
gross95,2013,10,2013-06-24,0.11666696801418208,,13.996962347260249,,0.5918431143195808,1.952811203135182,0.0
gross95,2013,10,2013-06-25,0.11666696801418208,0.29,15.083858181250884,20.294588088830263,0.5824381204143282,1.08689583399065,0.0
gross95,2013,10,2013-06-26,0.11666696801418208,,11.237305562293702,,0.6722902995326901,7.838447381042818,0.0
gross95,2013,10,2013-06-27,0.11666696801418208,0.32,14.137949893284834,24.182429800864206,0.6660810101712064,2.900644330991153,0.0
gross95,2013,10,2013-06-28,0.11666696801418208,,15.318886762149614,,0.6587247378947098,1.9429368688647874,0.0
gross95,2013,10,2013-06-29,0.11666696801418208,,16.04664321180091,,0.6500096114679041,1.4897564496513056,0.0
gross95,2013,10,2013-06-30,0.11666696801418208,0.365,16.652700583735143,37.57311799131451,0.6396846226990844,0.6060573719342469,0.0
gross95,2013,10,2013-07-01,0.11666696801418208,,11.515958360584666,,0.723515796416763,7.056257776849523,0.0
gross95,2013,10,2013-07-02,0.11666696801418208,0.395,14.39418539220231,42.56522779978168,0.7168350070557209,2.8782270316176493,0.0
gross95,2013,10,2013-07-03,0.11666696801418208,,15.404339852139891,,0.70892043823312,1.0101544599375938,0.0
gross95,2013,10,2013-07-04,0.11666696801418208,0.425,16.255628136585837,51.6772955441652,0.69954424086145,0.8512882844459537,0.0
gross95,2013,10,2013-07-05,0.11666696801418208,,2.104878357490246,,0.823488050191339,5.576720581238687,0.07552963966572
gross95,2013,10,2013-07-06,0.12532903209453305,,6.873516380157556,,0.9693919686521191,4.377677543289835,0.10333040437272352
gross95,2013,10,2013-07-07,0.1339512065748818,,11.01113104780797,,1.0534705554200694,4.360478848846119,0.0
gross95,2013,10,2013-07-08,0.1339512065748818,,13.22948935286849,,1.043758200175446,2.218358305060532,0.0
gross95,2013,10,2013-07-09,0.1339512065748818,0.5,14.707136556614138,67.1746005703844,1.0322550052360169,1.4776472037456683,0.0
gross95,2013,10,2013-07-10,0.1339512065748818,,-2.0001877873773783,,1.2151478232674302,7.276595156933665,0.14608049907481488
gross95,2013,10,2013-07-11,0.1424230296625657,0.54,7.175215377368693,66.9913310380794,1.43044521450779,6.64370094551189,0.21285386617460658
gross95,2013,10,2013-07-12,0.1508571815104688,,5.769373910096033,,1.6838885545679936,6.034083239987515,0.16877435024445958
gross95,2013,10,2013-07-13,0.159258835084812,,4.721417947152563,,1.9822364641771788,5.614281708533139,0.18548363731782724
gross95,2013,10,2013-07-14,0.16762654069176644,0.6,8.292353339270013,81.81692852729057,2.321343495406838,4.121843195758907,0.20188135736938195
gross95,2013,10,2013-07-15,0.17596101735311045,,-2.111637939492311,,2.732634359912529,4.607209269384157,0.21163384785031897
gross95,2013,10,2013-07-16,0.18426295695395348,0.64,6.336571575250575,86.80788731965838,3.2167968935876265,7.066387123221709,0.42822855191164133
gross95,2013,10,2013-07-17,0.19253302570139655,,10.064130736273997,,3.617131450543301,3.246528629650545,0.4770005746093519
gross95,2013,10,2013-07-18,0.20077066795933712,0.68,12.380745405828835,100.97622034101605,4.0929681242923825,5.014008056493389,0.3162957606044039
gross95,2013,10,2013-07-19,0.20890286798330643,,3.049794918052275,,4.81815179554368,4.137872198434035,0.343212665603455
gross95,2013,10,2013-07-20,0.2170810844506938,,8.97906010752854,,5.657093964829628,5.397093377021432,0.5321455239974643
gross95,2013,10,2013-07-21,0.22522986392409633,,12.738874708915345,,6.206631667736161,3.4805051250006165,0.5332932061112922
gross95,2013,10,2013-07-22,0.23334976284627257,,15.242793282742026,,6.198803746224304,2.1253997713111668,0.37851209423574117
gross95,2013,10,2013-07-23,0.24119324657873933,0.78,16.72881973759621,125.73052835569317,6.1629246970893075,1.2245630549070672,0.2614609980549562
gross95,2013,10,2013-07-24,0.2486894729779697,,4.510185645903067,,6.520739233130396,4.635926447990614,0.5304386676455999
gross95,2013,10,2013-07-25,0.2567258855991895,0.82,7.624840189607816,124.21008943484983,6.520739233130396,2.802475998627166,0.3121782982266137
gross95,2013,10,2013-07-26,0.2647354644359835,,11.89880086225027,,6.520739233130396,4.1213208818304645,0.6606397148455185
gross95,2013,10,2013-07-27,0.2727186805465348,,14.069143830447302,,6.520739233130396,2.3280497957497497,0.3502931496003658
gross95,2013,10,2013-07-28,0.2806759902113142,0.88,15.04102326865003,142.13314740832527,6.520739233130396,1.225962136259892,0.25391729518949796
gross95,2013,10,2013-07-29,0.2886078355952034,,-32.47857685862081,,6.520739233130396,1.8779826582785069,0.20852248760863615
gross95,2013,10,2013-07-30,0.29651464537129846,0.91,-3.0586440484874333,105.41462810766359,6.520739233130396,5.305201576723884,0.6063364767272867
gross95,2013,10,2013-07-31,0.3043968353090992,,6.909457738321648,,6.520739233130396,4.790918364508208,0.66166917932647
gross95,2013,10,2013-08-01,0.31225480882956635,0.93,10.348117291164844,116.65374969656916,6.520739233130396,1.7738281848498385,0.5104141935544426
gross95,2013,10,2013-08-02,0.32008895752932054,,-11.916081020651545,,6.520739233130396,6.024092214162046,0.6881130525254124
gross95,2013,10,2013-08-03,0.32789966167607976,,-15.211074030554464,,6.520739233130396,4.986789344545097,0.5695186756629416
gross95,2013,10,2013-08-04,0.3356872906772582,,-1.0571633036231687,,6.520739233130396,4.763711271853989,0.5504920508568211
gross95,2013,10,2013-08-05,0.34345220352350714,,5.387647700644269,,6.520739233130396,2.871601053222913,0.5914892629440129
gross95,2013,10,2013-08-06,0.35119474920882576,0.965,8.52067826606942,101.20139080630408,6.520739233130396,1.7429618342728466,0.5960431938005042
gross95,2013,10,2013-08-07,0.3589152671287593,,-6.916350832392654,,6.520739233130396,3.378613669157524,0.36305762355014487
gross95,2013,10,2013-08-08,0.3666140874580802,0.975,-0.8853603776534389,90.46158214685231,6.520739233130396,2.7518599042685112,0.30051431023873715
gross95,2013,10,2013-08-09,0.37429153150923977,,5.780554652781678,,6.520739233130396,4.566943118467916,0.5211886300424365
gross95,2013,10,2013-08-10,0.38194791207278966,,9.452494038263954,,6.520739233130396,2.6195597861232947,0.5862119830388746
gross95,2013,10,2013-08-11,0.38958353374088095,0.99,11.181305976799033,103.04324404946664,6.520739233130396,1.2386432346129985,0.42239640032883435
gross95,2013,10,2013-08-12,0.397198693214868,,-9.289615755831683,,6.520739233130396,4.176922803234644,0.4587575820912558
gross95,2013,10,2013-08-13,0.40479367959797063,1.0,-1.9251584349957773,87.4848514461913,6.520739233130396,3.490085683089516,0.4536954949759884
gross95,2013,10,2013-08-14,0.41236877467388544,,3.261559473690798,,6.520739233130396,2.126628902479067,0.47798089370820246
gross95,2013,10,2013-08-15,0.4199242531721673,1.01,6.141190024244517,93.99307520536541,6.520739233130396,1.6262865637046355,0.5261815659489019
gross95,2013,10,2013-08-16,0.4274603830211493,,8.168389369039229,,6.520739233130396,1.2528550003961787,0.5702930769459238
gross95,2013,10,2013-08-17,0.43497742558912,,9.761523409793968,,6.520739233130396,0.9661325287466414,0.5688983491730255
gross95,2013,10,2013-08-18,0.44247563591442163,,13.058078044204551,,6.520739233130396,3.015599916752197,0.5237549989812343
gross95,2013,10,2013-08-19,0.4499552629250919,,15.587404063162914,,6.520739233130396,1.8912584550803002,0.6346425576528236
gross95,2013,10,2013-08-20,0.45741654964863254,1.035,17.355302839601386,109.30721852080791,6.520739233130396,1.1535100366410942,0.6133338117398162
gross95,2013,10,2013-08-21,0.46485973341244524,,9.692900324221617,,6.520739233130396,5.3170761236558,0.6051944643594398
gross95,2013,10,2013-08-22,0.4722850460354461,1.045,7.218421636159845,100.92105444521603,6.520739233130396,3.9355551061345944,0.4478643969249881
gross95,2013,10,2013-08-23,0.47969271401132885,,12.34850203243311,,6.520739233130396,4.571094829494201,0.5589537282559544
gross95,2013,10,2013-08-24,0.48708295868392815,,15.084477759216423,,6.520739233130396,2.215728679055819,0.5202370578078493
gross95,2013,10,2013-08-25,0.4944559964150951,1.05,16.827955204296195,111.40611595883269,6.520739233130396,1.9624520974566062,0.5430222048795436
gross95,2013,10,2013-08-26,0.4944559964150951,,13.059795218521836,,6.520739233130396,5.402498776608546,0.6143402314350618
gross95,2013,10,2013-08-27,0.4944559964150951,1.05,17.670548889114443,112.24870833064867,6.520739233130396,4.016352393807658,0.5944009699647372
gross95,2013,10,2013-08-28,0.4944559964150951,,18.778091238259957,,6.520739233130396,2.3652735797082265,0.520268675721807
gross95,2013,10,2013-08-29,0.4944559964150951,1.05,20.34557027858633,114.92372959773937,6.520739233130396,0.9201374087592195,0.6473416029014691
gross95,2013,10,2013-08-30,0.4944559964150951,,21.34109946504296,,6.479248550317569,0.5192685998636775,0.47626057781383974
gross95,2013,10,2013-08-31,0.4944559964150951,,22.269228557612617,,6.4324778625889545,0.4417831754191126,0.48634591445900593
gross95,2013,10,2013-09-01,0.4944559964150951,,23.085805700840776,,6.379755249165702,0.3553193522474858,0.4612577901547267
gross95,2013,10,2013-09-02,0.4944559964150951,,23.925733343425428,,6.3203232822400315,0.33896622835650786,0.5009614139745021
gross95,2013,10,2013-09-03,0.4944559964150951,,24.648023446845144,,6.25332814555555,0.5208207591782528,0.4554693441635199
gross95,2013,10,2013-09-04,0.4944559964150951,1.05,25.34725041166029,119.92540971816152,6.177807368244143,0.26441208707333996,0.43481487771828864
gross95,2013,10,2013-09-05,0.4944559964150951,,26.169256747171453,,6.092675997700345,0.30685061020236937,0.5151557253015621
gross95,2013,10,2013-09-06,0.4944559964150951,1.05,26.996757418132905,121.57491672462467,5.996711012848809,0.30961927943152345,0.5178813915276994
gross95,2013,10,2013-09-07,0.4944559964150951,,27.689445181766022,,5.8885337538815286,0.26020907903627577,0.43247868459617556
gross95,2013,10,2013-09-08,0.4944559964150951,,28.361055998309496,,5.766590116045523,0.26620948746088846,0.40540132908236287
gross95,2013,10,2013-09-09,0.4944559964150951,,4.808885842896636,,5.6291282229393484,3.930664080782034,0.33163721723534306
gross95,2013,10,2013-09-10,0.4944559964150951,,4.9374324328979515,,5.474173258566832,2.2462514040290316,0.1682951859722541
gross95,2013,10,2013-09-11,0.4944559964150951,,1.9331830431704278,,5.299499096578231,1.4456359715680402,0.10129623914225094
gross95,2013,10,2013-09-12,0.4944559964150951,,-6.404583980226658,,5.102596319116576,0.9092280198674386,0.05207147340652618
gross95,2013,10,2013-09-13,0.4944559964150951,,-11.571865884925359,,4.880636165819008,2.4526459606025286,0.15160895815860598
gross95,2013,10,2013-09-14,0.4944559964150951,,-5.79443657640856,,4.630429895054374,3.604913322035205,0.2000339963159904
gross95,2013,10,2013-09-15,0.4944559964150951,,-14.247056318106322,,4.3483829735692465,0.5757507571542976,0.016732202578443944
gross95,2013,10,2013-09-16,0.4944559964150951,,-5.47485045591954,,4.030443436418042,2.3965969293905744,0.09275999749754743
gross95,2013,10,2013-09-17,0.4944559964150951,1.05,2.167359871268859,75.75495026152569,3.6720436753015084,3.771931096543655,0.12973902473158114
gross95,2013,10,2013-09-18,0.4944559964150951,,6.078577915460267,,3.2680348190286264,3.1047557270100765,0.10546324057262677
gross95,2013,10,2013-09-19,0.4944559964150951,,8.53273626464762,,2.8126127633932425,2.8437085125315353,0.033664779390142695
gross95,2013,10,2013-09-20,0.4944559964150951,,10.347734688460472,,2.2992347877899872,1.7174385165148325,0.02631777842256421
gross95,2013,10,2013-09-21,0.4944559964150951,,11.88785554756531,,1.7205255606604495,1.4929754306200735,0.02732649731847513
gross95,2013,10,2013-09-22,0.4944559964150951,,10.456529120337176,,1.0681711834175875,3.37948155420301,0.009282577182882643
gross95,2013,10,2013-09-23,0.4944559964150951,,-2.914249435889881,,0.33279975065370704,4.102090133600011,0.0004704316933066177
gross95,2013,11,2013-05-15,0.08,,3.5750575433999776,,0.0,4.468821929249998,0.0
gross95,2013,11,2013-05-16,0.08,,5.7824002357199955,,0.0,2.759178365400051,0.0
gross95,2013,11,2013-05-17,0.08,,7.460181263486801,,0.0,2.097226284708515,0.0
gross95,2013,11,2013-05-18,0.08,,8.542294799514062,,0.0,1.3526419200340798,0.0
gross95,2013,11,2013-05-19,0.08,,10.565062571331902,,0.0,2.782459714772308,0.0
gross95,2013,11,2013-05-20,0.08,,10.66962538424052,,0.4875,4.448703516135788,0.0
gross95,2013,11,2013-05-21,0.08,,12.149654448399074,,0.5738742470010385,2.866036330198201,0.0
gross95,2013,11,2013-05-22,0.08,,13.048384797278787,,0.6755521053764285,2.1394129360996583,0.0
gross95,2013,11,2013-05-23,0.08,,13.580305475840223,,0.6693127862307413,0.6649008482018102,0.0
gross95,2013,11,2013-05-24,0.08,,13.893055555555556,,0.6619209548482653,0.9093810455592738,0.0
gross95,2013,11,2013-05-25,0.08,,13.893055555555556,,0.6531637219016666,0.7549633909756408,0.0
gross95,2013,11,2013-05-26,0.08,,13.893055555555556,,0.6427888736519074,0.7399773728722208,0.0
gross95,2013,11,2013-05-27,0.08,,13.893055555555556,,0.6304976080361702,0.693408484580374,0.0
gross95,2013,11,2013-05-28,0.08,,13.893055555555556,,0.6159359289831668,2.407348429251132,0.0
gross95,2013,11,2013-05-29,0.08,,9.876697397905934,,0.5986844511067813,2.853552302937975,0.0
gross95,2013,11,2013-05-30,0.08,,13.893055555555556,,0.5782463211468956,5.224011026358109,0.0
gross95,2013,11,2013-05-31,0.08,,13.893055555555556,,0.5540329082874117,0.6570140616223447,0.0
gross95,2013,11,2013-06-01,0.08,,13.893055555555556,,0.5253468512237498,0.5220822607104458,0.0
gross95,2013,11,2013-06-02,0.08,,13.893055555555556,,0.49136197372485746,0.5156341355089056,0.0
gross95,2013,11,2013-06-03,0.08,,13.893055555555556,,0.45109949024546064,0.5852827361845605,0.0
gross95,2013,11,2013-06-04,0.08,,13.893055555555556,,0.40339981629543586,6.122004412460784,0.0
gross95,2013,11,2013-06-05,0.08,,13.893055555555556,,0.3468891716874604,0.23387583222973524,0.0
gross95,2013,11,2013-06-06,0.08,0.09,13.893055555555556,15.6296875,0.2799400148157657,0.42730060903340966,0.0
gross95,2013,11,2013-06-07,0.08,,3.223569879000505,,0.32953921068278375,6.6913554581699595,0.016787446136230167
gross95,2013,11,2013-06-08,0.0905004365499774,,8.261851015341515,,0.365827221658037,5.0996107588459925,0.0
gross95,2013,11,2013-06-09,0.0905004365499774,,10.50130546092426,,0.36244352415886144,2.474523362487924,0.0
gross95,2013,11,2013-06-10,0.0905004365499774,0.13,11.813792886415541,14.929721373206878,0.3584338804157714,1.4502553529302542,0.0
gross95,2013,11,2013-06-11,0.0905004365499774,,13.068018679150988,,0.3536824973650056,1.3858781687122848,0.0
gross95,2013,11,2013-06-12,0.0905004365499774,0.15,13.970078847558078,18.56292600128407,0.34805216151933116,0.9967467592368453,0.0
gross95,2013,11,2013-06-13,0.0905004365499774,,2.644858029854298,,0.4097193274030564,7.311264898309074,0.029739314002523456
gross95,2013,11,2013-06-14,0.10042097240590468,0.17,9.034809143109852,13.385515116301198,0.46444433809260416,6.086005202577475,0.0
gross95,2013,11,2013-06-15,0.10042097240590468,,11.197591114846967,,0.4601504946122249,2.1627819717371137,0.0
gross95,2013,11,2013-06-16,0.10042097240590468,,12.451851749939843,,0.45506270919642616,1.254260635092884,0.0
gross95,2013,11,2013-06-17,0.10042097240590468,,13.41631510145073,,0.4490341800813107,0.9644633515109163,0.0
gross95,2013,11,2013-06-18,0.10042097240590468,,14.276242389962542,,0.4418909615055153,0.8599272885118272,0.0
gross95,2013,11,2013-06-19,0.10042097240590468,0.22,15.163733714389286,21.390309237772748,0.43342694472011895,0.8874913244267575,0.0
gross95,2013,11,2013-06-20,0.10042097240590468,,4.396397647603164,,0.5102206390383979,8.716617588427823,0.05504634478605729
gross95,2013,11,2013-06-21,0.10983564066468025,0.24,9.475767646099646,15.113653519089862,0.5545164760942917,4.490680348103264,0.0
gross95,2013,11,2013-06-22,0.10983564066468025,,11.47231882187298,,0.549392091864393,1.9965511757733443,0.0
gross95,2013,11,2013-06-23,0.10983564066468025,,12.88711243582334,,0.5433206009255795,1.4147936139503805,0.0
gross95,2013,11,2013-06-24,0.10983564066468025,,14.110565358312616,,0.5361269556862133,1.73145292248928,0.0
gross95,2013,11,2013-06-25,0.10983564066468025,0.29,15.0691944253781,20.707080298368318,0.5276037556433636,0.9586290670654978,0.0
gross95,2013,11,2013-06-26,0.10983564066468025,,15.895774256564549,,0.5175052678040004,0.8265798311864598,0.0
gross95,2013,11,2013-06-27,0.10983564066468025,0.32,16.684785445126483,27.156421318116692,0.5055403419394107,0.7890111885619477,0.0
gross95,2013,11,2013-06-28,0.10983564066468025,,17.269324878697244,,0.4913640164120275,1.3465394335707748,0.0
gross95,2013,11,2013-06-29,0.10983564066468025,,17.70233751621078,,0.4745675725616649,1.19501263751355,0.0
gross95,2013,11,2013-06-30,0.10983564066468025,0.365,17.994090180063623,39.45861847958825,0.45466675090844905,0.4087075903872808,0.0
gross95,2013,11,2013-07-01,0.10983564066468025,,10.315318418432613,,0.5352236703876819,7.079228238368989,0.0
gross95,2013,11,2013-07-02,0.10983564066468025,0.395,13.351589721338621,42.06674302086326,0.530277122387737,3.036271302906025,0.0
gross95,2013,11,2013-07-03,0.10983564066468025,,14.505560012787027,,0.5244162524521412,1.1539702914484218,0.0
gross95,2013,11,2013-07-04,0.10983564066468025,0.425,15.451129617291123,51.41690791681575,0.5174720569440099,0.9455696045041033,0.0
gross95,2013,11,2013-07-05,0.10983564066468025,,5.190972537472298,,0.6091566913288662,5.597399979095322,0.05044294108584905
gross95,2013,11,2013-07-06,0.11849770474503123,,9.673649457586933,,0.6687833048588187,4.183811018940627,0.0
gross95,2013,11,2013-07-07,0.11849770474503123,,11.920679147031546,,0.6626132081170187,3.0090296894446324,0.0
gross95,2013,11,2013-07-08,0.11849770474503123,,13.592428981439028,,0.6552964447470452,1.6717498344074984,0.0
gross95,2013,11,2013-07-09,0.11849770474503123,0.5,14.795859471723642,68.33533437007425,0.6466281028944225,1.2034304902846156,0.0
gross95,2013,11,2013-07-10,0.11849770474503123,,3.981560429893458,,0.7611963397707626,7.333951015202714,0.09174994296709839
gross95,2013,11,2013-07-11,0.12696952783271515,0.54,10.702685844202916,73.36893718492203,0.8645342855884114,6.180401856678006,0.0
gross95,2013,11,2013-07-12,0.12696952783271515,,8.971697333892958,,1.016565449155514,6.104274689286245,0.0387368004037938
gross95,2013,11,2013-07-13,0.13452389141338458,,8.129623382308434,,1.1966784239208064,5.691345186951291,0.0964151801576707
gross95,2013,11,2013-07-14,0.1428633767674471,0.6,11.580950882577609,87.73400958781019,1.2862073779155407,3.935050546089172,0.0
gross95,2013,11,2013-07-15,0.1428633767674471,,3.8650380118011167,,1.5140949548481255,4.705979657058916,0.11810747216459937
gross95,2013,11,2013-07-16,0.15116531636829011,0.64,11.469676217534884,95.27186781815477,1.7725573019253802,7.057456097596293,0.033815003524816194
gross95,2013,11,2013-07-17,0.15592123363791474,,14.74319879905744,,1.7562785916741017,2.968362643677265,0.0
gross95,2013,11,2013-07-18,0.15592123363791474,0.68,15.556598420898004,107.2161300836726,1.7370340269089841,3.86139962184058,0.0
gross95,2013,11,2013-07-19,0.15592123363791474,,16.042166009100992,,1.7142195894067513,2.517567588203001,0.0
gross95,2013,11,2013-07-20,0.15592123363791474,,17.038953089904552,,1.6872126929543148,0.9967870808035828,0.0
gross95,2013,11,2013-07-21,0.15592123363791474,,17.735332384426208,,1.6552429169770972,0.9503792945216699,0.0
gross95,2013,11,2013-07-22,0.15592123363791474,,18.48899026315135,,1.6173982657846322,0.7536578787251602,0.0
gross95,2013,11,2013-07-23,0.15592123363791474,0.78,19.059288598145706,131.12507026092027,1.5725991522437686,0.5702983349943749,0.0
gross95,2013,11,2013-07-24,0.15592123363791474,,6.855042225777014,,1.6639030158630128,5.049849982524197,0.1309036451071111
gross95,2013,11,2013-07-25,0.16395764625913453,0.82,10.485548631573632,129.61922144883,1.6639030158630128,3.0526979949878035,0.06215789862395829
gross95,2013,11,2013-07-26,0.1719236555154718,,14.332345272377093,,1.6590221460532117,3.843663508807041,0.0
gross95,2013,11,2013-07-27,0.1719236555154718,,15.554045249543599,,1.642828710212421,1.7296999771665238,0.0
gross95,2013,11,2013-07-28,0.1719236555154718,0.88,16.10841193385046,145.2378266191104,1.623657989946941,1.0623666843068753,0.0
gross95,2013,11,2013-07-29,0.1719236555154718,,-25.183611697755364,,1.623657989946941,2.047089994064424,0.04904556424282351
gross95,2013,11,2013-07-30,0.17983046529156685,0.91,0.5202278132223102,100.94295341881354,1.623657989946941,5.782920846650164,0.14263289474575166
gross95,2013,11,2013-07-31,0.18771265522936761,,7.311561092763991,,1.623657989946941,4.798019547202284,0.15567041482871605
gross95,2013,11,2013-08-01,0.19557062874983475,0.93,9.827248916975972,111.4204232851779,1.623657989946941,1.9013871029849216,0.12010113468179871
gross95,2013,11,2013-08-02,0.20340477744958893,,-12.520847415027559,,1.623657989946941,6.566545671000385,0.16193598543085416
gross95,2013,11,2013-08-03,0.21121548159634815,,-13.231711980330937,,1.623657989946941,5.435836441153888,0.13404504395147537
gross95,2013,11,2013-08-04,0.2190031105975266,,0.36830554139906363,,1.623657989946941,5.07446551870947,0.12958450569557475
gross95,2013,11,2013-08-05,0.22676802344377553,,5.390841414676552,,1.623657989946941,3.010376511042011,0.13925414681864834
gross95,2013,11,2013-08-06,0.23451056912909415,0.965,7.949206164915887,95.30299649949482,1.623657989946941,1.9273548078280074,0.1403454267982689
gross95,2013,11,2013-08-07,0.2422310870490277,,-7.435133626755354,,1.623657989946941,3.6828488300747444,0.08549788434810467
gross95,2013,11,2013-08-08,0.2499299073783486,0.975,-0.38845593364422104,84.60792557809522,1.623657989946941,2.9996575582114495,0.07077897263278826
gross95,2013,11,2013-08-09,0.2576073514295082,,5.692089699242643,,1.623657989946941,4.685900346385137,0.12277030454645127
gross95,2013,11,2013-08-10,0.2652637319930581,,8.86494439487504,,1.623657989946941,2.698505195055467,0.13810595637742765
gross95,2013,11,2013-08-11,0.27289935366114937,0.99,10.312318139036895,96.30463216017031,1.623657989946941,1.3251798674390645,0.09952616227160918
gross95,2013,11,2013-08-12,0.2805145131351364,,-10.146876612009516,,1.623657989946941,4.5530435751303475,0.10810845241101323
gross95,2013,11,2013-08-13,0.28810949951823905,1.0,-1.136691176008235,80.70788988140683,1.623657989946941,3.7730296990172603,0.1069301613445997
gross95,2013,11,2013-08-14,0.29568459459415386,,3.304490461024774,,1.623657989946941,2.3194488605642594,0.11266931818458106
gross95,2013,11,2013-08-15,0.3032400730924357,1.01,5.769679395773245,86.83118986042143,1.623657989946941,1.8159878584115452,0.12404810852093658
gross95,2013,11,2013-08-16,0.3107762029414177,,7.488499143122338,,1.623657989946941,1.4441178993644856,0.13446585551022103
gross95,2013,11,2013-08-17,0.3182932455093884,,8.818096961417968,,1.623657989946941,1.1572323474493265,0.13415535407386703
gross95,2013,11,2013-08-18,0.32579145583469005,,12.131657616203865,,1.623657989946941,3.43958379230025,0.12352673089515102
gross95,2013,11,2013-08-19,0.33327108284536033,,14.417605486461193,,1.623657989946941,2.1348898879000395,0.14969986313978265
gross95,2013,11,2013-08-20,0.34073236956890096,1.035,15.889949209603667,101.1446479315644,1.623657989946941,1.3272284051449004,0.14469335203172806
gross95,2013,11,2013-08-21,0.34817555333271366,,5.393739663259356,,1.623657989946941,5.7958646649017425,0.14279272805827747
gross95,2013,11,2013-08-22,0.3556008659557145,1.045,2.9314094035090217,89.93707844708833,1.623657989946941,4.2899413598645175,0.10568592936604078
gross95,2013,11,2013-08-23,0.36300853393159727,,7.819588201454041,,1.623657989946941,4.756246549011283,0.13191858677458043
gross95,2013,11,2013-08-24,0.37039877860419657,,10.36521770199169,,1.623657989946941,2.422827178131089,0.12279789818379827
gross95,2013,11,2013-08-25,0.3777718163353635,1.05,13.04245189298635,100.92367432828621,1.623657989946941,3.311039027405825,0.12819372502472864
gross95,2013,11,2013-08-26,0.3851278586657464,,7.391481744227861,,1.623657989946941,5.888979400203025,0.145049982143755
gross95,2013,11,2013-08-27,0.3924671124688436,1.05,12.278759101021992,100.15998091441537,1.623657989946941,4.746915771732346,0.14036143205004356
gross95,2013,11,2013-08-28,0.39978978009867505,,13.784664821582771,,1.623657989946941,3.161032933611838,0.12287273700661086
gross95,2013,11,2013-08-29,0.4070960595313923,1.05,15.717292694643303,103.59851444179253,1.623657989946941,1.7797231130081081,0.1529047437506267
gross95,2013,11,2013-08-30,0.4143861445011344,,8.866522170274658,,1.6133268486071484,4.62673965553144,0.1124898147923396
gross95,2013,11,2013-08-31,0.4143861445011344,,13.52590188087101,,1.6016809909657255,4.54451542965227,0.1148642791711993
gross95,2013,11,2013-09-01,0.4143861445011344,,15.146478767950846,,1.588553109375151,1.511647930903711,0.1089289556335906
gross95,2013,11,2013-09-02,0.4143861445011344,,16.442882330544993,,1.5737546050174172,1.178112719022087,0.11829084340586506
gross95,2013,11,2013-09-03,0.4143861445011344,,17.342495019788924,,1.5570728784406704,1.0460803894162136,0.10753229977675348
gross95,2013,11,2013-09-04,0.4143861445011344,1.05,18.111478417280477,105.99270015657385,1.5382682752960355,0.6663470969335684,0.10263630054232914
gross95,2013,11,2013-09-05,0.4143861445011344,,14.295558659615425,,1.5170706433962218,5.657508185653863,0.12157205667629037
gross95,2013,11,2013-09-06,0.4143861445011344,1.05,18.141510639249216,106.02273237853632,1.4931754516336562,3.7208466276635503,0.1251053519687695
gross95,2013,11,2013-09-07,0.4143861445011344,,18.89161177374792,,1.4662394150014322,0.6439274303234505,0.10617370417483457
gross95,2013,11,2013-09-08,0.4143861445011344,,19.57263427242998,,1.4358755628649043,0.5724954262842045,0.1085270723977251
gross95,2013,11,2013-09-09,0.4143861445011344,,-3.547797819078687,,1.401647679633339,4.261963502893705,0.0781484441101294
gross95,2013,11,2013-09-10,0.4143861445011344,,-2.127138505908301,,1.3630640379647552,2.4321502990567305,0.039636499886425904
gross95,2013,11,2013-09-11,0.4143861445011344,,-3.6942225311308747,,1.3195703344734215,1.5644761946129335,0.023842188993627444
gross95,2013,11,2013-09-12,0.4143861445011344,,-10.32108850415618,,1.2705417264524133,0.9828543681554486,0.012247283874367042
gross95,2013,11,2013-09-13,0.4143861445011344,,-12.243172473859204,,1.215273855208553,2.6478824531531138,0.03562906614620135
gross95,2013,11,2013-09-14,0.4143861445011344,,-5.0708570870532155,,1.152972727048456,3.87760093032698,0.04696448240443186
gross95,2013,11,2013-09-15,0.4143861445011344,,-13.84810439254708,,1.0827433065431038,0.6197128345131949,0.003924141566681
gross95,2013,11,2013-09-16,0.4143861445011344,,-4.769932396260932,,1.003576658198578,2.5750236072553774,0.02172751612522703
gross95,2013,11,2013-09-17,0.4143861445011344,1.05,2.6903725744267057,61.379120009220486,0.914335451806619,4.044758195593593,0.030345974015889874
gross95,2013,11,2013-09-18,0.4143861445011344,,6.5051986907070685,,0.8137376232408109,3.310365561533936,0.02462783188204656
gross95,2013,11,2013-09-19,0.4143861445011344,,8.994847931274174,,0.7003379559648252,2.9727204911957936,0.007846896788524566
gross95,2013,11,2013-09-20,0.4143861445011344,,10.812134050307254,,0.57250731864752,1.74167705357672,0.006121509608785636
gross95,2013,11,2013-09-21,0.4143861445011344,,12.325737905768971,,0.42840926060666773,1.492223749755006,0.006340980763104515
gross95,2013,11,2013-09-22,0.4143861445011344,,11.019168473957977,,0.2659736288449067,3.5133406845046644,0.0021481489835154096
gross95,2013,11,2013-09-23,0.4143861445011344,,-2.227869046805284,,0.0,4.226908397483027,0.0
gross95,2013,12,2013-05-15,0.08,,3.5750575433999776,,0.0,4.468821929249998,0.0
gross95,2013,12,2013-05-16,0.08,,5.7824002357199955,,0.0,2.759178365400051,0.0
gross95,2013,12,2013-05-17,0.08,,7.460181263486801,,0.0,2.097226284708515,0.0
gross95,2013,12,2013-05-18,0.08,,8.542294799514062,,0.0,1.3526419200340798,0.0
gross95,2013,12,2013-05-19,0.08,,10.565062571331902,,0.0,2.782459714772308,0.0
gross95,2013,12,2013-05-20,0.08,,10.66962538424052,,0.4875,4.448703516135788,0.0
gross95,2013,12,2013-05-21,0.08,,12.149654448399074,,0.5738742470010385,2.866036330198201,0.0
gross95,2013,12,2013-05-22,0.08,,13.048384797278787,,0.6755521053764285,2.1394129360996583,0.0
gross95,2013,12,2013-05-23,0.08,,13.580305475840223,,0.6693127862307413,0.6649008482018102,0.0
gross95,2013,12,2013-05-24,0.08,,13.893055555555556,,0.6619209548482653,0.9093810455592738,0.0
gross95,2013,12,2013-05-25,0.08,,13.893055555555556,,0.6531637219016666,0.7549633909756408,0.0
gross95,2013,12,2013-05-26,0.08,,13.893055555555556,,0.6427888736519074,0.7399773728722208,0.0
gross95,2013,12,2013-05-27,0.08,,13.893055555555556,,0.6304976080361702,0.693408484580374,0.0
gross95,2013,12,2013-05-28,0.08,,13.893055555555556,,0.6159359289831668,2.407348429251132,0.0
gross95,2013,12,2013-05-29,0.08,,9.876697397905934,,0.5986844511067813,2.853552302937975,0.0
gross95,2013,12,2013-05-30,0.08,,13.893055555555556,,0.5782463211468956,5.224011026358109,0.0
gross95,2013,12,2013-05-31,0.08,,13.893055555555556,,0.5540329082874117,0.6570140616223447,0.0
gross95,2013,12,2013-06-01,0.08,,13.893055555555556,,0.5253468512237498,0.5220822607104458,0.0
gross95,2013,12,2013-06-02,0.08,,13.893055555555556,,0.49136197372485746,0.5156341355089056,0.0
gross95,2013,12,2013-06-03,0.08,,13.893055555555556,,0.45109949024546064,0.5852827361845605,0.0
gross95,2013,12,2013-06-04,0.08,,13.893055555555556,,0.40339981629543586,6.122004412460784,0.0
gross95,2013,12,2013-06-05,0.08,,13.893055555555556,,0.3468891716874604,0.23387583222973524,0.0
gross95,2013,12,2013-06-06,0.08,0.09,13.893055555555556,15.6296875,0.2799400148157657,0.42730060903340966,0.0
gross95,2013,12,2013-06-07,0.08,,-2.552430120999487,,0.32953921068278375,6.6913554581699595,0.016787446136230167
gross95,2013,12,2013-06-08,0.0905004365499774,,4.328855599099763,,0.3879262900264597,5.5577260608083305,0.022796997960521394
gross95,2013,12,2013-06-09,0.10089126242554235,,7.880100181471767,,0.41081087494418117,3.0608068632578194,0.0016510049375163564
gross95,2013,12,2013-06-10,0.10388314940633517,0.13,9.849221553438674,10.857238259767792,0.40701191530299835,1.8536452716127803,0.0
gross95,2013,12,2013-06-11,0.10388314940633517,,11.653483952845045,,0.40251033893235705,1.8042623994063862,0.0
gross95,2013,12,2013-06-12,0.10388314940633517,0.15,12.969730314625163,14.749675246154322,0.3971761987457103,1.3162463617801377,0.0
gross95,2013,12,2013-06-13,0.10388314940633517,,-7.3325775261947195,,0.4675470604757524,7.30397863524046,0.0387135239396538
gross95,2013,12,2013-06-14,0.11380368526226245,0.17,4.972731916576897,4.704103749716814,0.5503860867037362,6.719048050060746,0.06660892576705792
gross95,2013,12,2013-06-15,0.12364277523169656,,7.747742421275267,,0.602351687152607,2.701799537758213,0.03661402443753182
gross95,2013,12,2013-06-16,0.13307419740273488,,9.397510192802702,,0.6001693342810563,1.625632242620001,0.016604586797839466
gross95,2013,12,2013-06-17,0.1411020383742433,,10.686629848278193,,0.5950843274890374,1.2825063143669382,0.007469021199436882
gross95,2013,12,2013-06-18,0.14656261116697894,,11.854283930871688,,0.5883209596900615,1.1665375458352174,0.002009373741345646
gross95,2013,12,2013-06-19,0.1482982903173709,0.22,13.08028942942834,13.082981709525521,0.5801631616760896,1.2259131156972507,0.0
gross95,2013,12,2013-06-20,0.1482982903173709,,2.2344220221036983,,0.6829552770145799,8.690672356366077,0.09746023630927603
gross95,2013,12,2013-06-21,0.15771295857614648,0.24,7.18413797939545,7.1863805727271926,0.7994930010449011,4.854327046230423,0.09488780809309473
gross95,2013,12,2013-06-22,0.16706574693066412,,9.57608522449619,,0.8807696020070551,2.334168772903839,0.08540971428147602
gross95,2013,12,2013-06-23,0.1763397964317549,,11.331226699706301,,0.8804977492479537,1.7008252962702342,0.06012803737710392
gross95,2013,12,2013-06-24,0.18538881975326588,,14.14826235668358,,0.8780686149583926,3.293483634538988,0.02096367670377304
gross95,2013,12,2013-06-25,0.1918017982523768,0.29,15.834567033178562,15.848653425478266,0.869457393369446,1.6752856399742,0.0
gross95,2013,12,2013-06-26,0.1918017982523768,,17.097227334702936,,0.8592430673728939,1.2626603015243874,0.0
gross95,2013,12,2013-06-27,0.1918017982523768,0.32,18.17221270458902,22.706909494038825,0.8471438062844268,1.132867803207884,0.0
gross95,2013,12,2013-06-28,0.1918017982523768,,18.951523148024396,,0.8328117672505926,1.6109054226290547,0.0
gross95,2013,12,2013-06-29,0.1918017982523768,,19.51225397862108,,0.8158349170640021,1.372805933294657,0.0
gross95,2013,12,2013-06-30,0.1918017982523768,0.365,20.02972786320294,34.771444591515404,0.7957251865799073,0.5636860000925784,0.0
gross95,2013,12,2013-07-01,0.1918017982523768,,14.974429606731393,,0.8758447459751261,7.037711432313978,0.005435962377074326
gross95,2013,12,2013-07-02,0.19430436438495602,0.395,17.90043321695502,39.263945443711606,0.8677632111270009,2.853261633301908,0.0
gross95,2013,12,2013-07-03,0.19430436438495602,,18.876913615430666,,0.8581902867165879,0.9764803984756625,0.0
gross95,2013,12,2013-07-04,0.19430436438495602,0.425,19.705396386248168,48.22677808369888,0.8468507492766076,0.8284827708175106,0.0
gross95,2013,12,2013-07-05,0.19430436438495602,,11.331331369047055,,0.9765337050883555,5.561985804465719,0.07629464320385897
gross95,2013,12,2013-07-06,0.20293582324044973,,14.791904700925958,,0.9750615910032502,3.5205003142698934,0.02417276916220993
gross95,2013,12,2013-07-07,0.20944283996759214,,16.424405091015117,,0.9673658087016781,2.3874400870295345,0.00706030305963958
gross95,2013,12,2013-07-08,0.21240192992030119,,17.77346565496122,,0.956668438333505,1.3490605639461275,0.0
gross95,2013,12,2013-07-09,0.21240192992030119,0.5,18.80269435962486,65.28508377349945,0.9439978752196926,1.029228704663641,0.0
gross95,2013,12,2013-07-10,0.21240192992030119,,11.769386686898462,,1.1052429367643732,7.290453580700431,0.11623874657318226
gross95,2013,12,2013-07-11,0.2208500463909661,0.54,16.18104979394423,72.33093920781883,1.1027539099142214,4.376302646823782,0.03536046022200274
gross95,2013,12,2013-07-12,0.22693680964757737,,14.471247005608454,,1.2473948193485775,6.079933373580498,0.08426383808373161
gross95,2013,12,2013-07-13,0.2352101748707744,,13.161852292928222,,1.4335992785100644,5.6680287035493215,0.1345765837704429
gross95,2013,12,2013-07-14,0.24357788047772883,0.6,15.129708626850846,85.78084804072543,1.5257886021296623,2.889887740327575,0.09396859359507581
gross95,2013,12,2013-07-15,0.2518113787014304,,10.262615261447525,,1.7872932518137536,4.683712691867964,0.13919394272871966
gross95,2013,12,2013-07-16,0.2601133183022734,0.64,16.015448520916152,94.82908793479075,1.965039869580808,5.582756806149427,0.17007645331921448
gross95,2013,12,2013-07-17,0.2682313785925477,,17.957276580515856,,1.955854764927235,1.818339465881929,0.12348859371778798
gross95,2013,12,2013-07-18,0.2760036237317472,0.68,18.604508381221134,105.58064779509573,1.9558392737806476,3.5872244905675603,0.1080073101377296
gross95,2013,12,2013-07-19,0.2838803247940213,,19.01323743605008,,1.9528251110339967,2.365551182407408,0.07517787242154864
gross95,2013,12,2013-07-20,0.291747071535499,,19.815201555130756,,1.9378197572202776,0.7157828219221296,0.08618129715856414
gross95,2013,12,2013-07-21,0.2994256098015855,,20.41828393498253,,1.9219952718995945,0.775174852054917,0.08190752779687749
gross95,2013,12,2013-07-22,0.2994256098015855,,21.074282774112646,,1.898759849494406,0.5809349594655095,0.07506387966461209
gross95,2013,12,2013-07-23,0.2994256098015855,0.78,21.585936429542183,128.96832584341675,1.8700957070603323,0.4551499458047163,0.056503709624826856
gross95,2013,12,2013-07-24,0.2994256098015855,,15.182243661940456,,1.9448420014998955,5.025259160432774,0.16104807196549392
gross95,2013,12,2013-07-25,0.2994256098015855,0.82,18.307905845502,133.27383692604323,1.9448420014998955,3.037832532933807,0.08782965062773485
gross95,2013,12,2013-07-26,0.2994256098015855,,19.33124726610067,,1.9384606836534228,1.410729315907517,0.12061210469117936
gross95,2013,12,2013-07-27,0.2994256098015855,,19.863700443711657,,1.9308269415945243,0.9757813215090112,0.06467185610198742
gross95,2013,12,2013-07-28,0.2994256098015855,0.88,20.15115045602409,145.62395653656534,1.923219595876579,0.7464428292957751,0.049007183016674644
gross95,2013,12,2013-07-29,0.2994256098015855,,-35.28777776663848,,1.923219595876579,2.03646425404535,0.061958453090537935
gross95,2013,12,2013-07-30,0.2994256098015855,0.91,-3.1225994505364665,101.33890523010888,1.923219595876579,5.752903693693746,0.1801847927139301
gross95,2013,12,2013-07-31,0.30730779973938627,,6.434309420083833,,1.923219595876579,4.776616800379006,0.1966537026039359
gross95,2013,12,2013-08-01,0.3151657732598534,0.93,9.638513489900049,111.85093976790152,1.923219595876579,1.88475309194992,0.15171927619314887
gross95,2013,12,2013-08-02,0.3229999219596076,,-12.5572024866173,,1.923219595876579,6.532460991125179,0.20456655261551615
gross95,2013,12,2013-08-03,0.3308106261063668,,-15.252763138109692,,1.923219595876579,5.407620883959342,0.16933222911759271
gross95,2013,12,2013-08-04,0.33859825510754527,,-1.1805034797713012,,1.923219595876579,5.052117528783669,0.16369655749213913
gross95,2013,12,2013-08-05,0.3463631679537942,,4.989051984407359,,1.923219595876579,2.992776635574736,0.17591068199108487
gross95,2013,12,2013-08-06,0.3541057136391128,0.965,7.87695993114305,95.79957591467614,1.923219595876579,1.9100366829629858,0.17728824726407136
gross95,2013,12,2013-08-07,0.36182623155904636,,-8.002771419974803,,1.923219595876579,3.6637324285919615,0.10800271030726492
gross95,2013,12,2013-08-08,0.36952505188836726,0.975,-1.3999671539919307,84.63595323554102,1.923219595876579,2.9840873676227493,0.089408981009613
gross95,2013,12,2013-08-09,0.3772024959395268,,5.329435166901145,,1.923219595876579,4.712036214173024,0.155084297993816
gross95,2013,12,2013-08-10,0.3848588765030767,,8.765385856721235,,1.923219595876579,2.7120196102335594,0.17445543712715406
gross95,2013,12,2013-08-11,0.392494498171168,0.99,10.297898792444181,96.46782266007517,1.923219595876579,1.325834365433893,0.12572074957274126
gross95,2013,12,2013-08-12,0.40010965764515505,,-10.138764443521623,,1.923219595876579,4.5294102920479595,0.13656108476263176
gross95,2013,12,2013-08-13,0.4077046440282577,1.0,-2.3284556832109486,80.89038793412476,1.923219595876579,3.759376125270637,0.13507193863506226
gross95,2013,12,2013-08-14,0.4152797391041725,,2.9548316248170576,,1.923219595876579,2.306940899890288,0.14232073584807475
gross95,2013,12,2013-08-15,0.42283521760245435,1.01,5.6969539096948445,87.04941080917428,1.923219595876579,1.8019221648176473,0.1566932411602026
gross95,2013,12,2013-08-16,0.43037134745143635,,7.516021871233735,,1.923219595876579,1.4290048817671843,0.1698516380042144
gross95,2013,12,2013-08-17,0.43788839001940705,,8.88984168094472,,1.923219595876579,1.1415324634241115,0.16945849010894928
gross95,2013,12,2013-08-18,0.44538660034470867,,12.196417074110363,,1.923219595876579,3.3924925797275804,0.15603207103599678
gross95,2013,12,2013-08-19,0.45286622735537896,,14.501467922066654,,1.923219595876579,2.1122595593896265,0.18909146657873427
gross95,2013,12,2013-08-20,0.4603275140789196,1.035,15.997880863988533,101.42826798548211,1.923219595876579,1.3125028960757024,0.18276654686248953
gross95,2013,12,2013-08-21,0.4677706978427323,,8.359381392679271,,1.923219595876579,5.765780325037081,0.18036481515124353
gross95,2013,12,2013-08-22,0.4751960104657331,1.045,5.9026597182696365,93.08372632643328,1.923219595876579,4.2676737498819755,0.13349361754756356
gross95,2013,12,2013-08-23,0.4826036784416159,,10.758375813741603,,1.923219595876579,4.689053730083821,0.16662759364230859
gross95,2013,12,2013-08-24,0.4899939231142152,,13.17617823434432,,1.923219595876579,2.2626851815428015,0.15510631017720697
gross95,2013,12,2013-08-25,0.4973669608453821,1.05,14.852233082873358,102.90882346417658,1.923219595876579,2.276130508686053,0.16192089694447143
gross95,2013,12,2013-08-26,0.504723003175765,,11.367529862672006,,1.923219595876579,5.858411733776208,0.18321094441709887
gross95,2013,12,2013-08-27,0.5120622569788622,1.05,15.685243965165139,103.32382225473899,1.923219595876579,3.8860882007646915,0.17728791160440424
gross95,2013,12,2013-08-28,0.5193849246086937,,16.8537724060378,,1.923219595876579,2.5375680672731984,0.15519740873078128
gross95,2013,12,2013-08-29,0.5266912040414109,1.05,18.433977466367807,105.56559781812308,1.923219595876579,1.1338810872356686,0.19312900014446754
gross95,2013,12,2013-08-30,0.533981289011153,,19.480456136771164,,1.9109823799139312,0.6517619187222913,0.14208300788436942
gross95,2013,12,2013-08-31,0.533981289011153,,20.1882333746915,,1.8971878851586004,0.5626940940626052,0.14508314187629964
gross95,2013,12,2013-09-01,0.533981289011153,,20.787624449572643,,1.8816379360414435,0.46180356474787265,0.13758750952490845
gross95,2013,12,2013-09-02,0.533981289011153,,21.388037211692186,,1.8641091376450591,0.45099876460273813,0.14941399732988822
gross95,2013,12,2013-09-03,0.533981289011153,,21.889423561787588,,1.8443496663499357,0.6195598676099016,0.13582648242804937
gross95,2013,12,2013-09-04,0.533981289011153,1.05,22.370747844445997,109.24973444955265,1.8220756520659138,0.35168015179163836,0.12964413084912121
gross95,2013,12,2013-09-05,0.533981289011153,,22.935844037635924,,1.7969671000750895,0.41153089072123256,0.15356530246328196
gross95,2013,12,2013-09-06,0.533981289011153,1.05,23.51515586031023,110.39414246540977,1.7686632938982132,0.4212802197611144,0.15803160291154636
gross95,2013,12,2013-09-07,0.533981289011153,,24.005570013568118,,1.7367576131408786,0.3562936540491341,0.13412049920828775
gross95,2013,12,2013-09-08,0.533981289011153,,24.50779060400433,,1.700791691871229,0.36512357156341535,0.13709701887266149
gross95,2013,12,2013-09-09,0.533981289011153,,1.1585074506049644,,1.6602488336068029,4.241143702453925,0.09872423788501712
gross95,2013,12,2013-09-10,0.533981289011153,,1.340429841205871,,1.6145465883083794,2.417848157220117,0.05007423338078511
gross95,2013,12,2013-09-11,0.533981289011153,,-1.5891154076406004,,1.563028384739836,1.557008928389229,0.03012194301387664
gross95,2013,12,2013-09-12,0.533981289011153,,-9.279221468541156,,1.5049540979821696,0.9782287052958026,0.015473802943702436
gross95,2013,12,2013-09-13,0.533981289011153,,-12.725619767696381,,1.43948941659194,2.63561893678131,0.04501788045591294
gross95,2013,12,2013-09-14,0.533981289011153,,-5.972444617526479,,1.3656938566497685,3.8606745260130486,0.059343990458562604
gross95,2013,12,2013-09-15,0.533981289011153,,-14.294348509157693,,1.2825072505053527,0.6169533885222205,0.0049588636417477235
gross95,2013,12,2013-09-16,0.533981289011153,,-5.559151753058754,,1.1887345161125404,2.563830704291744,0.027458830550036104
gross95,2013,12,2013-09-17,0.533981289011153,1.05,2.256493452515284,65.05303910426147,1.0830284881464596,4.027657969787364,0.03835413447973324
gross95,2013,12,2013-09-18,0.533981289011153,,6.362187944892514,,0.963870564249742,3.3041990293859365,0.031130186638620473
gross95,2013,12,2013-09-19,0.533981289011153,,8.941183751948964,,0.8295488883663958,2.968178065505479,0.009919822190302763
gross95,2013,12,2013-09-20,0.533981289011153,,10.78653324258351,,0.6781337577389986,1.741373652291693,0.007739655134309312
gross95,2013,12,2013-09-21,0.533981289011153,,12.30940538978671,,0.5074499002592678,1.4926895824332236,0.008018335370215856
gross95,2013,12,2013-09-22,0.533981289011153,,10.997824361661356,,0.3150452239006595,3.5050708601391416,0.00271684856785456
gross95,2013,12,2013-09-23,0.533981289011153,,-2.2524878613162564,,0.0,4.222803990088582,0.0
effective100,2012,1,2012-04-30,0.08,,3.753900049830017,,0.0,4.692375062287551,0.0
effective100,2012,1,2012-05-01,0.08,,5.2718430270147305,,0.0,1.8974287214809162,0.0
effective100,2012,1,2012-05-02,0.08,,6.643501024449703,,0.0,1.714572496793716,0.0
effective100,2012,1,2012-05-03,0.08,,7.946309182792724,,0.0,1.6285101979287846,0.0
effective100,2012,1,2012-05-04,0.08,,8.946351027475611,,0.0,1.2500523058536175,0.0
effective100,2012,1,2012-05-05,0.08,,9.569030653030312,,0.4875,0.7783495319433889,0.0
effective100,2012,1,2012-05-06,0.08,,10.58633306313073,,0.5738742470010385,3.0496280126255377,0.0
effective100,2012,1,2012-05-07,0.08,,8.763677620223216,,0.6755521053764285,1.531680696365608,0.0
effective100,2012,1,2012-05-08,0.08,,11.228728923706418,,0.6693127862307413,3.081314129354019,0.0
effective100,2012,1,2012-05-09,0.08,,12.194027183297466,,0.6619209548482653,1.206622824488818,0.0
effective100,2012,1,2012-05-10,0.08,,12.415687856150482,,0.6531637219016666,0.985736033449295,0.0
effective100,2012,1,2012-05-11,0.08,,12.415687856150482,,0.6427888736519074,0.4840079922606273,0.0
effective100,2012,1,2012-05-12,0.08,,12.415687856150482,,0.6304976080361702,1.5876180156698452,0.0
effective100,2012,1,2012-05-13,0.08,,12.415687856150482,,0.6159359289831668,0.5217902482684804,0.0
effective100,2012,1,2012-05-14,0.08,,12.415687856150482,,0.5986844511067813,0.685796659519991,0.0
effective100,2012,1,2012-05-15,0.08,,12.415687856150482,,0.5782463211468956,0.7247667675741237,0.0
effective100,2012,1,2012-05-16,0.08,,12.415687856150482,,0.5540329082874117,0.5608120017328235,0.0
effective100,2012,1,2012-05-17,0.08,,12.415687856150482,,0.5253468512237498,0.4619539308930875,0.0
effective100,2012,1,2012-05-18,0.08,,12.415687856150482,,0.49136197372485746,1.6131819458476029,0.0
effective100,2012,1,2012-05-19,0.08,,12.415687856150482,,0.45109949024546064,0.6968596617486045,0.0
effective100,2012,1,2012-05-20,0.08,,12.415687856150482,,0.40339981629543586,0.4248283114955311,0.0
effective100,2012,1,2012-05-21,0.08,,12.415687856150482,,0.3468891716874604,0.6946284114337576,0.0
effective100,2012,1,2012-05-22,0.08,,12.415687856150482,,0.2799400148157657,2.8828093041350016,0.0
effective100,2012,1,2012-05-23,0.08,,4.568063083527572,,0.32953921068278375,4.917483409091409,0.004985625129958451
effective100,2012,1,2012-05-24,0.09027524171086804,,9.435225686528577,,0.32729714898246665,4.741541664921375,0.0
effective100,2012,1,2012-05-25,0.09027524171086804,0.25,10.205482443913109,17.002565416218673,0.3238337431838241,0.8532314539256547,0.0
effective100,2012,1,2012-05-26,0.09027524171086804,,11.494056126725607,,0.31972953576767016,1.4273832541368732,0.0
effective100,2012,1,2012-05-27,0.09027524171086804,,12.316749228560461,,0.31486596519750626,0.9113164210291169,0.0
effective100,2012,1,2012-05-28,0.09027524171086804,,12.939779869691977,,0.3091025336034152,0.6901456360836621,0.0
effective100,2012,1,2012-05-29,0.09027524171086804,,13.441620270429473,,0.3022727481072324,0.5559003678381541,0.0
effective100,2012,1,2012-05-30,0.09027524171086804,,0.002845850225558981,,0.35582881171071296,7.715393681866887,0.0221610807496664
effective100,2012,1,2012-05-31,0.10011433168030215,0.335,4.8037141401406585,17.96644650682461,0.4188738284754046,4.776725210827484,0.017322222834287696
effective100,2012,1,2012-06-01,0.10986759796165899,,9.380435652125094,,0.42967660302201244,4.275008347943689,0.0
effective100,2012,1,2012-06-02,0.10986759796165899,,11.033276616619721,,0.4257035369163552,1.6528409644946356,0.0
effective100,2012,1,2012-06-03,0.10986759796165899,,12.277289059805444,,0.42099572034167543,1.2440124431857407,0.0
effective100,2012,1,2012-06-04,0.10986759796165899,,13.682740608894534,,0.41541727379398996,2.675451549089097,0.0
effective100,2012,1,2012-06-05,0.10986759796165899,0.41,14.654170775135027,43.271618296149384,0.40880718918433184,2.4954301662405087,0.0
effective100,2012,1,2012-06-06,0.10986759796165899,,-2.935332691075646,,0.48123880587029644,8.516625510105513,0.04787102368382113
effective100,2012,1,2012-06-07,0.11922038631617662,0.44,-5.586884136903193,26.800904515461664,0.5665037073774262,6.236060841217667,0.048620929261052735
effective100,2012,1,2012-06-08,0.12851340410112147,0.455,4.819224914811574,36.46207165898544,0.6668756687067018,6.375408365254049,0.08367311459553534
effective100,2012,1,2012-06-09,0.13774863382726502,,7.641969891444767,,0.7387684377881945,2.726041334573047,0.055347664578075655
effective100,2012,1,2012-06-10,0.14675912877612657,,9.730447019211297,,0.7355712921182223,2.065456815177983,0.019647438526228626
effective100,2012,1,2012-06-11,0.15311034454523273,,11.077566526193303,,0.7281740762778631,1.3468112235043372,0.0
effective100,2012,1,2012-06-12,0.15311034454523273,,12.045508120028549,,0.7193965597266192,0.9679415938352578,0.0
effective100,2012,1,2012-06-13,0.15311034454523273,0.54,13.007763202497443,62.75072490580326,0.7089981661448964,0.9622550824689022,0.0
effective100,2012,1,2012-06-14,0.15311034454523273,,-9.87760830501606,,0.8346170025056813,8.204600616113646,0.11273134196704646
effective100,2012,1,2012-06-15,0.16203459692233166,0.58,1.5810031929836716,52.84116208158462,0.982492725840434,4.877808514894792,0.11040159967461882
effective100,2012,1,2012-06-16,0.17091216183558675,,4.8977073115440435,,1.1493147979072222,2.364778257464319,0.12535854769477697
effective100,2012,1,2012-06-17,0.1797443131500501,,7.1008174235073245,,1.3012693664210373,1.8260502676756691,0.16244447983691374
effective100,2012,1,2012-06-18,0.18853226309512214,0.64,11.83164783821117,74.23971026964482,1.4099942090729736,4.928226440954175,0.06106650866683342
effective100,2012,1,2012-06-19,0.19583440145804099,,-8.62882599324907,,1.6598140820668257,9.469675651988933,0.2618191486717822
effective100,2012,1,2012-06-20,0.2045373595764438,0.68,-1.0958147145181383,64.18627469701826,1.9538965261698855,2.332270485962289,0.19162300654857145
effective100,2012,1,2012-06-21,0.21319942365679478,,2.803467435495191,,2.2992651258794528,2.328361351302607,0.35468834269807675
effective100,2012,1,2012-06-22,0.22182159813714353,,7.557986012815588,,2.693598863603296,4.623395746995746,0.3060651240902637
effective100,2012,1,2012-06-23,0.23040484361184455,,10.715096954138145,,2.965567066263216,2.7440167078404594,0.40456165412869816
effective100,2012,1,2012-06-24,0.23893885697838857,0.76,12.65978848402028,92.21105423008588,2.9628396609939514,1.6450656507884927,0.29627268681956026
effective100,2012,1,2012-06-25,0.24732474391891898,,-16.451436988524375,,3.4877894962824945,8.95720427426547,0.5303830265120877
effective100,2012,1,2012-06-26,0.2557965670066029,0.8,0.6536522399918099,76.74050351913624,4.105748863337944,5.189313996684949,0.5373718573859704
effective100,2012,1,2012-06-27,0.26423291627589496,,6.96978047991776,,4.828597366026957,3.887672020657524,0.4516887836537672
effective100,2012,1,2012-06-28,0.27263456985023815,0.84,10.106493778338647,91.49119984907693,5.519630141593746,2.2563048705156454,0.5997562415299871
effective100,2012,1,2012-06-29,0.2810022754571926,,-21.763776258425146,,6.49758685380789,6.2462095320087085,0.7138768432389913
effective100,2012,1,2012-06-30,0.2893367521185366,,-0.9262067707214752,,7.648815924210972,5.424297353591948,0.8338701459243391
effective100,2012,1,2012-07-01,0.2976386917193796,,6.370596377248558,,8.965488763184103,2.6987205838679915,1.1751982725273038
effective100,2012,1,2012-07-02,0.3059087604668227,,12.656158794278408,,10.27115503324046,4.263562189641588,1.35082712543053
effective100,2012,1,2012-07-03,0.314147600247618,0.92,15.156239429768235,93.03405165661115,10.81581035379411,1.3035129249615989,1.0682280091736596
effective100,2012,1,2012-07-04,0.32235582989333933,,-20.262219717348486,,12.732133379465912,6.239055505857211,1.50645105642982
effective100,2012,1,2012-07-05,0.3305340463607267,0.94,-0.7594755363238406,68.14208871201517,14.987986576118542,5.050437769700865,1.6074555166242783
effective100,2012,1,2012-07-06,0.33868282583412923,,4.614147320758972,,17.615506960286645,5.158777099592263,1.8337336081493185
effective100,2012,1,2012-07-07,0.34680272475630547,,-14.570388156624466,,20.055512523044733,3.412465925981988,1.425997327644197
effective100,2012,1,2012-07-08,0.3548942807932489,,-5.798964604515778,,21.96105108440351,2.536876044904627,1.1601933047742565
effective100,2012,1,2012-07-09,0.3629580137381845,,3.6311226017179146,,23.23609234986823,3.2241856723149667,2.02541458854707
effective100,2012,1,2012-07-10,0.3709944263594043,0.97,8.741223965889839,65.57481502971169,23.23609234986823,1.6174383079151893,2.324305241175652
effective100,2012,1,2012-07-11,0.37900400519619826,,11.979640184577644,,23.23609234986823,0.8398975443473065,2.212556796649938
effective100,2012,1,2012-07-12,0.38698722130674956,0.98,14.927244485704705,73.4766521321212,23.23609234986823,0.6103926035856426,2.286671554430713
effective100,2012,1,2012-07-13,0.39494453097152893,,-26.618602974382586,,23.23609234986823,4.5487468840217185,2.2916867322412107
effective100,2012,1,2012-07-14,0.4028763763554182,,-2.2803719428570126,,23.23609234986823,5.389261355521231,2.744757219615422
effective100,2012,1,2012-07-15,0.4107831861315132,,7.663717688522501,,23.23609234986823,1.741158174177718,2.428979252422809
effective100,2012,1,2012-07-16,0.418665376069314,,9.703748892851154,,23.23609234986823,4.782376745651433,2.404540677590158
effective100,2012,1,2012-07-17,0.4265233495897811,1.005,15.097231689646593,55.33423918407012,23.23609234986823,2.9061200128224063,2.2351634893949988
effective100,2012,1,2012-07-18,0.4343574982895353,,-9.505920700816871,,23.23609234986823,4.879373025774472,2.4500105680805233
effective100,2012,1,2012-07-19,0.4421682024362945,1.015,1.367518571021973,39.64877484294129,23.23609234986823,4.671249442166247,2.3615840194540314
effective100,2012,1,2012-07-20,0.449955831437473,,8.32453520232614,,23.23609234986823,2.1579961363805737,2.549580991854186
effective100,2012,1,2012-07-21,0.4577207442837219,,12.358852344660898,,23.23609234986823,0.9556001835168106,2.4669903424272324
effective100,2012,1,2012-07-22,0.4654632899690405,1.03,15.64372529898245,53.88561319879573,23.23609234986823,0.6525516528878152,2.52564114369393
effective100,2012,1,2012-07-23,0.4731838078889741,,-19.160228360875866,,23.23609234986823,5.1104014331416785,2.557375431833067
effective100,2012,1,2012-07-24,0.48088262821829497,1.04,-1.3744281572039012,28.454064268867505,23.23609234986823,4.935574408756871,2.5127811929442427
effective100,2012,1,2012-07-25,0.4885600722694545,,7.555425965028986,,23.23609234986823,2.9479403333549636,1.8766570492522427
effective100,2012,1,2012-07-26,0.4962164528330044,1.05,12.274542443493576,38.525068749472354,23.23609234986823,1.6594541300160832,2.1426343645856463
effective100,2012,1,2012-07-27,0.5038520745010957,,-10.753573094747132,,23.23609234986823,4.757020286495274,2.374101806852717
effective100,2012,1,2012-07-28,0.5114672339750828,,0.2324531588146125,,23.23609234986823,4.45419955446069,2.2242218842090296
effective100,2012,1,2012-07-29,0.5190622203581854,,7.732545796961567,,23.23609234986823,3.422694526263451,2.1290538285205964
effective100,2012,1,2012-07-30,0.5266373154341002,,11.260674878290645,,23.23609234986823,1.209447201471723,1.7506911239680698
effective100,2012,1,2012-07-31,0.5341927939323821,1.05,14.49017339445106,32.76589329175075,23.23609234986823,0.9534696082965755,2.1279247217403516
effective100,2012,1,2012-08-01,0.5417289237813641,,-15.090285925781266,,23.23609234986823,3.2956136386255874,1.6391821612996464
effective100,2012,1,2012-08-02,0.5492459663493348,1.05,-3.4457282620287155,8.07481543912886,23.23609234986823,3.762096242648809,2.1820301048041104
effective100,2012,1,2012-08-03,0.5567441766746364,,4.900739137683422,,23.23609234986823,1.561808341560269,2.200537629365158
effective100,2012,1,2012-08-04,0.5642238036853067,,10.96613334969147,,23.23609234986823,2.937141709483373,1.953414933715125
effective100,2012,1,2012-08-05,0.5716850904088473,1.05,14.526490939365862,21.99038278829033,23.23609234986823,1.3539744359003472,1.9515198790763981
effective100,2012,1,2012-08-06,0.57912827417266,,-9.273125706179169,,23.23609234986823,4.301618110492337,2.132280603804602
effective100,2012,1,2012-08-07,0.5865535867956608,1.05,-3.3839222129138404,2.054291464868628,23.23609234986823,3.857507195155656,1.922436584183264
effective100,2012,1,2012-08-08,0.5939612547715436,,3.8077189219045198,,23.23609234986823,2.0572109984879727,2.0123123170898563
effective100,2012,1,2012-08-09,0.6013514994441429,1.05,8.457838238888053,11.98045973574377,23.23609234986823,1.2235438799307194,2.262355642076631
effective100,2012,1,2012-08-10,0.6087245371753098,,-15.823562158506395,,23.23609234986823,4.337627936374057,2.144264861922048
effective100,2012,1,2012-08-11,0.6160805795056927,,-3.695975738833096,,23.23609234986823,3.520095160541704,1.7389353470168951
effective100,2012,1,2012-08-12,0.6234198333087899,,5.918392603459968,,23.23609234986823,3.426116509688498,1.9070439588735395
effective100,2012,1,2012-08-13,0.6307425009386214,,10.57534696293757,,23.23609234986823,2.493553284575217,1.4203183072185894
effective100,2012,1,2012-08-14,0.6380487803713386,1.05,14.1247347095385,14.056769114016081,23.23609234986823,1.5024221419982398,1.7405315208458152
effective100,2012,1,2012-08-15,0.6453388653410808,,-11.559652394067136,,23.088243877014165,4.464427477229151,2.1701206947946523
effective100,2012,1,2012-08-16,0.6453388653410808,1.05,-3.4327525680690183,-3.9944751542792076,22.921580561633093,2.7302476510318936,1.1272081892312016
effective100,2012,1,2012-08-17,0.6453388653410808,,3.3715974188308073,,22.73370807193057,2.8247961518078304,1.386879493355457
effective100,2012,1,2012-08-18,0.6453388653410808,,8.783758013015358,,22.521927379182916,3.0415970250750632,1.7049402742948478
effective100,2012,1,2012-08-19,0.6453388653410808,,12.05355696903012,,22.28319598273581,1.5239705585730265,1.5074293165630304
effective100,2012,1,2012-08-20,0.6453388653410808,1.05,13.215990876000813,13.201337045018274,22.014084200589103,0.4421470742973614,0.6581005922399115
effective100,2012,1,2012-08-21,0.6453388653410808,,-11.912978405918066,,21.71072589762612,3.61572850346031,1.5389951463757932
effective100,2012,1,2012-08-22,0.6453388653410808,1.05,-2.8813452000078574,-3.447461843553227,21.36876294363547,3.3467097881397154,1.3771940435557595
effective100,2012,1,2012-08-23,0.6453388653410808,,4.645081690566591,,20.983282603193672,3.1074699828162435,1.2828554268887475
effective100,2012,1,2012-08-24,0.6453388653410808,,8.920705862055367,,20.54874695793431,2.648713066371392,1.202004199523797
effective100,2012,1,2012-08-25,0.6453388653410808,,12.281928315552758,,20.05891334726416,1.7318509877866042,1.3882525738213864
effective100,2012,1,2012-08-26,0.6453388653410808,,14.62025201023829,,19.506744684555372,1.0085566899229548,1.2668717171782864
effective100,2012,1,2012-08-27,0.6453388653410808,1.05,16.35333307317059,16.34891103005079,18.88430836039117,0.6263344102042004,1.0902535882875632
effective100,2012,1,2012-08-28,0.6453388653410808,,-14.046576469762622,,18.182662280480663,4.094119218085846,1.2016246416651106
effective100,2012,1,2012-08-29,0.6453388653410808,1.05,-3.9167492308472096,-4.626600481927759,17.391726401031725,3.7105588092543997,0.9933907623687128
effective100,2012,1,2012-08-30,0.6453388653410808,,5.041880297667534,,16.500137916023082,3.9735650716772857,1.1468172966582804
effective100,2012,1,2012-08-31,0.6453388653410808,,9.224928101562845,,15.495088015955504,1.753358439350418,0.9993735404021546
effective100,2012,1,2012-09-01,0.6453388653410808,,11.104706101827738,,14.362137872912722,0.9260962337196493,0.663482313290519
effective100,2012,1,2012-09-02,0.6453388653410808,,12.726036198807982,,13.085011208321879,0.8728729357548421,0.6727650826117819
effective100,2012,1,2012-09-03,0.6453388653410808,,13.798435021829714,,11.645360463384073,0.5950172269298526,0.45753050621800395
effective100,2012,1,2012-09-04,0.6453388653410808,1.05,14.748053827528604,14.746459629284537,10.022503212913954,0.5725245680243238,0.37186182526477773
effective100,2012,1,2012-09-05,0.6453388653410808,,-24.360418654902347,,8.19312503583587,4.7367691142570605,0.25337200384707537
effective100,2012,1,2012-09-06,0.6453388653410808,1.05,-7.3423531006491904,-8.889215330559919,6.130944573691047,4.745623143755314,0.13685615497825043
effective100,2012,1,2012-09-07,0.6453388653410808,,1.6579378776853129,,3.80633596529266,2.449037554301321,0.03709802915688907
effective100,2012,1,2012-09-08,0.6453388653410808,,5.423058695483875,,1.1859032333195005,1.6722888573929358,0.003521794936661557
effective100,2012,2,2012-04-30,0.08,,3.753900049830017,,0.0,4.692375062287551,0.0
effective100,2012,2,2012-05-01,0.08,,5.2718430270147305,,0.0,1.8974287214809162,0.0
effective100,2012,2,2012-05-02,0.08,,6.643501024449703,,0.0,1.714572496793716,0.0
effective100,2012,2,2012-05-03,0.08,,7.946309182792724,,0.0,1.6285101979287846,0.0
effective100,2012,2,2012-05-04,0.08,,8.946351027475611,,0.0,1.2500523058536175,0.0
effective100,2012,2,2012-05-05,0.08,,9.569030653030312,,0.4875,0.7783495319433889,0.0
effective100,2012,2,2012-05-06,0.08,,10.58633306313073,,0.5738742470010385,3.0496280126255377,0.0
effective100,2012,2,2012-05-07,0.08,,8.763677620223216,,0.6755521053764285,1.531680696365608,0.0
effective100,2012,2,2012-05-08,0.08,,11.228728923706418,,0.6693127862307413,3.081314129354019,0.0
effective100,2012,2,2012-05-09,0.08,,12.194027183297466,,0.6619209548482653,1.206622824488818,0.0
effective100,2012,2,2012-05-10,0.08,,12.415687856150482,,0.6531637219016666,0.985736033449295,0.0
effective100,2012,2,2012-05-11,0.08,,12.415687856150482,,0.6427888736519074,0.4840079922606273,0.0
effective100,2012,2,2012-05-12,0.08,,12.415687856150482,,0.6304976080361702,1.5876180156698452,0.0
effective100,2012,2,2012-05-13,0.08,,12.415687856150482,,0.6159359289831668,0.5217902482684804,0.0
effective100,2012,2,2012-05-14,0.08,,12.415687856150482,,0.5986844511067813,0.685796659519991,0.0
effective100,2012,2,2012-05-15,0.08,,12.415687856150482,,0.5782463211468956,0.7247667675741237,0.0
effective100,2012,2,2012-05-16,0.08,,12.415687856150482,,0.5540329082874117,0.5608120017328235,0.0
effective100,2012,2,2012-05-17,0.08,,12.415687856150482,,0.5253468512237498,0.4619539308930875,0.0
effective100,2012,2,2012-05-18,0.08,,12.415687856150482,,0.49136197372485746,1.6131819458476029,0.0
effective100,2012,2,2012-05-19,0.08,,12.415687856150482,,0.45109949024546064,0.6968596617486045,0.0
effective100,2012,2,2012-05-20,0.08,,12.415687856150482,,0.40339981629543586,0.4248283114955311,0.0
effective100,2012,2,2012-05-21,0.08,,12.415687856150482,,0.3468891716874604,0.6946284114337576,0.0
effective100,2012,2,2012-05-22,0.08,,12.415687856150482,,0.2799400148157657,2.8828093041350016,0.0
effective100,2012,2,2012-05-23,0.08,,4.568063083527572,,0.32953921068278375,4.917483409091409,0.004985625129958451
effective100,2012,2,2012-05-24,0.09027524171086804,,9.435225686528577,,0.32729714898246665,4.741541664921375,0.0
effective100,2012,2,2012-05-25,0.09027524171086804,0.25,10.205482443913109,17.002565416218673,0.3238337431838241,0.8532314539256547,0.0
effective100,2012,2,2012-05-26,0.09027524171086804,,11.494056126725607,,0.31972953576767016,1.4273832541368732,0.0
effective100,2012,2,2012-05-27,0.09027524171086804,,12.316749228560461,,0.31486596519750626,0.9113164210291169,0.0
effective100,2012,2,2012-05-28,0.09027524171086804,,12.939779869691977,,0.3091025336034152,0.6901456360836621,0.0
effective100,2012,2,2012-05-29,0.09027524171086804,,13.441620270429473,,0.3022727481072324,0.5559003678381541,0.0
effective100,2012,2,2012-05-30,0.09027524171086804,,-0.358255116617911,,0.35582881171071296,7.715393681866887,0.0221610807496664
effective100,2012,2,2012-05-31,0.10011433168030215,0.335,4.82806218590661,17.70058103614382,0.4188738284754046,4.91109382423906,0.017088138741932445
effective100,2012,2,2012-06-01,0.10986501988281357,,9.455824773998112,,0.418836968701567,4.3545265211059405,0.0
effective100,2012,2,2012-06-02,0.10986501988281357,,11.12397724497589,,0.4149567767718872,1.6681524709777817,0.0
effective100,2012,2,2012-06-03,0.10986501988281357,,12.375849167980444,,0.4103589731231754,1.251871923004562,0.0
effective100,2012,2,2012-06-04,0.10986501988281357,,13.787982591152428,,0.4049108409752763,2.6821334231720044,0.0
effective100,2012,2,2012-06-05,0.10986501988281357,0.41,14.762678812241811,43.11838991386463,0.39845511859807387,2.4986962210893946,0.0
effective100,2012,2,2012-06-06,0.10986501988281357,,-7.327425130063662,,0.4690525767162649,8.518415555363651,0.04548050233086902
effective100,2012,2,2012-06-07,0.1192178082373312,0.44,-7.200731393912925,22.14619196444402,0.5521583472142427,6.237604538001087,0.04619353983954627
effective100,2012,2,2012-06-08,0.12851082602227604,0.455,4.344908179755956,31.827840572307917,0.649988627144434,6.400066017374827,0.07949692681483346
effective100,2012,2,2012-06-09,0.13774605574841958,,7.264698027304508,,0.7270102986143369,2.6383620575595534,0.06396533617450656
effective100,2012,2,2012-06-10,0.14685059552316282,,9.370444898705621,,0.7248215513026777,2.0162376478176403,0.028335034722352777
effective100,2012,2,2012-06-11,0.15438002530407507,,10.717586477808984,,0.7178124769561538,1.3301102796215407,0.0
effective100,2012,2,2012-06-12,0.15438002530407507,,11.6869747351081,,0.7094009450488161,0.9637345480560139,0.0
effective100,2012,2,2012-06-13,0.15438002530407507,0.54,12.65254246764904,57.97778303294608,0.6994360332745746,0.9640454625326159,0.0
effective100,2012,2,2012-06-14,0.15438002530407507,,-0.42963270827167005,,0.8233606706068507,8.206196645732772,0.11121823138493357
effective100,2012,2,2012-06-15,0.163304277681174,0.58,4.308212504891452,57.88875809174857,0.9692420202149261,4.599744056557899,0.10892102199562013
effective100,2012,2,2012-06-16,0.1721818425944291,,6.8465978747589125,,1.112436442833596,2.3799784413240044,0.12136214847676544
effective100,2012,2,2012-06-17,0.18101399390889245,,8.785782864819053,,1.2056197753882818,1.8213066751306604,0.13138563611651297
effective100,2012,2,2012-06-18,0.189776848920288,0.64,13.1550522606105,78.88619798170522,1.2044834966847886,4.607977341284547,0.004805961856628861
effective100,2012,2,2012-06-19,0.19110894902604722,,-6.935592589194922,,1.417891404482381,9.507649426937784,0.22397295312059912
effective100,2012,2,2012-06-20,0.19981190714445005,0.68,-0.3102794983089743,69.41223351800967,1.6691104863109156,2.5392724711472994,0.16396455089688267
effective100,2012,2,2012-06-21,0.20847397122480102,,3.4170695697130906,,1.960841284328208,2.48440567424734,0.30307799313550715
effective100,2012,2,2012-06-22,0.21709614570514976,,7.95680333246773,,2.291213008334556,4.527522509475472,0.2609527106506722
effective100,2012,2,2012-06-23,0.22567939117985078,,10.978273687739467,,2.499400691055553,2.694653402121258,0.3218155916567994
effective100,2012,2,2012-06-24,0.23420083150381904,0.76,12.811448717191967,97.15801195554916,2.4927945196956993,1.6258767186300138,0.2051215692186916
effective100,2012,2,2012-06-25,0.24243347486775177,,-16.395621367737977,,2.934462723935764,9.044443306458987,0.44767616669503535
effective100,2012,2,2012-06-26,0.2509052979554357,0.8,-2.3102640289771283,78.52710168435814,3.454384791900006,2.2079608613300317,0.4538332601230634
effective100,2012,2,2012-06-27,0.25934164722472774,,3.971817948731051,,4.066425582160933,3.99693610336989,0.3820791017095897
effective100,2012,2,2012-06-28,0.26774330079907094,0.84,7.438288542250332,93.33545065829479,4.739124330652332,2.356761749596191,0.5172976056772494
effective100,2012,2,2012-06-29,0.27611100640602537,,-24.631680875401262,,5.578792629122888,6.349269255574742,0.6162400560294503
effective100,2012,2,2012-06-30,0.2844454830673694,,-1.582216931236272,,6.567231629154547,5.467148338484807,0.7205291005073932
effective100,2012,2,2012-07-01,0.2927474226682124,,5.989699318482293,,7.700063334120137,2.6959758450829643,1.0169046373782797
effective100,2012,2,2012-07-02,0.3010174914156555,,12.231403472982022,,8.826041982605426,4.293731612188009,1.1707714487365894
effective100,2012,2,2012-07-03,0.3092563311964508,0.92,14.661294760336899,94.22353654671792,9.440176798136036,1.3529242283418694,0.9400425389314454
effective100,2012,2,2012-07-04,0.3174645608421721,,-21.043828824446923,,11.112767900691265,6.428586554169962,1.327655277738648
effective100,2012,2,2012-07-05,0.3256427773095595,0.94,-1.0666519680585127,68.90459573903158,13.08170525355182,5.1010195035203125,1.4191606500929272
effective100,2012,2,2012-07-06,0.333791556782962,,4.448342236031826,,15.3750384533663,5.38386251614369,1.6222470454335112
effective100,2012,2,2012-07-07,0.34191145570513826,,-14.603926670353609,,17.50470633283237,3.585362422110566,1.2639484274659312
effective100,2012,2,2012-07-08,0.3500030117420817,,-5.741193023755681,,19.167884617812415,2.6798885050258736,1.029908628091184
effective100,2012,2,2012-07-09,0.35806674468701727,,3.4405770797155775,,20.280756846261177,3.235926033275856,1.7998495497524685
effective100,2012,2,2012-07-10,0.36610315730823706,0.97,8.346956335916289,66.06136550881732,20.280756846261177,1.6872138513045214,2.065630698112055
effective100,2012,2,2012-07-11,0.37411273614503104,,11.48879172584069,,20.280756846261177,0.8630340465063695,1.9664877256037354
effective100,2012,2,2012-07-12,0.38209595225558235,0.98,14.213585722944009,73.51744807990626,20.280756846261177,0.6417076179891731,2.0325345775937262
effective100,2012,2,2012-07-13,0.3900532619203617,,-33.41243866140295,,20.280756846261177,4.823057618774805,2.0371677474537764
effective100,2012,2,2012-07-14,0.39798510730425096,,-3.2171056166045093,,20.280756846261177,5.631775992626791,2.4401297090048963
effective100,2012,2,2012-07-15,0.405891917080346,,7.236969275970412,,20.280756846261177,1.7824170523016025,2.1595848088688583
effective100,2012,2,2012-07-16,0.41377410701814676,,9.34577714484767,,20.280756846261177,5.070776454937049,2.1380414294361163
effective100,2012,2,2012-07-17,0.4216320805386139,1.005,14.633773718786177,48.908071558943,20.280756846261177,3.0352675930679482,1.9876085640751222
effective100,2012,2,2012-07-18,0.4294662292383681,,-11.442689456442277,,20.280756846261177,5.173622064896911,2.1788490633916875
effective100,2012,2,2012-07-19,0.4372769333851273,1.015,0.5424744388563173,31.710976745935234,20.280756846261177,4.897723911400966,2.100391543906775
effective100,2012,2,2012-07-20,0.44506456238630576,,7.822999761798672,,20.280756846261177,2.197483809799343,2.267792900362921
effective100,2012,2,2012-07-21,0.4528294752325547,,11.903808662573496,,20.280756846261177,0.995008632623977,2.1945212700938317
effective100,2012,2,2012-07-22,0.4605720209178733,1.03,14.98580278261351,45.23759110798516,20.280756846261177,0.6964398866656643,2.2468899574102665
effective100,2012,2,2012-07-23,0.46829253883780686,,-19.78346410762616,,20.280756846261177,5.418582566924374,2.2753201349796925
effective100,2012,2,2012-07-24,0.47599135916712776,1.04,-1.576534544585441,19.73115455301534,20.280756846261177,5.111502744451182,2.2358393952790205
effective100,2012,2,2012-07-25,0.4836688032182873,,7.412234727568333,,20.280756846261177,3.1207496687093927,1.6699705158318179
effective100,2012,2,2012-07-26,0.4913251837818372,1.05,11.997865663595828,29.624307280874355,20.280756846261177,1.7512927871758006,1.9068211527460805
effective100,2012,2,2012-07-27,0.4989608054499285,,-11.001647878203478,,20.280756846261177,5.043890882572526,2.112998980675078
effective100,2012,2,2012-07-28,0.5065759649239155,,0.11071626115196512,,20.280756846261177,4.67096861177698,1.9797764813880303
effective100,2012,2,2012-07-29,0.5141709513070182,,7.611304857622429,,20.280756846261177,3.5838696742898923,1.895234020969535
effective100,2012,2,2012-07-30,0.521746046382933,,11.193899509351132,,20.280756846261177,1.446858466984309,1.5585614530338892
effective100,2012,2,2012-07-31,0.5293015248812148,1.05,14.357011693319997,23.916398182734568,20.280756846261177,1.1179916017017728,1.8945623774171647
effective100,2012,2,2012-08-01,0.5368376547301968,,-16.303680938419987,,20.280756846261177,3.494354571397471,1.4595472667303306
effective100,2012,2,2012-08-02,0.5443546972981675,1.05,-3.871549208440028,1.094517751616804,20.280756846261177,3.9559030382265155,1.9430770750892064
effective100,2012,2,2012-08-03,0.5518529076234692,,4.6154235904011935,,20.280756846261177,1.6581971920843943,1.9597310918989126
effective100,2012,2,2012-08-04,0.5593325346341395,,10.597775084501023,,20.280756846261177,2.996494703490387,1.739805220529984
effective100,2012,2,2012-08-05,0.5667938213576801,1.05,14.020510547056068,16.44624565500375,20.280756846261177,1.4147576364968246,1.7382714503595678
effective100,2012,2,2012-08-06,0.5742370051214928,,-9.848612730106375,,20.280756846261177,4.561025823122209,1.8994484644422664
effective100,2012,2,2012-08-07,0.5816623177444936,1.05,-3.630068276202903,-3.430217599344684,20.280756846261177,4.068965420880171,1.71267031708764
effective100,2012,2,2012-08-08,0.5890699857203764,,3.6269674281803166,,20.280756846261177,2.161660102032021,1.7928987851373408
effective100,2012,2,2012-08-09,0.5964602303929757,1.05,8.169444536059334,7.935779940210181,20.280756846261177,1.3125328403028935,2.0158580765852148
effective100,2012,2,2012-08-10,0.6038332681241426,,1.9292720526158285,,20.280756846261177,4.5992072101058765,1.9108044448224257
effective100,2012,2,2012-08-11,0.6111893104545255,,7.3068944390731,,20.280756846261177,3.7323733801280294,1.549744261606791
effective100,2012,2,2012-08-12,0.6185285642576227,,12.174885791122701,,20.280756846261177,3.142157628789038,1.6997151394593244
effective100,2012,2,2012-08-13,0.6258512318874542,,14.484382832334063,,20.280756846261177,1.8001914895875308,1.2660183794119908
effective100,2012,2,2012-08-14,0.6331575113201714,1.05,17.048944639030683,17.048469513837922,20.280756846261177,1.011567220903276,1.5515835094053834
effective100,2012,2,2012-08-15,0.6404475962899135,,19.75259804209139,,20.151712819283837,0.7687646217496937,1.9345078720058986
effective100,2012,2,2012-08-16,0.6404475962899135,1.05,21.047596469845583,21.04755512151749,20.006246958521135,0.29009572056023825,1.004796963447472
effective100,2012,2,2012-08-17,0.6404475962899135,,22.516763330836394,,19.84226946073932,0.7409238345422129,1.2362147958416592
effective100,2012,2,2012-08-18,0.6404475962899135,,24.289138729532052,,19.657424579350632,0.7607395975650116,1.5196306058355191
effective100,2012,2,2012-08-19,0.6404475962899135,,25.90493684454354,,19.44905678109906,0.2723169323257189,1.343479776881772
effective100,2012,2,2012-08-20,0.6404475962899135,1.05,26.60473533726542,26.604734998376465,19.21417259592701,0.11333276385270927,0.5864653448820839
effective100,2012,2,2012-08-21,0.6404475962899135,,16.500363372162642,,18.949397611947337,3.824327604851539,1.3713003241475583
effective100,2012,2,2012-08-22,0.6404475962899135,1.05,21.265214262854382,21.265214231522503,18.65092799769858,3.537909807389745,1.2269410538127656
effective100,2012,2,2012-08-23,0.6404475962899135,,24.52854049893717,,18.31447585523847,2.120642802489163,1.142683425303027
effective100,2012,2,2012-08-24,0.6404475962899135,,26.19425167213669,,17.935207619003034,1.3572806228975247,1.070430547949594
effective100,2012,2,2012-08-25,0.6404475962899135,,28.20846098990691,,17.507674615452036,0.7782392826224777,1.2359700345440474
effective100,2012,2,2012-08-26,0.6404475962899135,,29.923288748407067,,17.02573478590124,0.6063640019032414,1.108463756420057
effective100,2012,2,2012-08-27,0.6404475962899135,1.05,31.254894971847705,31.25489497176571,16.482464447989777,0.45878928607403074,0.8728169373144906
effective100,2012,2,2012-08-28,0.6404475962899135,,20.031866081330385,,15.870058828123234,4.308307968136207,1.0686631413310463
effective100,2012,2,2012-08-29,0.6404475962899135,1.05,24.81558264788295,24.81558264787532,15.17971993591365,3.9006695429961447,0.8830470235518206
effective100,2012,2,2012-08-30,0.6404475962899135,,28.643555049727304,,14.401530169789345,2.817259078728974,1.0107133231140228
effective100,2012,2,2012-08-31,0.6404475962899135,,30.811335708196808,,13.524309837957379,1.4353650540958682,0.7324156043732424
effective100,2012,2,2012-09-01,0.6404475962899135,,32.073519077037005,,12.535456547824975,0.7945441637543696,0.4676392050856968
effective100,2012,2,2012-09-02,0.6404475962899135,,33.22393787743734,,11.420764156503404,0.7642923745613,0.3861264258390142
effective100,2012,2,2012-09-03,0.6404475962899135,,34.008713976050124,,10.164218681386636,0.535051632681316,0.24972446593147168
effective100,2012,2,2012-09-04,0.6404475962899135,1.05,34.702483304290226,34.70248330429021,8.747768238799068,0.5182609727878676,0.1755083554522534
effective100,2012,2,2012-09-05,0.6404475962899135,,35.27532751906027,,7.151063705586637,0.46524751508711576,0.10759669968293198
effective100,2012,2,2012-09-06,0.6404475962899135,1.05,35.73115137954856,35.73115137954854,5.351166377923151,0.40166637206535466,0.054157488422946445
effective100,2012,2,2012-09-07,0.6404475962899135,,36.04902758803695,,3.3222184274765554,0.30298588527783654,0.01489032321056745
effective100,2012,2,2012-09-08,0.6404475962899135,,36.34340136131227,,1.0350714206162284,0.29304066292047287,0.001333110354859031
effective100,2012,3,2012-04-30,0.08,,3.753900049830017,,0.0,4.692375062287551,0.0
effective100,2012,3,2012-05-01,0.08,,5.2718430270147305,,0.0,1.8974287214809162,0.0
effective100,2012,3,2012-05-02,0.08,,6.643501024449703,,0.0,1.714572496793716,0.0
effective100,2012,3,2012-05-03,0.08,,7.946309182792724,,0.0,1.6285101979287846,0.0
effective100,2012,3,2012-05-04,0.08,,8.946351027475611,,0.0,1.2500523058536175,0.0
effective100,2012,3,2012-05-05,0.08,,9.569030653030312,,0.4875,0.7783495319433889,0.0
effective100,2012,3,2012-05-06,0.08,,10.58633306313073,,0.5738742470010385,3.0496280126255377,0.0
effective100,2012,3,2012-05-07,0.08,,8.763677620223216,,0.6755521053764285,1.531680696365608,0.0
effective100,2012,3,2012-05-08,0.08,,11.228728923706418,,0.6693127862307413,3.081314129354019,0.0
effective100,2012,3,2012-05-09,0.08,,12.194027183297466,,0.6619209548482653,1.206622824488818,0.0
effective100,2012,3,2012-05-10,0.08,,12.415687856150482,,0.6531637219016666,0.985736033449295,0.0
effective100,2012,3,2012-05-11,0.08,,12.415687856150482,,0.6427888736519074,0.4840079922606273,0.0
effective100,2012,3,2012-05-12,0.08,,12.415687856150482,,0.6304976080361702,1.5876180156698452,0.0
effective100,2012,3,2012-05-13,0.08,,12.415687856150482,,0.6159359289831668,0.5217902482684804,0.0
effective100,2012,3,2012-05-14,0.08,,12.415687856150482,,0.5986844511067813,0.685796659519991,0.0
effective100,2012,3,2012-05-15,0.08,,12.415687856150482,,0.5782463211468956,0.7247667675741237,0.0
effective100,2012,3,2012-05-16,0.08,,12.415687856150482,,0.5540329082874117,0.5608120017328235,0.0
effective100,2012,3,2012-05-17,0.08,,12.415687856150482,,0.5253468512237498,0.4619539308930875,0.0
effective100,2012,3,2012-05-18,0.08,,12.415687856150482,,0.49136197372485746,1.6131819458476029,0.0
effective100,2012,3,2012-05-19,0.08,,12.415687856150482,,0.45109949024546064,0.6968596617486045,0.0
effective100,2012,3,2012-05-20,0.08,,12.415687856150482,,0.40339981629543586,0.4248283114955311,0.0
effective100,2012,3,2012-05-21,0.08,,12.415687856150482,,0.3468891716874604,0.6946284114337576,0.0
effective100,2012,3,2012-05-22,0.08,,12.415687856150482,,0.2799400148157657,2.8828093041350016,0.0
effective100,2012,3,2012-05-23,0.08,,4.568063083527572,,0.32953921068278375,4.917483409091409,0.004985625129958451
effective100,2012,3,2012-05-24,0.09027524171086804,,9.435225686528577,,0.32729714898246665,4.741541664921375,0.0
effective100,2012,3,2012-05-25,0.09027524171086804,0.25,10.205482443913109,17.002565416218673,0.3238337431838241,0.8532314539256547,0.0
effective100,2012,3,2012-05-26,0.09027524171086804,,11.494056126725607,,0.31972953576767016,1.4273832541368732,0.0
effective100,2012,3,2012-05-27,0.09027524171086804,,12.316749228560461,,0.31486596519750626,0.9113164210291169,0.0
effective100,2012,3,2012-05-28,0.09027524171086804,,12.939779869691977,,0.3091025336034152,0.6901456360836621,0.0
effective100,2012,3,2012-05-29,0.09027524171086804,,13.441620270429473,,0.3022727481072324,0.5559003678381541,0.0
effective100,2012,3,2012-05-30,0.09027524171086804,,-0.358255116617911,,0.35582881171071296,7.715393681866887,0.0221610807496664
effective100,2012,3,2012-05-31,0.10011433168030215,0.335,4.82806218590661,17.70058103614382,0.4188738284754046,4.91109382423906,0.017088138741932445
effective100,2012,3,2012-06-01,0.10986501988281357,,9.455824773998112,,0.418836968701567,4.3545265211059405,0.0
effective100,2012,3,2012-06-02,0.10986501988281357,,11.12397724497589,,0.4149567767718872,1.6681524709777817,0.0
effective100,2012,3,2012-06-03,0.10986501988281357,,12.375849167980444,,0.4103589731231754,1.251871923004562,0.0
effective100,2012,3,2012-06-04,0.10986501988281357,,13.787982591152428,,0.4049108409752763,2.6821334231720044,0.0
effective100,2012,3,2012-06-05,0.10986501988281357,0.41,14.762678812241811,43.11838991386463,0.39845511859807387,2.4986962210893946,0.0
effective100,2012,3,2012-06-06,0.10986501988281357,,-3.0274251300636736,,0.4690525767162649,8.518415555363651,0.04548050233086902
effective100,2012,3,2012-06-07,0.1192178082373312,0.44,-5.668271920157473,26.446191964444022,0.5521583472142427,6.237604538001087,0.04619353983954627
effective100,2012,3,2012-06-08,0.12851082602227604,0.455,4.809886561114179,36.12730763762491,0.649988627144434,6.399533082691841,0.07949692681483346
effective100,2012,3,2012-06-09,0.13774605574841958,,7.647559684798651,,0.7200608826932314,2.7249642018383278,0.05370449724336414
effective100,2012,3,2012-06-10,0.14675311709214736,,9.738747397182978,,0.716882985263313,2.062072680124014,0.01890320130055817
effective100,2012,3,2012-06-11,0.15306151760846254,,11.084684517365686,,0.7096600167954483,1.3450375791118678,0.0
effective100,2012,3,2012-06-12,0.15306151760846254,,12.051825542805808,,0.7010902020451263,0.9668516996264467,0.0
effective100,2012,3,2012-06-13,0.15306151760846254,0.54,13.01322433560148,62.405314464305455,0.6909377248682226,0.9613208732820071,0.0
effective100,2012,3,2012-06-14,0.15306151760846254,,0.33073390083881643,,0.8133566494017681,8.207615286570043,0.10987329364858538
effective100,2012,3,2012-06-15,0.16198576998556147,0.58,4.878586171748329,62.8095451172862,0.957465507115338,4.6942419972545535,0.10760497237632653
effective100,2012,3,2012-06-16,0.17086333489881655,,7.346878693621562,,1.0897277850702638,2.3840340329509373,0.11890042266254149
effective100,2012,3,2012-06-17,0.1796954862132799,,9.270194695981317,,1.1586929154560612,1.824993686723811,0.11019563082825526
effective100,2012,3,2012-06-18,0.1884137657541165,0.64,13.528959362623107,83.67108410067827,1.1558863172714051,4.492791524458995,0.0
effective100,2012,3,2012-06-19,0.1884137657541165,,-6.959523945078752,,1.3606838768060123,9.520508875240422,0.21500781705773858
effective100,2012,3,2012-06-20,0.19711672387251933,0.68,-0.29295595048981427,73.80330287310866,1.601767046581547,2.548115259574388,0.15741068635596545
effective100,2012,3,2012-06-21,0.2057787879528703,,3.398743080544721,,1.8818610904902906,2.493320053070942,0.2910039345393572
effective100,2012,3,2012-06-22,0.21440096243321904,,7.942448524791046,,2.1973848645497296,4.5462841072498925,0.25040284948117386
effective100,2012,3,2012-06-23,0.22298420790792006,,10.928604545470055,,2.3755400649807585,2.7038198696815363,0.27831275942757105
effective100,2012,3,2012-06-24,0.23147817953563923,0.76,12.763855160933803,101.52213696966554,2.369504452703156,1.635965428996096,0.19737282570656853
effective100,2012,3,2012-06-25,0.23972202430348374,,-8.442347230013992,,2.789328376534628,9.06716631414286,0.42589371385020514
effective100,2012,3,2012-06-26,0.24819384739116765,0.8,-0.6025229963391261,91.60675419582468,3.2835358394306438,2.944565398062639,0.4318156659015806
effective100,2012,3,2012-06-27,0.2566301966604597,,4.9011761133933955,,3.8653059638034537,3.9496729663258914,0.3636064902008827
effective100,2012,3,2012-06-28,0.2650318502348029,0.84,8.106637286314884,106.287597497597,4.486707991685865,2.3218223755987766,0.4904670560630085
effective100,2012,3,2012-06-29,0.27339955584175735,,-15.998801452834453,,5.281653682548241,6.382838593583018,0.58443482842842
effective100,2012,3,2012-06-30,0.28173403250310136,,-0.1969554297713978,,6.217446215369503,5.526118624650321,0.6835585341121603
effective100,2012,3,2012-07-01,0.2900359721039444,,6.410312330033636,,7.281239930611881,2.7835236329409305,0.9639776687202346
effective100,2012,3,2012-07-02,0.29830604085138746,,12.302977467939881,,8.335112199296521,4.269236656119492,1.1088783600250638
effective100,2012,3,2012-07-03,0.30654488063218277,0.92,14.638393398993404,115.10318337048314,8.908119904967657,1.3585889412502195,0.8898812058887298
effective100,2012,3,2012-07-04,0.3147531102779041,,-4.376223709841502,,10.486442261863138,6.502880059439171,1.2575359658690508
effective100,2012,3,2012-07-05,0.32293132674529146,0.94,3.8167324838035706,106.46684267029536,12.344408526659642,5.1534826038716295,1.3451234638405036
effective100,2012,3,2012-07-06,0.331080106218694,,6.318905884635589,,14.508487395396962,5.465639091146077,1.5388353365506513
effective100,2012,3,2012-07-07,0.33920000514087023,,-13.848476036405302,,16.518125269105838,3.653674008975767,1.1998495719800721
effective100,2012,3,2012-07-08,0.3472915611778137,,-5.548801552763552,,18.087565323328768,2.736509960460093,0.9782543597064113
effective100,2012,3,2012-07-09,0.35535529412274924,,3.4564764093694245,,19.137715067546225,3.2903520126243646,1.7102745931591627
effective100,2012,3,2012-07-10,0.36339170674396903,0.97,8.265315783014438,103.20402171916497,19.137715067546225,1.7288804954299999,1.9628933546514609
effective100,2012,3,2012-07-11,0.371401285580763,,11.332270757700567,,19.137715067546225,0.8955379500215362,1.8687433791401533
effective100,2012,3,2012-07-12,0.3793845016913143,0.98,13.980902905327378,110.5208818857888,19.137715067546225,0.6686887404295822,1.9315714936366388
effective100,2012,3,2012-07-13,0.3873418113560937,,-17.13807384700441,,19.137715067546225,4.931813201287097,1.9360388629066363
effective100,2012,3,2012-07-14,0.39527365673998294,,0.10927275094320443,,19.137715067546225,5.6940475436909805,2.319074188802019
effective100,2012,3,2012-07-15,0.403180466516078,,7.920784679786966,,19.137715067546225,1.8723578526278652,2.052515571506104
effective100,2012,3,2012-07-16,0.41106265645387874,,9.675085526047912,,19.137715067546225,5.185117872920437,2.032108051937685
effective100,2012,3,2012-07-17,0.41892062997434587,1.005,14.742672709937036,102.22737532827368,19.137715067546225,3.0094320414425257,1.8891917468737032
effective100,2012,3,2012-07-18,0.42675477867410005,,-3.7507427235872743,,19.137715067546225,5.290282558268592,2.071032160758808
effective100,2012,3,2012-07-19,0.4345654828208593,1.015,4.292773128861286,92.61030427780766,19.137715067546225,4.972771829445543,1.996523797665122
effective100,2012,3,2012-07-20,0.44235311182203774,,9.43800101706195,,19.137715067546225,2.323116494540887,2.1557191068252686
effective100,2012,3,2012-07-21,0.45011802466828665,,12.91718723033086,,19.137715067546225,1.2748868880639377,2.0861385116104505
effective100,2012,3,2012-07-22,0.4578605703536053,1.03,15.932785089011482,106.36287288012144,19.137715067546225,0.8482371536420656,2.1359925425372497
effective100,2012,3,2012-07-23,0.46558108827353883,,-26.855030362636235,,19.137715067546225,5.540766697829804,2.163092236499467
effective100,2012,3,2012-07-24,0.47327990860285973,1.04,-4.024443275183419,72.80990257821152,19.137715067546225,5.165221777879484,2.1256303824854164
effective100,2012,3,2012-07-25,0.4809573526540193,,6.608166937011407,,19.137715067546225,3.109384800717545,1.5877078112666163
effective100,2012,3,2012-07-26,0.4886137332175692,1.05,11.409940567674058,82.53706131386272,19.137715067546225,1.772795174162474,1.8129523461086123
effective100,2012,3,2012-07-27,0.49624935488566047,,-11.504895139767198,,19.137715067546225,5.157626055241262,2.0090483184435652
effective100,2012,3,2012-07-28,0.5038645143596475,,-0.09246021535332774,,19.137715067546225,4.769781451942802,1.8824434496363587
effective100,2012,3,2012-07-29,0.5114595007427502,,7.52365531624944,,19.137715067546225,3.645648592508628,1.802118402910168
effective100,2012,3,2012-07-30,0.519034595818665,,11.081908199410236,,19.137715067546225,1.47323776565869,1.4820372719124544
effective100,2012,3,2012-07-31,0.5265900743169468,1.05,14.182465168057218,76.54025444936863,19.137715067546225,1.141649899990324,1.8016019272617851
effective100,2012,3,2012-08-01,0.5341262041659288,,-16.36922439831141,,19.137715067546225,3.5731491031976863,1.3879788356282596
effective100,2012,3,2012-08-02,0.5416432467338995,1.05,-3.898481791529301,50.802882050928446,19.137715067546225,4.023637913293893,1.8478617494400031
effective100,2012,3,2012-08-03,0.5491414570592011,,4.537287260527505,,19.137715067546225,1.6973688268030833,1.8637631282290021
effective100,2012,3,2012-08-04,0.5566210840698714,,10.521168362308023,,19.137715067546225,3.086547675393059,1.6546634134325595
effective100,2012,3,2012-08-05,0.5640823707934121,1.05,13.895650672642967,61.957109805477735,19.137715067546225,1.4526235971100694,1.653261113581575
effective100,2012,3,2012-08-06,0.5715255545572248,,-9.96372373977831,,19.137715067546225,4.663872825885837,1.8066174649910647
effective100,2012,3,2012-08-07,0.5789508671802256,1.05,-3.675146561244828,40.5102139485334,19.137715067546225,4.150891797576542,1.6290233652791368
effective100,2012,3,2012-08-08,0.5863585351561084,,3.570143294887576,,19.137715067546225,2.2033098205933856,1.705391860312625
effective100,2012,3,2012-08-09,0.5937487798287077,1.05,8.0577016487998,47.685276770402744,19.137715067546225,1.3488263459334342,1.9175347950299437
effective100,2012,3,2012-08-10,0.6011218175598746,,-6.870136758115731,,19.137715067546225,4.702915168576599,1.8176675235953341
effective100,2012,3,2012-08-11,0.6084778598902575,,0.912800483787783,,19.137715067546225,3.8165350205631507,1.4742568813817878
effective100,2012,3,2012-08-12,0.6158171136933547,,7.631436989421106,,19.137715067546225,3.316718262428691,1.6169783625722207
effective100,2012,3,2012-08-13,0.6231397813231861,,11.203370069421588,,19.137715067546225,2.6807300608388025,1.2044340720824422
effective100,2012,3,2012-08-14,0.6304460607559034,1.05,14.40332467819239,48.83620299527234,19.137715067546225,1.6065318312288739,1.476159041601715
effective100,2012,3,2012-08-15,0.6377361457256455,,-1.286506759451744,,19.01594407851549,4.838767415607552,1.8404571655824364
effective100,2012,3,2012-08-16,0.6377361457256455,1.05,2.673514612789252,37.029427416255245,18.878676805088006,2.9580645578346547,0.9559352819582578
effective100,2012,3,2012-08-17,0.6377361457256455,,6.255368462421586,,18.723941227228345,2.8828674278529602,1.1760791056795472
effective100,2012,3,2012-08-18,0.6377361457256455,,10.273693182688424,,18.549514370354743,3.068736974190428,1.4456733534227497
effective100,2012,3,2012-08-19,0.6377361457256455,,13.056447962445615,,18.352890369464678,1.502306497901916,1.2780551101159752
effective100,2012,3,2012-08-20,0.6377361457256455,1.05,14.052511447753533,48.36258666423276,18.13124446917747,0.43755737549827745,0.5578834033157105
effective100,2012,3,2012-08-21,0.6377361457256455,,-5.135878624986258,,17.881392442508588,3.9070431190998076,1.3044041409135387
effective100,2012,3,2012-08-22,0.6377361457256455,1.05,1.0621859476768627,33.95477832490067,17.599744845374353,3.6137275725830866,1.1670168280714799
effective100,2012,3,2012-08-23,0.6377361457256455,,6.3786984945834995,,17.28225544963447,3.122293138902541,1.0867956721927055
effective100,2012,3,2012-08-24,0.6377361457256455,,9.848130989964094,,16.924363113847075,2.779165545941978,1.0179889339749897
effective100,2012,3,2012-08-25,0.6377361457256455,,12.877925062093777,,16.520926256635327,1.7667216994363997,1.175298978646757
effective100,2012,3,2012-08-26,0.6377361457256455,,14.997988245820922,,16.06614899129154,1.0251491808249165,1.0720821985611149
effective100,2012,3,2012-08-27,0.6377361457256455,1.05,16.564798297124796,47.79911929555414,15.55349786044798,0.6386824732890068,0.9221631488831309
effective100,2012,3,2012-08-28,0.6377361457256455,,-6.824628208761112,,14.97560797460131,4.3932299286204115,1.0157786022662731
effective100,2012,3,2012-08-29,0.6377361457256455,1.05,-0.032482603669150914,29.223353513653716,14.324177206050473,3.976034337208284,0.8391913500046245
effective100,2012,3,2012-08-30,0.6377361457256455,,6.369809926151574,,13.589846918208531,3.9129458005864373,0.9680577485106441
effective100,2012,3,2012-08-31,0.6377361457256455,,9.591781547845072,,12.762067516812406,1.787520292960639,0.8428507984492284
effective100,2012,3,2012-09-01,0.6377361457256455,,11.221567088969193,,11.828946891501603,0.9513188526406895,0.5589991091062233
effective100,2012,3,2012-09-02,0.6377361457256455,,12.718220516957782,,10.777079570435294,0.8994187493272179,0.5661607448672871
effective100,2012,3,2012-09-03,0.6377361457256455,,13.726397218758493,,9.59135413353512,0.6155393971002517,0.38451929426286413
effective100,2012,3,2012-09-04,0.6377361457256455,1.05,14.631526742308205,41.61368361183173,8.2547361175986,0.5909529055203914,0.312046404846233
effective100,2012,3,2012-09-05,0.6377361457256455,,-15.581585341118366,,6.748023294437257,4.974078687741003,0.21224759514674488
effective100,2012,3,2012-09-06,0.6377361457256455,1.05,-4.300663252387138,16.397310137394996,5.049569806296761,4.882883357542919,0.11441688513263196
effective100,2012,3,2012-09-07,0.6377361457256455,,2.389583539028573,,3.1349751954113545,2.356390651260701,0.03094567127799494
effective100,2012,3,2012-09-08,0.6377361457256455,,5.591955240038066,,0.9767338602043102,1.6266011634201636,0.002930239449519414
effective100,2012,4,2012-04-30,0.08,,3.753900049830017,,0.0,4.692375062287551,0.0
effective100,2012,4,2012-05-01,0.08,,5.2718430270147305,,0.0,1.8974287214809162,0.0
effective100,2012,4,2012-05-02,0.08,,6.643501024449703,,0.0,1.714572496793716,0.0
effective100,2012,4,2012-05-03,0.08,,7.946309182792724,,0.0,1.6285101979287846,0.0
effective100,2012,4,2012-05-04,0.08,,8.946351027475611,,0.0,1.2500523058536175,0.0
effective100,2012,4,2012-05-05,0.08,,9.569030653030312,,0.4875,0.7783495319433889,0.0
effective100,2012,4,2012-05-06,0.08,,10.58633306313073,,0.5738742470010385,3.0496280126255377,0.0
effective100,2012,4,2012-05-07,0.08,,8.763677620223216,,0.6755521053764285,1.531680696365608,0.0
effective100,2012,4,2012-05-08,0.08,,11.228728923706418,,0.6693127862307413,3.081314129354019,0.0
effective100,2012,4,2012-05-09,0.08,,12.194027183297466,,0.6619209548482653,1.206622824488818,0.0
effective100,2012,4,2012-05-10,0.08,,12.415687856150482,,0.6531637219016666,0.985736033449295,0.0
effective100,2012,4,2012-05-11,0.08,,12.415687856150482,,0.6427888736519074,0.4840079922606273,0.0
effective100,2012,4,2012-05-12,0.08,,12.415687856150482,,0.6304976080361702,1.5876180156698452,0.0
effective100,2012,4,2012-05-13,0.08,,12.415687856150482,,0.6159359289831668,0.5217902482684804,0.0
effective100,2012,4,2012-05-14,0.08,,12.415687856150482,,0.5986844511067813,0.685796659519991,0.0
effective100,2012,4,2012-05-15,0.08,,12.415687856150482,,0.5782463211468956,0.7247667675741237,0.0
effective100,2012,4,2012-05-16,0.08,,12.415687856150482,,0.5540329082874117,0.5608120017328235,0.0
effective100,2012,4,2012-05-17,0.08,,12.415687856150482,,0.5253468512237498,0.4619539308930875,0.0
effective100,2012,4,2012-05-18,0.08,,12.415687856150482,,0.49136197372485746,1.6131819458476029,0.0
effective100,2012,4,2012-05-19,0.08,,12.415687856150482,,0.45109949024546064,0.6968596617486045,0.0
effective100,2012,4,2012-05-20,0.08,,12.415687856150482,,0.40339981629543586,0.4248283114955311,0.0
effective100,2012,4,2012-05-21,0.08,,12.415687856150482,,0.3468891716874604,0.6946284114337576,0.0
effective100,2012,4,2012-05-22,0.08,,12.415687856150482,,0.2799400148157657,2.8828093041350016,0.0
effective100,2012,4,2012-05-23,0.08,,4.568063083527572,,0.32953921068278375,4.917483409091409,0.004985625129958451
effective100,2012,4,2012-05-24,0.09027524171086804,,9.435225686528577,,0.32729714898246665,4.741541664921375,0.0
effective100,2012,4,2012-05-25,0.09027524171086804,0.25,10.205482443913109,17.002565416218673,0.3238337431838241,0.8532314539256547,0.0
effective100,2012,4,2012-05-26,0.09027524171086804,,11.494056126725607,,0.31972953576767016,1.4273832541368732,0.0
effective100,2012,4,2012-05-27,0.09027524171086804,,12.316749228560461,,0.31486596519750626,0.9113164210291169,0.0
effective100,2012,4,2012-05-28,0.09027524171086804,,12.939779869691977,,0.3091025336034152,0.6901456360836621,0.0
effective100,2012,4,2012-05-29,0.09027524171086804,,13.441620270429473,,0.3022727481072324,0.5559003678381541,0.0
effective100,2012,4,2012-05-30,0.09027524171086804,,-0.8096313251722516,,0.35582881171071296,7.715393681866887,0.0221610807496664
effective100,2012,4,2012-05-31,0.10011433168030215,0.335,4.693581583445792,17.198808369306747,0.4188738284754046,4.908240676470675,0.018168619673230166
effective100,2012,4,2012-06-01,0.10987542002022938,,9.29446478732095,,0.4342480906418397,4.362977523655908,0.0
effective100,2012,4,2012-06-02,0.10987542002022938,,10.98533945030914,,0.4302328406081267,1.6908746629882059,0.0
effective100,2012,4,2012-06-03,0.10987542002022938,,12.258643921559603,,0.4254750549971402,1.2733044712504678,0.0
effective100,2012,4,2012-06-04,0.10987542002022938,,13.768426970356442,,0.4198374175573673,2.7797830487968462,0.0
effective100,2012,4,2012-06-05,0.10987542002022938,0.41,14.78991340360973,42.81366282762261,0.4131572183006084,2.5454864332533083,0.0
effective100,2012,4,2012-06-06,0.10987542002022938,,-3.09931944404904,,0.48635956419549814,8.515873393467482,0.04889375887375513
effective100,2012,4,2012-06-07,0.11922820837474701,0.44,-5.7514508556281925,26.04360956233342,0.5725317511270661,6.235412243494165,0.0496594238311886
effective100,2012,4,2012-06-08,0.12852122615969186,0.455,4.652945852556255,35.598515379508825,0.6739717488456021,6.267360395137938,0.08545975836326418
effective100,2012,4,2012-06-09,0.1377564558858354,,7.458014607971869,,0.7498739379049738,2.670808840625565,0.060814438289486475
effective100,2012,4,2012-06-10,0.14681938218777596,,9.539536085551159,,0.7471409425087148,2.044620410486618,0.024833015748720322
effective100,2012,4,2012-06-11,0.15387184246655175,,10.882675377812221,,0.7397644245993942,1.3424350244343786,0.0
effective100,2012,4,2012-06-12,0.15387184246655175,,11.85157827988285,,0.7309743647951416,0.9686718400234976,0.0
effective100,2012,4,2012-06-13,0.15387184246655175,0.54,12.81734131902561,61.82155185398188,0.720561196989635,0.965700810710822,0.0
effective100,2012,4,2012-06-14,0.15387184246655175,,0.034589780762876915,,0.8482287473653205,8.202670893310236,0.11456080926476957
effective100,2012,4,2012-06-15,0.16279609484365068,0.58,4.57248296268362,62.11556760366534,0.9985161716490408,4.6796972578649205,0.11219168611227777
effective100,2012,4,2012-06-16,0.17167365975690577,,7.0925427103432765,,1.1422963743018282,2.395460290423684,0.12459811412708091
effective100,2012,4,2012-06-17,0.18050581107136912,,9.015359858696778,,1.2272451829559412,1.8214765224320513,0.1258793729297973
effective100,2012,4,2012-06-18,0.18925179180848525,0.64,13.425159520684941,83.16639588521495,1.2252601547868134,4.652790295869452,0.0
effective100,2012,4,2012-06-19,0.18925179180848525,,-7.551548949968871,,1.4423492281203245,9.519487555049544,0.22780397429668686
effective100,2012,4,2012-06-20,0.19795474992688808,0.68,-0.5500629052859027,72.78255697656125,1.6979016968206775,2.5109284882891707,0.16676493950906596
effective100,2012,4,2012-06-21,0.20661681400723905,,3.2177751262450824,,1.995976556384468,2.461826220091086,0.30844570018137935
effective100,2012,4,2012-06-22,0.2152389884875878,,7.879689084254184,,2.3344260062348865,4.625906038277617,0.2658076068319304
effective100,2012,4,2012-06-23,0.2238222339622888,,10.910466699962265,,2.5279247733024253,2.7276556446713243,0.2984007505619507
effective100,2012,4,2012-06-24,0.23231906712982348,0.76,12.76578153901822,100.64608987079816,2.52170221431674,1.642068094310606,0.2110705709072865
effective100,2012,4,2012-06-25,0.24056835295262385,,-8.641549265140634,,2.968492224414093,9.039061960704458,0.4527781186244726
effective100,2012,4,2012-06-26,0.24904017604030776,0.8,-0.6407840517797383,90.55466094529957,3.494443569259643,2.942565540409227,0.458989320561384
effective100,2012,4,2012-06-27,0.2574765253095998,,4.909900756077954,,4.113581891274869,3.9276350220010525,0.3864040438746208
effective100,2012,4,2012-06-28,0.265878178883943,0.84,8.13995585833875,105.24857272794708,4.774321281962529,2.3035658009487094,0.5210325022393686
effective100,2012,4,2012-06-29,0.27424588449089743,,-16.16630772886231,,5.620225703850828,6.344597678289347,0.6206660475307433
effective100,2012,4,2012-06-30,0.28258036115224144,,-0.21744589591846597,,6.616005730816972,5.49782465093418,0.7256719700727019
effective100,2012,4,2012-07-01,0.29088230075308447,,6.4496690797273395,,7.747992252719254,2.759740484515457,1.02294438293797
effective100,2012,4,2012-07-02,0.29915236950052754,,12.556969207399185,,8.86572784506732,4.410317375726373,1.1757586327741372
effective100,2012,4,2012-07-03,0.30739120928132285,0.92,14.933706336074776,114.158471584977,9.384677098399214,1.3530034181709871,0.9348253889104756
effective100,2012,4,2012-07-04,0.3155994389270442,,-4.184200957758431,,11.04743487834203,6.43631033340382,1.3203663400410202
effective100,2012,4,2012-07-05,0.32377765539443154,0.94,3.9076804814442037,105.42399182016227,13.00479666072111,5.0927368930095,1.4114694619390864
effective100,2012,4,2012-07-06,0.3319264348678341,,6.363116832059926,,15.284647135931184,5.393071506251076,1.6135886632913594
effective100,2012,4,2012-07-07,0.3400463337900103,,-13.893142653823794,,17.40179449482047,3.5924502317739426,1.257299613538125
effective100,2012,4,2012-07-08,0.34813788982695376,,-5.575373314826283,,19.055194796040364,2.685760328556994,1.0245537810867533
effective100,2012,4,2012-07-09,0.3562016227718893,,3.4780177649481705,,20.16152434251981,3.239924231313146,1.790567342314818
effective100,2012,4,2012-07-10,0.3642380353931091,0.97,8.347037401730887,102.16821878170431,20.16152434251981,1.6916862887720145,2.0549849034981
effective100,2012,4,2012-07-11,0.3722476142299031,,11.473967453116083,,20.16152434251981,0.8665522599908076,1.9563596613028407
effective100,2012,4,2012-07-12,0.3802308303404544,0.98,14.189366049809564,109.61011815528177,20.16152434251981,0.6445954934469964,2.022073355440882
effective100,2012,4,2012-07-13,0.3881881400052338,,-16.93634782532311,,20.16152434251981,4.834331990222611,2.026689708440658
effective100,2012,4,2012-07-14,0.396119985389123,,0.15839502162280505,,20.16152434251981,5.603228832226335,2.427587491374102
effective100,2012,4,2012-07-15,0.40402679516521806,,8.002867841083383,,20.16152434251981,1.8360429120168202,2.148492055792406
effective100,2012,4,2012-07-16,0.4119089851030188,,9.745070131180885,,20.16152434251981,5.082629893523229,2.12706673794648
effective100,2012,4,2012-07-17,0.41976695862348595,1.005,14.866383137346022,101.43458732364473,20.16152434251981,2.9761900943472983,1.9774129439832526
effective100,2012,4,2012-07-18,0.42760110732324014,,-3.835298198813427,,20.16152434251981,5.1857159152094505,2.1676800202291013
effective100,2012,4,2012-07-19,0.43541181146999935,1.015,4.242831752719451,91.63081453327925,20.16152434251981,4.900880688528145,2.089631982271917
effective100,2012,4,2012-07-20,0.4431994404711778,,9.473773634529573,,20.16152434251981,2.2993550790336688,2.256183690685144
effective100,2012,4,2012-07-21,0.45096435331742674,,13.032076421629737,,20.16152434251981,1.254955604319444,2.1832947939448943
effective100,2012,4,2012-07-22,0.45870689900274536,1.03,16.12930686237499,105.61844749081182,20.16152434251981,0.8299624693639615,2.2354034150915405
effective100,2012,4,2012-07-23,0.4664274169226789,,-26.66729186891791,,20.16152434251981,5.431249036498013,2.263696195951479
effective100,2012,4,2012-07-24,0.4741262372519998,1.04,-3.8813642208420966,72.15063934997373,20.16152434251981,5.160503056333304,2.2244249669832232
effective100,2012,4,2012-07-25,0.48180368130315937,,6.8423392109690155,,20.16152434251981,3.165040317857522,1.6614508108485337
effective100,2012,4,2012-07-26,0.48946006186670926,1.05,11.7230336516013,82.09037233071413,20.16152434251981,1.7718234631632264,1.8970997854751834
effective100,2012,4,2012-07-27,0.49709568353480055,,-11.101692442207217,,20.16152434251981,5.0556814734895745,2.1022338883902743
effective100,2012,4,2012-07-28,0.5047108430087877,,0.08122293109947465,,20.16152434251981,4.6814131425907535,1.9696970704652625
effective100,2012,4,2012-07-29,0.5123058293918903,,7.602116577379542,,20.16152434251981,3.590487221701301,1.8855916953357887
effective100,2012,4,2012-07-30,0.5198809244678051,,11.181679379329815,,20.16152434251981,1.4496608852094175,1.5506374929532356
effective100,2012,4,2012-07-31,0.527436402966087,1.05,14.338223210855357,76.31919000524493,20.16152434251981,1.1204779888650795,1.884936815530193
effective100,2012,4,2012-08-01,0.534972532815069,,-16.321554303803353,,20.16152434251981,3.5025229688171735,1.452137003865476
effective100,2012,4,2012-08-02,0.5424895753830397,1.05,-3.86793610215134,50.50002645507677,20.16152434251981,3.962957728135212,1.9332187490140318
effective100,2012,4,2012-08-03,0.5499877857083413,,4.611635661093957,,20.16152434251981,1.662243971051751,1.949795202104307
effective100,2012,4,2012-08-04,0.5574674127190116,,10.591108780494938,,20.16152434251981,3.005765773885351,1.7309905217927328
effective100,2012,4,2012-08-05,0.5649286994425522,1.05,14.007883246753858,61.742968829777375,20.16152434251981,1.418676220628026,1.729470685238496
effective100,2012,4,2012-08-06,0.5723718832063649,,-9.760455349220688,,20.16152434251981,4.571687669481404,1.8898384118813396
effective100,2012,4,2012-08-07,0.5797971958293657,1.05,-3.584283956327684,40.388712656924994,20.16152434251981,4.0775077218015054,1.7040113346602912
effective100,2012,4,2012-08-08,0.5872048638052485,,3.6380438770870014,,20.16152434251981,2.1659709743298046,1.7838405597594873
effective100,2012,4,2012-08-09,0.5945951084778478,1.05,8.162773654815544,47.66047292295284,20.16152434251981,1.3162681523972941,2.0056805795413086
effective100,2012,4,2012-08-10,0.6019681462090147,,-1.379520558379144,,20.16152434251981,4.609958309211621,1.901164148652146
effective100,2012,4,2012-08-11,0.6093241885393976,,4.417349254032227,,20.16152434251981,3.7410981699181542,1.5419311021135842
effective100,2012,4,2012-08-12,0.6166634423424948,,9.668181885612153,,20.16152434251981,3.211514478728978,1.691151966214441
effective100,2012,4,2012-08-13,0.6239861099723263,,12.847021723605005,,20.16152434251981,2.5937779394799803,1.2596447039341967
effective100,2012,4,2012-08-14,0.6312923894050435,1.05,15.913089302859504,54.091886568287855,20.16152434251981,1.4993950895133783,1.543777737568587
effective100,2012,4,2012-08-15,0.6385824743747857,,7.287415258161141,,20.03323897768442,4.743505519498552,1.9247744051451485
effective100,2012,4,2012-08-16,0.6385824743747857,1.05,11.188871831805269,49.35999554566113,19.888628324590695,2.900088916361322,0.9997401363682554
effective100,2012,4,2012-08-17,0.6385824743747857,,14.631429533159762,,19.725614866157414,2.7201389132906413,1.2299910936392788
effective100,2012,4,2012-08-18,0.6385824743747857,,17.44199968518866,,19.54185670545567,1.8064809698667048,1.511976278536438
effective100,2012,4,2012-08-19,0.6385824743747857,,19.6355574747319,,19.33471392136274,0.8568194988683748,1.3367083395475026
effective100,2012,4,2012-08-20,0.6385824743747857,1.05,20.52985708017101,58.700404843461236,19.10121064271699,0.31078719799345084,0.583507006057789
effective100,2012,4,2012-08-21,0.6385824743747857,,6.427136672484424,,18.83799229612059,3.832902165999884,1.3643759805624138
effective100,2012,4,2012-08-22,0.6385824743747857,1.05,11.193644352185782,49.36419027929856,18.541277413200028,3.5457692895964956,1.2207379996785377
effective100,2012,4,2012-08-23,0.6385824743747857,,15.431094988054877,,18.20680330497398,3.1005527395200283,1.1368977899274901
effective100,2012,4,2012-08-24,0.6385824743747857,,17.93514383317711,,17.82976482287143,2.201047617635644,1.0650011981989695
effective100,2012,4,2012-08-25,0.6385824743747857,,20.48860932193693,,17.40474532662353,1.3237774405061258,1.2296880401152186
effective100,2012,4,2012-08-26,0.6385824743747857,,22.52585507738004,,16.92563886729484,0.9154312678791456,1.1218144852806449
effective100,2012,4,2012-08-27,0.6385824743747857,1.05,24.136969254768623,62.30751503510374,16.38556246751343,0.6460531136632586,0.9650610630787434
effective100,2012,4,2012-08-28,0.6385824743747857,,7.817265878227928,,15.776757238693214,4.3171115548174255,1.0631850684571098
effective100,2012,4,2012-08-29,0.6385824743747857,1.05,12.604251890694444,50.77479767079158,15.09047691467081,3.9084826543581284,0.8785033580551731
effective100,2012,4,2012-08-30,0.6385824743747857,,17.306278799465485,,14.316862200400058,3.6884249649547156,1.0136019438008859
effective100,2012,4,2012-08-31,0.6385824743747857,,19.91775076820025,,13.444799130562304,1.7287718430148844,0.8827001257154028
effective100,2012,4,2012-09-01,0.6385824743747857,,21.371632129018472,,12.461759403232769,0.8683041948096306,0.5855771660072702
effective100,2012,4,2012-09-02,0.6385824743747857,,22.76158622482568,,11.353620394791648,0.7967018746198249,0.5932522211870149
effective100,2012,4,2012-09-03,0.6385824743747857,,23.696557359337962,,10.10446227036394,0.5319177991075607,0.4030533354046137
effective100,2012,4,2012-09-04,0.6385824743747857,1.05,24.526751183453413,62.69729696352872,8.696339275019865,0.5029821016272777,0.3272117224881461
effective100,2012,4,2012-09-05,0.6385824743747857,,25.214179072485003,,7.109021920041135,0.4647685479959655,0.22265934103563112
effective100,2012,4,2012-09-06,0.6385824743747857,1.05,25.745029849366812,63.91557562944211,5.319706360429085,0.4107618669430951,0.12008890993871807
effective100,2012,4,2012-09-07,0.6385824743747857,,26.09016078670651,,3.3026867884905693,0.31263292120554786,0.03249801613416189
effective100,2012,4,2012-09-08,0.6385824743747857,,26.39484592796428,,1.0289861370162632,0.3016059442931904,0.003079196964591088
effective100,2012,5,2012-04-30,0.08,,3.753900049830017,,0.0,4.692375062287551,0.0
effective100,2012,5,2012-05-01,0.08,,5.2718430270147305,,0.0,1.8974287214809162,0.0
effective100,2012,5,2012-05-02,0.08,,6.643501024449703,,0.0,1.714572496793716,0.0
effective100,2012,5,2012-05-03,0.08,,7.946309182792724,,0.0,1.6285101979287846,0.0
effective100,2012,5,2012-05-04,0.08,,8.946351027475611,,0.0,1.2500523058536175,0.0
effective100,2012,5,2012-05-05,0.08,,9.569030653030312,,0.4875,0.7783495319433889,0.0
effective100,2012,5,2012-05-06,0.08,,10.58633306313073,,0.5738742470010385,3.0496280126255377,0.0
effective100,2012,5,2012-05-07,0.08,,8.763677620223216,,0.6755521053764285,1.531680696365608,0.0
effective100,2012,5,2012-05-08,0.08,,11.228728923706418,,0.6693127862307413,3.081314129354019,0.0
effective100,2012,5,2012-05-09,0.08,,12.194027183297466,,0.6619209548482653,1.206622824488818,0.0
effective100,2012,5,2012-05-10,0.08,,12.415687856150482,,0.6531637219016666,0.985736033449295,0.0
effective100,2012,5,2012-05-11,0.08,,12.415687856150482,,0.6427888736519074,0.4840079922606273,0.0
effective100,2012,5,2012-05-12,0.08,,12.415687856150482,,0.6304976080361702,1.5876180156698452,0.0
effective100,2012,5,2012-05-13,0.08,,12.415687856150482,,0.6159359289831668,0.5217902482684804,0.0
effective100,2012,5,2012-05-14,0.08,,12.415687856150482,,0.5986844511067813,0.685796659519991,0.0
effective100,2012,5,2012-05-15,0.08,,12.415687856150482,,0.5782463211468956,0.7247667675741237,0.0
effective100,2012,5,2012-05-16,0.08,,12.415687856150482,,0.5540329082874117,0.5608120017328235,0.0
effective100,2012,5,2012-05-17,0.08,,12.415687856150482,,0.5253468512237498,0.4619539308930875,0.0
effective100,2012,5,2012-05-18,0.08,,12.415687856150482,,0.49136197372485746,1.6131819458476029,0.0
effective100,2012,5,2012-05-19,0.08,,12.415687856150482,,0.45109949024546064,0.6968596617486045,0.0
effective100,2012,5,2012-05-20,0.08,,12.415687856150482,,0.40339981629543586,0.4248283114955311,0.0
effective100,2012,5,2012-05-21,0.08,,12.415687856150482,,0.3468891716874604,0.6946284114337576,0.0
effective100,2012,5,2012-05-22,0.08,,12.415687856150482,,0.2799400148157657,2.8828093041350016,0.0
effective100,2012,5,2012-05-23,0.08,,4.568063083527572,,0.32953921068278375,4.917483409091409,0.004985625129958451
effective100,2012,5,2012-05-24,0.09027524171086804,,9.435225686528577,,0.32729714898246665,4.741541664921375,0.0
effective100,2012,5,2012-05-25,0.09027524171086804,0.25,10.205482443913109,17.002565416218673,0.3238337431838241,0.8532314539256547,0.0
effective100,2012,5,2012-05-26,0.09027524171086804,,11.494056126725607,,0.31972953576767016,1.4273832541368732,0.0
effective100,2012,5,2012-05-27,0.09027524171086804,,12.316749228560461,,0.31486596519750626,0.9113164210291169,0.0
effective100,2012,5,2012-05-28,0.09027524171086804,,12.939779869691977,,0.3091025336034152,0.6901456360836621,0.0
effective100,2012,5,2012-05-29,0.09027524171086804,,13.441620270429473,,0.3022727481072324,0.5559003678381541,0.0
effective100,2012,5,2012-05-30,0.09027524171086804,,-0.44853035832878163,,0.35582881171071296,7.715393681866887,0.0221610807496664
effective100,2012,5,2012-05-31,0.10011433168030215,0.335,4.834320658905287,17.633527939585655,0.4188738284754046,4.94404072768088,0.017088138741932445
effective100,2012,5,2012-06-01,0.10986501988281357,,9.474306795741352,,0.4188224597189,4.373906634635131,0.0
effective100,2012,5,2012-06-02,0.10986501988281357,,11.146501822679522,,0.41493958446422435,1.6721950269381853,0.0
effective100,2012,5,2012-06-03,0.10986501988281357,,12.400443054751957,,0.41033860123015187,1.2539412320724521,0.0
effective100,2012,5,2012-06-04,0.10986501988281357,,13.81433140058181,,0.40488670145698125,2.683888345829875,0.0
effective100,2012,5,2012-06-05,0.10986501988281357,0.41,14.78988574763778,43.079441844488386,0.39842651466112783,2.4995543470559904,0.0
effective100,2012,5,2012-06-06,0.10986501988281357,,-3.0002197689099606,,0.4690189047926214,8.51842050181215,0.04547398164011448
effective100,2012,5,2012-06-07,0.1192178082373312,0.44,-5.668998894126551,26.407239965271224,0.552118709368446,6.237608803766422,0.046186918519927574
effective100,2012,5,2012-06-08,0.12851082602227604,0.455,4.8103511515398125,36.08992546338527,0.649941966346671,6.4011142993624315,0.07948553507739178
effective100,2012,5,2012-06-09,0.13774605574841958,,7.649116780556241,,0.7197607417711597,2.724140863238052,0.05368220541330107
effective100,2012,5,2012-06-10,0.14675311709214736,,9.740267130095447,,0.7165841646467879,2.0613371185857092,0.018895354527590766
effective100,2012,5,2012-06-11,0.15306151760846254,,11.086035512366765,,0.7093641958565491,1.3446231559736586,0.0
effective100,2012,5,2012-06-12,0.15306151760846254,,12.053001143667881,,0.7007979382298635,0.9665972890658309,0.0
effective100,2012,5,2012-06-13,0.15306151760846254,0.54,13.01420498477938,62.36545818605487,0.6906496728545747,0.9611046417115224,0.0
effective100,2012,5,2012-06-14,0.15306151760846254,,0.3317227793513773,,0.8130175609249899,8.207663374607876,0.10982770394395616
effective100,2012,5,2012-06-15,0.16198576998556147,0.58,4.8790291519390845,62.769143991271314,0.9570663396398966,4.693739262111114,0.10756036142223296
effective100,2012,5,2012-06-16,0.17086333489881655,,7.347143661489619,,1.0892734774365662,2.3838904649346535,0.11885116691661242
effective100,2012,5,2012-06-17,0.1796954862132799,,9.27035122552295,,1.158209856251905,1.8249259903210466,0.1101499995372526
effective100,2012,5,2012-06-18,0.1884137657541165,0.64,13.52899553249998,83.63026476123338,1.1554044221098978,4.492679462484988,0.0
effective100,2012,5,2012-06-19,0.1884137657541165,,-6.959494047481163,,1.3601166004512566,9.520591532242273,0.21491888777662066
effective100,2012,5,2012-06-20,0.19711672387251933,0.68,-0.2929795007993965,73.76243044913636,1.6010992613693888,2.548133462002008,0.157345671680223
effective100,2012,5,2012-06-21,0.2057787879528703,,3.3986359972917457,,1.8810765325795458,2.4933555989751657,0.2908839397269813
effective100,2012,5,2012-06-22,0.21440096243321904,,7.94234806024912,,2.196468763097212,4.546393535904939,0.2502997876700841
effective100,2012,5,2012-06-23,0.22298420790792006,,10.928447213868884,,2.3745496896763902,2.7038774274902395,0.2781983303387795
effective100,2012,5,2012-06-24,0.23147817953563923,0.76,12.763655427375516,101.48108718838773,2.3685165672083506,1.6360041827000713,0.19729166804139545
effective100,2012,5,2012-06-25,0.23972202430348374,,-8.642284062985542,,2.788165459520363,9.067603899647892,0.4257190281590848
effective100,2012,5,2012-06-26,0.24819384739116765,0.8,-0.6516690758829929,91.37290668774138,3.282166879172416,2.95168136988214,0.4316390674626102
effective100,2012,5,2012-06-27,0.2566301966604597,,4.892348615345928,,3.863694453983218,3.949084169133091,0.36345829855900624
effective100,2012,5,2012-06-28,0.2650318502348029,0.84,8.10687915169161,106.05116890838507,4.48483740910926,2.320177415523862,0.490267923843972
effective100,2012,5,2012-06-29,0.27339955584175735,,-16.197741020014778,,5.279451673999315,6.383087805016989,0.5841987091936737
effective100,2012,5,2012-06-30,0.28173403250310136,,-0.21910166752935534,,6.214854059476368,5.526303100657934,0.6832839771072449
effective100,2012,5,2012-07-01,0.2900359721039444,,6.403789823995094,,7.278449015029917,2.783668950117073,0.9636240802427957
effective100,2012,5,2012-07-02,0.29830604085138746,,12.300815096384373,,8.331917332112345,4.269581978713298,1.10847436080406
effective100,2012,5,2012-07-03,0.30654488063218277,0.92,14.637331099061077,114.66620573345354,8.904705402645847,1.3587067995603797,0.8895582364874424
effective100,2012,5,2012-07-04,0.3147531102779041,,-4.4768944079193895,,10.482422785045053,6.503358635211561,1.25708421794931
effective100,2012,5,2012-07-05,0.32293132674529146,0.94,3.6512818840548373,105.81753772530912,12.339676887208737,5.041605805302427,1.3446461266004457
effective100,2012,5,2012-07-06,0.331080106218694,,6.179738217152277,,14.502926259666188,5.47015682509718,1.5382970966142069
effective100,2012,5,2012-07-07,0.33920000514087023,,-13.981364895847504,,16.511793834674666,3.6541150289713027,1.1994356177222403
effective100,2012,5,2012-07-08,0.3472915611778137,,-5.585972417272362,,18.080632319007854,2.736875721435759,0.9779205560123306
effective100,2012,5,2012-07-09,0.35535529412274924,,3.446732744988334,,19.13037953847507,3.2907150248135424,1.7096954733970349
effective100,2012,5,2012-07-10,0.36339170674396903,0.97,8.2621442751063,102.55814369910848,19.13037953847507,1.729149253507925,1.962229112042299
effective100,2012,5,2012-07-11,0.371401285580763,,11.330544883571928,,19.13037953847507,0.8957489832557988,1.868111394233451
effective100,2012,5,2012-07-12,0.3793845016913143,0.98,13.979211823570326,109.87410568185072,19.13037953847507,0.6688643295973803,1.9309186722596685
effective100,2012,5,2012-07-13,0.3873418113560937,,-17.039577408835314,,19.13037953847507,4.932516009702095,1.9353849442673514
effective100,2012,5,2012-07-14,0.39527365673998294,,0.12967493022879195,,19.13037953847507,5.694693813504283,2.3182913904934734
effective100,2012,5,2012-07-15,0.403180466516078,,7.924614071485106,,19.13037953847507,1.8726222146367921,2.051823187845407
effective100,2012,5,2012-07-16,0.41106265645387874,,9.675757345676171,,19.13037953847507,5.185856778536913,2.031422986934253
effective100,2012,5,2012-07-17,0.41892062997434587,1.005,14.74210432963789,101.67975296091909,19.13037953847507,3.0096841783993558,1.8885552662586227
effective100,2012,5,2012-07-18,0.42675477867410005,,-3.2514849104561465,,19.13037953847507,5.291036450386545,2.0703348607675016
effective100,2012,5,2012-07-19,0.4345654828208593,1.015,4.553093007863205,92.53031685685946,19.13037953847507,4.941021969032549,1.995852012357852
effective100,2012,5,2012-07-20,0.44235311182203774,,9.5383915462391,,19.13037953847507,2.2904954188844084,2.1549942188580595
effective100,2012,5,2012-07-21,0.45011802466828665,,12.981724003354817,,19.13037953847507,1.2621299173621454,2.0854374695336024
effective100,2012,5,2012-07-22,0.4578605703536053,1.03,15.98363659612898,106.22833649183914,19.13037953847507,0.841209498361964,2.1352752068856136
effective100,2012,5,2012-07-23,0.46558108827353883,,-26.60569167140353,,19.13037953847507,5.541556285209098,2.162366265998519
effective100,2012,5,2012-07-24,0.47327990860285973,1.04,-3.94969990742276,72.87094803233408,19.13037953847507,5.161452942528445,2.1249174433629663
effective100,2012,5,2012-07-25,0.4809573526540193,,6.624765114935291,,19.13037953847507,3.1098395803145076,1.5871756349387254
effective100,2012,5,2012-07-26,0.4886137332175692,1.05,11.416707846153281,82.59766678773099,19.13037953847507,1.7730398736633075,1.8123450630844484
effective100,2012,5,2012-07-27,0.49624935488566047,,-11.400515088120018,,19.13037953847507,5.158361043134171,2.0083757841681478
effective100,2012,5,2012-07-28,0.5038645143596475,,-0.04819783419057705,,19.13037953847507,4.7689396470960705,1.8818137045697243
effective100,2012,5,2012-07-29,0.5114595007427502,,7.535318578563128,,19.13037953847507,3.6454979843955666,1.8015159203832545
effective100,2012,5,2012-07-30,0.519034595818665,,11.086704720664468,,19.13037953847507,1.4732162464417562,1.4815421204541348
effective100,2012,5,2012-07-31,0.5265900743169468,1.05,14.185049076573332,76.69761896290285,19.13037953847507,1.1416893242014117,1.801000400327675
effective100,2012,5,2012-08-01,0.5341262041659288,,-15.86702646324266,,19.13037953847507,3.5736582950821463,1.387515713120154
effective100,2012,5,2012-08-02,0.5416432467338995,1.05,-3.765804054172953,51.460111905626896,19.13037953847507,4.024073352632872,1.8472455818889089
effective100,2012,5,2012-08-03,0.5491414570592011,,4.566759859674764,,19.13037953847507,1.6976229550666369,1.8631420649323016
effective100,2012,5,2012-08-04,0.5566210840698714,,10.529001480103252,,19.13037953847507,3.087134127780195,1.6541123899466308
effective100,2012,5,2012-08-05,0.5640823707934121,1.05,13.897037375929516,62.61370312236817,19.13037953847507,1.4528687604959807,1.652710918519582
effective100,2012,5,2012-08-06,0.5715255545572248,,-9.963889248068327,,19.13037953847507,4.664537451437278,1.8060166292943138
effective100,2012,5,2012-08-07,0.5789508671802256,1.05,-3.6754268119450986,41.16685565128637,19.13037953847507,4.151417808995164,1.6284819498683665
effective100,2012,5,2012-08-08,0.5863585351561084,,3.569736641565341,,19.13037953847507,2.2035794628403154,1.704825437477655
effective100,2012,5,2012-08-09,0.5937487798287077,1.05,8.056962939444889,48.34122167787233,19.13037953847507,1.3490627933823782,1.9168983328856333
effective100,2012,5,2012-08-10,0.6011218175598746,,1.4292111172513318,,19.13037953847507,4.703585357860052,1.8170646086955897
effective100,2012,5,2012-08-11,0.6084778598902575,,6.815861692733864,,19.13037953847507,3.8170788961762585,1.4737681992459153
effective100,2012,5,2012-08-12,0.6158171136933547,,11.572852003600177,,19.13037953847507,3.114363750240806,1.6164427278478521
effective100,2012,5,2012-08-13,0.6231397813231861,,14.007175597143362,,19.13037953847507,1.9869848281649038,1.2040353610552477
effective100,2012,5,2012-08-14,0.6304460607559034,1.05,16.62859106726087,56.43254725774636,19.13037953847507,1.1443311447662703,1.4756707058211733
effective100,2012,5,2012-08-15,0.6377361457256455,,19.323109081538522,,19.008655224537303,0.8542886988548422,1.8398482372623233
effective100,2012,5,2012-08-16,0.6377361457256455,1.05,20.601589262410315,60.405058717236166,18.871440565963333,0.3227555913598016,0.9556189320128723
effective100,2012,5,2012-08-17,0.6377361457256455,,22.037861846981585,,18.71676429859741,0.7685546582882161,1.1756897701924707
effective100,2012,5,2012-08-18,0.6377361457256455,,23.759163169298688,,18.542404299928922,0.7841016647755823,1.445194545301549
effective100,2012,5,2012-08-19,0.6377361457256455,,25.32863077948113,,18.34585566545901,0.29183467399055296,1.2776315572783623
effective100,2012,5,2012-08-20,0.6377361457256455,1.05,26.00767315465489,65.81110758684295,18.12429472254207,0.12134362510096666,0.5576983746791384
effective100,2012,5,2012-08-21,0.6377361457256455,,16.01922203276657,,17.874538464714906,3.9075776709895633,1.3039711039435806
effective100,2012,5,2012-08-22,0.6377361457256455,1.05,20.80006855964553,60.60350286002012,17.5929988237358,3.6142175499532234,1.1666289482908
effective100,2012,5,2012-08-23,0.6377361457256455,,23.929177194171864,,17.275631122392763,2.0426746775486464,1.0864339489539243
effective100,2012,5,2012-08-24,0.6377361457256455,,25.569096581637268,,16.91787596753968,1.3842698373342797,1.0176495478616485
effective100,2012,5,2012-08-25,0.6377361457256455,,27.546272269679108,,16.51459374857936,0.8022693086363725,1.1749063787577694
effective100,2012,5,2012-08-26,0.6377361457256455,,29.239224430505566,,16.059990800380493,0.6212289047006904,1.0717232559569931
effective100,2012,5,2012-08-27,0.6377361457256455,1.05,30.586072309736817,70.38950659895198,15.547536169864188,0.4680996600500526,0.8787482191315632
effective100,2012,5,2012-08-28,0.6377361457256455,,19.595287577589993,,14.96986779050576,4.393778718161356,1.01543654967713
effective100,2012,5,2012-08-29,0.6377361457256455,1.05,24.410716677948592,64.21415096714472,14.3186867168283,3.9765213456027473,0.8389077547514925
effective100,2012,5,2012-08-30,0.6377361457256455,,28.07769037865663,,13.58463789943125,2.699244435122744,0.967729265584026
effective100,2012,5,2012-08-31,0.6377361457256455,,30.21296846700696,,12.757175787734653,1.4043922826434339,0.730885805706526
effective100,2012,5,2012-09-01,0.6377361457256455,,31.464808908348626,,11.824412829650566,0.78143315335178,0.47040728798978315
effective100,2012,5,2012-09-02,0.6377361457256455,,32.610073646823245,,10.77294869168556,0.7535206236410553,0.39174411483354604
effective100,2012,5,2012-09-03,0.6377361457256455,,33.393878368235356,,9.58767774600244,0.5283154818022658,0.2554892396098518
effective100,2012,5,2012-09-04,0.6377361457256455,1.05,34.08647026335283,73.88990455254708,8.25157205874666,0.5117185320659066,0.18087336305158086
effective100,2012,5,2012-09-05,0.6377361457256455,,34.657247336954775,,6.7454367619868325,0.4592303696671758,0.11154670393477983
effective100,2012,5,2012-09-06,0.6377361457256455,1.05,35.11008689405981,74.91352118325406,5.047634294874404,0.39622950785756494,0.05661004924747721
effective100,2012,5,2012-09-07,0.6377361457256455,,35.42704893906972,,3.1337735523937877,0.30136667607266515,0.015595368937257843
effective100,2012,5,2012-09-08,0.6377361457256455,,35.720924013616575,,0.9763594759269172,0.29246940415198014,0.0014056703948939157
effective100,2012,6,2012-04-30,0.08,,3.753900049830017,,0.0,4.692375062287551,0.0
effective100,2012,6,2012-05-01,0.08,,5.2718430270147305,,0.0,1.8974287214809162,0.0
effective100,2012,6,2012-05-02,0.08,,6.643501024449703,,0.0,1.714572496793716,0.0
effective100,2012,6,2012-05-03,0.08,,7.946309182792724,,0.0,1.6285101979287846,0.0
effective100,2012,6,2012-05-04,0.08,,8.946351027475611,,0.0,1.2500523058536175,0.0
effective100,2012,6,2012-05-05,0.08,,9.569030653030312,,0.4875,0.7783495319433889,0.0
effective100,2012,6,2012-05-06,0.08,,10.58633306313073,,0.5738742470010385,3.0496280126255377,0.0
effective100,2012,6,2012-05-07,0.08,,8.763677620223216,,0.6755521053764285,1.531680696365608,0.0
effective100,2012,6,2012-05-08,0.08,,11.228728923706418,,0.6693127862307413,3.081314129354019,0.0
effective100,2012,6,2012-05-09,0.08,,12.194027183297466,,0.6619209548482653,1.206622824488818,0.0
effective100,2012,6,2012-05-10,0.08,,12.415687856150482,,0.6531637219016666,0.985736033449295,0.0
effective100,2012,6,2012-05-11,0.08,,12.415687856150482,,0.6427888736519074,0.4840079922606273,0.0
effective100,2012,6,2012-05-12,0.08,,12.415687856150482,,0.6304976080361702,1.5876180156698452,0.0
effective100,2012,6,2012-05-13,0.08,,12.415687856150482,,0.6159359289831668,0.5217902482684804,0.0
effective100,2012,6,2012-05-14,0.08,,12.415687856150482,,0.5986844511067813,0.685796659519991,0.0
effective100,2012,6,2012-05-15,0.08,,12.415687856150482,,0.5782463211468956,0.7247667675741237,0.0
effective100,2012,6,2012-05-16,0.08,,12.415687856150482,,0.5540329082874117,0.5608120017328235,0.0
effective100,2012,6,2012-05-17,0.08,,12.415687856150482,,0.5253468512237498,0.4619539308930875,0.0
effective100,2012,6,2012-05-18,0.08,,12.415687856150482,,0.49136197372485746,1.6131819458476029,0.0
effective100,2012,6,2012-05-19,0.08,,12.415687856150482,,0.45109949024546064,0.6968596617486045,0.0
effective100,2012,6,2012-05-20,0.08,,12.415687856150482,,0.40339981629543586,0.4248283114955311,0.0
effective100,2012,6,2012-05-21,0.08,,12.415687856150482,,0.3468891716874604,0.6946284114337576,0.0
effective100,2012,6,2012-05-22,0.08,,12.415687856150482,,0.2799400148157657,2.8828093041350016,0.0
effective100,2012,6,2012-05-23,0.08,,4.568063083527572,,0.32953921068278375,4.917483409091409,0.004985625129958451
effective100,2012,6,2012-05-24,0.09027524171086804,,9.435225686528577,,0.32729714898246665,4.741541664921375,0.0
effective100,2012,6,2012-05-25,0.09027524171086804,0.25,10.205482443913109,17.002565416218673,0.3238337431838241,0.8532314539256547,0.0
effective100,2012,6,2012-05-26,0.09027524171086804,,11.494056126725607,,0.31972953576767016,1.4273832541368732,0.0
effective100,2012,6,2012-05-27,0.09027524171086804,,12.316749228560461,,0.31486596519750626,0.9113164210291169,0.0
effective100,2012,6,2012-05-28,0.09027524171086804,,12.939779869691977,,0.3091025336034152,0.6901456360836621,0.0
effective100,2012,6,2012-05-29,0.09027524171086804,,13.441620270429473,,0.3022727481072324,0.5559003678381541,0.0
effective100,2012,6,2012-05-30,0.09027524171086804,,0.5444973004907677,,0.35582881171071296,7.715393681866887,0.0221610807496664
effective100,2012,6,2012-05-31,0.10011433168030215,0.335,5.421016777954449,18.5837491446384,0.4188738284754046,4.798865586549951,0.01248448492561275
effective100,2012,6,2012-06-01,0.10974117331846439,,9.984422137110649,,0.4172679797119673,4.26889550900595,0.0
effective100,2012,6,2012-06-02,0.10974117331846439,,11.592149759466922,,0.41309761530979794,1.6077276223562882,0.0
effective100,2012,6,2012-06-03,0.10974117331846439,,12.793422999698242,,0.40815597401672565,1.2012732402313382,0.0
effective100,2012,6,2012-06-04,0.10974117331846439,,14.01997717448579,,0.4023004140909085,2.4965541747875655,0.0
effective100,2012,6,2012-06-05,0.10974117331846439,0.41,14.900163946377129,43.524814781282004,0.3953619132950486,2.404186771891342,0.0
effective100,2012,6,2012-06-06,0.10974117331846439,,-2.890107521152751,,0.46541132366171456,8.518950471311303,0.04477806115882548
effective100,2012,6,2012-06-07,0.11909396167298203,0.44,-5.571595302817574,26.85219733086245,0.5478719444351242,6.238065845626117,0.045480256439973395
effective100,2012,6,2012-06-08,0.12838697945792688,0.455,4.817912916027118,36.50537400293047,0.6449427683399009,6.372821263519206,0.07826974487461776
effective100,2012,6,2012-06-09,0.13762220918407042,,7.6396346943540365,,0.7147164710885091,2.7284521853332717,0.05355320656364393
effective100,2012,6,2012-06-10,0.14663270413293197,,9.728986353008146,,0.7116230768989676,2.067093330482121,0.01901040828707471
effective100,2012,6,2012-06-11,0.15298391990203813,,11.076925450992746,,0.7044658143654612,1.347644764530064,0.0
effective100,2012,6,2012-06-12,0.15298391990203813,,12.04533742228271,,0.6959728752056948,0.9684119712899731,0.0
effective100,2012,6,2012-06-13,0.15298391990203813,0.54,13.007970343253195,62.79732488454107,0.6859114312345952,0.9626329209705001,0.0
effective100,2012,6,2012-06-14,0.15298391990203813,,0.3255025189468152,,0.8074398074034008,8.208454414373056,0.10907776132056869
effective100,2012,6,2012-06-15,0.16190817227913706,0.58,4.876222049253079,63.20405811836209,0.9505003312252106,4.697479440416458,0.1068265145796906
effective100,2012,6,2012-06-16,0.17078573719239215,,7.345536065931962,,1.0818004543842312,2.385346477345831,0.1180409090408388
effective100,2012,6,2012-06-17,0.1796178885068555,,9.269011753756518,,1.1497816566091694,1.8258302159282516,0.10903405596492843
effective100,2012,6,2012-06-18,0.18833493782378688,0.64,13.529676492829195,84.06739999186689,1.1469965329646645,4.494466529457408,0.0
effective100,2012,6,2012-06-19,0.18833493782378688,,-7.0525024759093355,,1.3502190188059462,9.528453836158873,0.21336719510262916
effective100,2012,6,2012-06-20,0.1970378959421897,0.68,-0.3207763673479078,74.11358841102678,1.589448046571781,2.5569800103013343,0.15621124339519357
effective100,2012,6,2012-06-21,0.20569996002254068,,3.3843871212948606,,1.8675197650134807,2.498213011754275,0.28881031576466815
effective100,2012,6,2012-06-22,0.21432213450288942,,7.936343870343662,,2.1807644994774598,4.5533075283283,0.24853287950035569
effective100,2012,6,2012-06-23,0.22290537997759044,,10.923127764269605,,2.357572186999641,2.7064988249126998,0.27623652419378564
effective100,2012,6,2012-06-24,0.2313993516053096,0.76,12.758814977734493,101.84129679189705,2.351642766673722,1.6372916663217683,0.1964653616906984
effective100,2012,6,2012-06-25,0.23964592999200818,,-8.746953240542686,,2.768301993723736,9.070751556519859,0.4227349025108287
effective100,2012,6,2012-06-26,0.24811775307969208,0.8,-0.6785457088244958,91.63495338193742,3.258784045373707,2.9563717964795115,0.4286222003282474
effective100,2012,6,2012-06-27,0.2565541023489841,,4.88584269929564,,3.8361686978006846,3.951078772035082,0.3609266448278332
effective100,2012,6,2012-06-28,0.2649557559233273,0.84,8.103063291078083,106.30981610010622,4.447572000875965,2.321282957506558,0.4862999302155671
effective100,2012,6,2012-06-29,0.27332346153028175,,-16.20091033995005,,5.235583657406353,6.388053897751789,0.5794934948885205
effective100,2012,6,2012-06-30,0.28165793819162577,,-0.21978293543712368,,6.163213597959004,5.529979426157062,0.6778125241477765
effective100,2012,6,2012-07-01,0.2899598777924688,,6.397762966376481,,7.218213102702112,2.786750506974103,0.9559897288016984
effective100,2012,6,2012-07-02,0.29822994653991186,,12.293316286352324,,8.263646794945563,4.276948755490996,1.0998376217113899
effective100,2012,6,2012-07-03,0.3064687863207072,0.92,14.625641566643948,114.91336329782801,8.835192535675668,1.361152164920329,0.8829802497105913
effective100,2012,6,2012-07-04,0.3146770159664285,,-4.488044924729193,,10.400593771323221,6.513106525072086,1.2478826030642747
effective100,2012,6,2012-07-05,0.32285523243381586,0.94,3.644547969328314,106.06220793424127,12.24334957719344,5.0482959834046,1.3349223180804246
effective100,2012,6,2012-07-06,0.3310040119072184,,6.176702096245925,,14.389711960238946,5.48147167319015,1.5273313573704397
effective100,2012,6,2012-07-07,0.33912391082939464,,-13.982941255829484,,16.382897697591037,3.6631006817094818,1.1910010561488913
effective100,2012,6,2012-07-08,0.3472154668663381,,-5.584895285426899,,17.939489346579542,2.744328584862868,0.9711185050590956
effective100,2012,6,2012-07-09,0.35527919981127365,,3.442752447497526,,18.981041916642923,3.298110525890387,1.697893789286707
effective100,2012,6,2012-07-10,0.36331561243249344,0.97,8.249913168857088,102.79190076714261,18.981041916642923,1.7346277272184398,1.948692667979321
effective100,2012,6,2012-07-11,0.3713251912692874,,11.309698837348813,,18.981041916642923,0.9000557297215194,1.8552322550883895
effective100,2012,6,2012-07-12,0.37930840737983873,0.98,13.948635809414178,110.08957046138642,18.981041916642923,0.6724482662732074,1.917614839764757
effective100,2012,6,2012-07-13,0.3872657170446181,,-17.06916067442419,,18.981041916642923,4.94683742124777,1.922058680804251
effective100,2012,6,2012-07-14,0.39519756242850734,,0.12179548159927456,,18.981041916642923,5.707857504350161,2.30233859345456
effective100,2012,6,2012-07-15,0.4031043722046024,,7.912258217476844,,18.981041916642923,1.8780111543248266,2.0377128939305007
effective100,2012,6,2012-07-16,0.41098656214240314,,9.66528047311425,,18.981041916642923,5.200913757368056,2.0174617683925997
effective100,2012,6,2012-07-17,0.4188445356628703,1.005,14.724038206268919,101.87799695021539,18.981041916642923,3.014854106392254,1.8755841000741844
effective100,2012,6,2012-07-18,0.42667868436262446,,-2.868341428420594,,18.981041916642923,5.306398815224309,2.0561241497899343
effective100,2012,6,2012-07-19,0.4344893885093837,1.015,4.753183739959089,93.10045552788849,18.981041916642923,4.925455801062113,1.98216120820081
effective100,2012,6,2012-07-20,0.44227701751056214,,9.607814000428906,,18.981041916642923,2.2698967364985903,2.1402211179856834
effective100,2012,6,2012-07-21,0.45004193035681106,,13.013343567520689,,18.981041916642923,1.25552195150405,2.0711502677370235
effective100,2012,6,2012-07-22,0.4577844760421297,1.03,15.993539180328172,106.7249770713261,18.981041916642923,0.8385977000717607,2.12065586454662
effective100,2012,6,2012-07-23,0.46550499396206324,,-26.695685173615747,,18.981041916642923,5.557646026835461,2.1475708654767027
effective100,2012,6,2012-07-24,0.47320381429138414,1.04,-3.9786548349461026,73.26776713134232,18.981041916642923,5.174867018000458,2.1103875463076878
effective100,2012,6,2012-07-25,0.4808812583425437,,6.613344537222221,,18.981041916642923,3.117555242316078,1.5763296752508507
effective100,2012,6,2012-07-26,0.4885376389060936,1.05,11.400436173895754,82.98330688980658,18.981041916642923,1.7773679046071111,1.7999683328942748
effective100,2012,6,2012-07-27,0.49617326057418487,,-11.514686233312924,,18.981041916642923,5.173338188926419,1.9946691266986574
effective100,2012,6,2012-07-28,0.5037884200481719,,-0.09717221145262493,,18.981041916642923,4.782669457221012,1.8689790474412116
effective100,2012,6,2012-07-29,0.5113834064312746,,7.517379645190857,,18.981041916642923,3.653852556969257,1.7892368265176
effective100,2012,6,2012-07-30,0.5189585015071894,,11.069125353245154,,18.981041916642923,1.4767794025626064,1.4714504677253766
effective100,2012,6,2012-07-31,0.5265139800054712,1.05,14.160180460029066,76.96589100596066,18.981041916642923,1.1448683939145936,1.788740648177415
effective100,2012,6,2012-08-01,0.5340501098544532,,-15.190488808939415,,18.981041916642923,3.5840343042155824,1.3780767370774127
effective100,2012,6,2012-08-02,0.5415671524224239,1.05,-3.5346015394339023,52.408469539521725,18.981041916642923,4.01578019170325,1.8346873005649011
effective100,2012,6,2012-08-03,0.5490653627477255,,4.613852350230947,,18.981041916642923,1.7040499723359683,1.8504839322677409
effective100,2012,6,2012-08-04,0.5565449897583958,,10.529742154389552,,18.981041916642923,3.1049881461922495,1.6428817038389838
effective100,2012,6,2012-08-05,0.5640062764819365,1.05,13.882807718148896,63.55836113623521,18.981041916642923,1.459990787274511,1.6414970548040926
effective100,2012,6,2012-08-06,0.5714494602457492,,-9.979660079984045,,18.981041916642923,4.6780807953171255,1.7937705596618536
effective100,2012,6,2012-08-07,0.57887477286875,1.05,-3.6829323712487922,42.11248517412558,18.981041916642923,4.162127086695383,1.6174469068929143
effective100,2012,6,2012-08-08,0.5862824408446328,,3.5613383727324144,,18.981041916642923,2.2090754858375554,1.6932806327178362
effective100,2012,6,2012-08-09,0.5936726855172321,1.05,8.041897014612367,49.272653562728,18.981041916642923,1.3538863525532192,1.9039259174938767
effective100,2012,6,2012-08-10,0.601045723248399,,1.9159142590583411,,18.981041916642923,4.717242076159117,1.804775886639825
effective100,2012,6,2012-08-11,0.6084017655787819,,7.303790509310164,,18.981041916642923,3.8281616696871663,1.4638077343337539
effective100,2012,6,2012-08-12,0.6157410193818791,,12.136592699075157,,18.981041916642923,3.201065371837517,1.6055251997560587
effective100,2012,6,2012-08-13,0.6230636870117106,,14.404108971607931,,18.981041916642923,1.8282963371767436,1.1959086223754276
effective100,2012,6,2012-08-14,0.6303699664444278,1.05,16.904765954257993,57.654677757750456,18.981041916642923,1.0335241653335514,1.4657171317233333
effective100,2012,6,2012-08-15,0.6376600514141699,,19.523046841928924,,18.860267820108113,0.7904625892334719,1.8274366772610482
effective100,2012,6,2012-08-16,0.6376600514141699,1.05,20.77429470386105,61.523719082799566,18.724124301327826,0.30197116028961285,0.9491708982649955
effective100,2012,6,2012-08-17,0.6376600514141699,,22.187026956809234,,18.570655484440127,0.7529499384710692,1.1677541208123783
effective100,2012,6,2012-08-18,0.6376600514141699,,23.88604550324448,,18.39765659350562,0.7715781819259906,1.4354352494688727
effective100,2012,6,2012-08-19,0.6376600514141699,,25.4381064337197,,18.202642278079775,0.2830610099041199,1.2689985410260696
effective100,2012,6,2012-08-20,0.6376600514141699,1.05,26.109911432063583,66.85930074722145,17.98281090797343,0.11787755027551206,0.5539270725379416
effective100,2012,6,2012-08-21,0.6376600514141699,,19.123526942098263,,17.735004324250042,3.918470510221886,1.2951448966065133
effective100,2012,6,2012-08-22,0.6376600514141699,1.05,23.90645226030858,64.65584144362029,17.455662468231278,3.624202077765239,1.1587232118051833
effective100,2012,6,2012-08-23,0.6376600514141699,,26.669600899255173,,17.140772236698474,1.6840872166703325,1.0790614142518653
effective100,2012,6,2012-08-24,0.6376600514141699,,27.952444007241866,,16.78580982852961,1.0341107331034662,1.0107323726137782
effective100,2012,6,2012-08-25,0.6376600514141699,,29.509442981668858,,16.385675754507332,0.39009421893184604,1.1669047548475255
effective100,2012,6,2012-08-26,0.6376600514141699,,30.80518149780905,,15.934621576630835,0.3332302983904326,0.962508217581044
effective100,2012,6,2012-08-27,0.6376600514141699,1.05,31.85023152678601,72.59962069893783,15.426167324448073,0.27163968284199075,0.773410346085354
effective100,2012,6,2012-08-28,0.6376600514141699,,23.56365873348338,,14.853008401988161,4.404961622536672,1.0084655841460206
effective100,2012,6,2012-08-29,0.6376600514141699,1.05,28.38323229152654,69.13262146365932,14.206910647893023,3.9864452544368856,0.8331283036019158
effective100,2012,6,2012-08-30,0.6376600514141699,,30.69218046637305,,13.478592041152707,1.5091718833069498,0.79977629153826
effective100,2012,6,2012-08-31,0.6376600514141699,,32.078782356432626,,12.657589352995952,0.7793794645452382,0.6072224255139523
effective100,2012,6,2012-09-01,0.6376600514141699,,32.96953942138089,,11.732107829219707,0.49243353875801865,0.3983235261901438
effective100,2012,6,2012-09-02,0.6376600514141699,,33.81855341462971,,10.68885174345197,0.5115315835186536,0.3374824097301572
effective100,2012,6,2012-09-03,0.6376600514141699,,34.41983504689253,,9.512833387028733,0.37886398574125346,0.22241764652156618
effective100,2012,6,2012-09-04,0.6376600514141699,1.05,34.96015122460443,75.70954039673538,8.187157751380132,0.3815607790214336,0.15875539869048202
effective100,2012,6,2012-09-05,0.6376600514141699,,35.41931523119519,,6.692779809612827,0.36041325973704375,0.09875074685373374
effective100,2012,6,2012-09-06,0.6376600514141699,1.05,35.80425327424318,76.55364244637411,5.008230910327922,0.3346908016591423,0.05024724138886513
effective100,2012,6,2012-09-07,0.6376600514141699,,36.08318887931402,,3.1093103529714274,0.2650674107769489,0.013868194293895039
effective100,2012,6,2012-09-08,0.6376600514141699,,36.34470055942302,,0.9687377138027127,0.2602599894508736,0.0012516906581313356
effective100,2012,7,2012-04-30,0.08,,3.753900049830017,,0.0,4.692375062287551,0.0
effective100,2012,7,2012-05-01,0.08,,5.2718430270147305,,0.0,1.8974287214809162,0.0
effective100,2012,7,2012-05-02,0.08,,6.643501024449703,,0.0,1.714572496793716,0.0
effective100,2012,7,2012-05-03,0.08,,7.946309182792724,,0.0,1.6285101979287846,0.0
effective100,2012,7,2012-05-04,0.08,,8.946351027475611,,0.0,1.2500523058536175,0.0
effective100,2012,7,2012-05-05,0.08,,9.569030653030312,,0.4875,0.7783495319433889,0.0
effective100,2012,7,2012-05-06,0.08,,10.58633306313073,,0.5738742470010385,3.0496280126255377,0.0
effective100,2012,7,2012-05-07,0.08,,8.763677620223216,,0.6755521053764285,1.531680696365608,0.0
effective100,2012,7,2012-05-08,0.08,,11.228728923706418,,0.6693127862307413,3.081314129354019,0.0
effective100,2012,7,2012-05-09,0.08,,12.194027183297466,,0.6619209548482653,1.206622824488818,0.0
effective100,2012,7,2012-05-10,0.08,,12.415687856150482,,0.6531637219016666,0.985736033449295,0.0
effective100,2012,7,2012-05-11,0.08,,12.415687856150482,,0.6427888736519074,0.4840079922606273,0.0
effective100,2012,7,2012-05-12,0.08,,12.415687856150482,,0.6304976080361702,1.5876180156698452,0.0
effective100,2012,7,2012-05-13,0.08,,12.415687856150482,,0.6159359289831668,0.5217902482684804,0.0
effective100,2012,7,2012-05-14,0.08,,12.415687856150482,,0.5986844511067813,0.685796659519991,0.0
effective100,2012,7,2012-05-15,0.08,,12.415687856150482,,0.5782463211468956,0.7247667675741237,0.0
effective100,2012,7,2012-05-16,0.08,,12.415687856150482,,0.5540329082874117,0.5608120017328235,0.0
effective100,2012,7,2012-05-17,0.08,,12.415687856150482,,0.5253468512237498,0.4619539308930875,0.0
effective100,2012,7,2012-05-18,0.08,,12.415687856150482,,0.49136197372485746,1.6131819458476029,0.0
effective100,2012,7,2012-05-19,0.08,,12.415687856150482,,0.45109949024546064,0.6968596617486045,0.0
effective100,2012,7,2012-05-20,0.08,,12.415687856150482,,0.40339981629543586,0.4248283114955311,0.0
effective100,2012,7,2012-05-21,0.08,,12.415687856150482,,0.3468891716874604,0.6946284114337576,0.0
effective100,2012,7,2012-05-22,0.08,,12.415687856150482,,0.2799400148157657,2.8828093041350016,0.0
effective100,2012,7,2012-05-23,0.08,,4.568063083527572,,0.32953921068278375,4.917483409091409,0.004985625129958451
effective100,2012,7,2012-05-24,0.09027524171086804,,9.435225686528577,,0.32729714898246665,4.741541664921375,0.0
effective100,2012,7,2012-05-25,0.09027524171086804,0.25,10.205482443913109,17.002565416218673,0.3238337431838241,0.8532314539256547,0.0
effective100,2012,7,2012-05-26,0.09027524171086804,,11.494056126725607,,0.31972953576767016,1.4273832541368732,0.0
effective100,2012,7,2012-05-27,0.09027524171086804,,12.316749228560461,,0.31486596519750626,0.9113164210291169,0.0
effective100,2012,7,2012-05-28,0.09027524171086804,,12.939779869691977,,0.3091025336034152,0.6901456360836621,0.0
effective100,2012,7,2012-05-29,0.09027524171086804,,13.441620270429473,,0.3022727481072324,0.5559003678381541,0.0
effective100,2012,7,2012-05-30,0.09027524171086804,,-0.44853035832878163,,0.35582881171071296,7.715393681866887,0.0221610807496664
effective100,2012,7,2012-05-31,0.10011433168030215,0.335,4.834320658905287,17.633527939585655,0.4188738284754046,4.94404072768088,0.017088138741932445
effective100,2012,7,2012-06-01,0.10986501988281357,,9.474306795741352,,0.4188224597189,4.373906634635131,0.0
effective100,2012,7,2012-06-02,0.10986501988281357,,11.146501822679522,,0.41493958446422435,1.6721950269381853,0.0
effective100,2012,7,2012-06-03,0.10986501988281357,,12.400443054751957,,0.41033860123015187,1.2539412320724521,0.0
effective100,2012,7,2012-06-04,0.10986501988281357,,13.81433140058181,,0.40488670145698125,2.683888345829875,0.0
effective100,2012,7,2012-06-05,0.10986501988281357,0.41,14.78988574763778,43.079441844488386,0.39842651466112783,2.4995543470559904,0.0
effective100,2012,7,2012-06-06,0.10986501988281357,,-3.3002197689099555,,0.4690189047926214,8.51842050181215,0.04547398164011448
effective100,2012,7,2012-06-07,0.1192178082373312,0.44,-5.785289177869905,26.10723996527123,0.552118709368446,6.237608803766422,0.046186918519927574
effective100,2012,7,2012-06-08,0.12851082602227604,0.455,4.643039958684564,35.659298810824,0.649941966346671,6.270487646801156,0.07948553507739178
effective100,2012,7,2012-06-09,0.13774605574841958,,7.449867417834477,,0.7236029904002136,2.676889914124226,0.05894153738798078
effective100,2012,7,2012-06-10,0.14681143225748913,,9.533854824650659,,0.7209962270834941,2.0483137069834627,0.02396868942382184
effective100,2012,7,2012-06-11,0.15386389253626492,,10.878852120468817,,0.7138828430969943,1.344293997297064,0.0
effective100,2012,7,2012-06-12,0.15386389253626492,,11.848827668503521,,0.7054061770816604,0.9697447965608191,0.0
effective100,2012,7,2012-06-13,0.15386389253626492,0.54,12.815474548800902,61.89318828226199,0.695364077469846,0.9665847355066675,0.0
effective100,2012,7,2012-06-14,0.15386389253626492,,4.032941476248453,,0.8185672540504196,8.206876365406789,0.11057382540443085
effective100,2012,7,2012-06-15,0.16278814491336385,0.58,8.229333499649384,65.87718703257298,0.9428864207503341,4.397632745491486,0.08402071087702583
effective100,2012,7,2012-06-16,0.17161130925950194,,10.3967382899302,,0.9417674243457648,2.131840057815977,0.03931183425090462
effective100,2012,7,2012-06-17,0.1795743169465526,,12.02502682264056,,0.9342359818310624,1.6065720640039445,0.014949213169127862
effective100,2012,7,2012-06-18,0.18432358985682745,0.64,14.528522612525766,84.35141244586559,0.9239497861732646,2.7509285582851195,0.0
effective100,2012,7,2012-06-19,0.18432358985682745,,2.2363671324923464,,1.0876533083219544,9.559706535567324,0.17213798439927802
effective100,2012,7,2012-06-20,0.19302654797523028,0.68,6.167726475283625,83.89375810774938,1.2763531530825354,3.79365630805668,0.12566869965863647
effective100,2012,7,2012-06-21,0.20168861205558125,,9.310192959197435,,1.4136311474355263,2.9398850769188383,0.19293861020680192
effective100,2012,7,2012-06-22,0.21028825229541828,,12.960553157224409,,1.5020522021527403,4.097044482287144,0.061315715865820575
effective100,2012,7,2012-06-23,0.21788113558091826,,15.136913352286657,,1.489277770244201,2.1664550829475937,0.009905111943099612
effective100,2012,7,2012-06-24,0.21992006421355556,0.76,16.434264367157848,109.98100547108795,1.4731085889901196,1.2973510147655285,0.0
effective100,2012,7,2012-06-25,0.21992006421355556,,0.8360604668072475,,1.7341109379640354,9.235391652000873,0.266404447615436
effective100,2012,7,2012-06-26,0.22839188730123947,0.8,5.930054078317962,107.39197131640938,2.041357146134103,4.823591481365297,0.27040213013794157
effective100,2012,7,2012-06-27,0.2368282365705315,,9.674603862920236,,2.361106163844604,3.774492838001973,0.2240569465972523
effective100,2012,7,2012-06-28,0.2452298901448747,0.84,12.11490727012255,121.38609892179362,2.5702571022131537,2.1692845414774977,0.27101886572373224
effective100,2012,7,2012-06-29,0.2535909629397942,,-6.404259328551787,,3.0256499674495276,6.641574793696955,0.33925860762834703
effective100,2012,7,2012-06-30,0.26192543960113823,,2.616830431626855,,3.5617284036078236,5.599833293824805,0.39775875168568625
effective100,2012,7,2012-07-01,0.27022737920198125,,7.284278428015168,,4.149435794127762,3.0067399658214926,0.5596293048937119
effective100,2012,7,2012-07-02,0.2784974479494243,,12.270903826084973,,4.720870733708369,4.520318336553194,0.6416912137004718
effective100,2012,7,2012-07-03,0.28673628773021964,0.92,14.260034516035056,134.92286796908107,4.917035543977508,1.4754020147455629,0.4900139375696787
effective100,2012,7,2012-07-04,0.29494108920730333,,-0.040766721833854436,,5.788225785184477,7.078156107429524,0.7139629033891622
effective100,2012,7,2012-07-05,0.29494108920730333,0.94,5.975498304715281,130.5337271992181,6.813771720912279,5.246487701307003,0.7676153112194881
effective100,2012,7,2012-07-06,0.29494108920730333,,7.62016028856527,,8.008283338522876,6.094646878839701,0.883432867969685
effective100,2012,7,2012-07-07,0.29494108920730333,,-12.953629741565171,,9.117547802962722,4.192709906000314,0.692698675403791
effective100,2012,7,2012-07-08,0.29494108920730333,,-4.707948155123827,,9.983835259023198,3.1810333937583084,0.5672897143927365
effective100,2012,7,2012-07-09,0.29494108920730333,,2.787580992878654,,10.563488841810805,3.0187024176768062,0.9948484928778347
effective100,2012,7,2012-07-10,0.3029775018285231,0.97,6.8085848272198115,125.46186560440904,10.563488841810805,1.891098102287348,1.1420768734391256
effective100,2012,7,2012-07-11,0.3109870806653171,,9.514096447830395,,10.563488841810805,1.1362313989660835,1.087566750913257
effective100,2012,7,2012-07-12,0.3189702967758684,0.98,11.801869674079683,131.6574682353181,10.563488841810805,0.8950757297290757,1.1244101479047326
effective100,2012,7,2012-07-13,0.3269276064406478,,-10.027660481192232,,10.563488841810805,5.7971350360899,1.1272904977416163
effective100,2012,7,2012-07-14,0.334859451824537,,1.7100077018275992,,10.563488841810805,6.108048990966461,1.3506546438746005
effective100,2012,7,2012-07-15,0.34276626160063206,,7.378493520011728,,10.563488841810805,2.1282786649047876,1.1957052202638352
effective100,2012,7,2012-07-16,0.3506484515384328,,8.84543422886338,,10.563488841810805,6.094883820725063,1.1841113519205864
effective100,2012,7,2012-07-17,0.35850642505889996,1.005,13.46842832669112,130.9730088074865,10.563488841810805,3.4435277218552254,1.1011081153365223
effective100,2012,7,2012-07-18,0.36634057375865414,,-0.08410556787634034,,10.563488841810805,6.21850040089725,1.2073940612704916
effective100,2012,7,2012-07-19,0.37415127790541336,1.015,6.332620666633357,125.76203395902921,10.563488841810805,5.246565307642,1.16424677833701
effective100,2012,7,2012-07-20,0.3819389069065918,,10.030847476208931,,10.563488841810805,2.43921848626901,1.2573934074267659
effective100,2012,7,2012-07-21,0.38970381975284074,,12.660230218574046,,10.563488841810805,1.4118309230888941,1.2171124245990417
effective100,2012,7,2012-07-22,0.39744636543815937,1.03,14.897582467577587,137.25330017123085,10.563488841810805,0.9907226037045481,1.246510462019468
effective100,2012,7,2012-07-23,0.39744636543815937,,-32.72680998977256,,10.563488841810805,6.51293377097221,1.2626412348416187
effective100,2012,7,2012-07-24,0.39744636543815937,1.04,-4.263120014514151,98.32440088307365,10.563488841810805,5.5021221620545235,1.2410849405785422
effective100,2012,7,2012-07-25,0.4051238094893189,,6.189361732884965,,10.563488841810805,3.604924621515053,0.9272423503786682
effective100,2012,7,2012-07-26,0.4127801900528688,1.05,10.292106842781035,107.42710753251055,10.563488841810805,2.067167132621031,1.0590539415262037
effective100,2012,7,2012-07-27,0.4204158117209601,,-12.6116047759345,,10.563488841810805,6.062568367367635,1.1739002153815168
effective100,2012,7,2012-07-28,0.42803097119494715,,-0.567367362623283,,10.563488841810805,5.207414994354787,1.1002007613084588
effective100,2012,7,2012-07-29,0.4356259575780498,,6.934836864649933,,10.563488841810805,4.100093621034458,1.0535196019419935
effective100,2012,7,2012-07-30,0.4432010526539646,,10.025557745361391,,10.563488841810805,1.6928979902711616,0.8666182195317884
effective100,2012,7,2012-07-31,0.45075653115224645,1.05,12.569727247711597,99.92588267960812,10.563488841810805,1.3498127728951557,1.0537486030106804
effective100,2012,7,2012-08-01,0.45829266100122845,,-18.03483100831744,,10.563488841810805,4.200083622371301,0.8120272381243818
effective100,2012,7,2012-08-02,0.46580970356919915,1.05,-3.96252041145274,73.8882564696925,10.563488841810805,4.538911390515497,1.0813515390732706
effective100,2012,7,2012-08-03,0.4733079138945008,,4.011592977658669,,10.563488841810805,2.020650743094186,1.0909325778400492
effective100,2012,7,2012-08-04,0.48078754090517106,,9.586638122423938,,10.563488841810805,3.4823193228672453,0.968783476361179
effective100,2012,7,2012-08-05,0.4882488276287117,1.05,12.488777618327443,83.86624944379176,10.563488841810805,1.701099298072273,0.9682075558643736
effective100,2012,7,2012-08-06,0.4956920113925244,,-11.309282520208779,,10.563488841810805,5.482182608975193,1.0582865442688163
effective100,2012,7,2012-08-07,0.5031173240155252,1.05,-4.044726517610622,62.4420678660564,10.563488841810805,4.778153658707941,0.9544969209896114
effective100,2012,7,2012-08-08,0.510524991991408,,3.176053412567409,,10.563488841810805,2.542064025695491,0.9994973518124527
effective100,2012,7,2012-08-09,0.5179152366640073,1.05,7.1766359628842835,68.76520795378141,10.563488841810805,1.6574629042596098,1.1241158059575103
effective100,2012,7,2012-08-10,0.5252882743951742,,-7.190710788712085,,10.563488841810805,5.528075209417679,1.0658416409312852
effective100,2012,7,2012-08-11,0.5326443167255571,,0.8363578568481945,,10.563488841810805,4.411740492698845,0.8646929732619778
effective100,2012,7,2012-08-12,0.5399835705286543,,6.21992474594107,,10.563488841810805,2.6092689478236246,0.9486447353371172
effective100,2012,7,2012-08-13,0.5473062381584858,,9.875175537727873,,10.563488841810805,3.0646617206072224,0.7067944770949545
effective100,2012,7,2012-08-14,0.554612517591203,1.05,12.720710683208894,68.63198389007826,10.563488841810805,1.8625846355862903,0.8664711035379471
effective100,2012,7,2012-08-15,0.5619026025609452,,6.3158059721403434,,10.496274627400027,5.6844237242535245,1.0802455931293993
effective100,2012,7,2012-08-16,0.5619026025609452,1.05,10.357130685126778,66.22997918927845,10.42050689305561,3.472298664288237,0.5610273175290583
effective100,2012,7,2012-08-17,0.5619026025609452,,13.435024834825489,,10.335097138318298,2.8937084780157996,0.6901308647475197
effective100,2012,7,2012-08-18,0.5619026025609452,,15.72136289702789,,10.238818342767567,1.9456400028370837,0.8481695526523358
effective100,2012,7,2012-08-19,0.5619026025609452,,17.45229916884768,,10.130287338303159,0.9811562023771653,0.7496439698338486
effective100,2012,7,2012-08-20,0.5619026025609452,1.05,18.089341319153863,73.95943531902154,10.007944938165355,0.3098817846522671,0.32712527462712093
effective100,2012,7,2012-08-21,0.5619026025609452,,-0.8806945924403613,,9.870033537221975,4.5653860683191905,0.7645689611879676
effective100,2012,7,2012-08-22,0.5619026025609452,1.05,4.020222425639358,59.890305025068564,9.71457186172156,4.217191872991048,0.6837228035488312
effective100,2012,7,2012-08-23,0.5619026025609452,,7.7237714071950965,,9.539326505760599,3.067178866754036,0.6363695087913036
effective100,2012,7,2012-08-24,0.5619026025609452,,10.724486452199939,,9.341779845549796,3.1670281115861094,0.5956867763769181
effective100,2012,7,2012-08-25,0.5619026025609452,,13.347596405345561,,9.119093870526658,1.9359056883827457,0.6872042240145432
effective100,2012,7,2012-08-26,0.5619026025609452,,15.10111537807657,,8.868069411702155,1.1272358969220104,0.6262830652221874
effective100,2012,7,2012-08-27,0.5619026025609452,1.05,16.353914934393238,72.22399671668455,8.585100181504394,0.7146653136704196,0.5381342398957859
effective100,2012,7,2012-08-28,0.5619026025609452,,-6.88520028007365,,8.266120964842909,5.068847589938016,0.5920371948783267
effective100,2012,7,2012-08-29,0.5619026025609452,1.05,0.3746948978306712,54.02061260229099,7.906549217091871,4.547308964076057,0.48842213671405366
effective100,2012,7,2012-08-30,0.5619026025609452,,5.806426674016361,,7.5012192299725315,3.2881620048106877,0.5625053728417027
effective100,2012,7,2012-08-31,0.5619026025609452,,8.647002569933587,,7.04430791954356,1.777675070129575,0.48883442139565675
effective100,2012,7,2012-09-01,0.5619026025609452,,10.07487065451274,,6.529251170148763,0.9993685614014218,0.32351083680800385
effective100,2012,7,2012-09-02,0.5619026025609452,,11.399624241402032,,5.948649532495998,0.9710132545134026,0.32685091148056716
effective100,2012,7,2012-09-03,0.5619026025609452,,12.308599137424489,,5.294161921099438,0.6807118773732476,0.22136478580136357
effective100,2012,7,2012-09-04,0.5619026025609452,1.05,13.147052109854956,64.49729071527932,4.5563857839130115,0.657612733224302,0.17906828320846657
effective100,2012,7,2012-09-05,0.5619026025609452,,-16.534415833556633,,3.724722022638358,5.496721274494132,0.121355066045083
effective100,2012,7,2012-09-06,0.5619026025609452,1.05,-3.929340776826778,40.02883718598698,2.7872227231147613,5.1483219023191875,0.06514822784930013
effective100,2012,7,2012-09-07,0.5619026025609452,,2.771987359476406,,1.7304195082431888,2.2904666120867057,0.017537332034636335
effective100,2012,7,2012-09-08,0.5619026025609452,,5.822054699456091,,0.5391300475145917,1.5821191409752737,0.0016517347673015242
effective100,2012,8,2012-04-30,0.08,,3.753900049830017,,0.0,4.692375062287551,0.0
effective100,2012,8,2012-05-01,0.08,,5.2718430270147305,,0.0,1.8974287214809162,0.0
effective100,2012,8,2012-05-02,0.08,,6.643501024449703,,0.0,1.714572496793716,0.0
effective100,2012,8,2012-05-03,0.08,,7.946309182792724,,0.0,1.6285101979287846,0.0
effective100,2012,8,2012-05-04,0.08,,8.946351027475611,,0.0,1.2500523058536175,0.0
effective100,2012,8,2012-05-05,0.08,,9.569030653030312,,0.4875,0.7783495319433889,0.0
effective100,2012,8,2012-05-06,0.08,,10.58633306313073,,0.5738742470010385,3.0496280126255377,0.0
effective100,2012,8,2012-05-07,0.08,,8.763677620223216,,0.6755521053764285,1.531680696365608,0.0
effective100,2012,8,2012-05-08,0.08,,11.228728923706418,,0.6693127862307413,3.081314129354019,0.0
effective100,2012,8,2012-05-09,0.08,,12.194027183297466,,0.6619209548482653,1.206622824488818,0.0
effective100,2012,8,2012-05-10,0.08,,12.415687856150482,,0.6531637219016666,0.985736033449295,0.0
effective100,2012,8,2012-05-11,0.08,,12.415687856150482,,0.6427888736519074,0.4840079922606273,0.0
effective100,2012,8,2012-05-12,0.08,,12.415687856150482,,0.6304976080361702,1.5876180156698452,0.0
effective100,2012,8,2012-05-13,0.08,,12.415687856150482,,0.6159359289831668,0.5217902482684804,0.0
effective100,2012,8,2012-05-14,0.08,,12.415687856150482,,0.5986844511067813,0.685796659519991,0.0
effective100,2012,8,2012-05-15,0.08,,12.415687856150482,,0.5782463211468956,0.7247667675741237,0.0
effective100,2012,8,2012-05-16,0.08,,12.415687856150482,,0.5540329082874117,0.5608120017328235,0.0
effective100,2012,8,2012-05-17,0.08,,12.415687856150482,,0.5253468512237498,0.4619539308930875,0.0
effective100,2012,8,2012-05-18,0.08,,12.415687856150482,,0.49136197372485746,1.6131819458476029,0.0
effective100,2012,8,2012-05-19,0.08,,12.415687856150482,,0.45109949024546064,0.6968596617486045,0.0
effective100,2012,8,2012-05-20,0.08,,12.415687856150482,,0.40339981629543586,0.4248283114955311,0.0
effective100,2012,8,2012-05-21,0.08,,12.415687856150482,,0.3468891716874604,0.6946284114337576,0.0
effective100,2012,8,2012-05-22,0.08,,12.415687856150482,,0.2799400148157657,2.8828093041350016,0.0
effective100,2012,8,2012-05-23,0.08,,4.568063083527572,,0.32953921068278375,4.917483409091409,0.004985625129958451
effective100,2012,8,2012-05-24,0.09027524171086804,,9.435225686528577,,0.32729714898246665,4.741541664921375,0.0
effective100,2012,8,2012-05-25,0.09027524171086804,0.25,10.205482443913109,17.002565416218673,0.3238337431838241,0.8532314539256547,0.0
effective100,2012,8,2012-05-26,0.09027524171086804,,11.494056126725607,,0.31972953576767016,1.4273832541368732,0.0
effective100,2012,8,2012-05-27,0.09027524171086804,,12.316749228560461,,0.31486596519750626,0.9113164210291169,0.0
effective100,2012,8,2012-05-28,0.09027524171086804,,12.939779869691977,,0.3091025336034152,0.6901456360836621,0.0
effective100,2012,8,2012-05-29,0.09027524171086804,,13.441620270429473,,0.3022727481072324,0.5559003678381541,0.0
effective100,2012,8,2012-05-30,0.09027524171086804,,-0.17770463319617225,,0.35582881171071296,7.715393681866887,0.0221610807496664
effective100,2012,8,2012-05-31,0.10011433168030215,0.335,4.815991299342743,17.834913537153977,0.4188738284754046,4.845270269187633,0.017244194803502602
effective100,2012,8,2012-06-01,0.10986676064844915,,9.418732842220459,,0.41886479824731054,4.315117120561714,0.0
effective100,2012,8,2012-06-02,0.10986676064844915,,11.078936852474484,,0.4149897531785393,1.6602040102540379,0.0
effective100,2012,8,2012-06-03,0.10986676064844915,,12.326730434715003,,0.4103980482631619,1.2477935822405342,0.0
effective100,2012,8,2012-06-04,0.10986676064844915,,13.735400478330744,,0.40495714276252276,2.6786700436157513,0.0
effective100,2012,8,2012-06-05,0.10986676064844915,0.41,14.708401274282156,43.196127408148556,0.3985099835455305,2.497000795951428,0.0
effective100,2012,8,2012-06-06,0.10986676064844915,,-3.0816996471736537,,0.4691171625222309,8.518406067631869,0.04549301091232875
effective100,2012,8,2012-06-07,0.11921954900296679,0.44,-5.666765254134512,26.52393699907392,0.5522343762004288,6.237596355881478,0.04620624145547119
effective100,2012,8,2012-06-08,0.12851256678791162,0.455,4.808955373457248,36.20191028137434,0.6500781267899678,6.396368839149189,0.07951877947700554
effective100,2012,8,2012-06-09,0.13774779651405517,,7.644547677780004,,0.720160030879942,2.7266265633184226,0.05395938117938821
effective100,2012,8,2012-06-10,0.14675829146291672,,9.735749943919355,,0.7170124191851128,2.06354082000089,0.018907410231244367
effective100,2012,8,2012-06-11,0.1530666919792319,,11.082013122395114,,0.7097941233558984,1.3458696951651083,0.0
effective100,2012,8,2012-06-12,0.1530666919792319,,12.049502469642821,,0.7012298531637436,0.9673627872114822,0.0
effective100,2012,8,2012-06-13,0.1530666919792319,0.54,13.011291547184742,62.48508402553134,0.6910839452490363,0.9617549928965273,0.0
effective100,2012,8,2012-06-14,0.1530666919792319,,4.328788038787077,,0.8135287768088155,8.207590876290205,0.10989643573335191
effective100,2012,8,2012-06-15,0.16199094435633082,0.58,8.53021432763779,66.57135507512598,0.93305067020917,4.408999468983618,0.07488916545619888
effective100,2012,8,2012-06-16,0.17076792063734772,,10.674741718402705,,0.9308947011599382,2.1155119090550847,0.0317129964112992
effective100,2012,8,2012-06-17,0.178265517963349,,12.278120242101998,,0.9227077595695554,1.5888234934424699,0.008384992948163883
effective100,2012,8,2012-06-18,0.18140541940555338,0.64,14.64240899336512,84.86109047459719,0.9121932038295023,2.614678321846662,0.0
effective100,2012,8,2012-06-19,0.18140541940555338,,2.3378975236359656,,1.0738137189069137,9.549527203324581,0.1699613269462839
effective100,2012,8,2012-06-20,0.1901083775239562,0.68,6.208123397424397,84.33197387837362,1.2594546634575134,3.736201670801707,0.1240170685019707
effective100,2012,8,2012-06-21,0.19877044160430718,,9.322236750783892,,1.393309218805769,2.917074133074556,0.18940798982989737
effective100,2012,8,2012-06-22,0.20736911998064775,,12.957230295934927,,1.4793709650202584,4.0788530505478775,0.060397799848757545
effective100,2012,8,2012-06-23,0.21496200326614773,,15.119213733826431,,1.466016400130301,2.1619834378055747,0.0
effective100,2012,8,2012-06-24,0.21496200326614773,0.76,16.418087715491104,110.36091653947294,1.449947421398169,1.2988739815889139,0.0
effective100,2012,8,2012-06-25,0.21496200326614773,,0.6166956884407254,,1.706846122350711,9.23635055543673,0.26225741749251097
effective100,2012,8,2012-06-26,0.22343382635383163,0.8,5.607899899891512,107.46590485805052,2.0092616065859623,4.725003872435081,0.2662003390113762
effective100,2012,8,2012-06-27,0.23187017562312368,,9.482975682670935,,2.3257660909585143,3.9083271019190335,0.22074868085839022
effective100,2012,8,2012-06-28,0.24027182919746687,0.84,11.947121597468247,121.61440096920828,2.5188756546992916,2.214776897902899,0.24936901689365276
effective100,2012,8,2012-06-29,0.24862135513001118,,-6.671677380719107,,2.965164860779085,6.6486064555421,0.3325945662702837
effective100,2012,8,2012-06-30,0.25695583179135517,,2.429123508724697,,3.4905266701816138,5.483737471532837,0.3899708797626223
effective100,2012,8,2012-07-01,0.2652577713921982,,7.071755877873695,,4.069804811128024,2.957859480216957,0.5491484749622512
effective100,2012,8,2012-07-02,0.27352784013964127,,12.355526129902222,,4.615702514199319,4.599608466956086,0.6277887506519363
effective100,2012,8,2012-07-03,0.2817666799204366,0.92,14.28022094077187,134.8696220511141,4.724204368400114,1.471495762487155,0.429861946356011
effective100,2012,8,2012-07-04,0.28995545869155037,,-0.019095232037080672,,5.561229178655656,7.106769123588883,0.6868990507120106
effective100,2012,8,2012-07-05,0.29813367515893774,0.94,5.954627809068483,130.4395649169624,6.546556322669166,5.232936263792258,0.7387012209633218
effective100,2012,8,2012-07-06,0.29813367515893774,,7.591308889728702,,7.694222828544331,6.119643876817142,0.8504032552964059
effective100,2012,8,2012-07-07,0.29813367515893774,,-12.980914838622995,,8.759985315259787,4.219978985819281,0.6669819708812446
effective100,2012,8,2012-07-08,0.29813367515893774,,-4.785779732209195,,9.592299612687174,3.202983085892468,0.5463473056467436
effective100,2012,8,2012-07-09,0.29813367515893774,,2.748912123729106,,10.149220945362522,3.0368663777063225,0.9582657692049849
effective100,2012,8,2012-07-10,0.30617008778015753,0.97,6.864321617841123,125.31920479524457,10.149220945362522,1.9084748059050893,1.1000933625671612
effective100,2012,8,2012-07-11,0.3141796666169515,,9.529942158328096,,10.149220945362522,1.1518075189559305,1.0475995678685057
effective100,2012,8,2012-07-12,0.3221628827275028,0.98,11.780832363031424,131.46241408047254,10.149220945362522,0.9083816641846454,1.0831019308229497
effective100,2012,8,2012-07-13,0.3301201923922822,,-10.15419392679567,,10.149220945362522,5.841235782505854,1.0858894347646515
effective100,2012,8,2012-07-14,0.33805203777617143,,1.6109536840485055,,10.149220945362522,6.148327707962458,1.3010658222883464
effective100,2012,8,2012-07-15,0.34595884755226647,,7.317299336578431,,10.149220945362522,2.1462716421297703,1.1518190889762876
effective100,2012,8,2012-07-16,0.35384103749006723,,8.799276157992152,,10.149220945362522,6.141249641796872,1.140664402074661
effective100,2012,8,2012-07-17,0.36169901101053437,1.005,13.212993173974336,130.43591950826206,10.149220945362522,3.2714660080852163,1.0607193887156159
effective100,2012,8,2012-07-18,0.36953315971028855,,0.06432711611806287,,10.149220945362522,6.265806614666673,1.1631206937639338
effective100,2012,8,2012-07-19,0.37734386385704777,1.015,6.554277896268942,125.70098215941816,10.149220945362522,5.362247735387766,1.1215690039417863
effective100,2012,8,2012-07-20,0.38513149285822623,,10.256795610386765,,10.149220945362522,2.489529207037147,1.2113156887796022
effective100,2012,8,2012-07-21,0.39289640570447515,,12.855992364397729,,10.149220945362522,1.42621722360079,1.1725248930017909
effective100,2012,8,2012-07-22,0.39289640570447515,1.03,15.053875151565956,137.12680546417607,10.149220945362522,0.996897998627097,1.2008603886175808
effective100,2012,8,2012-07-23,0.39289640570447515,,-32.467197282218464,,10.149220945362522,6.562479837929325,1.2164150329566197
effective100,2012,8,2012-07-24,0.39289640570447515,1.04,-4.164136341430133,98.28582244580306,10.149220945362522,5.532141200624739,1.195662306720371
effective100,2012,8,2012-07-25,0.4005738497556347,,6.19084359616058,,10.149220945362522,3.631301643681937,0.8933168311214981
effective100,2012,8,2012-07-26,0.4082302303191846,1.05,10.264574654492842,107.35407196984633,10.149220945362522,2.07899440288472,1.0203180429591898
effective100,2012,8,2012-07-27,0.4158658519872759,,-12.540390832634383,,10.149220945362522,6.108688353970361,1.1309773290518756
effective100,2012,8,2012-07-28,0.42348101146126294,,-0.5308488096085064,,10.149220945362522,5.23498011875516,1.059985422566476
effective100,2012,8,2012-07-29,0.43107599784436557,,6.929942609676061,,10.149220945362522,4.12659785741625,1.0150228279983717
effective100,2012,8,2012-07-30,0.43865109292028037,,9.989045452488579,,10.149220945362522,1.7047296207752778,0.8349611048403796
effective100,2012,8,2012-07-31,0.44620657141856224,1.05,12.502525796348138,99.88387445396629,10.149220945362522,1.3605918777169177,1.0152679710289751
effective100,2012,8,2012-08-01,0.45374270126754424,,-17.900485926894746,,10.149220945362522,4.232035064178827,0.7823832027687408
effective100,2012,8,2012-08-02,0.46125974383551493,1.05,-3.90593294817328,74.03429726969716,10.149220945362522,4.564116458882545,1.0418880899008027
effective100,2012,8,2012-08-03,0.46875795416081656,,3.998180646166983,,10.149220945362522,2.0377189010689576,1.0511321873875128
effective100,2012,8,2012-08-04,0.47623758117148685,,9.558873984606462,,10.149220945362522,3.520143103181939,0.9334507378686793
effective100,2012,8,2012-08-05,0.4836988678950275,1.05,12.437298512744436,83.97304421757462,10.149220945362522,1.7173948984817822,0.9329071198886539
effective100,2012,8,2012-08-06,0.4911420516588402,,-11.258827804353508,,10.149220945362522,5.5238874068691945,1.0197142233153202
effective100,2012,8,2012-08-07,0.498567364281841,1.05,-4.011135014148928,62.64633936233229,10.149220945362522,4.807276159911789,0.9197186653382728
effective100,2012,8,2012-08-08,0.5059750322577238,,3.167308587672438,,10.149220945362522,2.559503592237839,0.9630911352568646
effective100,2012,8,2012-08-09,0.5133652769303231,1.05,7.132974919220281,68.92662061300811,10.149220945362522,1.6745029524415787,1.083183570739588
effective100,2012,8,2012-08-10,0.52073831466149,,-1.6346423984562517,,10.149220945362522,5.570129127682671,1.0270438081813997
effective100,2012,8,2012-08-11,0.5280943569918729,,4.254698628431322,,10.149220945362522,4.426806800237081,0.8332273050674917
effective100,2012,8,2012-08-12,0.5354336107949701,,8.224385462824959,,10.149220945362522,2.6499649089355835,0.9141352291266472
effective100,2012,8,2012-08-13,0.5427562784248016,,11.22921973646443,,10.149220945362522,2.9971664574212635,0.6810912131465993
effective100,2012,8,2012-08-14,0.5500625578575188,1.05,13.875395930213834,74.18724080962215,10.149220945362522,1.7880841353747183,0.8349712114406938
effective100,2012,8,2012-08-15,0.5573526428272609,,5.4499293025152555,,10.084642667963875,5.727523793828933,1.040970986324099
effective100,2012,8,2012-08-16,0.5573526428272609,1.05,9.4859591615393,69.79018019795495,10.01184631366213,3.4938172764021362,0.5406273317776584
effective100,2012,8,2012-08-17,0.5573526428272609,,12.749521748570292,,9.92978606967463,3.1061225135014743,0.6650317271692073
effective100,2012,8,2012-08-18,0.5573526428272609,,15.32832809524256,,9.837283035588948,2.269386060440488,0.8173149696538985
effective100,2012,8,2012-08-19,0.5573526428272609,,17.18216197599754,,9.733008286949882,1.1314420293778376,0.7223646552327649
effective100,2012,8,2012-08-20,0.5573526428272609,1.05,17.847248804343018,78.15092195187992,9.615463783559118,0.34986336991647315,0.31521642863284705
effective100,2012,8,2012-08-21,0.5573526428272609,,3.8829191518338315,,9.482960848210828,4.598947292216324,0.7367212355495109
effective100,2012,8,2012-08-22,0.5573526428272609,1.05,8.789680551745542,69.09335140621317,9.333595906682712,4.247956286961232,0.6588046396062002
effective100,2012,8,2012-08-23,0.5573526428272609,,12.3311207968264,,9.165223140456398,2.9282797716003306,0.6131603501961371
effective100,2012,8,2012-08-24,0.5573526428272609,,14.790670071281626,,8.975423659288563,2.6476064767363363,0.573942765567795
effective100,2012,8,2012-08-25,0.5573526428272609,,17.05271596608614,,8.761470750757269,1.599951507100489,0.6620943793328438
effective100,2012,8,2012-08-26,0.5573526428272609,,18.608779429677952,,8.520290707548817,0.9526910966487887,0.6033723647375786
effective100,2012,8,2012-08-27,0.5573526428272609,1.05,19.73521054858227,80.03888123645498,8.248418669718943,0.6080097517311015,0.5184213665904863
effective100,2012,8,2012-08-28,0.5573526428272609,,3.7087999652397095,,7.941948847545956,5.103273843682576,0.5703155728212244
effective100,2012,8,2012-08-29,0.5573526428272609,1.05,8.749259291487933,69.05292997916607,7.596478409863375,4.569989749108153,0.47046957709913345
effective100,2012,8,2012-08-30,0.5573526428272609,,12.493188246582053,,7.207044231756181,3.202142265682998,0.5417866894001334
effective100,2012,8,2012-08-31,0.5573526428272609,,14.647942109228019,,6.768051592920409,1.6839675926528157,0.4707862699902092
effective100,2012,8,2012-09-01,0.5573526428272609,,15.857977704590299,,6.273193802346749,0.8985016002666445,0.3115339950948537
effective100,2012,8,2012-09-02,0.5573526428272609,,17.020947486491337,,5.715361594633911,0.8482569689737602,0.3147128129270738
effective100,2012,8,2012-09-03,0.5573526428272609,,17.81544413386816,,5.086540996293832,0.5813816316046355,0.21311501577213826
effective100,2012,8,2012-09-04,0.5573526428272609,1.05,18.5405898711011,78.8442605587642,4.377698194767517,0.5527777087981347,0.1723680284348239
effective100,2012,8,2012-09-05,0.5573526428272609,,19.146525266380213,,3.5786497561476143,0.4891417634519344,0.11679363182719282
effective100,2012,8,2012-09-06,0.5573526428272609,1.05,19.62770068738497,79.93137137504806,2.6779163271192017,0.4184885557593248,0.06268686524544319
effective100,2012,8,2012-09-07,0.5573526428272609,,19.96151250953945,,1.6625577193599856,0.3169409200549266,0.01687090209956014
effective100,2012,8,2012-09-08,0.5573526428272609,,20.2659189860284,,0.517987007176259,0.3028179203994164,0.0015885560895461807
effective100,2012,9,2012-04-30,0.08,,3.753900049830017,,0.0,4.692375062287551,0.0
effective100,2012,9,2012-05-01,0.08,,5.2718430270147305,,0.0,1.8974287214809162,0.0
effective100,2012,9,2012-05-02,0.08,,6.643501024449703,,0.0,1.714572496793716,0.0
effective100,2012,9,2012-05-03,0.08,,7.946309182792724,,0.0,1.6285101979287846,0.0
effective100,2012,9,2012-05-04,0.08,,8.946351027475611,,0.0,1.2500523058536175,0.0
effective100,2012,9,2012-05-05,0.08,,9.569030653030312,,0.4875,0.7783495319433889,0.0
effective100,2012,9,2012-05-06,0.08,,10.58633306313073,,0.5738742470010385,3.0496280126255377,0.0
effective100,2012,9,2012-05-07,0.08,,8.763677620223216,,0.6755521053764285,1.531680696365608,0.0
effective100,2012,9,2012-05-08,0.08,,11.228728923706418,,0.6693127862307413,3.081314129354019,0.0
effective100,2012,9,2012-05-09,0.08,,12.194027183297466,,0.6619209548482653,1.206622824488818,0.0
effective100,2012,9,2012-05-10,0.08,,12.415687856150482,,0.6531637219016666,0.985736033449295,0.0
effective100,2012,9,2012-05-11,0.08,,12.415687856150482,,0.6427888736519074,0.4840079922606273,0.0
effective100,2012,9,2012-05-12,0.08,,12.415687856150482,,0.6304976080361702,1.5876180156698452,0.0
effective100,2012,9,2012-05-13,0.08,,12.415687856150482,,0.6159359289831668,0.5217902482684804,0.0
effective100,2012,9,2012-05-14,0.08,,12.415687856150482,,0.5986844511067813,0.685796659519991,0.0
effective100,2012,9,2012-05-15,0.08,,12.415687856150482,,0.5782463211468956,0.7247667675741237,0.0
effective100,2012,9,2012-05-16,0.08,,12.415687856150482,,0.5540329082874117,0.5608120017328235,0.0
effective100,2012,9,2012-05-17,0.08,,12.415687856150482,,0.5253468512237498,0.4619539308930875,0.0
effective100,2012,9,2012-05-18,0.08,,12.415687856150482,,0.49136197372485746,1.6131819458476029,0.0
effective100,2012,9,2012-05-19,0.08,,12.415687856150482,,0.45109949024546064,0.6968596617486045,0.0
effective100,2012,9,2012-05-20,0.08,,12.415687856150482,,0.40339981629543586,0.4248283114955311,0.0
effective100,2012,9,2012-05-21,0.08,,12.415687856150482,,0.3468891716874604,0.6946284114337576,0.0
effective100,2012,9,2012-05-22,0.08,,12.415687856150482,,0.2799400148157657,2.8828093041350016,0.0
effective100,2012,9,2012-05-23,0.08,,4.568063083527572,,0.32953921068278375,4.917483409091409,0.004985625129958451
effective100,2012,9,2012-05-24,0.09027524171086804,,9.435225686528577,,0.32729714898246665,4.741541664921375,0.0
effective100,2012,9,2012-05-25,0.09027524171086804,0.25,10.205482443913109,17.002565416218673,0.3238337431838241,0.8532314539256547,0.0
effective100,2012,9,2012-05-26,0.09027524171086804,,11.494056126725607,,0.31972953576767016,1.4273832541368732,0.0
effective100,2012,9,2012-05-27,0.09027524171086804,,12.316749228560461,,0.31486596519750626,0.9113164210291169,0.0
effective100,2012,9,2012-05-28,0.09027524171086804,,12.939779869691977,,0.3091025336034152,0.6901456360836621,0.0
effective100,2012,9,2012-05-29,0.09027524171086804,,13.441620270429473,,0.3022727481072324,0.5559003678381541,0.0
effective100,2012,9,2012-05-30,0.09027524171086804,,-0.2679798749070429,,0.35582881171071296,7.715393681866887,0.0221610807496664
effective100,2012,9,2012-05-31,0.10011433168030215,0.335,4.822152449823852,17.767909594691915,0.4188738284754046,4.878344354756359,0.017166166772717508
effective100,2012,9,2012-06-01,0.1098659014790038,,9.437592058537044,,0.41885062531071443,4.335005814140848,0.0
effective100,2012,9,2012-06-02,0.1098659014790038,,11.101646293340833,,0.41497295906608933,1.664054234803805,0.0
effective100,2012,9,2012-06-03,0.1098659014790038,,12.35141702495622,,0.4103781482084999,1.2497707316153992,0.0
effective100,2012,9,2012-06-04,0.1098659014790038,,13.761766866312884,,0.4049335623454732,2.6803498413566778,0.0
effective100,2012,9,2012-06-05,0.1098659014790038,0.41,14.73559029002323,43.15734195869011,0.39848204211131455,2.497823423710365,0.0
effective100,2012,9,2012-06-06,0.1098659014790038,,-3.354512170095857,,0.4690842704821881,8.518410899510815,0.04548664037009481
effective100,2012,9,2012-06-07,0.11921868983352144,0.44,-5.783663036958486,26.185147709060086,0.5521956564164046,6.237600522842676,0.04619977260215102
effective100,2012,9,2012-06-08,0.12851170761846628,0.455,4.642083648704869,35.7340430255815,0.6500325467142734,6.267302002793666,0.07950765005355229
effective100,2012,9,2012-06-09,0.13774693734460983,,7.446814386667067,,0.7239348013060581,2.6785054411819833,0.059217263544347025
effective100,2012,9,2012-06-10,0.14681472092949888,,9.530922706145448,,0.721357636869593,2.049759212183668,0.024228911242793992
effective100,2012,9,2012-06-11,0.1538987768830406,,10.876156387726024,,0.7142495894695561,1.3451134153393167,0.0
effective100,2012,9,2012-06-12,0.1538987768830406,,11.84645174410448,,0.70577632461909,0.9702558628313936,0.0
effective100,2012,9,2012-06-13,0.1538987768830406,0.54,12.813484404839873,61.97329725050796,0.6957382567415036,0.96702202444903,0.0
effective100,2012,9,2012-06-14,0.1538987768830406,,3.8309342150676855,,0.8190077296355804,8.206813903171122,0.11063304251959888
effective100,2012,9,2012-06-15,0.16282302926013953,0.58,8.145675958416659,65.87664745739522,0.9458308567716314,4.514214805990413,0.08679335207485221
effective100,2012,9,2012-06-16,0.17165629973703017,,10.346152009011886,,0.9450204871726549,2.163609856110165,0.040749452105047754
effective100,2012,9,2012-06-17,0.17968372666902188,,11.991524277917764,,0.9376360111452191,1.6223476213088934,0.016046293351027214
effective100,2012,9,2012-06-18,0.18464421066900544,0.64,14.514250650729634,84.41962805081083,0.9274092075004311,2.769603684772923,0.0
effective100,2012,9,2012-06-19,0.18464421066900544,,4.325632250096009,,1.091725662802338,9.56260319170051,0.17277840766587393
effective100,2012,9,2012-06-20,0.19334716878740826,0.68,8.132466616273785,85.94879506161426,1.2626406194726252,3.67828079361657,0.12432848361860965
effective100,2012,9,2012-06-21,0.20200923286775924,,11.035201956333818,,1.3130301684413699,2.771738335563457,0.11317293535734343
effective100,2012,9,2012-06-22,0.2103444651078313,,13.647286934555174,,1.3096539121005044,3.0877580225750885,0.032326955733451804
effective100,2012,9,2012-06-23,0.21659531520439623,,15.506569575260183,,1.2971417098067721,1.8592826405274523,0.0
effective100,2012,9,2012-06-24,0.21659531520439623,0.76,16.712431735670425,110.34128838008637,1.2821251522599604,1.2058621603115702,0.0
effective100,2012,9,2012-06-25,0.21659531520439623,,1.0149299462665538,,1.5092894488497979,9.270329014618815,0.23216919595073818
effective100,2012,9,2012-06-26,0.22506713829208014,0.8,6.044960730941605,107.58899350952709,1.7767022481339285,4.794323106957437,0.23570767771184598
effective100,2012,9,2012-06-27,0.23350348756137218,,9.767287501174305,,2.048740980403034,3.781558472156916,0.1947682980732443
effective100,2012,9,2012-06-28,0.24190514113571537,0.84,12.153356076512646,121.50666326867841,2.2009893414593624,2.1784666259691448,0.20760194936826462
effective100,2012,9,2012-06-29,0.25024292674893456,,-6.363163756182283,,2.590956104589341,6.692220809429957,0.29125935787479224
effective100,2012,9,2012-06-30,0.2585774034102786,,2.4805014368645013,,3.050016376479901,5.497156591332188,0.3416419281731743
effective100,2012,9,2012-07-01,0.2668793430111216,,7.024432064456397,,3.556188648852613,2.988983334022568,0.481306894826642
effective100,2012,9,2012-07-02,0.27514941175856467,,12.288414050304235,,4.048004170396243,4.671851868812127,0.5524381556652855
effective100,2012,9,2012-07-03,0.28338825153936,0.92,14.188325569850546,134.765591480035,4.1523464351267565,1.4951019824992666,0.3824184615530177
effective100,2012,9,2012-07-04,0.2915788351182763,,-0.006687012275916331,,4.888050633324746,7.192075047835395,0.6061966997747605
effective100,2012,9,2012-07-05,0.2997570515856637,0.94,5.920742219066149,130.39393699734728,5.754105387696794,5.273043002926045,0.6523935599842273
effective100,2012,9,2012-07-06,0.2997570515856637,,7.548810055027038,,6.762848564910143,6.209770958009055,0.7516924287183891
effective100,2012,9,2012-07-07,0.2997570515856637,,-13.018812023625618,,7.699602083027618,4.301531582247205,0.5900389685599641
effective100,2012,9,2012-07-08,0.2997570515856637,,-4.829234159009726,,8.431165968990085,3.2682299279660745,0.48363186532406677
effective100,2012,9,2012-07-09,0.2997570515856637,,2.6821755519311905,,8.920672800203585,3.0909957446234135,0.8486437772921291
effective100,2012,9,2012-07-10,0.30779346420688347,0.97,6.783644574210203,125.14324655984134,8.920672800203585,1.9608919665131457,0.9742812606953432
effective100,2012,9,2012-07-11,0.31580304304367746,,9.369568193388055,,8.920672800203585,1.1992642851818667,0.9278237234164302
effective100,2012,9,2012-07-12,0.32378625915422876,0.98,11.532989239903273,131.1308681186274,8.920672800203585,0.948914034080771,0.9593009127110514
effective100,2012,9,2012-07-13,0.33174356881900813,,-10.3979605370534,,8.920672800203585,5.973306173689254,0.9618038455733312
effective100,2012,9,2012-07-14,0.3396754142028974,,1.3274162857138534,,8.920672800203585,6.119232251610862,1.152432645834433
effective100,2012,9,2012-07-15,0.3475822239789924,,6.992999818179583,,8.920672800203585,2.160513076931455,1.020271948694137
effective100,2012,9,2012-07-16,0.3554644139167932,,8.733152520090643,,8.920672800203585,6.2696293426879,1.010427045046816
effective100,2012,9,2012-07-17,0.3633223874372603,1.005,12.870568143744428,129.53594879861657,8.920672800203585,3.11302461232005,0.9396432291111337
effective100,2012,9,2012-07-18,0.3711565361370145,,-0.26829313344521444,,8.920672800203585,6.407476556009729,1.0303924788308267
effective100,2012,9,2012-07-19,0.3789672402837737,1.015,6.081267013500672,124.66933104139241,8.920672800203585,5.349576902085682,0.9936177024536405
effective100,2012,9,2012-07-20,0.3867548692849522,,9.671965326973615,,8.920672800203585,2.515799480708886,1.0731640036143861
effective100,2012,9,2012-07-21,0.3945197821312011,,12.176066641308973,,8.920672800203585,1.4647958212406553,1.0388342695880415
effective100,2012,9,2012-07-22,0.3945197821312011,1.03,14.277063128647272,135.7912701444504,8.920672800203585,1.0368908047871441,1.0639768180249969
effective100,2012,9,2012-07-23,0.3945197821312011,,-33.23424866415227,,8.920672800203585,6.710857563396981,1.0777967835397062
effective100,2012,9,2012-07-24,0.3945197821312011,1.04,-4.293252386755677,96.91257250025501,8.920672800203585,5.620882712496286,1.0594466929757114
effective100,2012,9,2012-07-25,0.40219722618236065,,6.113188247808349,,8.920672800203585,3.710920925455081,0.7915740773224421
effective100,2012,9,2012-07-26,0.40985360674591054,1.05,10.18293723857531,105.87292755412165,8.920672800203585,2.109398504110645,0.9041429435825246
effective100,2012,9,2012-07-27,0.4174892284140018,,-12.610764965081051,,8.920672800203585,6.246805850090377,1.0022381320495173
effective100,2012,9,2012-07-28,0.4251043878879889,,-0.7096038701135489,,8.920672800203585,5.210795471624398,0.9393607643869137
effective100,2012,9,2012-07-29,0.4326993742710915,,6.633193124509189,,8.920672800203585,4.10043301011589,0.8995469654486149
effective100,2012,9,2012-07-30,0.4402744693470063,,9.62265287717622,,8.920672800203585,1.7236670032849633,0.7399967224371103
effective100,2012,9,2012-07-31,0.4478299478452882,1.05,12.054190630170588,97.9660487562729,8.920672800203585,1.3924487438781548,0.8998285388353896
effective100,2012,9,2012-08-01,0.4553660776942702,,-18.44164563587173,,8.920672800203585,4.327721413307537,0.6934483679208019
effective100,2012,9,2012-08-02,0.4628831202622409,1.05,-4.069375484967833,71.97973172930952,8.920672800203585,4.63902524914132,0.923487942666994
effective100,2012,9,2012-08-03,0.4703813305875425,,3.856215086663972,,8.920672800203585,2.089199003082622,0.9317149051739168
effective100,2012,9,2012-08-04,0.4778609575982128,,9.44623028429832,,8.920672800203585,3.632644421457023,0.8274326846633964
effective100,2012,9,2012-08-05,0.4853222443217534,1.05,12.274913801094916,81.8007111838223,8.920672800203585,1.7670079849631055,0.8269804551727822
effective100,2012,9,2012-08-06,0.4927654280855661,,-11.51034241516108,,8.920672800203585,5.648782548555344,0.903963495429098
effective100,2012,9,2012-08-07,0.500190740708567,1.05,-4.128513642167875,60.373755498409984,8.920672800203585,4.9022515956736825,0.8153479856064844
effective100,2012,9,2012-08-08,0.5075984086844497,,3.075226762870961,,8.920672800203585,2.612555660040086,0.853829159607757
effective100,2012,9,2012-08-09,0.514988653357049,1.05,6.9878423333667,66.52504165892043,8.920672800203585,1.7245696408819735,0.9603316999806609
effective100,2012,9,2012-08-10,0.522361691088216,,0.7346306846184285,,8.920672800203585,5.696069795073351,0.9105918973652639
effective100,2012,9,2012-08-11,0.5297177334185988,,6.002014565673645,,8.920672800203585,4.436113503839055,0.7387779540229601
effective100,2012,9,2012-08-12,0.537056987221696,,9.396700416428697,,8.920672800203585,2.5589407125387225,0.8105438394500777
effective100,2012,9,2012-08-13,0.5443796548515275,,12.248776878195025,,8.920672800203585,3.0052942088106893,0.6039305214446975
effective100,2012,9,2012-08-14,0.5516859342842447,1.05,14.722954060584511,73.79620671290783,8.920672800203585,1.732498462281171,0.7404041591614791
effective100,2012,9,2012-08-15,0.5589760192539869,,9.302951691611733,,8.863911627520935,5.856598292413073,0.9230645379148468
effective100,2012,9,2012-08-16,0.5589760192539869,1.05,13.138980057660515,72.21180950679874,8.799927163957717,3.3565542907725106,0.47938567279049366
effective100,2012,9,2012-08-17,0.5589760192539869,,15.12076953188455,,8.727800190817792,1.9000814053721298,0.5896851995308356
effective100,2012,9,2012-08-18,0.5589760192539869,,16.873369575919295,,8.646494511835455,1.5358996167705095,0.7246945035020012
effective100,2012,9,2012-08-19,0.5589760192539869,,18.28716809307602,,8.55484206689015,0.7733162168157238,0.640480763953664
effective100,2012,9,2012-08-20,0.5589760192539869,1.05,18.823459100741527,77.89625782141681,8.451526151328121,0.25681847084430437,0.279472137828959
effective100,2012,9,2012-08-21,0.5589760192539869,,8.976061867578899,,8.335062499815173,4.699459479114917,0.6531431839721918
effective100,2012,9,2012-08-22,0.5589760192539869,1.05,13.883854327082831,72.95665291704901,8.203777962965802,4.323766292938203,0.5840261396068951
effective100,2012,9,2012-08-23,0.5589760192539869,,16.17687669235616,,8.055786470411249,1.749503821960395,0.5435185362866569
effective100,2012,9,2012-08-24,0.5589760192539869,,17.557606705226135,,7.888961934985178,1.6340238017050992,0.5087062092938226
effective100,2012,9,2012-08-25,0.5589760192539869,,19.080275896226873,,7.700907708760883,0.9358974709270802,0.5867717195706619
effective100,2012,9,2012-08-26,0.5589760192539869,,20.257254382823238,,7.488922152136987,0.642319053081407,0.5346594333795097
effective100,2012,9,2012-08-27,0.5589760192539869,1.05,21.19529722443723,80.2680958048513,7.249959821327444,0.47873070310107313,0.45931213849665276
effective100,2012,9,2012-08-28,0.5589760192539869,,10.306863756688154,,6.980587716664475,5.206366996401596,0.5051995358452591
effective100,2012,9,2012-08-29,0.5589760192539869,1.05,15.215745377300934,74.28854395770995,6.676935963165345,4.492213703909587,0.4166679167021985
effective100,2012,9,2012-08-30,0.5589760192539869,,18.247735439868997,,6.3346422148261805,2.5522740109142057,0.4797160516536256
effective100,2012,9,2012-08-31,0.5589760192539869,,20.073639199464772,,5.948788983939403,1.409166824684671,0.4167369349110532
effective100,2012,9,2012-09-01,0.5589760192539869,,21.126978530038464,,5.513832995090192,0.7776570340370859,0.275682296536597
effective100,2012,9,2012-09-02,0.5589760192539869,,22.1504667317208,,5.023525548911755,0.7450916550039799,0.27839654667836383
effective100,2012,9,2012-09-03,0.5589760192539869,,22.85820158471898,,4.4708227515228325,0.5192884966031451,0.18844635639504237
effective100,2012,9,2012-09-04,0.5589760192539869,1.05,23.50693393911306,82.57973251952171,3.847784319978466,0.49638665811763955,0.15234569627644445
effective100,2012,9,2012-09-05,0.5589760192539869,,24.05002006498419,,3.145459509944775,0.4399134274609691,0.10317269841017469
effective100,2012,9,2012-09-06,0.5589760192539869,1.05,24.492657025240923,83.56545560564959,2.353758526802876,0.3872939013356921,0.055343058921054074
effective100,2012,9,2012-09-07,0.5589760192539869,,24.805743351548738,,1.4613075728378848,0.29820194661515975,0.014884379692655743
effective100,2012,9,2012-09-08,0.5589760192539869,,25.09205442348211,,0.45528544808038096,0.28491064266571187,0.0014004292676725856
effective100,2012,10,2012-04-30,0.08,,3.753900049830017,,0.0,4.692375062287551,0.0
effective100,2012,10,2012-05-01,0.08,,5.2718430270147305,,0.0,1.8974287214809162,0.0
effective100,2012,10,2012-05-02,0.08,,6.643501024449703,,0.0,1.714572496793716,0.0
effective100,2012,10,2012-05-03,0.08,,7.946309182792724,,0.0,1.6285101979287846,0.0
effective100,2012,10,2012-05-04,0.08,,8.946351027475611,,0.0,1.2500523058536175,0.0
effective100,2012,10,2012-05-05,0.08,,9.569030653030312,,0.4875,0.7783495319433889,0.0
effective100,2012,10,2012-05-06,0.08,,10.58633306313073,,0.5738742470010385,3.0496280126255377,0.0
effective100,2012,10,2012-05-07,0.08,,8.763677620223216,,0.6755521053764285,1.531680696365608,0.0
effective100,2012,10,2012-05-08,0.08,,11.228728923706418,,0.6693127862307413,3.081314129354019,0.0
effective100,2012,10,2012-05-09,0.08,,12.194027183297466,,0.6619209548482653,1.206622824488818,0.0
effective100,2012,10,2012-05-10,0.08,,12.415687856150482,,0.6531637219016666,0.985736033449295,0.0
effective100,2012,10,2012-05-11,0.08,,12.415687856150482,,0.6427888736519074,0.4840079922606273,0.0
effective100,2012,10,2012-05-12,0.08,,12.415687856150482,,0.6304976080361702,1.5876180156698452,0.0
effective100,2012,10,2012-05-13,0.08,,12.415687856150482,,0.6159359289831668,0.5217902482684804,0.0
effective100,2012,10,2012-05-14,0.08,,12.415687856150482,,0.5986844511067813,0.685796659519991,0.0
effective100,2012,10,2012-05-15,0.08,,12.415687856150482,,0.5782463211468956,0.7247667675741237,0.0
effective100,2012,10,2012-05-16,0.08,,12.415687856150482,,0.5540329082874117,0.5608120017328235,0.0
effective100,2012,10,2012-05-17,0.08,,12.415687856150482,,0.5253468512237498,0.4619539308930875,0.0
effective100,2012,10,2012-05-18,0.08,,12.415687856150482,,0.49136197372485746,1.6131819458476029,0.0
effective100,2012,10,2012-05-19,0.08,,12.415687856150482,,0.45109949024546064,0.6968596617486045,0.0
effective100,2012,10,2012-05-20,0.08,,12.415687856150482,,0.40339981629543586,0.4248283114955311,0.0
effective100,2012,10,2012-05-21,0.08,,12.415687856150482,,0.3468891716874604,0.6946284114337576,0.0
effective100,2012,10,2012-05-22,0.08,,12.415687856150482,,0.2799400148157657,2.8828093041350016,0.0
effective100,2012,10,2012-05-23,0.08,,4.568063083527572,,0.32953921068278375,4.917483409091409,0.004985625129958451
effective100,2012,10,2012-05-24,0.09027524171086804,,9.435225686528577,,0.32729714898246665,4.741541664921375,0.0
effective100,2012,10,2012-05-25,0.09027524171086804,0.25,10.205482443913109,17.002565416218673,0.3238337431838241,0.8532314539256547,0.0
effective100,2012,10,2012-05-26,0.09027524171086804,,11.494056126725607,,0.31972953576767016,1.4273832541368732,0.0
effective100,2012,10,2012-05-27,0.09027524171086804,,12.316749228560461,,0.31486596519750626,0.9113164210291169,0.0
effective100,2012,10,2012-05-28,0.09027524171086804,,12.939779869691977,,0.3091025336034152,0.6901456360836621,0.0
effective100,2012,10,2012-05-29,0.09027524171086804,,13.441620270429473,,0.3022727481072324,0.5559003678381541,0.0
effective100,2012,10,2012-05-30,0.09027524171086804,,0.002845850225558981,,0.35582881171071296,7.715393681866887,0.0221610807496664
effective100,2012,10,2012-05-31,0.10011433168030215,0.335,4.8037141401406585,17.96644650682461,0.4188738284754046,4.776725210827484,0.017322222834287696
effective100,2012,10,2012-06-01,0.10986759796165899,,9.380435652125094,,0.42967660302201244,4.275008347943689,0.0
effective100,2012,10,2012-06-02,0.10986759796165899,,11.033276616619721,,0.4257035369163552,1.6528409644946356,0.0
effective100,2012,10,2012-06-03,0.10986759796165899,,12.277289059805444,,0.42099572034167543,1.2440124431857407,0.0
effective100,2012,10,2012-06-04,0.10986759796165899,,13.682740608894534,,0.41541727379398996,2.675451549089097,0.0
effective100,2012,10,2012-06-05,0.10986759796165899,0.41,14.654170775135027,43.271618296149384,0.40880718918433184,2.4954301662405087,0.0
effective100,2012,10,2012-06-06,0.10986759796165899,,-3.135332691075646,,0.48123880587029644,8.516625510105513,0.04787102368382113
effective100,2012,10,2012-06-07,0.11922038631617662,0.44,-5.664511440237095,26.600904515461664,0.5665037073774262,6.236060841217667,0.048620929261052735
effective100,2012,10,2012-06-08,0.12851340410112147,0.455,4.811075357577299,36.27858776025478,0.6668756687067018,6.391924466523372,0.08367311459553534
effective100,2012,10,2012-06-09,0.13774863382726502,,7.6430143869835225,,0.7387684377881945,2.7263475199280016,0.05509377620845149
effective100,2012,10,2012-06-10,0.1467556951709928,,9.73339664210289,,0.7355397667654372,2.0640395524952386,0.019645758050025754
effective100,2012,10,2012-06-11,0.15310691094009896,,11.07961802148945,,0.7281367406213208,1.346138604180197,0.0
effective100,2012,10,2012-06-12,0.15310691094009896,,12.047169080394257,,0.7193523295791632,0.9675510589048142,0.0
effective100,2012,10,2012-06-13,0.15310691094009896,0.54,13.009098394183686,62.56448543796489,0.7089457683534779,0.9619293137894451,0.0
effective100,2012,10,2012-06-14,0.15310691094009896,,4.426430806607682,,0.8345553209813842,8.204609361335406,0.11272305108859043
effective100,2012,10,2012-06-15,0.16203116331719788,0.58,8.569157820357267,66.69201997716632,0.9558213764878313,4.349728412554286,0.0755786110918728
effective100,2012,10,2012-06-16,0.17080016330034523,,10.698512217405405,,0.953420141822733,2.100175843597186,0.031690292641957045
effective100,2012,10,2012-06-17,0.178235290689536,,12.294017548526316,,0.9449475841933218,1.5811245459678065,0.008063245706132207
effective100,2012,10,2012-06-18,0.18122171613836038,0.64,14.649588030665015,84.94978484232996,0.9341260674446445,2.6060872514830216,0.0
effective100,2012,10,2012-06-19,0.18122171613836038,,4.751565541715609,,1.0996326021719727,9.551955735623824,0.1740217754267994
effective100,2012,10,2012-06-20,0.1899246742567632,0.68,8.480947992422358,86.6987270531288,1.2657224151326747,3.6071588591036643,0.12462970644268655
effective100,2012,10,2012-06-21,0.19858673833711418,,11.318653457385356,,1.2655891656440217,2.71972301849966,0.09847562253521483
effective100,2012,10,2012-06-22,0.20680368865852153,,13.769554774475177,,1.2611224405499566,2.9267049921953485,0.027394898929422765
effective100,2012,10,2012-06-23,0.21266100628483503,,15.567086390565976,,1.2486238512127268,1.7975316160072599,0.0
effective100,2012,10,2012-06-24,0.21266100628483503,0.76,16.757640770620075,110.78146384969223,1.2338167469285477,1.1905543799927991,0.0
effective100,2012,10,2012-06-25,0.21266100628483503,,1.156272633776463,,1.4524218596531102,9.275136569924854,0.22349529321503914
effective100,2012,10,2012-06-26,0.22113282937251894,0.8,6.1328440790399465,108.07184329229415,1.70975897648467,4.749656586640621,0.22691485861955615
effective100,2012,10,2012-06-27,0.22956917864181098,,9.834294297851212,,1.969880237176631,3.7680931560585655,0.18735706275100253
effective100,2012,10,2012-06-28,0.23797083221615417,0.84,12.206586641314143,121.95486026814977,2.1119260931994703,2.17586396162305,0.19642838183921718
effective100,2012,10,2012-06-29,0.24630473746878498,,-6.209293165873619,,2.4861128132444943,6.704474692650097,0.2796455001619144
effective100,2012,10,2012-06-30,0.254639214130129,,2.6839242524144526,,2.9265971664827024,5.635347069386936,0.3280559659940577
effective100,2012,10,2012-07-01,0.26294115373097204,,7.221040980981874,,3.407250739241369,3.0507416975634767,0.4615561213353905
effective100,2012,10,2012-07-02,0.2712112224784151,,12.148620864106228,,3.8691004447271324,4.58587718934051,0.5285853047781768
effective100,2012,10,2012-07-03,0.27945006225921043,0.92,14.049062145674409,135.37361518234204,3.987323913922421,1.5047344716079982,0.3751880742061737
effective100,2012,10,2012-07-04,0.28764465087571517,,-0.2451443896581446,,4.693789761336333,7.2168179817442715,0.5827848394017914
effective100,2012,10,2012-07-05,0.29582286734310254,0.94,5.602965220994207,130.8241190461302,5.525425774088355,5.218932785365066,0.6273310504851836
effective100,2012,10,2012-07-06,0.29582286734310254,,7.2103903976291575,,6.49407948744021,6.217867183623785,0.7229951808496181
effective100,2012,10,2012-07-07,0.29582286734310254,,-13.292620478189741,,7.393604554193642,4.3252566197374405,0.5676457394586718
effective100,2012,10,2012-07-08,0.29582286734310254,,-4.805565165107849,,8.096094633630166,3.2870966446309056,0.46536350439825375
effective100,2012,10,2012-07-09,0.29582286734310254,,2.672678108285397,,8.566147487990907,3.106689585072418,0.816692737167993
effective100,2012,10,2012-07-10,0.3038592799643223,0.97,6.6363835339407276,125.58049595842543,8.566147487990907,1.976268441874688,0.9376095851242282
effective100,2012,10,2012-07-11,0.3118688588011163,,9.252497294005618,,8.566147487990907,1.213318261219867,0.892909802437204
effective100,2012,10,2012-07-12,0.3198520749116676,0.98,11.431778457791683,131.52316831919524,8.566147487990907,0.9609137661547387,0.9232119275620931
effective100,2012,10,2012-07-13,0.327809384576447,,-10.45857092068482,,8.566147487990907,6.011777950240042,0.9256301488343205
effective100,2012,10,2012-07-14,0.33574122996033623,,1.323954722128927,,8.566147487990907,6.149640601262942,1.1091006770935763
effective100,2012,10,2012-07-15,0.34364803973643127,,6.961047958109676,,8.566147487990907,2.1768306672236526,0.9819193132857253
effective100,2012,10,2012-07-16,0.35153022967423203,,8.695616524280089,,8.566147487990907,6.308988195184659,0.9724544273884976
effective100,2012,10,2012-07-17,0.35938820319469916,1.005,12.822012027005652,129.88716792392947,8.566147487990907,3.1385211444016825,0.9043399713293584
effective100,2012,10,2012-07-18,0.36722235189445335,,-0.21457080171088935,,8.566147487990907,6.448744657652168,0.9916898372665091
effective100,2012,10,2012-07-19,0.37503305604121256,1.015,6.104187944805576,125.09238173121734,8.566147487990907,5.356154556667073,0.9563061523061838
effective100,2012,10,2012-07-20,0.38282068504239103,,9.6625843254545,,8.566147487990907,2.523801341087336,1.0328759742182596
effective100,2012,10,2012-07-21,0.39058559788863995,,12.135887032189434,,8.566147487990907,1.4729898597552578,0.9998452725197853
effective100,2012,10,2012-07-22,0.39832814357395857,1.03,14.20523885650922,136.11959711856304,8.566147487990907,1.04517034995076,1.0240546847204142
effective100,2012,10,2012-07-23,0.39832814357395857,,-33.30328016925335,,8.566147487990907,6.754079625875609,1.0373667456505957
effective100,2012,10,2012-07-24,0.39832814357395857,1.04,-4.393676976369536,97.22961118504399,8.566147487990907,5.646533625486686,1.0197154660721413
effective100,2012,10,2012-07-25,0.4060055876251181,,6.072266263502773,,8.566147487990907,3.734234558005842,0.7618963976719509
effective100,2012,10,2012-07-26,0.413661968188668,1.05,10.154441314795132,106.1585272843696,8.566147487990907,2.1182127641425827,0.8702537761092786
effective100,2012,10,2012-07-27,0.4212975898567593,,-12.732664762863301,,8.566147487990907,6.287039133272712,0.9646820689901667
effective100,2012,10,2012-07-28,0.42891274933074636,,-0.7815557676772844,,8.566147487990907,5.239210450901741,0.9041701540643602
effective100,2012,10,2012-07-29,0.436507735713849,,6.592864250472409,,8.566147487990907,4.123255795761437,0.8658567815689391
effective100,2012,10,2012-07-30,0.4440828307897638,,9.57788462157169,,8.566147487990907,1.734027578202894,0.7122894100516646
effective100,2012,10,2012-07-31,0.45163830928804566,1.05,11.98858580768733,98.09519955908337,8.566147487990907,1.4019952529108755,0.8661456489890668
effective100,2012,10,2012-08-01,0.45917443913702766,,-18.004479234797845,,8.566147487990907,4.355594608878892,0.6674976964541728
effective100,2012,10,2012-08-02,0.46669148170499836,1.05,-4.032570494842607,72.59791584500863,8.566147487990907,4.660686232402311,0.888937748189926
effective100,2012,10,2012-08-03,0.4741896920303,,3.831165497251695,,8.566147487990907,2.104299230030556,0.8968661702017795
effective100,2012,10,2012-08-04,0.48166931904097027,,9.4182769756341,,8.566147487990907,3.665761758688737,0.7964926166423778
effective100,2012,10,2012-08-05,0.4891306057645109,1.05,12.229001895281172,82.38489515959503,8.566147487990907,1.7814940208068084,0.7960655182161855
effective100,2012,10,2012-08-06,0.4965737895283236,,-11.554104811947186,,8.566147487990907,5.685164192769269,0.8701796991323552
effective100,2012,10,2012-08-07,0.5039991021513244,1.05,-4.1637352068260185,60.95695815147494,8.566147487990907,4.929136283348067,0.7848841273071185
effective100,2012,10,2012-08-08,0.5114067701272071,,3.0419391750330633,,8.566147487990907,2.628005955158759,0.8219360295984148
effective100,2012,10,2012-08-09,0.5187970147998064,1.05,6.942802707230985,67.07080548712278,8.566147487990907,1.7394354102416238,0.9244699406491037
effective100,2012,10,2012-08-10,0.5261700525309734,,1.3952062405329508,,8.566147487990907,5.732755998325244,0.8765966517126401
effective100,2012,10,2012-08-11,0.5335260948613563,,6.6644033844425445,,8.566147487990907,4.464698513396594,0.7112044274882808
effective100,2012,10,2012-08-12,0.5408653486644535,,10.009837402071197,,8.566147487990907,2.5397170142780987,0.7802998700467817
effective100,2012,10,2012-08-13,0.5481880162942849,,12.56362404276877,,8.566147487990907,2.729481922505749,0.5814019806817616
effective100,2012,10,2012-08-14,0.5554942957270022,1.05,14.88485543089833,74.54490587744417,8.566147487990907,1.6071519023403413,0.7127921095459555
effective100,2012,10,2012-08-15,0.5627843806967443,,16.972462092725877,,8.511642117411704,1.1986304863298094,0.8886381551229435
effective100,2012,10,2012-08-16,0.5627843806967443,1.05,17.92381145060526,77.58343466454971,8.450200523924497,0.48975549845908406,0.4615046471937456
effective100,2012,10,2012-08-17,0.5627843806967443,,18.912908549012542,,8.380940020415741,0.929387502015969,0.5676865243443087
effective100,2012,10,2012-08-18,0.5627843806967443,,19.997616283526376,,8.302865591124036,0.895048317531624,0.6976534424698969
effective100,2012,10,2012-08-19,0.5627843806967443,,20.969376657794903,,8.214855596965464,0.35518334163433807,0.6165754835432835
effective100,2012,10,2012-08-20,0.5627843806967443,1.05,21.380029174406037,81.03962139052842,8.115645661752847,0.14161456105825726,0.26903755338105567
effective100,2012,10,2012-08-21,0.5627843806967443,,14.537515777583982,,8.003810507813885,4.728739820003503,0.6287466786283993
effective100,2012,10,2012-08-22,0.5627843806967443,1.05,19.38465988028794,79.04425196470427,7.87774348005353,4.2849438301186105,0.5622002454253425
effective100,2012,10,2012-08-23,0.5627843806967443,,20.416300862825665,,7.735633464297627,0.5084468242412838,0.5231941512215815
effective100,2012,10,2012-08-24,0.5627843806967443,,21.257354698569678,,7.575438868320215,1.1133838817775117,0.4896699531190903
effective100,2012,10,2012-08-25,0.5627843806967443,,22.2896089701366,,7.394858291758707,0.4674585869362214,0.5647956844183297
effective100,2012,10,2012-08-26,0.5627843806967443,,23.193508581680177,,7.191297463552712,0.3892841644251608,0.5146154470651926
effective100,2012,10,2012-08-27,0.5627843806967443,1.05,23.950994668438955,83.610586744654,6.961831971920522,0.3154128727107465,0.4420732140346929
effective100,2012,10,2012-08-28,0.5627843806967443,,16.373604463609613,,6.703165251441676,5.236396449943916,0.4862133452234015
effective100,2012,10,2012-08-29,0.5627843806967443,1.05,20.74962715860188,80.40921923481275,6.411581223676274,3.9750376108690135,0.4009850841224301
effective100,2012,10,2012-08-30,0.5627843806967443,,22.303533561414703,,6.082890910942957,1.0922777426891637,0.4616286601234636
effective100,2012,10,2012-08-31,0.5627843806967443,,23.504711802492047,,5.712372256294119,0.8001855099849797,0.4009927310923246
effective100,2012,10,2012-09-01,0.5627843806967443,,24.2694208483702,,5.294702285125324,0.4994657254019991,0.2652433204761544
effective100,2012,10,2012-09-02,0.5627843806967443,,25.047575920036206,,4.823880633833639,0.5138805189694142,0.26427455269660627
effective100,2012,10,2012-09-03,0.5627843806967443,,25.604718289011775,,4.293143346916152,0.3773010884852907,0.17984128049028913
effective100,2012,10,2012-09-04,0.5627843806967443,1.05,26.122083734792422,85.78167581100303,3.694865704093769,0.3851091844852286,0.1322562612954376
effective100,2012,10,2012-09-05,0.5627843806967443,,26.576518336608622,,3.0204526814474835,0.3699898168045286,0.0844447850116811
effective100,2012,10,2012-09-06,0.5627843806967443,1.05,26.959196351399385,86.61878842761001,2.2602154729012716,0.3387210010818841,0.043957013708877134
effective100,2012,10,2012-09-07,0.5627843806967443,,27.235827888143767,,1.4032322981246104,0.26428625913505743,0.012345277609336826
effective100,2012,10,2012-09-08,0.5627843806967443,,27.49223381246211,,0.4371914971820919,0.2552762142075981,0.0011297101107737182
effective100,2012,11,2012-04-30,0.08,,3.753900049830017,,0.0,4.692375062287551,0.0
effective100,2012,11,2012-05-01,0.08,,5.2718430270147305,,0.0,1.8974287214809162,0.0
effective100,2012,11,2012-05-02,0.08,,6.643501024449703,,0.0,1.714572496793716,0.0
effective100,2012,11,2012-05-03,0.08,,7.946309182792724,,0.0,1.6285101979287846,0.0
effective100,2012,11,2012-05-04,0.08,,8.946351027475611,,0.0,1.2500523058536175,0.0
effective100,2012,11,2012-05-05,0.08,,9.569030653030312,,0.4875,0.7783495319433889,0.0
effective100,2012,11,2012-05-06,0.08,,10.58633306313073,,0.5738742470010385,3.0496280126255377,0.0
effective100,2012,11,2012-05-07,0.08,,8.763677620223216,,0.6755521053764285,1.531680696365608,0.0
effective100,2012,11,2012-05-08,0.08,,11.228728923706418,,0.6693127862307413,3.081314129354019,0.0
effective100,2012,11,2012-05-09,0.08,,12.194027183297466,,0.6619209548482653,1.206622824488818,0.0
effective100,2012,11,2012-05-10,0.08,,12.415687856150482,,0.6531637219016666,0.985736033449295,0.0
effective100,2012,11,2012-05-11,0.08,,12.415687856150482,,0.6427888736519074,0.4840079922606273,0.0
effective100,2012,11,2012-05-12,0.08,,12.415687856150482,,0.6304976080361702,1.5876180156698452,0.0
effective100,2012,11,2012-05-13,0.08,,12.415687856150482,,0.6159359289831668,0.5217902482684804,0.0
effective100,2012,11,2012-05-14,0.08,,12.415687856150482,,0.5986844511067813,0.685796659519991,0.0
effective100,2012,11,2012-05-15,0.08,,12.415687856150482,,0.5782463211468956,0.7247667675741237,0.0
effective100,2012,11,2012-05-16,0.08,,12.415687856150482,,0.5540329082874117,0.5608120017328235,0.0
effective100,2012,11,2012-05-17,0.08,,12.415687856150482,,0.5253468512237498,0.4619539308930875,0.0
effective100,2012,11,2012-05-18,0.08,,12.415687856150482,,0.49136197372485746,1.6131819458476029,0.0
effective100,2012,11,2012-05-19,0.08,,12.415687856150482,,0.45109949024546064,0.6968596617486045,0.0
effective100,2012,11,2012-05-20,0.08,,12.415687856150482,,0.40339981629543586,0.4248283114955311,0.0
effective100,2012,11,2012-05-21,0.08,,12.415687856150482,,0.3468891716874604,0.6946284114337576,0.0
effective100,2012,11,2012-05-22,0.08,,12.415687856150482,,0.2799400148157657,2.8828093041350016,0.0
effective100,2012,11,2012-05-23,0.08,,4.568063083527572,,0.32953921068278375,4.917483409091409,0.004985625129958451
effective100,2012,11,2012-05-24,0.09027524171086804,,9.435225686528577,,0.32729714898246665,4.741541664921375,0.0
effective100,2012,11,2012-05-25,0.09027524171086804,0.25,10.205482443913109,17.002565416218673,0.3238337431838241,0.8532314539256547,0.0
effective100,2012,11,2012-05-26,0.09027524171086804,,11.494056126725607,,0.31972953576767016,1.4273832541368732,0.0
effective100,2012,11,2012-05-27,0.09027524171086804,,12.316749228560461,,0.31486596519750626,0.9113164210291169,0.0
effective100,2012,11,2012-05-28,0.09027524171086804,,12.939779869691977,,0.3091025336034152,0.6901456360836621,0.0
effective100,2012,11,2012-05-29,0.09027524171086804,,13.441620270429473,,0.3022727481072324,0.5559003678381541,0.0
effective100,2012,11,2012-05-30,0.09027524171086804,,-0.2679798749070429,,0.35582881171071296,7.715393681866887,0.0221610807496664
effective100,2012,11,2012-05-31,0.10011433168030215,0.335,4.822152449823852,17.767909594691915,0.4188738284754046,4.878344354756359,0.017166166772717508
effective100,2012,11,2012-06-01,0.1098659014790038,,9.437592058537044,,0.41885062531071443,4.335005814140848,0.0
effective100,2012,11,2012-06-02,0.1098659014790038,,11.101646293340833,,0.41497295906608933,1.664054234803805,0.0
effective100,2012,11,2012-06-03,0.1098659014790038,,12.35141702495622,,0.4103781482084999,1.2497707316153992,0.0
effective100,2012,11,2012-06-04,0.1098659014790038,,13.761766866312884,,0.4049335623454732,2.6803498413566778,0.0
effective100,2012,11,2012-06-05,0.1098659014790038,0.41,14.73559029002323,43.15734195869011,0.39848204211131455,2.497823423710365,0.0
effective100,2012,11,2012-06-06,0.1098659014790038,,-4.754512170095854,,0.4690842704821881,8.518410899510815,0.04548664037009481
effective100,2012,11,2012-06-07,0.11921868983352144,0.44,-6.318440323086125,24.785147709060094,0.5521956564164046,6.237600522842676,0.04619977260215102
effective100,2012,11,2012-06-08,0.12851170761846628,0.455,4.588606743305353,34.44717073940155,0.6500325467142734,6.380429716613712,0.07950765005355229
effective100,2012,11,2012-06-09,0.13774693734460983,,7.455588170982173,,0.723703836673054,2.679698659087942,0.05894971732650361
effective100,2012,11,2012-06-10,0.14681231385367938,,9.551651308723633,,0.7210350891895225,2.0399621337103153,0.023720835558298393
effective100,2012,11,2012-06-11,0.1538326947367555,,10.897921107837043,,0.7139038980383502,1.3384136027909506,0.0
effective100,2012,11,2012-06-12,0.1538326947367555,,11.866410271611736,,0.7054115693694157,0.9659148307412179,0.0
effective100,2012,11,2012-06-13,0.1538326947367555,0.54,12.830368566756936,60.662247673018385,0.6953509153421171,0.9632650602476615,0.0
effective100,2012,11,2012-06-14,0.1538326947367555,,7.976719253422927,,0.81855175988398,8.206878562583839,0.07297689559531435
effective100,2012,11,2012-06-15,0.16260857210133026,0.58,11.808016946396407,68.20590278225896,0.8175568627387797,4.078904547930143,0.0
effective100,2012,11,2012-06-16,0.16260857210133026,,13.631405258703408,,0.8098182787523278,1.823388312307018,0.0
effective100,2012,11,2012-06-17,0.16260857210133026,,14.969394870125816,,0.8006512087895259,1.33798961142242,0.0
effective100,2012,11,2012-06-18,0.16260857210133026,0.64,15.9819219652978,84.81329672328927,0.7897919647921711,1.5153923315333464,0.0
effective100,2012,11,2012-06-19,0.16260857210133026,,9.913137521022927,,0.9297256801693906,9.52762067352234,0.044075246051216224
effective100,2012,11,2012-06-20,0.16988461275272493,0.68,13.088352530925214,89.7944493556824,0.9225468389674373,3.1182805786176973,0.0
effective100,2012,11,2012-06-21,0.16988461275272493,,15.262254882715968,,0.9126458562448839,2.1739023517907716,0.0
effective100,2012,11,2012-06-22,0.16988461275272493,,16.153055347975165,,0.9009181851751418,1.436120770518319,0.0
effective100,2012,11,2012-06-23,0.16988461275272493,,16.883863803866987,,0.887026809685033,1.0457358595914235,0.0
effective100,2012,11,2012-06-24,0.16988461275272493,0.76,17.507702876447475,110.66523074896624,0.8705725356983538,0.8926701429796181,0.0
effective100,2012,11,2012-06-25,0.16988461275272493,,7.59066276656241,,1.0248187864280562,9.332775340010558,0.15018455010438314
effective100,2012,11,2012-06-26,0.17834907054462548,0.8,12.01882056948496,112.85430034192235,1.04252971833897,4.17442365584449,0.016509912794768607
effective100,2012,11,2012-06-27,0.1826615697887684,,14.28777026229511,,1.0329329735083344,2.399554762242542,0.0
effective100,2012,11,2012-06-28,0.1826615697887684,0.84,15.808879735199335,124.3302389906529,1.0215513751799843,1.5211094729042327,0.0
effective100,2012,11,2012-06-29,0.1826615697887684,,3.1008879497818516,,1.2025477460600795,6.85571920885732,0.13628900572519453
effective100,2012,11,2012-06-30,0.19099604645011242,,8.936023386536727,,1.4145177265963984,5.436678351358192,0.1599800189158731
effective100,2012,11,2012-07-01,0.19929798605095544,,12.110737598550646,,1.4129789768580214,2.8657276342480094,0.07194557263785682
effective100,2012,11,2012-07-02,0.2066982054266089,,15.274870821904063,,1.402172144971023,3.3975412040510755,0.0
effective100,2012,11,2012-07-03,0.2066982054266089,0.92,16.55719146389792,140.20098945560784,1.386880866908829,1.2823206419938713,0.0
effective100,2012,11,2012-07-04,0.2066982054266089,,6.177923010155423,,1.6326055654922087,7.6142623766406885,0.20646916961681688
effective100,2012,11,2012-07-05,0.21487642189399628,0.94,11.333078613958978,138.88151381246078,1.840174696457761,5.0072038329981305,0.14795177080542907
effective100,2012,11,2012-07-06,0.2229173715198203,,12.51356846923097,,2.051221290482399,6.380635246034221,0.13385460923778802
effective100,2012,11,2012-07-07,0.23079205933831265,,-8.196173967276247,,2.335345464172569,4.730106183652933,0.18490766040947756
effective100,2012,11,2012-07-08,0.2388836153752561,,-2.6470044937230366,,2.557234126003663,3.582014351485677,0.15205748574527414
effective100,2012,11,2012-07-09,0.24694734832019166,,2.9040330570896153,,2.7057051178326876,3.3539361775469354,0.267423758594556
effective100,2012,11,2012-07-10,0.25498376094141145,0.97,5.977504621628598,132.32865856721287,2.7057051178326876,2.2509398016230806,0.30706926253355493
effective100,2012,11,2012-07-11,0.26299333977820544,,7.886618824786904,,2.7057051178326876,1.4743838697649554,0.2924791650823752
effective100,2012,11,2012-07-12,0.27097655588875674,0.98,9.380880116912898,137.53270204812156,2.7057051178326876,1.1824061172262579,0.30245572543919624
effective100,2012,11,2012-07-13,0.2789338655535361,,-1.7412983351077833,,2.7057051178326876,6.671655278085567,0.3032989998501171
effective100,2012,11,2012-07-14,0.28686571093742536,,5.517211178167632,,2.7057051178326876,6.1877117978716365,0.3634775264183937
effective100,2012,11,2012-07-15,0.2947725207135204,,8.587283483614646,,2.7057051178326876,2.432795945950961,0.32185149161000065
effective100,2012,11,2012-07-16,0.2947725207135204,,9.782033743383884,,2.7057051178326876,6.943471223974153,0.3188028065938464
effective100,2012,11,2012-07-17,0.2947725207135204,1.005,13.300122617785492,145.27098878283357,2.7057051178326876,3.213902567249262,0.2965225886182868
effective100,2012,11,2012-07-18,0.2947725207135204,,4.683989844621536,,2.7057051178326876,7.156585237905087,0.32521840844069383
effective100,2012,11,2012-07-19,0.2947725207135204,1.015,10.223209526810265,144.1437749848699,2.7057051178326876,5.224996517361578,0.3136674349330602
effective100,2012,11,2012-07-20,0.2947725207135204,,12.958794672773767,,2.7057051178326876,2.396596077987495,0.33883940223908465
effective100,2012,11,2012-07-21,0.2947725207135204,,14.618905223916064,,2.7057051178326876,1.388062807196132,0.272007436488868
effective100,2012,11,2012-07-22,0.2947725207135204,1.03,15.839597712324798,152.68844024678998,2.6968589296638172,1.0053085682753495,0.2153730646392293
effective100,2012,11,2012-07-23,0.2947725207135204,,-36.07393317454642,,2.6968589296638172,7.49659315391542,0.3382795912174624
effective100,2012,11,2012-07-24,0.2947725207135204,1.04,-2.655766383193798,108.37728069596662,2.6968589296638172,5.769069333220297,0.3325797674275208
effective100,2012,11,2012-07-25,0.30244996476467995,,5.7820017125172685,,2.6968589296638172,3.9695163583945954,0.24853417001441902
effective100,2012,11,2012-07-26,0.31010634532822984,1.05,9.371559676316872,116.56859480168973,2.6968589296638172,2.2450161430370037,0.28392883088116055
effective100,2012,11,2012-07-27,0.3177419669963211,,-13.575237293009069,,2.6968589296638172,6.9782083030713995,0.31479019672899133
effective100,2012,11,2012-07-28,0.3253571264703082,,-0.7835720472294764,,2.6968589296638172,5.389081303003715,0.29509414923095395
effective100,2012,11,2012-07-29,0.3329521128534108,,6.172148181720754,,2.6968589296638172,4.500598973022599,0.28263761333765236
effective100,2012,11,2012-07-30,0.3405272079293256,,8.89508714015313,,2.6968589296638172,1.882194414738682,0.2325486744780593
effective100,2012,11,2012-07-31,0.3480826864276075,1.05,10.834275777666653,107.12510852791598,2.6968589296638172,1.5605324784070378,0.2828276202072575
effective100,2012,11,2012-08-01,0.3556188162765895,,-19.540847238101207,,2.6968589296638172,4.834429342683289,0.2179988470020054
effective100,2012,11,2012-08-02,0.3631358588445602,1.05,-3.3191828791083613,81.02006671867505,2.6968589296638172,5.022161614123832,0.2903683869499916
effective100,2012,11,2012-08-03,0.3706340691698618,,3.584841388910852,,2.6968589296638172,2.3716694981288144,0.2930078177851474
effective100,2012,11,2012-08-04,0.3781136961805321,,8.629824968948313,,2.6968589296638172,3.8957564683098838,0.26025970029838363
effective100,2012,11,2012-08-05,0.3855749829040727,1.05,11.027139887462903,89.81579165415758,2.6968589296638172,1.968867204013242,0.2601642469470808
effective100,2012,11,2012-08-06,0.3930181666678854,,-12.732687390262907,,2.6968589296638172,6.310165903747981,0.2844339296802522
effective100,2012,11,2012-08-07,0.40044347929088625,1.05,-4.207496897093572,68.26640251311574,2.6968589296638172,5.296715274948127,0.25659706125872933
effective100,2012,11,2012-08-08,0.407851147266769,,2.7400325936564234,,2.6968589296638172,2.822192573831611,0.2687558036270818
effective100,2012,11,2012-08-09,0.4152413919393683,1.05,6.109544932438381,73.6408433253259,2.6968589296638172,1.9811588781239553,0.30233355662756334
effective100,2012,11,2012-08-10,0.42261442967053525,,-3.146686099077525,,2.6968589296638172,6.362989741113851,0.2867260259311561
effective100,2012,11,2012-08-11,0.42997047200091815,,3.053970175121172,,2.6968589296638172,4.699581470347464,0.23266739788467714
effective100,2012,11,2012-08-12,0.43730972580401534,,6.816548054681705,,2.6968589296638172,2.751491057567111,0.2553150483781118
effective100,2012,11,2012-08-13,0.4446323934338468,,9.846127547359139,,2.6968589296638172,3.3559097462330896,0.19026776061661863
effective100,2012,11,2012-08-14,0.45193867286656403,1.05,12.157527854060595,77.08818947792562,2.6968589296638172,2.0410921619898708,0.23330574253783484
effective100,2012,11,2012-08-15,0.4592287578363062,,6.698348826964886,,2.6796991392717846,6.5401354590139915,0.29084892337237184
effective100,2012,11,2012-08-16,0.4592287578363062,1.05,10.601756073095626,75.51994656927113,2.6603556350557946,3.7497345753195908,0.15103813363957608
effective100,2012,11,2012-08-17,0.4592287578363062,,12.951803271418818,,2.638550522825067,2.6715958572652934,0.1857691915217868
effective100,2012,11,2012-08-18,0.4592287578363062,,14.616143375274335,,2.61397054423972,1.9438956588531275,0.22826758861753113
effective100,2012,11,2012-08-19,0.4592287578363062,,15.863258960871235,,2.5862625764538563,1.045366347907608,0.20170332590113466
effective100,2012,11,2012-08-20,0.4592287578363062,1.05,16.304266450152568,81.22154009452808,2.555028559054016,0.35300364989280053,0.08799190529771224
effective100,2012,11,2012-08-21,0.4592287578363062,,6.541698277308765,,2.5198197754119587,5.231845918815289,0.20558280224267983
effective100,2012,11,2012-08-22,0.4592287578363062,1.05,11.273892197870895,76.19116192668025,2.4801304062961083,4.548429783625825,0.18376332746839874
effective100,2012,11,2012-08-23,0.4592287578363062,,13.614346855494006,,2.43539026313102,2.1695081162657925,0.1709463301352815
effective100,2012,11,2012-08-24,0.4592287578363062,,14.845247230454701,,2.384956596508862,1.832981983029265,0.1599183367453861
effective100,2012,11,2012-08-25,0.4592287578363062,,16.148737183522744,,2.3281048622716827,1.1191374827533427,0.18435245587816027
effective100,2012,11,2012-08-26,0.4592287578363062,,17.096174124690588,,2.264018312507425,0.7795706512230772,0.1678662861635314
effective100,2012,11,2012-08-27,0.4592287578363062,1.05,17.787512646011304,82.70478208920318,2.191776261921029,0.5472420744190275,0.14409644591010695
effective100,2012,11,2012-08-28,0.4592287578363062,,6.398040502219483,,2.1103408610120207,5.752179361142044,0.1583484948060224
effective100,2012,11,2012-08-29,0.4592287578363062,1.05,11.380110610538061,76.2973800534017,2.0185421860383657,4.851607385721761,0.13046272252872926
effective100,2012,11,2012-08-30,0.4592287578363062,,14.382634790861632,,1.915061431564835,2.852501113453317,0.15002306685202382
effective100,2012,11,2012-08-31,0.4592287578363062,,15.994088135682762,,1.7984119641353282,1.4813056296102485,0.13014771520597565
effective100,2012,11,2012-09-01,0.4592287578363062,,16.874559055263457,,1.6669179648809243,0.7945106510485425,0.08596026853082282
effective100,2012,11,2012-09-02,0.4592287578363062,,17.71082692784297,,1.5186903542373857,0.7496176699190314,0.08665020266012545
effective100,2012,11,2012-09-03,0.4592287578363062,,18.284435981748583,,1.351599652899873,0.5150761045646336,0.0585329493408904
effective100,2012,11,2012-09-04,0.4592287578363062,1.05,18.826571849798164,83.74384129263683,1.163245389127772,0.4949267589684432,0.04720910908113888
effective100,2012,11,2012-09-05,0.4592287578363062,,19.323276800331683,,0.9509216128963882,0.4648186931221458,0.03188625741138928
effective100,2012,11,2012-09-06,0.4592287578363062,1.05,19.769119736341807,84.68638917918045,0.7115780214622175,0.4287904618367409,0.01705247417343535
effective100,2012,11,2012-09-07,0.4592287578363062,,20.113432062266682,,0.4417761378607306,0.33974183683590337,0.004570489088995799
effective100,2012,11,2012-09-08,0.4592287578363062,,20.444087234677202,,0.13763991278477705,0.3302268208575473,0.0004283515530086277
effective100,2012,12,2012-04-30,0.08,,3.753900049830017,,0.0,4.692375062287551,0.0
effective100,2012,12,2012-05-01,0.08,,5.2718430270147305,,0.0,1.8974287214809162,0.0
effective100,2012,12,2012-05-02,0.08,,6.643501024449703,,0.0,1.714572496793716,0.0
effective100,2012,12,2012-05-03,0.08,,7.946309182792724,,0.0,1.6285101979287846,0.0
effective100,2012,12,2012-05-04,0.08,,8.946351027475611,,0.0,1.2500523058536175,0.0
effective100,2012,12,2012-05-05,0.08,,9.569030653030312,,0.4875,0.7783495319433889,0.0
effective100,2012,12,2012-05-06,0.08,,10.58633306313073,,0.5738742470010385,3.0496280126255377,0.0
effective100,2012,12,2012-05-07,0.08,,8.763677620223216,,0.6755521053764285,1.531680696365608,0.0
effective100,2012,12,2012-05-08,0.08,,11.228728923706418,,0.6693127862307413,3.081314129354019,0.0
effective100,2012,12,2012-05-09,0.08,,12.194027183297466,,0.6619209548482653,1.206622824488818,0.0
effective100,2012,12,2012-05-10,0.08,,12.415687856150482,,0.6531637219016666,0.985736033449295,0.0
effective100,2012,12,2012-05-11,0.08,,12.415687856150482,,0.6427888736519074,0.4840079922606273,0.0
effective100,2012,12,2012-05-12,0.08,,12.415687856150482,,0.6304976080361702,1.5876180156698452,0.0
effective100,2012,12,2012-05-13,0.08,,12.415687856150482,,0.6159359289831668,0.5217902482684804,0.0
effective100,2012,12,2012-05-14,0.08,,12.415687856150482,,0.5986844511067813,0.685796659519991,0.0
effective100,2012,12,2012-05-15,0.08,,12.415687856150482,,0.5782463211468956,0.7247667675741237,0.0
effective100,2012,12,2012-05-16,0.08,,12.415687856150482,,0.5540329082874117,0.5608120017328235,0.0
effective100,2012,12,2012-05-17,0.08,,12.415687856150482,,0.5253468512237498,0.4619539308930875,0.0
effective100,2012,12,2012-05-18,0.08,,12.415687856150482,,0.49136197372485746,1.6131819458476029,0.0
effective100,2012,12,2012-05-19,0.08,,12.415687856150482,,0.45109949024546064,0.6968596617486045,0.0
effective100,2012,12,2012-05-20,0.08,,12.415687856150482,,0.40339981629543586,0.4248283114955311,0.0
effective100,2012,12,2012-05-21,0.08,,12.415687856150482,,0.3468891716874604,0.6946284114337576,0.0
effective100,2012,12,2012-05-22,0.08,,12.415687856150482,,0.2799400148157657,2.8828093041350016,0.0
effective100,2012,12,2012-05-23,0.08,,4.568063083527572,,0.32953921068278375,4.917483409091409,0.004985625129958451
effective100,2012,12,2012-05-24,0.09027524171086804,,9.435225686528577,,0.32729714898246665,4.741541664921375,0.0
effective100,2012,12,2012-05-25,0.09027524171086804,0.25,10.205482443913109,17.002565416218673,0.3238337431838241,0.8532314539256547,0.0
effective100,2012,12,2012-05-26,0.09027524171086804,,11.494056126725607,,0.31972953576767016,1.4273832541368732,0.0
effective100,2012,12,2012-05-27,0.09027524171086804,,12.316749228560461,,0.31486596519750626,0.9113164210291169,0.0
effective100,2012,12,2012-05-28,0.09027524171086804,,12.939779869691977,,0.3091025336034152,0.6901456360836621,0.0
effective100,2012,12,2012-05-29,0.09027524171086804,,13.441620270429473,,0.3022727481072324,0.5559003678381541,0.0
effective100,2012,12,2012-05-30,0.09027524171086804,,-0.358255116617911,,0.35582881171071296,7.715393681866887,0.0221610807496664
effective100,2012,12,2012-05-31,0.10011433168030215,0.335,4.82806218590661,17.70058103614382,0.4188738284754046,4.91109382423906,0.017088138741932445
effective100,2012,12,2012-06-01,0.10986501988281357,,9.455824773998112,,0.418836968701567,4.3545265211059405,0.0
effective100,2012,12,2012-06-02,0.10986501988281357,,11.12397724497589,,0.4149567767718872,1.6681524709777817,0.0
effective100,2012,12,2012-06-03,0.10986501988281357,,12.375849167980444,,0.4103589731231754,1.251871923004562,0.0
effective100,2012,12,2012-06-04,0.10986501988281357,,13.787982591152428,,0.4049108409752763,2.6821334231720044,0.0
effective100,2012,12,2012-06-05,0.10986501988281357,0.41,14.762678812241811,43.11838991386463,0.39845511859807387,2.4986962210893946,0.0
effective100,2012,12,2012-06-06,0.10986501988281357,,-5.527425130063671,,0.4690525767162649,8.518415555363651,0.04548050233086902
effective100,2012,12,2012-06-07,0.1192178082373312,0.44,-6.619851596915145,23.946191964444015,0.5521583472142427,6.237604538001087,0.04619353983954627
effective100,2012,12,2012-06-08,0.12851082602227604,0.455,4.404377450006546,33.51682388503785,0.649988627144434,6.289049330104789,0.07949692681483346
effective100,2012,12,2012-06-09,0.13774605574841958,,7.262843528716847,,0.7270102986143367,2.6334468576914043,0.06396533617450655
effective100,2012,12,2012-06-10,0.14685059552316282,,9.355723935785328,,0.7248824301186716,2.02294396290694,0.028836973899619985
effective100,2012,12,2012-06-11,0.15442846435710317,,10.700949419961805,,0.7178949669897835,1.3351272546463817,0.0
effective100,2012,12,2012-06-12,0.15442846435710317,,11.671373956366978,,0.7094986687353491,0.967066655450119,0.0
effective100,2012,12,2012-06-13,0.15442846435710317,0.54,12.63923801649341,59.68032287533685,0.6995518038530235,0.9669598553760832,0.0
effective100,2012,12,2012-06-14,0.15442846435710317,,10.34920785821505,,0.8148072308865286,8.2074095736227,0.004256521776405383
effective100,2012,12,2012-06-15,0.15628106846758663,0.58,13.255678352385942,68.83727876647566,0.8073971257572046,3.1603946926084454,0.0
effective100,2012,12,2012-06-16,0.15628106846758663,,14.791321373866824,,0.7985087445185696,1.5356430214808914,0.0
effective100,2012,12,2012-06-17,0.15628106846758663,,15.772219209722293,,0.7879796040827539,1.1753350874224207,0.0
effective100,2012,12,2012-06-18,0.15628106846758663,0.64,16.375623190472183,84.80500658358942,0.7755068269436232,1.3261260224429032,0.0
effective100,2012,12,2012-06-19,0.15628106846758663,,12.96060066835788,,0.881166048879211,9.208977477885716,0.0
effective100,2012,12,2012-06-20,0.15628106846758663,0.68,14.569212149792076,90.91377167711121,0.8730356167092754,1.6086114814342083,0.0
effective100,2012,12,2012-06-21,0.15628106846758663,,16.07671590202741,,0.863404810634694,1.5075037522353467,0.0
effective100,2012,12,2012-06-22,0.15628106846758663,,16.622503865339944,,0.8519967546165682,1.2455639834753023,0.0
effective100,2012,12,2012-06-23,0.15628106846758663,,17.124032953652534,,0.8384834784582844,0.8911150800227681,0.0
effective100,2012,12,2012-06-24,0.15628106846758663,0.76,17.560397502213075,110.65563772144831,0.8224764889904996,0.7753309602000091,0.0
effective100,2012,12,2012-06-25,0.15628106846758663,,11.360973131150098,,0.9675698903383424,9.200575628937045,0.0
effective100,2012,12,2012-06-26,0.15628106846758663,0.8,14.2186201195722,115.22903647300937,0.958645864701003,2.8576469884221196,0.0
effective100,2012,12,2012-06-27,0.15628106846758663,,15.316493846138412,,0.9480756895840006,1.351873726566222,0.0
effective100,2012,12,2012-06-28,0.15628106846758663,0.84,16.28717541120473,125.1068661782257,0.9355557118805969,0.9706815650663322,0.0
effective100,2012,12,2012-06-29,0.15628106846758663,,7.573104825551692,,1.1013155480676884,6.867744273013621,0.1181851413333439
effective100,2012,12,2012-06-30,0.1646076739679213,,12.764123959255226,,1.1000058501315306,4.889091071553301,0.0
effective100,2012,12,2012-07-01,0.1646076739679213,,15.077075232690431,,1.089613250387153,2.312951273435218,0.0
effective100,2012,12,2012-07-02,0.1646076739679213,,16.390418140669773,,1.0773048152764864,1.567342907979347,0.0
effective100,2012,12,2012-07-03,0.1646076739679213,0.92,17.1273745941714,141.26368612620973,1.0627273679967095,0.7369564535016317,0.0
effective100,2012,12,2012-07-04,0.1646076739679213,,10.70978368429304,,1.248706629688368,7.665117643741115,0.026763765538297846
effective100,2012,12,2012-07-05,0.16983362345958097,0.94,14.287576556898447,142.14710266974538,1.2372641305522598,3.3868979274643687,0.0
effective100,2012,12,2012-07-06,0.16983362345958097,,14.69225864495714,,1.2308127565603115,5.738682088058705,0.0
effective100,2012,12,2012-07-07,0.16983362345958097,,-6.060441798837244,,1.4012983394896785,4.807529499757654,0.11158550955964523
effective100,2012,12,2012-07-08,0.17792517949652442,,-1.168009962687108,,1.534440188584654,3.637945801255267,0.09181387222224419
effective100,2012,12,2012-07-09,0.18598891244145999,,3.320082626058958,,1.6235285729390057,3.498207429825168,0.16153693335218408
effective100,2012,12,2012-07-10,0.19402532506267978,0.97,6.093574879509162,134.78920833309138,1.6235285729390057,2.3521729974562873,0.18549048651233813
effective100,2012,12,2012-07-11,0.20203490389947376,,7.887275802639431,,1.6235285729390057,1.547554181225888,0.17668255835034274
effective100,2012,12,2012-07-12,0.21001812001002507,0.98,9.306059158151003,139.88464264243788,1.6235285729390057,1.2361640484631964,0.1827149179111541
effective100,2012,12,2012-07-13,0.21797542967480443,,4.188047060284877,,1.6235285729390057,6.79855673139406,0.1832300200649064
effective100,2012,12,2012-07-14,0.22590727505869368,,10.310098124676124,,1.6235285729390057,5.902343909287914,0.21959207897212318
effective100,2012,12,2012-07-15,0.23381408483478872,,12.600957688436752,,1.6235285729390057,2.1660433967158417,0.12476882525260893
effective100,2012,12,2012-07-16,0.2415476964798583,,13.114200103396193,,1.6235285729390057,6.484043437606493,0.1251818076143398
effective100,2012,12,2012-07-17,0.24926565435716247,1.005,14.944045373202142,150.40303884773738,1.6170799817716848,1.750543316168618,0.07929617373278253
effective100,2012,12,2012-07-18,0.2565790453457948,,10.332526012006497,,1.6170799817716848,7.293526866080577,0.1949518996819737
effective100,2012,12,2012-07-19,0.264389749492554,1.015,14.114856681726987,151.5261663049409,1.6170799817716848,3.656799054595088,0.12553103344994349
effective100,2012,12,2012-07-20,0.27205453811378255,,15.815577277268453,,1.609697698759665,1.6063089084362385,0.09441150750736997
effective100,2012,12,2012-07-21,0.27937207346056375,,16.912804140331435,,1.5972341040580162,1.0207851944980004,0.07644161407366674
effective100,2012,12,2012-07-22,0.28642270515247337,1.03,17.803060411947307,158.14284768992135,1.5811375590286756,0.8222762972178049,0.06797995815347191
effective100,2012,12,2012-07-23,0.2932307101404969,,-33.826542397449124,,1.5811375590286756,7.6436271323791045,0.19520217862795342
effective100,2012,12,2012-07-24,0.2932307101404969,1.04,-2.8294420874697,113.91431761077729,1.5811375590286756,5.688402923025009,0.1919190834279527
effective100,2012,12,2012-07-25,0.30090815419165645,,5.63116669785669,,1.5811375590286756,4.135103760199121,0.1434240282727401
effective100,2012,12,2012-07-26,0.30856453475520634,1.05,9.23357619938707,122.10791417376672,1.5811375590286756,2.3068955178991617,0.1638546532224534
effective100,2012,12,2012-07-27,0.31620015642329763,,-13.581024999345864,,1.5811375590286756,7.115074971474368,0.1816703116668761
effective100,2012,12,2012-07-28,0.3238153158972847,,-0.8215850475082966,,1.5811375590286756,5.464043512554972,0.17030870242086205
effective100,2012,12,2012-07-29,0.3314103022803873,,6.09327298158115,,1.5811375590286756,4.585731365935554,0.16312468230802615
effective100,2012,12,2012-07-30,0.3389853973563021,,8.822193355669862,,1.5811375590286756,1.9088506193178916,0.13421994989428934
effective100,2012,12,2012-07-31,0.346540875854584,1.05,10.670051704962564,112.52179712683883,1.5811375590286756,1.589614356628646,0.16324448087074384
effective100,2012,12,2012-08-01,0.354077005703566,,-19.302626593294388,,1.5811375590286756,4.929249131520975,0.12583005026457753
effective100,2012,12,2012-08-02,0.3615940482715367,1.05,-3.3209543850238137,86.76622428213827,1.5811375590286756,5.091740649327205,0.16760732418673824
effective100,2012,12,2012-08-03,0.3690922585968383,,3.479496855112285,,1.5811375590286756,2.4275431847903266,0.1691361176737914
effective100,2012,12,2012-08-04,0.3765718856075086,,8.52071031044542,,1.5811375590286756,4.013280793283511,0.15023722927531236
effective100,2012,12,2012-08-05,0.3840331723310492,1.05,10.884557753689814,95.43835640616902,1.5811375590286756,2.0157480052321213,0.15018679377573219
effective100,2012,12,2012-08-06,0.3914763560948619,,-12.772525946860355,,1.5811375590286756,6.43392996277383,0.16420222131943046
effective100,2012,12,2012-08-07,0.39890166871786276,1.05,-4.234553978195267,73.9650215651601,1.5811375590286756,5.377697539685038,0.14813674588969264
effective100,2012,12,2012-08-08,0.4063093366937455,,2.6568311620520806,,1.5811375590286756,2.8775352608700895,0.15516096456936151
effective100,2012,12,2012-08-09,0.4136995813663448,1.05,5.954698684961027,79.2113390519608,1.5811375590286756,2.0390694051769875,0.17455185618430294
effective100,2012,12,2012-08-10,0.42107261909751176,,-0.19846832975246098,,1.5811375590286756,6.487789857293417,0.1655460163066605
effective100,2012,12,2012-08-11,0.42842866142789465,,4.815025801443486,,1.5811375590286756,4.758411406489012,0.13433854930163672
effective100,2012,12,2012-08-12,0.43576791523099184,,7.828882714103365,,1.5811375590286756,2.8273846756725396,0.14741953547447856
effective100,2012,12,2012-08-13,0.4430905828608233,,10.594270939844263,,1.5811375590286756,3.41126868198172,0.10986448840326679
effective100,2012,12,2012-08-14,0.45039686229354053,1.05,12.760899413311892,85.55632273164639,1.5811375590286756,2.0302407812185623,0.13471968754439792
effective100,2012,12,2012-08-15,0.4576869472632827,,14.467228024991055,,1.5710769700985443,1.5379387263884972,0.16794562757032816
effective100,2012,12,2012-08-16,0.4576869472632827,1.05,15.223897614772252,88.0187575825579,1.5597360947184054,0.6693375067664454,0.08721299018625342
effective100,2012,12,2012-08-17,0.4576869472632827,,16.034579510853778,,1.546952006701189,1.2113856844079633,0.10726524171239897
effective100,2012,12,2012-08-18,0.4576869472632827,,16.82287946027396,,1.5325410462635003,1.1644912694225251,0.13180061589325548
effective100,2012,12,2012-08-19,0.4576869472632827,,17.56832442839319,,1.5162961815178138,0.6289844576061692,0.11645840804555203
effective100,2012,12,2012-08-20,0.4576869472632827,1.05,17.867814094849294,90.66263237724866,1.4979840341944832,0.24868704462212143,0.05080207298084376
effective100,2012,12,2012-08-21,0.4576869472632827,,11.117995262296958,,1.4773415268642571,5.331494265222658,0.11868675876478815
effective100,2012,12,2012-08-22,0.4576869472632827,1.05,15.210313680132968,88.00513178152741,1.4540721034943642,3.9862352233718337,0.10608315691949191
effective100,2012,12,2012-08-23,0.4576869472632827,,16.28539585004956,,1.427841469041616,0.9764055544724648,0.0986766056063122
effective100,2012,12,2012-08-24,0.4576869472632827,,16.990414907110967,,1.3982727868763367,1.3747165312373297,0.09230252324316573
effective100,2012,12,2012-08-25,0.4576869472632827,,17.822251171314765,,1.3649412650419608,0.7254419472636741,0.10639431626365481
effective100,2012,12,2012-08-26,0.4576869472632827,,18.47583187419602,,1.327368053574997,0.556712861074526,0.09686784162872686
effective100,2012,12,2012-08-27,0.4576869472632827,1.05,18.987143873303673,91.78196196137708,1.2850133652125473,0.42817247429253197,0.08313952476735653
effective100,2012,12,2012-08-28,0.4576869472632827,,10.732786796268472,,1.2372687206575421,5.8542954076064495,0.09134751534547025
effective100,2012,12,2012-08-29,0.4576869472632827,1.05,14.731889167379752,87.52670725543683,1.1834482069950034,3.9238557593842622,0.07524661172356278
effective100,2012,12,2012-08-30,0.4576869472632827,,16.50418738067336,,1.1227786236753003,1.6857886606547008,0.08650955263798689
effective100,2012,12,2012-08-31,0.4576869472632827,,17.653576546681553,,1.0543883744988345,1.0743592707695617,0.07502989523840797
effective100,2012,12,2012-09-01,0.4576869472632827,,18.32638666555772,,0.9772949460213041,0.623268314706789,0.04954180416932959
effective100,2012,12,2012-09-02,0.4576869472632827,,18.98928155781195,,0.8903907924908141,0.6129716912354741,0.04992320101874477
effective100,2012,12,2012-09-03,0.4576869472632827,,19.456981389433075,,0.7924274245358888,0.4339887775208823,0.03371105410024954
effective100,2012,12,2012-09-04,0.4576869472632827,1.05,19.922605144509298,92.7174232325651,0.6819974730180349,0.43844593620899397,0.027177818867240477
effective100,2012,12,2012-09-05,0.4576869472632827,,20.3756528765077,,0.5575144703731444,0.43469992469642665,0.01834780730201207
effective100,2012,12,2012-09-06,0.4576869472632827,1.05,20.791803549387776,93.58662163744359,0.4171900589748227,0.40634377582802367,0.009806897052067026
effective100,2012,12,2012-09-07,0.4576869472632827,,21.114657564456717,,0.2590082990886384,0.3202271446245188,0.002626870444427861
effective100,2012,12,2012-09-08,0.4576869472632827,,21.424849905715284,,0.0,0.31019234125856443,0.0
effective100,2013,1,2013-05-15,0.08,,3.5750575433999776,,0.0,4.468821929249998,0.0
effective100,2013,1,2013-05-16,0.08,,5.7824002357199955,,0.0,2.759178365400051,0.0
effective100,2013,1,2013-05-17,0.08,,7.460181263486801,,0.0,2.097226284708515,0.0
effective100,2013,1,2013-05-18,0.08,,8.542294799514062,,0.0,1.3526419200340798,0.0
effective100,2013,1,2013-05-19,0.08,,10.565062571331902,,0.0,2.782459714772308,0.0
effective100,2013,1,2013-05-20,0.08,,10.66962538424052,,0.4875,4.448703516135788,0.0
effective100,2013,1,2013-05-21,0.08,,12.149654448399074,,0.5738742470010385,2.866036330198201,0.0
effective100,2013,1,2013-05-22,0.08,,13.048384797278787,,0.6755521053764285,2.1394129360996583,0.0
effective100,2013,1,2013-05-23,0.08,,13.580305475840223,,0.6693127862307413,0.6649008482018102,0.0
effective100,2013,1,2013-05-24,0.08,,13.893055555555556,,0.6619209548482653,0.9093810455592738,0.0
effective100,2013,1,2013-05-25,0.08,,13.893055555555556,,0.6531637219016666,0.7549633909756408,0.0
effective100,2013,1,2013-05-26,0.08,,13.893055555555556,,0.6427888736519074,0.7399773728722208,0.0
effective100,2013,1,2013-05-27,0.08,,13.893055555555556,,0.6304976080361702,0.693408484580374,0.0
effective100,2013,1,2013-05-28,0.08,,13.893055555555556,,0.6159359289831668,2.407348429251132,0.0
effective100,2013,1,2013-05-29,0.08,,9.876697397905934,,0.5986844511067813,2.853552302937975,0.0
effective100,2013,1,2013-05-30,0.08,,13.893055555555556,,0.5782463211468956,5.224011026358109,0.0
effective100,2013,1,2013-05-31,0.08,,13.893055555555556,,0.5540329082874117,0.6570140616223447,0.0
effective100,2013,1,2013-06-01,0.08,,13.893055555555556,,0.5253468512237498,0.5220822607104458,0.0
effective100,2013,1,2013-06-02,0.08,,13.893055555555556,,0.49136197372485746,0.5156341355089056,0.0
effective100,2013,1,2013-06-03,0.08,,13.893055555555556,,0.45109949024546064,0.5852827361845605,0.0
effective100,2013,1,2013-06-04,0.08,,13.893055555555556,,0.40339981629543586,6.122004412460784,0.0
effective100,2013,1,2013-06-05,0.08,,13.893055555555556,,0.3468891716874604,0.23387583222973524,0.0
effective100,2013,1,2013-06-06,0.08,0.09,13.893055555555556,15.6296875,0.2799400148157657,0.42730060903340966,0.0
effective100,2013,1,2013-06-07,0.08,,5.6508257481784145,,0.32953921068278375,6.6913554581699595,0.005857282608618221
effective100,2013,1,2013-06-08,0.08915233855648597,,9.74448360236755,,0.3265992551968945,3.8666169955453227,0.0
effective100,2013,1,2013-06-09,0.08915233855648597,,11.292522544264914,,0.3230067246312896,1.736397459632029,0.0
effective100,2013,1,2013-06-10,0.08915233855648597,0.13,12.314982732831156,15.689284803487478,0.31874950169891064,1.146868612895028,0.0
effective100,2013,1,2013-06-11,0.08915233855648597,,13.353986524509503,,0.3137046045811261,1.1654251683146306,0.0
effective100,2013,1,2013-06-12,0.08915233855648597,0.15,14.131948351551614,18.977910446257034,0.30772629728237977,0.872620774326872,0.0
effective100,2013,1,2013-06-13,0.08915233855648597,,5.159514232460617,,0.3622486095083967,7.317249849863895,0.01859001214246111
effective100,2013,1,2013-06-14,0.09901540644357405,0.17,10.703921126433428,15.187388177255336,0.36065292902051344,5.023058168863886,0.0
effective100,2013,1,2013-06-15,0.09901540644357405,,12.499670524387177,,0.3570070867703745,1.8136060462238255,0.0
effective100,2013,1,2013-06-16,0.09901540644357405,,13.572250336909319,,0.352686792984132,1.0832453767014374,0.0
effective100,2013,1,2013-06-17,0.09901540644357405,,14.40815161462077,,0.3475672795442036,0.8442133479377412,0.0
effective100,2013,1,2013-06-18,0.09901540644357405,,15.159745192545753,,0.34150069723328086,0.7590673057059091,0.0
effective100,2013,1,2013-06-19,0.09901540644357405,0.22,15.94020751753441,22.351612923045206,0.3343118459162474,0.7882231190288915,0.0
effective100,2013,1,2013-06-20,0.09901540644357405,,6.7251883388296605,,0.39354453095120756,8.734172222607778,0.01317590402329309
effective100,2013,1,2013-06-21,0.10760776053969565,0.24,10.978399873829828,16.755592829751272,0.39032776366190014,3.7106317800750093,0.0
effective100,2013,1,2013-06-22,0.10760776053969565,,12.712007391234879,,0.3860931868873345,1.733607517405064,0.0
effective100,2013,1,2013-06-23,0.10760776053969565,,13.963865913128,,0.3810753636164405,1.2518585218931335,0.0
effective100,2013,1,2013-06-24,0.10760776053969565,,14.890553194214073,,0.37512942103035807,1.4346872810860818,0.0
effective100,2013,1,2013-06-25,0.10760776053969565,0.29,15.6590572342214,21.436250190142843,0.36808368997760016,0.7685040400073396,0.0
effective100,2013,1,2013-06-26,0.10760776053969565,,4.965708356887646,,0.43330000086001846,7.870834822003887,0.03581630066236519
effective100,2013,1,2013-06-27,0.11668040740534566,0.32,11.279932697575784,21.323572253666594,0.45654060496652293,5.74692094085753,0.0
effective100,2013,1,2013-06-28,0.11668040740534566,,13.451564548128733,,0.45231967437605336,2.933631850552961,0.0
effective100,2013,1,2013-06-29,0.11668040740534566,,14.589497768480511,,0.4473182543896463,1.8999332203518007,0.0
effective100,2013,1,2013-06-30,0.11668040740534566,0.365,15.46406081082372,36.38363786691452,0.4413920252455538,0.8745630423432229,0.0
effective100,2013,1,2013-07-01,0.11668040740534566,,2.6823448214306476,,0.5195969561437037,7.081136864355826,0.04514714625109909
effective100,2013,1,2013-07-02,0.12551255871980901,0.395,8.774572234220976,36.39250883319542,0.6068940919943939,5.516092274099667,0.023869681574315585
effective100,2013,1,2013-07-03,0.1334182964714754,,11.844757399350827,,0.6015503007137827,2.57584740779136,0.0
effective100,2013,1,2013-07-04,0.1334182964714754,0.425,13.583843064204876,47.9580669058408,0.5949558632902302,1.7390856648540631,0.0
effective100,2013,1,2013-07-05,0.1334182964714754,,-8.711834122660798,,0.7003689190657101,5.58859321037646,0.06428324630708514
effective100,2013,1,2013-07-06,0.14208036055182638,,2.1968200019331734,,0.824458843183109,4.74498464758603,0.08795561654105102
effective100,2013,1,2013-07-07,0.15070253503217512,,6.507803804135408,,0.9689057175415419,4.7231096395460614,0.10163056240800455
effective100,2013,1,2013-07-08,0.15928578050687614,,9.258440303705642,,1.0701676749133116,2.6138574651353834,0.09900880724760114
effective100,2013,1,2013-07-09,0.16779295627344493,0.5,11.119533318098938,55.85315958658767,1.0690460010924314,1.812300615982579,0.06680636961666615
effective100,2013,1,2013-07-10,0.17598639653647433,,-18.23075188179632,,1.258457372074647,7.271138930224193,0.15124893069316525
effective100,2013,1,2013-07-11,0.18445821962415823,0.54,2.803203084975566,40.093775251566534,1.481428260066141,6.82662970607071,0.22409809799081817
effective100,2013,1,2013-07-12,0.19289456889345027,,2.800637674664693,,1.7439046712441342,6.027797284755107,0.17472874537952865
effective100,2013,1,2013-07-13,0.20129622246779347,,1.9522357581028698,,2.052886112926813,5.607385551031202,0.19201529130381978
effective100,2013,1,2013-07-14,0.2096639280747479,0.6,5.476708117809947,55.0114764960382,2.416612250737976,4.200647481940102,0.21004918275485931
effective100,2013,1,2013-07-15,0.21799840473609192,0.62,1.4314413906816672,55.01108973636044,2.844782637304084,4.598189493131872,0.22017374719036067
effective100,2013,1,2013-07-16,0.22630034433693494,,-16.555463175599833,,3.3488153720297635,7.85747442474511,0.445454712833082
effective100,2013,1,2013-07-17,0.234570413084378,0.66,1.9532428580541668,51.59895394337846,3.9421515896801704,5.898614924207242,0.523820145232627
effective100,2013,1,2013-07-18,0.24280925286517333,0.68,6.815580357822023,58.56510145534679,4.640613897623908,5.450580962867844,0.48231654910050176
effective100,2013,1,2013-07-19,0.2510174825108946,,-13.609427167178644,,5.462828320249178,4.0908820137557615,0.38763137096334255
effective100,2013,1,2013-07-20,0.259195698978282,,0.2007412134358859,,6.430721002623476,5.318463408656982,0.6021018610797747
effective100,2013,1,2013-07-21,0.2673444784516845,,6.579864245258399,,7.5580806004906185,3.602898909784265,0.6441181437788823
effective100,2013,1,2013-07-22,0.27546437737386076,,10.34448666491705,,8.347746651244007,2.256604662881959,0.8865082885454939
effective100,2013,1,2013-07-23,0.2835559334108042,0.78,12.58147623867633,73.26255614340405,8.757043040060603,1.3451691494164066,0.8428268791945167
effective100,2013,1,2013-07-24,0.29161966635573977,,-22.65089472835434,,9.265470036410404,4.412282772851896,0.7411127238688051
effective100,2013,1,2013-07-25,0.29965607897695956,0.82,-4.303101276059326,48.70290548111001,9.265470036410404,2.667280576772989,0.4361315975455997
effective100,2013,1,2013-07-26,0.30766565781375355,,4.074476402351292,,9.265470036410404,4.242627686460614,0.9228800447364688
effective100,2013,1,2013-07-27,0.31564887392430485,,8.015317558734155,,9.265470036410404,2.998355603544678,0.48930306928583467
effective100,2013,1,2013-07-28,0.3236061835890842,0.88,10.10503595971619,68.67683601859858,9.265470036410404,1.983235607620465,0.354653525840559
effective100,2013,1,2013-07-29,0.33153802897297346,,-18.17716175173953,,9.265470036410404,1.787386107997553,0.29122629374458375
effective100,2013,1,2013-07-30,0.3394448387490685,0.91,-2.289054551904296,51.50491064296041,9.265470036410404,5.049271118965109,0.8467536036545944
effective100,2013,1,2013-07-31,0.34732702868686927,,7.245351193619506,,9.265470036410404,4.739870954838847,0.9239530844724784
effective100,2013,1,2013-08-01,0.3551850022073364,0.93,10.715526846522495,63.098753141587004,9.265470036410404,1.7150421549808843,0.7126846376677629
effective100,2013,1,2013-08-02,0.3630191509070906,,-8.096671337360753,,9.265470036410404,5.733481451186354,0.9607271759815252
effective100,2013,1,2013-08-03,0.3708298550538498,,-14.485504811197345,,9.265470036410404,4.7462195450306846,0.7950855478338378
effective100,2013,1,2013-08-04,0.37861748405502826,,-1.450001873842374,,9.265470036410404,4.579672540474561,0.7684622453735139
effective100,2013,1,2013-08-05,0.3863823969012772,,5.469729104584818,,9.265470036410404,2.8516810081004875,0.8256270762875099
effective100,2013,1,2013-08-06,0.3941249425865958,0.965,8.876691506511726,51.5024696525389,9.265470036410404,1.6680130781820195,0.8319176866130652
effective100,2013,1,2013-08-07,0.40184546050652936,,-7.559999944720801,,9.265470036410404,3.215624547927655,0.506691632073456
effective100,2013,1,2013-08-08,0.40954428083585026,0.975,-1.462892242446418,39.714409389868564,9.265470036410404,2.61910627468402,0.41937144931118925
effective100,2013,1,2013-08-09,0.4172217248870098,,5.520779136771985,,9.265470036410404,4.434632082903831,0.7272674518025354
effective100,2013,1,2013-08-10,0.4248781054505597,,9.470683744066033,,9.265470036410404,2.5634364363194755,0.8179361645683436
effective100,2013,1,2013-08-11,0.432513727118651,0.99,11.34982209604702,52.67066818285829,9.265470036410404,1.196948950012331,0.5893189573832779
effective100,2013,1,2013-08-12,0.44012888659263805,,-15.248789992787158,,9.265470036410404,3.97542211573107,0.6399984574812425
effective100,2013,1,2013-08-13,0.4477238729757407,1.0,-4.177319176812858,31.106771258622953,9.265470036410404,3.4406505185841754,0.6328861506348692
effective100,2013,1,2013-08-14,0.4552989680516555,,2.589624267857965,,9.265470036410404,2.008229307144625,0.6667102002426184
effective100,2013,1,2013-08-15,0.46285444654993735,1.01,6.048985420851387,37.77615786546463,9.265470036410404,1.5094169381865816,0.7338843279345839
effective100,2013,1,2013-08-16,0.47039057639891935,,-13.448005685292479,,9.265470036410404,4.764259676505108,0.7953448803162022
effective100,2013,1,2013-08-17,0.47790761896689005,,-2.0183231795381777,,9.265470036410404,4.7341564732125345,0.7933365333044182
effective100,2013,1,2013-08-18,0.48540582929219167,,5.501441309585788,,9.265470036410404,3.440965551650358,0.7303252838413731
effective100,2013,1,2013-08-19,0.49288545630286196,,9.71300966859131,,9.265470036410404,2.1472393696743155,0.8848765891660847
effective100,2013,1,2013-08-20,0.5003467430264026,1.035,12.174307216387918,37.028250641111455,9.265470036410404,1.3826260844482823,0.8550977501949341
effective100,2013,1,2013-08-21,0.5077899267902153,,-17.253932599090838,,9.265470036410404,5.060572820890475,0.8436826747738608
effective100,2013,1,2013-08-22,0.5152152394132161,1.045,-10.892798653068844,7.07256401686517,9.265470036410404,3.7456983390954224,0.6243038810972906
effective100,2013,1,2013-08-23,0.5226229073890989,,0.8997101465538013,,9.265470036410404,4.486361975224247,0.7790954144090776
effective100,2013,1,2013-08-24,0.5300131520616982,,6.316840636488893,,9.265470036410404,2.3131998275433583,0.7250723693109018
effective100,2013,1,2013-08-25,0.5373861897928651,1.05,10.593911592878882,19.847518040926275,9.265470036410404,3.6008832353340963,0.7567682855727872
effective100,2013,1,2013-08-26,0.544742232123248,,-7.562071592481946,,9.265470036410404,5.1418745637595995,0.8560902280995691
effective100,2013,1,2013-08-27,0.5520814859263452,1.05,0.8091029735892691,7.928163590512189,9.265470036410404,4.910818856303269,0.8282383285121183
effective100,2013,1,2013-08-28,0.5594041535561767,,5.666215029613644,,9.265470036410404,3.9299830644706306,0.724884327750508
effective100,2013,1,2013-08-29,0.5667104329888939,1.05,9.829111015620738,15.876834819527954,9.265470036410404,2.510814817769217,0.9018612994666846
effective100,2013,1,2013-08-30,0.574000517958636,,-15.71263198597697,,9.206514960206889,4.0414058403374815,0.6635289201979226
effective100,2013,1,2013-08-31,0.574000517958636,,-4.227690502480426,,9.140057402215609,4.1891389140800825,0.6776025723875315
effective100,2013,1,2013-09-01,0.574000517958636,,4.215785160733879,,9.065142614574286,3.3360938369594257,0.6426793017724666
effective100,2013,1,2013-09-02,0.574000517958636,,8.47920631510885,,8.980694350494515,2.0067340628579418,0.6980439619100293
effective100,2013,1,2013-09-03,0.574000517958636,,12.241259343663021,,8.885499402599429,3.0537350075587444,0.6347073508512785
effective100,2013,1,2013-09-04,0.574000517958636,1.05,14.552755172888785,14.394492101675516,8.778190173647278,1.6084207679778886,0.6059874739393671
effective100,2013,1,2013-09-05,0.574000517958636,,-5.139965578976929,,8.657225029247009,4.960288487519506,0.7180468878961408
effective100,2013,1,2013-09-06,0.574000517958636,1.05,2.343904141462935,1.7552179177469192,8.520866150307507,5.187158615219964,0.7392362317921336
effective100,2013,1,2013-09-07,0.574000517958636,,6.842269069959137,,8.36715456704256,2.6112591276163983,0.6276949654843704
effective100,2013,1,2013-09-08,0.574000517958636,,9.670758530724738,,8.193882015863114,1.6934736295311699,0.6419994901590188
effective100,2013,1,2013-09-09,0.574000517958636,,-13.332722272703535,,7.998559214845037,3.753214150690424,0.4626234349910614
effective100,2013,1,2013-09-10,0.574000517958636,,-7.812497973688402,,7.778380102008876,2.146016451869603,0.23483612569297066
effective100,2013,1,2013-09-11,0.574000517958636,,-5.757816513472111,,7.530181522648799,1.3819689972900167,0.14139571843415313
effective100,2013,1,2013-09-12,0.574000517958636,,-11.114417367434303,,7.250397786567526,0.869775084067731,0.07271367156432315
effective100,2013,1,2013-09-13,0.574000517958636,,-13.231412612758012,,6.93500944237386,2.347993084542362,0.21180728759552983
effective100,2013,1,2013-09-14,0.574000517958636,,-6.518246539025037,,6.579485532919997,3.4545379065496786,0.27960802320150135
effective100,2013,1,2013-09-15,0.574000517958636,,-14.614007573460448,,6.178718502304104,0.5521575800028309,0.023402513312258094
effective100,2013,1,2013-09-16,0.574000517958636,,-6.0051194965295425,,5.726950819293954,2.300744047578708,0.12982902486388562
effective100,2013,1,2013-09-17,0.574000517958636,1.05,1.7711479876672045,-0.09281286075160483,5.217692263023227,3.6251558351546898,0.18172989005879403
effective100,2013,1,2013-09-18,0.574000517958636,,5.865727472420498,,4.643626682663593,3.053481789879338,0.1478597626276756
effective100,2013,1,2013-09-19,0.574000517958636,,8.363206137404058,,3.996506891556052,2.809465526421143,0.047246813032837745
effective100,2013,1,2013-09-20,0.574000517958636,,10.204619344385854,,3.267036185821136,1.7180393185549268,0.03697903034535027
effective100,2013,1,2013-09-21,0.574000517958636,,11.766919646465269,,2.4447347853112413,1.4979946840286593,0.038447613642752176
effective100,2013,1,2013-09-22,0.574000517958636,,10.26745975394946,,1.5177892781584856,3.3056884704563068,0.013080115860076158
effective100,2013,1,2013-09-23,0.574000517958636,,-3.1704975834799303,,0.47288290599629845,4.0341435070278635,0.000664026909669808
effective100,2013,2,2013-05-15,0.08,,3.5750575433999776,,0.0,4.468821929249998,0.0
effective100,2013,2,2013-05-16,0.08,,5.7824002357199955,,0.0,2.759178365400051,0.0
effective100,2013,2,2013-05-17,0.08,,7.460181263486801,,0.0,2.097226284708515,0.0
effective100,2013,2,2013-05-18,0.08,,8.542294799514062,,0.0,1.3526419200340798,0.0
effective100,2013,2,2013-05-19,0.08,,10.565062571331902,,0.0,2.782459714772308,0.0
effective100,2013,2,2013-05-20,0.08,,10.66962538424052,,0.4875,4.448703516135788,0.0
effective100,2013,2,2013-05-21,0.08,,12.149654448399074,,0.5738742470010385,2.866036330198201,0.0
effective100,2013,2,2013-05-22,0.08,,13.048384797278787,,0.6755521053764285,2.1394129360996583,0.0
effective100,2013,2,2013-05-23,0.08,,13.580305475840223,,0.6693127862307413,0.6649008482018102,0.0
effective100,2013,2,2013-05-24,0.08,,13.893055555555556,,0.6619209548482653,0.9093810455592738,0.0
effective100,2013,2,2013-05-25,0.08,,13.893055555555556,,0.6531637219016666,0.7549633909756408,0.0
effective100,2013,2,2013-05-26,0.08,,13.893055555555556,,0.6427888736519074,0.7399773728722208,0.0
effective100,2013,2,2013-05-27,0.08,,13.893055555555556,,0.6304976080361702,0.693408484580374,0.0
effective100,2013,2,2013-05-28,0.08,,13.893055555555556,,0.6159359289831668,2.407348429251132,0.0
effective100,2013,2,2013-05-29,0.08,,9.876697397905934,,0.5986844511067813,2.853552302937975,0.0
effective100,2013,2,2013-05-30,0.08,,13.893055555555556,,0.5782463211468956,5.224011026358109,0.0
effective100,2013,2,2013-05-31,0.08,,13.893055555555556,,0.5540329082874117,0.6570140616223447,0.0
effective100,2013,2,2013-06-01,0.08,,13.893055555555556,,0.5253468512237498,0.5220822607104458,0.0
effective100,2013,2,2013-06-02,0.08,,13.893055555555556,,0.49136197372485746,0.5156341355089056,0.0
effective100,2013,2,2013-06-03,0.08,,13.893055555555556,,0.45109949024546064,0.5852827361845605,0.0
effective100,2013,2,2013-06-04,0.08,,13.893055555555556,,0.40339981629543586,6.122004412460784,0.0
effective100,2013,2,2013-06-05,0.08,,13.893055555555556,,0.3468891716874604,0.23387583222973524,0.0
effective100,2013,2,2013-06-06,0.08,0.09,13.893055555555556,15.6296875,0.2799400148157657,0.42730060903340966,0.0
effective100,2013,2,2013-06-07,0.08,,5.6508257481784145,,0.32953921068278375,6.6913554581699595,0.005857282608618221
effective100,2013,2,2013-06-08,0.08915233855648597,,9.74448360236755,,0.3265992551968945,3.8666169955453227,0.0
effective100,2013,2,2013-06-09,0.08915233855648597,,11.292522544264914,,0.3230067246312896,1.736397459632029,0.0
effective100,2013,2,2013-06-10,0.08915233855648597,0.13,12.314982732831156,15.689284803487478,0.31874950169891064,1.146868612895028,0.0
effective100,2013,2,2013-06-11,0.08915233855648597,,13.353986524509503,,0.3137046045811261,1.1654251683146306,0.0
effective100,2013,2,2013-06-12,0.08915233855648597,0.15,14.131948351551614,18.977910446257034,0.30772629728237977,0.872620774326872,0.0
effective100,2013,2,2013-06-13,0.08915233855648597,,5.159514232460617,,0.3622486095083967,7.317249849863895,0.01859001214246111
effective100,2013,2,2013-06-14,0.09901540644357405,0.17,10.703921126433428,15.187388177255336,0.36065292902051344,5.023058168863886,0.0
effective100,2013,2,2013-06-15,0.09901540644357405,,12.499670524387177,,0.3570070867703745,1.8136060462238255,0.0
effective100,2013,2,2013-06-16,0.09901540644357405,,13.572250336909319,,0.352686792984132,1.0832453767014374,0.0
effective100,2013,2,2013-06-17,0.09901540644357405,,14.40815161462077,,0.3475672795442036,0.8442133479377412,0.0
effective100,2013,2,2013-06-18,0.09901540644357405,,15.159745192545753,,0.34150069723328086,0.7590673057059091,0.0
effective100,2013,2,2013-06-19,0.09901540644357405,0.22,15.94020751753441,22.351612923045206,0.3343118459162474,0.7882231190288915,0.0
effective100,2013,2,2013-06-20,0.09901540644357405,,6.529296243142725,,0.39354453095120756,8.734172222607778,0.015335888289406706
effective100,2013,2,2013-06-21,0.1078839965454516,0.24,10.91295427011067,16.672874468969972,0.3906121298751352,3.8257534350275915,0.0
effective100,2013,2,2013-06-22,0.1078839965454516,,12.67621397973564,,0.38643015076311016,1.7632597096249796,0.0
effective100,2013,2,2013-06-23,0.1078839965454516,,13.94292929856633,,0.3814746538566065,1.2667153188306912,0.0
effective100,2013,2,2013-06-24,0.1078839965454516,,14.878062260522718,,0.3756025658015144,1.4431329619563948,0.0
effective100,2013,2,2013-06-25,0.1078839965454516,0.29,15.65228149559821,21.41220169445751,0.36864434974824606,0.7742192350755019,0.0
effective100,2013,2,2013-06-26,0.1078839965454516,,4.858952107856581,,0.433959997175307,7.870745256594054,0.035925355664313555
effective100,2013,2,2013-06-27,0.11695664341110161,0.32,11.255716178603112,21.282082977631777,0.46099954942836796,5.829460670915922,0.0
effective100,2013,2,2013-06-28,0.11695664341110161,,13.44488325142033,,0.45673748386686186,2.951167072817241,0.0
effective100,2013,2,2013-06-29,0.11695664341110161,,14.588914497256361,,0.4516873393203285,1.9060312458360371,0.0
effective100,2013,2,2013-06-30,0.11695664341110161,0.365,15.467167631576066,36.369471930604725,0.44570339572001744,0.8782531343197099,0.0
effective100,2013,2,2013-07-01,0.11695664341110161,,2.5857166336453123,,0.5246722063684736,7.0805169419983,0.04603206007095208
effective100,2013,2,2013-07-02,0.12578879472556498,0.395,8.73791135356011,36.33857519547241,0.6135221174561466,5.574646047843026,0.025283214955432672
effective100,2013,2,2013-07-03,0.13376661594044598,,11.835854120672128,,0.6081794262484262,2.5990977039829737,0.0
effective100,2013,2,2013-07-04,0.13376661594044598,0.425,13.584790101195045,47.93723387997827,0.6015241653994068,1.748935980522933,0.0
effective100,2013,2,2013-07-05,0.13376661594044598,,-8.770779165440063,,0.7081009794287441,5.587847090733733,0.06499001099225585
effective100,2013,2,2013-07-06,0.14242868002079695,,2.184733805526248,,0.8335608540930634,4.756954809491681,0.08892194000828126
effective100,2013,2,2013-07-07,0.1510508545011457,,6.510521828996095,,0.9795129604158213,4.719329948061227,0.10273684374704409
effective100,2013,2,2013-07-08,0.1596340999758467,,9.263802024331023,,1.0818834984846817,2.610233295327836,0.10008590514364052
effective100,2013,2,2013-07-09,0.1681412757424155,0.5,11.1235684531132,55.638877100129065,1.0807496033110202,1.8104477212108274,0.06753315543434772
effective100,2013,2,2013-07-10,0.1763347160054449,,-18.425977101397542,,1.2722345944549391,7.269403825061589,0.1528925156944985
effective100,2013,2,2013-07-11,0.1848065390931288,0.54,2.776280061714439,39.68864235378794,1.4976465023620507,6.833438808834243,0.2265301040685862
effective100,2013,2,2013-07-12,0.19324288836242084,,2.8002980926144545,,1.762996428342074,6.0257985800021885,0.17662202610094702
effective100,2013,2,2013-07-13,0.20164454193676404,,1.958734800541015,,2.075360508267339,5.605193004605186,0.19409194283450767
effective100,2013,2,2013-07-14,0.21001224754371847,0.6,5.482219078863591,54.60330832444334,2.4430686132053583,4.19556693294853,0.21231577685698397
effective100,2013,2,2013-07-15,0.2183467242050625,0.62,4.937312644668033,58.10278838396682,2.875926483641223,4.595686780676514,0.22254327884696168
effective100,2013,2,2013-07-16,0.2266486638059055,,-16.649728223056908,,3.3854772209845145,7.852425471105095,0.45023363588250365
effective100,2013,2,2013-07-17,0.23491873255334858,0.66,1.9321535648479846,51.09731359746003,3.9853091096033975,5.8999473173059425,0.5294187891997034
effective100,2013,2,2013-07-18,0.2431575723341439,0.68,6.815295913091391,58.063442948307426,4.6914179781333925,5.445430607151724,0.4874487436956809
effective100,2013,2,2013-07-19,0.25136580197986524,,-13.6047027044428,,5.522633763217302,4.086540884308254,0.3917343388898181
effective100,2013,2,2013-07-20,0.2595440184472526,,0.19742610656259507,,6.501122650930958,5.312269118798958,0.6084350954538991
effective100,2013,2,2013-07-21,0.26769279792065515,,6.581711552030334,,7.640824251178977,3.598800766774311,0.6508434960302607
effective100,2013,2,2013-07-22,0.2758126968428314,,10.35217878181008,,8.439135334357625,2.2525908177821674,0.8957154129043353
effective100,2013,2,2013-07-23,0.28390425287977483,0.78,12.59522803086038,72.77446588488161,8.852064882929294,1.342365255358452,0.8514777502738252
effective100,2013,2,2013-07-24,0.2919679858247104,,-22.637562957357595,,9.366008772360056,4.404228218048679,0.7486923032881392
effective100,2013,2,2013-07-25,0.3000043984459302,0.82,-4.30869770598971,48.21393034025022,9.366008772360056,2.6624114968234083,0.44059077054172086
effective100,2013,2,2013-07-26,0.30801397728272417,,4.076556827723907,,9.366008772360056,4.237004368671052,0.9323132189232268
effective100,2013,2,2013-07-27,0.3159971933932755,,8.017744326003871,,9.366008772360056,2.992879194172005,0.49430302625045386
effective100,2013,2,2013-07-28,0.32395450305805484,0.88,10.107565605295266,68.19101977119992,9.366008772360056,1.9794380979246717,0.3582765250083653
effective100,2013,2,2013-07-29,0.3318863484419441,,-18.074801596699654,,9.366008772360056,1.7841232619601335,0.29420049299661893
effective100,2013,2,2013-07-30,0.3397931582180391,0.91,-2.2774566957207703,51.118233519928374,9.366008772360056,5.040053751666204,0.8553987421054959
effective100,2013,2,2013-07-31,0.3476753481558399,,7.25018757106324,,9.366008772360056,4.733868495054394,0.9333837021615811
effective100,2013,2,2013-08-01,0.355533321676307,0.93,10.722624685164774,62.7192913165264,9.366008772360056,1.7115571449335485,0.7199567877818707
effective100,2013,2,2013-08-02,0.3633674703760612,,-8.19061547738583,,9.366008772360056,5.723015068377449,0.9705275043932818
effective100,2013,2,2013-08-03,0.3711781745228204,,-14.533585814537503,,9.366008772360056,4.737555393750816,0.8031938406925261
effective100,2013,2,2013-08-04,0.3789658035239989,,-1.4616670754086507,,9.366008772360056,4.571719092608855,0.7762967765501474
effective100,2013,2,2013-08-05,0.3867307163702478,,5.471122987621965,,9.366008772360056,2.8475694867420747,0.8340419812002491
effective100,2013,2,2013-08-06,0.39447326205556643,0.965,8.884791895584296,51.030776209187444,9.366008772360056,1.6643423320251547,0.8403942604321908
effective100,2013,2,2013-08-07,0.4021937799755,,-7.552053203008968,,9.366008772360056,3.2097544744348103,0.5118529228285698
effective100,2013,2,2013-08-08,0.4098926003048209,0.975,-1.4610179819659914,39.241496616009805,9.366008772360056,2.614325136187029,0.42364204003862
effective100,2013,2,2013-08-09,0.41757004435598044,,5.5214159674364325,,9.366008772360056,4.428065272925619,0.7346713022830343
effective100,2013,2,2013-08-10,0.42522642491953033,,9.475489546202276,,9.366008772360056,2.559564668337215,0.8262606460451815
effective100,2013,2,2013-08-11,0.4328620465876216,0.99,11.35855586172361,52.20695195866486,9.366008772360056,1.1948597352267727,0.5953149678373006
effective100,2013,2,2013-08-12,0.4404772060616087,,-10.140796027539686,,9.366008772360056,3.9681650433842814,0.6465082175513408
effective100,2013,2,2013-08-13,0.4480721924447113,1.0,-2.4881129372812083,35.7361930470061,9.366008772360056,3.4281002940347576,0.6393217000375528
effective100,2013,2,2013-08-14,0.4556472875206261,,3.13672343172229,,9.366008772360056,2.0547219575883684,0.6734877234534695
effective100,2013,2,2013-08-15,0.463202766018908,1.01,6.276579963903711,42.49861641193217,9.366008772360056,1.5417253007084168,0.7413425498425706
effective100,2013,2,2013-08-16,0.47073889586789,,8.487178491680513,,9.366008772360056,1.16422095383344,0.8034253544935697
effective100,2013,2,2013-08-17,0.4782559384358607,,10.235907345719385,,9.366008772360056,0.8774480880447846,0.8013942570922091
effective100,2013,2,2013-08-18,0.4857541487611623,,13.47065545761586,,9.366008772360056,2.7366612820910694,0.7377408569131158
effective100,2013,2,2013-08-19,0.4932337757718326,,16.1146328042535,,9.366008772360056,1.7457129148453747,0.8938588247999848
effective100,2013,2,2013-08-20,0.5006950624953732,1.035,18.04021432507431,58.30716432617139,9.366008772360056,1.0604456258963761,0.8637751728960602
effective100,2013,2,2013-08-21,0.5081382462591859,,6.6442135036797225,,9.366008772360056,5.051334822507342,0.8522417583507198
effective100,2013,2,2013-08-22,0.5155635588821867,1.045,4.1558408881280124,46.17338290001066,9.366008772360056,3.738860623993799,0.6306355356540796
effective100,2013,2,2013-08-23,0.5229712268580695,,9.438364754855044,,9.366008772360056,4.495488342103122,0.7869946444632122
effective100,2013,2,2013-08-24,0.5303614715306688,,12.447337221940746,,9.366008772360056,2.2765379893742894,0.7324217086542583
effective100,2013,2,2013-08-25,0.5377345092618357,1.05,15.294296915415988,58.18735419778138,9.366008772360056,2.844519049151691,0.7644366473575452
effective100,2013,2,2013-08-26,0.5450905515922186,,9.091548797876259,,9.366008772360056,5.132488150286761,0.8647624789301832
effective100,2013,2,2013-08-27,0.5524298053953158,1.05,14.491911636505966,57.384967272158626,9.366008772360056,4.563736469933668,0.836625975226634
effective100,2013,2,2013-08-28,0.5597524730251473,,16.396879178929186,,9.366008772360056,2.9507442762824767,0.7322231424832236
effective100,2013,2,2013-08-29,0.5670587524578645,1.05,18.909123520209747,61.80217899331372,9.366008772360056,1.601255136678484,0.9109891657109395
effective100,2013,2,2013-08-30,0.5743488374276067,,11.41342073972624,,9.30641398022027,4.034052121262208,0.6702450860163593
effective100,2013,2,2013-08-31,0.5743488374276067,,16.27942687131031,,9.239235297574927,4.181544111254947,0.6844620164352474
effective100,2013,2,2013-09-01,0.5743488374276067,,18.77572826425674,,9.163507616683312,1.8471150515498873,0.6491863401996538
effective100,2013,2,2013-09-02,0.5743488374276067,,20.523645326162068,,9.078143012505265,1.0428038584249146,0.705113203118829
effective100,2013,2,2013-09-03,0.5743488374276067,,21.89019000543214,,8.981915113265826,0.979407585791377,0.64113709336714
effective100,2013,2,2013-09-04,0.5743488374276067,1.05,23.135823557773488,66.02887901304118,8.873441482055378,0.6335049739670493,0.6121285783398938
effective100,2013,2,2013-09-05,0.5743488374276067,,18.712681462316148,,8.751163756354414,4.951530950511389,0.7253269540206411
effective100,2013,2,2013-09-06,0.5743488374276067,1.05,23.695523057285982,66.58857851253977,8.613325260161796,4.236106299674025,0.746735295292562
effective100,2013,2,2013-09-07,0.5743488374276067,,24.971802707573488,,8.457945767096097,0.6422129082685898,0.6340667420179114
effective100,2013,2,2013-09-08,0.5743488374276067,,26.20159484694006,,8.282793051909659,0.581270549613568,0.6485215897527153
effective100,2013,2,2013-09-09,0.5743488374276067,,2.6012747406063084,,8.085350821716444,3.7468237680209553,0.4673275790754867
effective100,2013,2,2013-09-10,0.5743488374276067,,2.6949079989030036,,7.862782566224806,2.1424066532879653,0.23722660500871334
effective100,2013,2,2013-09-11,0.5743488374276067,,-0.29925526841420336,,7.6118908076374145,1.3796760193884339,0.14283683354393087
effective100,2013,2,2013-09-12,0.5743488374276067,,-8.656511874346535,,7.329071164791094,0.8683540656615801,0.07345584507714753
effective100,2013,2,2013-09-13,0.5743488374276067,,-12.681554423677499,,7.010260571609103,2.344223233003603,0.21397275881768998
effective100,2013,2,2013-09-14,0.5743488374276067,,-6.487356119599098,,6.650878905957666,3.4490992893573456,0.2824721370558317
effective100,2013,2,2013-09-15,0.5743488374276067,,-14.614620735246238,,6.245763190330639,0.5513073230369776,0.023642757280973863
effective100,2013,2,2013-09-16,0.5743488374276067,,-6.009352458064145,,5.789093419070868,2.2972883891118756,0.131165146908511
effective100,2013,2,2013-09-17,0.5743488374276067,1.05,1.7652486017658013,21.521844309183685,5.2743089465414075,3.6198615292611795,0.18360547419069315
effective100,2013,2,2013-09-18,0.5743488374276067,,5.860709704427395,,4.694014235055694,3.051550007796281,0.14939073010592105
effective100,2013,2,2013-09-19,0.5743488374276067,,8.357822109403156,,4.039872608515057,2.8081935073719686,0.047737816631530344
effective100,2013,2,2013-09-20,0.5743488374276067,,10.199743458755805,,3.302486485388609,1.718036885895985,0.03736493237627233
effective100,2013,2,2013-09-21,0.5743488374276067,,11.76265503133674,,2.471262370429045,1.4981650782118452,0.03885073773817896
effective100,2013,2,2013-09-22,0.5743488374276067,,10.260658158782391,,1.5342586655575414,3.3030021470409285,0.01321799390391109
effective100,2013,2,2013-09-23,0.5743488374276067,,-3.17977188181824,,0.47801411352643,4.031660272079022,0.0006710686566929172
effective100,2013,3,2013-05-15,0.08,,3.5750575433999776,,0.0,4.468821929249998,0.0
effective100,2013,3,2013-05-16,0.08,,5.7824002357199955,,0.0,2.759178365400051,0.0
effective100,2013,3,2013-05-17,0.08,,7.460181263486801,,0.0,2.097226284708515,0.0
effective100,2013,3,2013-05-18,0.08,,8.542294799514062,,0.0,1.3526419200340798,0.0
effective100,2013,3,2013-05-19,0.08,,10.565062571331902,,0.0,2.782459714772308,0.0
effective100,2013,3,2013-05-20,0.08,,10.66962538424052,,0.4875,4.448703516135788,0.0
effective100,2013,3,2013-05-21,0.08,,12.149654448399074,,0.5738742470010385,2.866036330198201,0.0
effective100,2013,3,2013-05-22,0.08,,13.048384797278787,,0.6755521053764285,2.1394129360996583,0.0
effective100,2013,3,2013-05-23,0.08,,13.580305475840223,,0.6693127862307413,0.6649008482018102,0.0
effective100,2013,3,2013-05-24,0.08,,13.893055555555556,,0.6619209548482653,0.9093810455592738,0.0
effective100,2013,3,2013-05-25,0.08,,13.893055555555556,,0.6531637219016666,0.7549633909756408,0.0
effective100,2013,3,2013-05-26,0.08,,13.893055555555556,,0.6427888736519074,0.7399773728722208,0.0
effective100,2013,3,2013-05-27,0.08,,13.893055555555556,,0.6304976080361702,0.693408484580374,0.0
effective100,2013,3,2013-05-28,0.08,,13.893055555555556,,0.6159359289831668,2.407348429251132,0.0
effective100,2013,3,2013-05-29,0.08,,9.876697397905934,,0.5986844511067813,2.853552302937975,0.0
effective100,2013,3,2013-05-30,0.08,,13.893055555555556,,0.5782463211468956,5.224011026358109,0.0
effective100,2013,3,2013-05-31,0.08,,13.893055555555556,,0.5540329082874117,0.6570140616223447,0.0
effective100,2013,3,2013-06-01,0.08,,13.893055555555556,,0.5253468512237498,0.5220822607104458,0.0
effective100,2013,3,2013-06-02,0.08,,13.893055555555556,,0.49136197372485746,0.5156341355089056,0.0
effective100,2013,3,2013-06-03,0.08,,13.893055555555556,,0.45109949024546064,0.5852827361845605,0.0
effective100,2013,3,2013-06-04,0.08,,13.893055555555556,,0.40339981629543586,6.122004412460784,0.0
effective100,2013,3,2013-06-05,0.08,,13.893055555555556,,0.3468891716874604,0.23387583222973524,0.0
effective100,2013,3,2013-06-06,0.08,0.09,13.893055555555556,15.6296875,0.2799400148157657,0.42730060903340966,0.0
effective100,2013,3,2013-06-07,0.08,,5.491825391076957,,0.32953921068278375,6.6913554581699595,0.007106836231790108
effective100,2013,3,2013-06-08,0.0896804743532983,,9.682272143718313,,0.3267530038236376,3.9316287546741626,0.0
effective100,2013,3,2013-06-09,0.0896804743532983,,11.282970795860289,,0.3231889199300183,1.7848909293632829,0.0
effective100,2013,3,2013-06-10,0.0896804743532983,0.13,12.331572671790717,15.626435390433105,0.318965406891575,1.1692644173573858,0.0
effective100,2013,3,2013-06-11,0.0896804743532983,,13.392189197069996,,0.31396045669446093,1.182661591531023,0.0
effective100,2013,3,2013-06-12,0.0896804743532983,0.15,14.183797910646424,18.942375752636654,0.30802948732190655,0.8826990705444743,0.0
effective100,2013,3,2013-06-13,0.0896804743532983,,4.9805881188245325,,0.3626055181353334,7.317204839662256,0.020572688625976974
effective100,2013,3,2013-06-14,0.09957591075828982,0.17,10.665112856902624,15.087564034371406,0.36146205619300126,5.156831053318468,0.0
effective100,2013,3,2013-06-15,0.09957591075828982,,12.508180667702565,,0.35789657551288423,1.8509173521634268,0.0
effective100,2013,3,2013-06-16,0.09957591075828982,,13.60232649068502,,0.35367151065766733,1.0988057399127313,0.0
effective100,2013,3,2013-06-17,0.09957591075828982,,14.452523040066442,,0.3486648440585925,0.8538174975323048,0.0
effective100,2013,3,2013-06-18,0.09957591075828982,,15.215467241768946,,0.34273198591480786,0.766193546102221,0.0
effective100,2013,3,2013-06-19,0.09957591075828982,0.22,16.00647763611544,22.32754699164892,0.3357015985187755,0.7943792713747787,0.0
effective100,2013,3,2013-06-20,0.09957591075828982,,6.345517300786926,,0.39518051706052765,8.733925913636734,0.017968163596970673
effective100,2013,3,2013-06-21,0.10865259463501646,0.24,10.871042194375514,16.582902734816464,0.392627825580252,3.9574616659338626,0.0
effective100,2013,3,2013-06-22,0.10865259463501646,,12.666941386760126,,0.38850098130446326,1.795899192384628,0.0
effective100,2013,3,2013-06-23,0.10865259463501646,,13.94982810584374,,0.3836108231419756,1.2828867190836355,0.0
effective100,2013,3,2013-06-24,0.10865259463501646,,14.894099583466552,,0.3778161661944284,1.4522714776228236,0.0
effective100,2013,3,2013-06-25,0.10865259463501646,0.29,15.67448343386058,21.38634397430153,0.3709497115678002,0.780383850394031,0.0
effective100,2013,3,2013-06-26,0.10865259463501646,,9.44486041608884,,0.43667381825892054,7.870376982228267,0.0
effective100,2013,3,2013-06-27,0.10865259463501646,0.32,12.857025626932181,23.40263616737312,0.43263618528669057,3.4121652108433547,0.0
effective100,2013,3,2013-06-28,0.10865259463501646,,14.268703255245933,,0.4278518860690036,2.173677628313771,0.0
effective100,2013,3,2013-06-29,0.10865259463501646,,15.10482761508208,,0.4221828420618366,1.598124359836161,0.0
effective100,2013,3,2013-06-30,0.10865259463501646,0.365,15.785849176825604,37.20739721726654,0.4154654403081198,0.6810215617435419,0.0
effective100,2013,3,2013-07-01,0.10865259463501646,,7.479336981522309,,0.4890767522292865,7.084865562882388,0.016622241814321682
effective100,2013,3,2013-07-02,0.11677475856526447,0.395,11.9208308964493,40.08513327027621,0.4849493211834482,3.93362324831297,0.0
effective100,2013,3,2013-07-03,0.11677475856526447,,13.670807407010281,,0.47966519292539,1.749976510561,0.0
effective100,2013,3,2013-07-04,0.11677475856526447,0.425,14.956388948832732,50.37131632265963,0.47340413072565124,1.2855815418224616,0.0
effective100,2013,3,2013-07-05,0.11677475856526447,,-4.316968104316804,,0.557280900609978,5.602412891597851,0.04223005525261766
effective100,2013,3,2013-07-06,0.12543682264561545,,3.879952242112782,,0.6560187840115111,4.617644374545126,0.06802891388839073
effective100,2013,3,2013-07-07,0.1340589971259642,,8.013786886379807,,0.7601081506792797,4.670939677280798,0.05852475543419585
effective100,2013,3,2013-07-08,0.1425578152147428,,10.720128739400995,,0.7579484354794174,2.5372412235353035,0.012008737046468543
effective100,2013,3,2013-07-09,0.1474721033822863,0.5,12.550495441051401,61.90786176664881,0.7506126668169077,1.7349523154084723,0.0
effective100,2013,3,2013-07-10,0.1474721033822863,,-9.753788555975369,,0.8836046747876806,7.3184550697129325,0.10642853659785574
effective100,2013,3,2013-07-11,0.1559439264699702,0.54,3.9407565085051655,53.76557674220858,1.040159933108467,6.807580573073298,0.15775079617569043
effective100,2013,3,2013-07-12,0.16438027573926225,,3.0393126360112293,,1.2244533299964555,6.082349657496392,0.12305380166015661
effective100,2013,3,2013-07-13,0.17278192931360545,,1.9650317101311006,,1.4413994517736002,5.6672621477378735,0.13530264679754136
effective100,2013,3,2013-07-14,0.18114963492055988,0.6,5.43032149449128,68.69856498844516,1.6967836410549424,4.266977159029225,0.14810682122046706
effective100,2013,3,2013-07-15,0.1894841115819039,0.62,7.78953478908638,75.11966174849722,1.9655206801810816,2.186933315576716,0.15291344447536293
effective100,2013,3,2013-07-16,0.19778605118274692,,-10.03814458095767,,2.3137675903669486,8.000916640178614,0.30966716901199065
effective100,2013,3,2013-07-17,0.20605611993019,0.66,2.690387631948483,71.6720888390232,2.7237161716045946,5.914790592340527,0.3645526889948859
effective100,2013,3,2013-07-18,0.2142949597109853,0.68,6.904882565890387,78.63016312053723,3.2062985990238726,5.588711182338136,0.3361130991759109
effective100,2013,3,2013-07-19,0.22250318935670663,,-5.485853243696058,,3.7743839880519174,4.214711675715254,0.27055283767521293
effective100,2013,3,2013-07-20,0.230681405824094,,3.4336360942351933,,4.443121577509887,5.498604311084558,0.4210238798466601
effective100,2013,3,2013-07-21,0.23883018529749653,,8.142938088654283,,5.193978348858646,3.641157684091808,0.4490307466184524
effective100,2013,3,2013-07-22,0.24695008421967277,,11.227497476669823,,5.6179182792907065,2.440978065320582,0.6066044244401607
effective100,2013,3,2013-07-23,0.25504164025661624,0.78,13.23541182604203,101.08915312122826,5.789749336286566,1.428634979766129,0.5674413961323244
effective100,2013,3,2013-07-24,0.2631053732015518,,-13.992691030023899,,6.125897605879413,4.668700482704693,0.4995305113098472
effective100,2013,3,2013-07-25,0.2711417858227716,0.82,-2.6438888210780327,84.55720539529244,6.125897605879413,2.8222883159050194,0.2939912974779829
effective100,2013,3,2013-07-26,0.2791513646595656,,4.378022281302953,,6.125897605879413,4.4033999483691435,0.6221589708022415
effective100,2013,3,2013-07-27,0.2871345807701169,,7.909295140150021,,6.125897605879413,3.0562751925520737,0.3298931203852528
effective100,2013,3,2013-07-28,0.29509189043489625,0.88,9.86559963759219,104.24101371365808,6.125897605879413,2.0500734648487073,0.23913262140825203
effective100,2013,3,2013-07-29,0.3030237358187855,,-24.429632114912785,,6.125897605879413,1.8912591995535601,0.19638321584389618
effective100,2013,3,2013-07-30,0.31093054559488054,0.91,-2.636390464846081,81.09584542064158,6.125897605879413,5.342707102877368,0.5710446887086763
effective100,2013,3,2013-07-31,0.3188127355326813,,6.9722120912287116,,6.125897605879413,4.798419527800749,0.6231638310004372
effective100,2013,3,2013-08-01,0.32667070905314843,0.93,10.325883883707238,92.29066227657479,6.125897605879413,1.7902253518162634,0.48071647864912803
effective100,2013,3,2013-08-02,0.3345048577529026,,-8.457753166674458,,6.125897605879413,6.066679992368349,0.6480835509498296
effective100,2013,3,2013-08-03,0.34231556189966184,,-14.395636934096878,,6.125897605879413,5.022043831199165,0.5363942461204374
effective100,2013,3,2013-08-04,0.3501031909008403,,-1.1688976798610522,,6.125897605879413,4.793285025102607,0.5184801475672722
effective100,2013,3,2013-08-05,0.3578681037470892,,5.316906153622776,,6.125897605879413,2.8887187757542407,0.5570996513159937
effective100,2013,3,2013-08-06,0.36561064943240784,0.965,8.466400624084397,80.28428724435791,6.125897605879413,1.758615388553815,0.5613952029630752
effective100,2013,3,2013-08-07,0.3733311673523414,,-7.8718227926816295,,6.125897605879413,3.4024990355283444,0.34195697735535713
effective100,2013,3,2013-08-08,0.3810299876816623,0.975,-1.4569858696535885,68.63425533785806,6.125897605879413,2.771314387216546,0.28305186006656863
effective100,2013,3,2013-08-09,0.38870743173282185,,5.441037566648319,,6.125897605879413,4.562791980752494,0.49090870904631345
effective100,2013,3,2013-08-10,0.39636381229637174,,9.161058789873557,,6.125897605879413,2.6147080183657945,0.552160640899634
effective100,2013,3,2013-08-11,0.40399943396446303,0.99,10.89081085242218,81.12673412286591,6.125897605879413,1.2473255223615136,0.3978651635821391
effective100,2013,3,2013-08-12,0.4116145934384501,,-10.487162603632775,,6.125897605879413,4.206451876762241,0.4321195499736556
effective100,2013,3,2013-08-13,0.4192095798215527,1.0,-2.4918727339601636,64.74240252486715,6.125897605879413,3.602594869566797,0.42735627236525525
effective100,2013,3,2013-08-14,0.4267846748974675,,3.047965281603307,,6.125897605879413,2.1727081387250244,0.4502369253413046
effective100,2013,3,2013-08-15,0.4343401533957494,1.01,6.021470181948644,71.26706350366062,6.125897605879413,1.6549245884661135,0.4956454929277742
effective100,2013,3,2013-08-16,0.4418762832447314,,-1.3681435508993496,,6.125897605879413,5.041132356313854,0.5372032021835855
effective100,2013,3,2013-08-17,0.4493933258127021,,4.63496198150103,,6.125897605879413,4.928849742210346,0.5358955239168492
effective100,2013,3,2013-08-18,0.4568915361380037,,8.651340075021986,,6.125897605879413,3.4367627900160715,0.49337666134524716
effective100,2013,3,2013-08-19,0.464371163148674,,11.592720798622864,,6.125897605879413,2.2764491281117785,0.5978394622820267
effective100,2013,3,2013-08-20,0.4718324498722146,1.035,13.618379705573638,82.04397102241325,6.125897605879413,1.4277610431134866,0.5777730259261098
effective100,2013,3,2013-08-21,0.4792756336360273,,-8.750754891936511,,6.125897605879413,5.354665597822205,0.5701121181045472
effective100,2013,3,2013-08-22,0.48670094625902816,1.045,-7.462009383122387,59.22408931333821,6.125897605879413,3.963377812364874,0.4219071027367095
effective100,2013,3,2013-08-23,0.4941086142349109,,1.5212092941160025,,6.125897605879413,4.616691594829481,0.526563956496344
effective100,2013,3,2013-08-24,0.5014988589075102,,6.200144006930794,,6.125897605879413,2.3720316717656953,0.49009642122829483
effective100,2013,3,2013-08-25,0.5088718966386772,1.05,10.25223043606415,71.59952947941083,6.125897605879413,3.7449162622103005,0.5115673428758921
effective100,2013,3,2013-08-26,0.51622793896906,,-3.9197373308728514,,6.125897605879413,5.440692152718747,0.578760868575987
effective100,2013,3,2013-08-27,0.5235671927721572,1.05,3.0342780825177487,62.93632563228988,6.125897605879413,5.057360324681978,0.5599828069023597
effective100,2013,3,2013-08-28,0.5308898604019887,,6.789546654355655,,6.125897605879413,4.045705589479635,0.49014868871425366
effective100,2013,3,2013-08-29,0.5381961398347059,1.05,10.367769440146674,68.89942068661009,6.125897605879413,2.5953688112650495,0.6098719648613122
effective100,2013,3,2013-08-30,0.5454862248044481,,-9.135055405249606,,6.086919253054318,4.275515569794944,0.44869213589081186
effective100,2013,3,2013-08-31,0.5454862248044481,,-0.9801299190965388,,6.042980608410111,4.430927166562755,0.45819143389817873
effective100,2013,3,2013-09-01,0.5454862248044481,,5.2200504424888665,,5.993450437090845,3.329261457243239,0.43455262087418317
effective100,2013,3,2013-09-02,0.5454862248044481,,8.66018313459241,,5.937617174804739,2.070435968106041,0.47195314202190713
effective100,2013,3,2013-09-03,0.5454862248044481,,12.162721454440058,,5.874678705292593,3.150087805031106,0.42909015811356466
effective100,2013,3,2013-09-04,0.5454862248044481,1.05,14.292611310195765,65.9213997802585,5.8037308369012965,1.6676458417184687,0.40962579439329816
effective100,2013,3,2013-09-05,0.5454862248044481,,1.8327226827355192,,5.723754312713697,5.239113267416837,0.4853035508109482
effective100,2013,3,2013-09-06,0.5454862248044481,1.05,7.67333908588153,59.28173114306802,5.633600167618699,5.336377347429094,0.49953719715268446
effective100,2013,3,2013-09-07,0.5454862248044481,,10.675579009498131,,5.531973221957184,2.5767512067707234,0.4240747287907489
effective100,2013,3,2013-09-08,0.5454862248044481,,12.82993241164381,,5.417413474608845,1.7202951242619777,0.43363161731115674
effective100,2013,3,2013-09-09,0.5454862248044481,,-10.29337990019519,,5.288275128207817,3.9566708478100314,0.3123831632099754
effective100,2013,3,2013-09-10,0.5454862248044481,,-6.260568973879489,,5.142702945157487,2.260941193161016,0.15851758659879056
effective100,2013,3,2013-09-11,0.5454862248044481,,-5.20669847391592,,4.978605594768385,1.454966072962147,0.09540639279768814
effective100,2013,3,2013-09-12,0.5454862248044481,,-10.930443226827833,,4.793625608616677,0.9150091550628486,0.04904096724065203
effective100,2013,3,2013-09-13,0.5454862248044481,,-13.034203404225215,,4.585105512493549,2.4679789511716383,0.1427759988504042
effective100,2013,3,2013-09-14,0.5454862248044481,,-6.224406958110814,,4.350049648387592,3.6268517166512706,0.18836535446517466
effective100,2013,3,2013-09-15,0.5454862248044481,,-14.438025115115666,,4.085081138024092,0.5792057927811737,0.015754779876726892
effective100,2013,3,2013-09-16,0.5454862248044481,,-5.753542586613949,,3.7863933696874374,2.410628096465431,0.08733261827426786
effective100,2013,3,2013-09-17,0.5454862248044481,1.05,2.014427367429996,17.768275072588224,3.4496953113727336,3.7934039189697186,0.12213404036912602
effective100,2013,3,2013-09-18,0.5454862248044481,,6.040365139230179,,3.0701498646200642,3.111737825152273,0.0992682981149542
effective100,2013,3,2013-09-19,0.5454862248044481,,8.645547340339055,,2.6423043734053904,2.958435814046576,0.03168259466181266
effective100,2013,3,2013-09-20,0.5454862248044481,,10.52407896048251,,2.1600122897593064,1.769273105636043,0.024764001869150152
effective100,2013,3,2013-09-21,0.5454862248044481,,12.08981139193057,,1.6163448707401225,1.5165718839444582,0.02570823139381779
effective100,2013,3,2013-09-22,0.5454862248044481,,10.669742101781837,,1.0034916381751822,3.390169578335502,0.008730963070807049
effective100,2013,3,2013-09-23,0.5454862248044481,,-2.690919941787382,,0.31264817114732546,4.11188898154268,0.0004423670647271895
effective100,2013,4,2013-05-15,0.08,,3.5750575433999776,,0.0,4.468821929249998,0.0
effective100,2013,4,2013-05-16,0.08,,5.7824002357199955,,0.0,2.759178365400051,0.0
effective100,2013,4,2013-05-17,0.08,,7.460181263486801,,0.0,2.097226284708515,0.0
effective100,2013,4,2013-05-18,0.08,,8.542294799514062,,0.0,1.3526419200340798,0.0
effective100,2013,4,2013-05-19,0.08,,10.565062571331902,,0.0,2.782459714772308,0.0
effective100,2013,4,2013-05-20,0.08,,10.66962538424052,,0.4875,4.448703516135788,0.0
effective100,2013,4,2013-05-21,0.08,,12.149654448399074,,0.5738742470010385,2.866036330198201,0.0
effective100,2013,4,2013-05-22,0.08,,13.048384797278787,,0.6755521053764285,2.1394129360996583,0.0
effective100,2013,4,2013-05-23,0.08,,13.580305475840223,,0.6693127862307413,0.6649008482018102,0.0
effective100,2013,4,2013-05-24,0.08,,13.893055555555556,,0.6619209548482653,0.9093810455592738,0.0
effective100,2013,4,2013-05-25,0.08,,13.893055555555556,,0.6531637219016666,0.7549633909756408,0.0
effective100,2013,4,2013-05-26,0.08,,13.893055555555556,,0.6427888736519074,0.7399773728722208,0.0
effective100,2013,4,2013-05-27,0.08,,13.893055555555556,,0.6304976080361702,0.693408484580374,0.0
effective100,2013,4,2013-05-28,0.08,,13.893055555555556,,0.6159359289831668,2.407348429251132,0.0
effective100,2013,4,2013-05-29,0.08,,9.876697397905934,,0.5986844511067813,2.853552302937975,0.0
effective100,2013,4,2013-05-30,0.08,,13.893055555555556,,0.5782463211468956,5.224011026358109,0.0
effective100,2013,4,2013-05-31,0.08,,13.893055555555556,,0.5540329082874117,0.6570140616223447,0.0
effective100,2013,4,2013-06-01,0.08,,13.893055555555556,,0.5253468512237498,0.5220822607104458,0.0
effective100,2013,4,2013-06-02,0.08,,13.893055555555556,,0.49136197372485746,0.5156341355089056,0.0
effective100,2013,4,2013-06-03,0.08,,13.893055555555556,,0.45109949024546064,0.5852827361845605,0.0
effective100,2013,4,2013-06-04,0.08,,13.893055555555556,,0.40339981629543586,6.122004412460784,0.0
effective100,2013,4,2013-06-05,0.08,,13.893055555555556,,0.3468891716874604,0.23387583222973524,0.0
effective100,2013,4,2013-06-06,0.08,0.09,13.893055555555556,15.6296875,0.2799400148157657,0.42730060903340966,0.0
effective100,2013,4,2013-06-07,0.08,,5.6508257481784145,,0.32953921068278375,6.6913554581699595,0.005857282608618221
effective100,2013,4,2013-06-08,0.08915233855648597,,9.74448360236755,,0.3265992551968945,3.8666169955453227,0.0
effective100,2013,4,2013-06-09,0.08915233855648597,,11.292522544264914,,0.3230067246312896,1.736397459632029,0.0
effective100,2013,4,2013-06-10,0.08915233855648597,0.13,12.314982732831156,15.689284803487478,0.31874950169891064,1.146868612895028,0.0
effective100,2013,4,2013-06-11,0.08915233855648597,,13.353986524509503,,0.3137046045811261,1.1654251683146306,0.0
effective100,2013,4,2013-06-12,0.08915233855648597,0.15,14.131948351551614,18.977910446257034,0.30772629728237977,0.872620774326872,0.0
effective100,2013,4,2013-06-13,0.08915233855648597,,5.247924477111293,,0.3622486095083967,7.317249849863895,0.017757623539067333
effective100,2013,4,2013-06-14,0.09899573186540823,0.17,10.744725948799548,15.230755415552613,0.3604562601310942,4.9672577957645645,0.0
effective100,2013,4,2013-06-15,0.09899573186540823,,12.524240500705472,,0.35677403571588273,1.797566943921693,0.0
effective100,2013,4,2013-06-16,0.09899573186540823,,13.589924508696264,,0.35241062935621875,1.0764949032749,0.0
effective100,2013,4,2013-06-17,0.09899573186540823,,14.421517253999404,,0.3472400278630277,0.840028887744134,0.0
effective100,2013,4,2013-06-18,0.09899573186540823,,15.169879100018836,,0.34111290661928284,0.7559536476147236,0.0
effective100,2013,4,2013-06-19,0.09899573186540823,0.22,15.947517624306094,22.36219667319987,0.33385231715305,0.7855273248997484,0.0
effective100,2013,4,2013-06-20,0.09899573186540823,,6.5384086635639305,,0.39300358382719686,8.734253666953096,0.01518610257705285
effective100,2013,4,2013-06-21,0.10785294960203827,0.24,10.915368093871658,16.677229626590147,0.3900592664266092,3.819593183860145,0.0
effective100,2013,4,2013-06-22,0.10785294960203827,,12.677070347301054,,0.3858800753035946,1.7617022534294158,0.0
effective100,2013,4,2013-06-23,0.10785294960203827,,13.943008862155242,,0.3809278800832499,1.26593851485421,0.0
effective100,2013,4,2013-06-24,0.10785294960203827,,14.877701605024466,,0.3750597020606296,1.4426927428692393,0.0
effective100,2013,4,2013-06-25,0.10785294960203827,0.29,15.651622636009085,21.413484168727575,0.36810611647424246,0.7739210309846263,0.0
effective100,2013,4,2013-06-26,0.10785294960203827,,9.522453875366457,,0.4333264008371947,7.870831239357377,0.0
effective100,2013,4,2013-06-27,0.10785294960203827,0.32,12.878869464187257,23.474480996905736,0.4293196556551131,3.356415588820814,0.0
effective100,2013,4,2013-06-28,0.10785294960203827,,14.26850691843317,,0.4245719444518927,2.1516374542459347,0.0
effective100,2013,4,2013-06-29,0.10785294960203827,,15.094649401846514,,0.41894624063374436,1.5881424834133535,0.0
effective100,2013,4,2013-06-30,0.10785294960203827,0.365,15.768863351747562,37.24041238446603,0.4122801773255841,0.6742139499010593,0.0
effective100,2013,4,2013-07-01,0.10785294960203827,,7.659567864735326,,0.4853271309049727,7.085323751072828,0.013380761914935594
effective100,2013,4,2013-07-02,0.11555332159438764,0.395,11.985177378771445,40.225854966636575,0.48101557063919326,3.844113069182795,0.0
effective100,2013,4,2013-07-03,0.11555332159438764,,13.685007626841475,,0.4757319682150123,1.6998302480700378,0.0
effective100,2013,4,2013-07-04,0.11555332159438764,0.425,14.944801575791013,50.43610416365614,0.46947151171285884,1.2597939489495542,0.0
effective100,2013,4,2013-07-05,0.11555332159438764,,-4.228805565448616,,0.5526515082516021,5.602860390800953,0.04153246795942523
effective100,2013,4,2013-07-06,0.12421538567473861,,4.020429821331267,,0.6505691654397465,4.715320763030668,0.06690548094001737
effective100,2013,4,2013-07-07,0.13283756015508735,,8.061245747934455,,0.7521110907606946,4.569101678148964,0.056303052858062586
effective100,2013,4,2013-07-08,0.14132263301895148,,10.741579113390527,,0.7497119003061771,2.501199749250799,0.010995051239049312
effective100,2013,4,2013-07-09,0.14599884612182995,0.5,12.556937826765123,62.01151137521313,0.7423846979894102,1.7186260773291673,0.0
effective100,2013,4,2013-07-10,0.14599884612182995,,-9.66535085177738,,0.873918891371828,7.319680409574651,0.10526782872742702
effective100,2013,4,2013-07-11,0.15447066920951386,0.54,3.968493505206938,53.86843411000505,1.0287580425148515,6.8084425717577695,0.15603192473206692
effective100,2013,4,2013-07-12,0.1629070184788059,,3.045819645713309,,1.211031275886098,6.0837636185543635,0.12171442164017875
effective100,2013,4,2013-07-13,0.1713086720531491,,1.9662358917039886,,1.4255993057309564,5.668814966991584,0.13383185381553528
effective100,2013,4,2013-07-14,0.17967637766010353,0.6,5.4298113235558425,68.80126198105374,1.678184057644217,4.268267683682352,0.14649931406975825
effective100,2013,4,2013-07-15,0.18801085432144754,0.62,7.78800977296842,75.2217088931172,1.9439752898602478,2.187940437514436,0.15125647454904004
effective100,2013,4,2013-07-16,0.19631279392229056,,-10.194790608956357,,2.2884048321172834,8.004453404551862,0.306318729459733
effective100,2013,4,2013-07-17,0.20458286266973363,0.66,2.703010239972432,71.57249114500942,2.6938596920304483,5.916889444509343,0.36062067337131876
effective100,2013,4,2013-07-18,0.21282170245052895,0.68,6.905692491512342,78.53007136072901,3.1711522098265084,5.591831591289309,0.33249862443030553
effective100,2013,4,2013-07-19,0.22102993209625027,,-5.587328322948806,,3.733010433927931,4.217776947979785,0.2676536550639973
effective100,2013,4,2013-07-20,0.22920814856363764,,3.4006270606700935,,4.394417542189562,5.505962931589048,0.4165311839297099
effective100,2013,4,2013-07-21,0.23735692803704017,,8.128204363268535,,5.137552227600885,3.654394825736673,0.4443045585021443
effective100,2013,4,2013-07-22,0.2454768269592164,,11.21201114428546,,5.558408623242109,2.44729190329785,0.6003963408637175
effective100,2013,4,2013-07-23,0.25356838299615986,0.78,13.215138279493218,100.89610720031226,5.698851595613343,1.4326300564083496,0.558843436212041
effective100,2013,4,2013-07-24,0.2616321159410954,,-14.01254785531621,,6.0297224142385435,4.676706722277334,0.4919787551518276
effective100,2013,4,2013-07-25,0.2696685285623152,0.82,-2.623827218397429,84.36501015523262,6.0297224142385435,2.8271281886884436,0.2895476221361096
effective100,2013,4,2013-07-26,0.2776781073991092,,4.3793558359119595,,6.0297224142385435,4.408682902441004,0.6127567362515993
effective100,2013,4,2013-07-27,0.2856613235096605,,7.907395494485759,,6.0297224142385435,3.0617199593234394,0.3249085836883236
effective100,2013,4,2013-07-28,0.29361863317443987,0.88,9.862939571408512,104.04534959089204,6.0297224142385435,2.053876168245048,0.23552008571004787
effective100,2013,4,2013-07-29,0.3015504785583291,,-24.43217971686478,,6.0297224142385435,1.8945024734156726,0.19341702266087757
effective100,2013,4,2013-07-30,0.30945728833442415,0.91,-2.6050064000748274,80.90099689007783,6.0297224142385435,5.35186917981731,0.5624211232919186
effective100,2013,4,2013-07-31,0.3173394782722249,,6.978335886105502,,6.0297224142385435,4.804086914397849,0.6137548917758613
effective100,2013,4,2013-08-01,0.32519745179269205,0.93,10.321856384439913,92.08836057547258,6.0297224142385435,1.7937705990376915,0.47345961351675414
effective100,2013,4,2013-08-02,0.33303160049244623,,-8.363125791762794,,6.0297224142385435,6.077083592601301,0.6383018897458095
effective100,2013,4,2013-08-03,0.34084230463920545,,-14.342082560631589,,6.0297224142385435,5.0306560105852345,0.5282997976554735
effective100,2013,4,2013-08-04,0.3486299336403839,,-1.1465431919182967,,6.0297224142385435,4.8005178996883116,0.5106574457534382
effective100,2013,4,2013-08-05,0.35639484648663283,,5.319154435755734,,6.0297224142385435,2.8928931220770373,0.5486957879833585
effective100,2013,4,2013-08-06,0.36413739217195146,0.965,8.459145510205044,80.17367080917991,6.0297224142385435,1.762447458232106,0.5529280734969426
effective100,2013,4,2013-08-07,0.371857910091885,,-7.8798606371242315,,6.0297224142385435,3.4083338973973025,0.33680041422172896
effective100,2013,4,2013-08-08,0.3795567304212059,0.975,-1.4520762944613772,68.52480213394843,6.0297224142385435,2.776066846064005,0.2787843337521474
effective100,2013,4,2013-08-09,0.38723417447236547,,5.44267575355743,,6.0297224142385435,4.568918322603709,0.48350870061983964
effective100,2013,4,2013-08-10,0.39489055503591536,,9.156622997034708,,6.0297224142385435,2.618637061734665,0.5438388238401788
effective100,2013,4,2013-08-11,0.40252617670400664,0.99,10.88186903512443,81.00777173091467,6.0297224142385435,1.2494780595688306,0.3918698785990888
effective100,2013,4,2013-08-12,0.4101413361779937,,-10.795571659876561,,6.0297224142385435,4.213665417575344,0.4256092801420042
effective100,2013,4,2013-08-13,0.41773632256109633,1.0,-2.6871928505882092,64.23169955425067,6.0297224142385435,3.5165883573047365,0.42091893498061267
effective100,2013,4,2013-08-14,0.42531141763701114,,2.8806564074869314,,6.0297224142385435,2.1298951742248793,0.4434561653674283
effective100,2013,4,2013-08-15,0.432866896135293,1.01,5.8463804866959554,70.68061390861918,6.0297224142385435,1.6362349636682374,0.4881822177746579
effective100,2013,4,2013-08-16,0.440403025984275,,1.4623651872822496,,6.0297224142385435,5.049777270141922,0.5291156355275719
effective100,2013,4,2013-08-17,0.4479200685522457,,6.978501721582486,,6.0297224142385435,4.920476083691364,0.5278291127390575
effective100,2013,4,2013-08-18,0.4554182788775473,,10.622804312210988,,6.0297224142385435,3.3927174984852537,0.4859516053695392
effective100,2013,4,2013-08-19,0.4628979058882176,,13.370117372229943,,6.0297224142385435,2.1544031095663643,0.5888439361312604
effective100,2013,4,2013-08-20,0.47035919261175824,1.035,15.264673665676401,84.14689131238245,6.0297224142385435,1.324217549972001,0.5690810188056601
effective100,2013,4,2013-08-21,0.47780237637557094,,-2.0095501771942423,,6.0297224142385435,5.36384818209086,0.5615369259569905
effective100,2013,4,2013-08-22,0.48522768899857177,1.045,-3.6838230433910994,66.42806884743474,6.0297224142385435,3.9701745114463924,0.4155622556613985
effective100,2013,4,2013-08-23,0.49263535697445454,,2.916893375571318,,6.0297224142385435,4.591214366344346,0.5186466739755631
effective100,2013,4,2013-08-24,0.5000256016470539,,6.730942420059548,,6.0297224142385435,2.3801497093413877,0.4827288016165856
effective100,2013,4,2013-08-25,0.5073986393782208,1.05,10.44891215397728,78.6621897640405,6.0297224142385435,3.643930092023166,0.5038783566381033
effective100,2013,4,2013-08-26,0.5147546817086037,,0.2309780537924805,,6.0297224142385435,5.450022261809494,0.5700635376404292
effective100,2013,4,2013-08-27,0.5220939355117009,1.05,5.881715115167559,74.01422454136326,6.0297224142385435,5.080379774648225,0.5515692032246317
effective100,2013,4,2013-08-28,0.5294166031415324,,8.631652325221118,,6.0297224142385435,4.039419482998093,0.4827856737668479
effective100,2013,4,2013-08-29,0.5367228825742496,1.05,11.778305146955573,79.90332418609384,6.0297224142385435,2.544182343190877,0.6007121447747852
effective100,2013,4,2013-08-30,0.5440129675439918,,-1.7963748075029595,,5.991356012639861,4.2828253781792744,0.4419527857429998
effective100,2013,4,2013-08-31,0.5440129675439918,,3.5901235461741114,,5.948107194669388,4.438476837127108,0.4513088639824491
effective100,2013,4,2013-09-01,0.5440129675439918,,7.691984672672356,,5.899354635714073,3.2729185831216046,0.42802440377402046
effective100,2013,4,2013-09-02,0.5440129675439918,,10.329958856475692,,5.84439794287881,2.0185886188820255,0.46486200413246326
effective100,2013,4,2013-09-03,0.5440129675439918,,13.14983330456229,,5.782447592946251,2.6209245746429652,0.4226418053024208
effective100,2013,4,2013-09-04,0.5440129675439918,1.05,15.027221277767381,82.06022961707993,5.712613589865485,1.4649130972575155,0.4034684788413253
effective100,2013,4,2013-09-05,0.5440129675439918,,5.555736655065444,,5.633892678819889,5.247819992161315,0.4780065436373603
effective100,2013,4,2013-09-06,0.5440129675439918,1.05,11.330990664829901,78.36050408800574,5.545153933187887,5.282424416262738,0.49202351886446194
effective100,2013,4,2013-09-07,0.5440129675439918,,14.172252765899302,,5.445122507334847,2.4233261445069427,0.4176934133788529
effective100,2013,4,2013-09-08,0.5440129675439918,,16.128657266434093,,5.332361321824202,1.529228038956528,0.4271032414129731
effective100,2013,4,2013-09-09,0.5440129675439918,,-7.061163132124481,,5.205250417932397,3.9630240248851014,0.307677446534004
effective100,2013,4,2013-09-10,0.5440129675439918,,-4.528830269584225,,5.061963684868859,2.26452973405932,0.15612806016190062
effective100,2013,4,2013-09-11,0.5440129675439918,,-4.7044609461509435,,4.900442625357729,1.4572452856510576,0.09396707828170729
effective100,2013,4,2013-09-12,0.5440129675439918,,-10.817885193708346,,4.718366782690365,0.9164213853934151,0.048300450823291916
effective100,2013,4,2013-09-13,0.5440129675439918,,-13.004456054859268,,4.5131204043953606,2.47172445357866,0.14061781409850543
effective100,2013,4,2013-09-14,0.5440129675439918,,-6.208287479073437,,4.281754863607082,3.6321633091029235,0.18551459846302173
effective100,2013,4,2013-09-15,0.5440129675439918,,-14.42981725256999,,4.020946298267565,0.580049715458528,0.015516013432358235
effective100,2013,4,2013-09-16,0.5440129675439918,,-5.742392138762958,,3.726947859594696,2.4140551112738797,0.08600697954890538
effective100,2013,4,2013-09-17,0.5440129675439918,1.05,2.023927553495692,36.43609722276305,3.3955358838048513,3.7986480274049197,0.12027679353055418
effective100,2013,4,2013-09-18,0.5440129675439918,,6.046319184782628,,3.02194921377787,3.1134277430643036,0.0977556565207829
effective100,2013,4,2013-09-19,0.5440129675439918,,8.651150618807758,,2.600820798942459,2.9598090096882537,0.031198689303244095
effective100,2013,4,2013-09-20,0.5440129675439918,,10.529152662316452,,2.126100590726849,1.769146492362526,0.02438476436119861
effective100,2013,4,2013-09-21,0.5440129675439918,,12.094135093618023,,1.5909686258691695,1.51633321341172,0.025313350116989104
effective100,2013,4,2013-09-22,0.5440129675439918,,10.676501495734017,,0.9877370489181072,3.3927757304820094,0.008596398117613443
effective100,2013,4,2013-09-23,0.5440129675439918,,-2.6817907324372654,,0.307739666351649,4.114276708067799,0.0004355229043637263
effective100,2013,5,2013-05-15,0.08,,3.5750575433999776,,0.0,4.468821929249998,0.0
effective100,2013,5,2013-05-16,0.08,,5.7824002357199955,,0.0,2.759178365400051,0.0
effective100,2013,5,2013-05-17,0.08,,7.460181263486801,,0.0,2.097226284708515,0.0
effective100,2013,5,2013-05-18,0.08,,8.542294799514062,,0.0,1.3526419200340798,0.0
effective100,2013,5,2013-05-19,0.08,,10.565062571331902,,0.0,2.782459714772308,0.0
effective100,2013,5,2013-05-20,0.08,,10.66962538424052,,0.4875,4.448703516135788,0.0
effective100,2013,5,2013-05-21,0.08,,12.149654448399074,,0.5738742470010385,2.866036330198201,0.0
effective100,2013,5,2013-05-22,0.08,,13.048384797278787,,0.6755521053764285,2.1394129360996583,0.0
effective100,2013,5,2013-05-23,0.08,,13.580305475840223,,0.6693127862307413,0.6649008482018102,0.0
effective100,2013,5,2013-05-24,0.08,,13.893055555555556,,0.6619209548482653,0.9093810455592738,0.0
effective100,2013,5,2013-05-25,0.08,,13.893055555555556,,0.6531637219016666,0.7549633909756408,0.0
effective100,2013,5,2013-05-26,0.08,,13.893055555555556,,0.6427888736519074,0.7399773728722208,0.0
effective100,2013,5,2013-05-27,0.08,,13.893055555555556,,0.6304976080361702,0.693408484580374,0.0
effective100,2013,5,2013-05-28,0.08,,13.893055555555556,,0.6159359289831668,2.407348429251132,0.0
effective100,2013,5,2013-05-29,0.08,,9.876697397905934,,0.5986844511067813,2.853552302937975,0.0
effective100,2013,5,2013-05-30,0.08,,13.893055555555556,,0.5782463211468956,5.224011026358109,0.0
effective100,2013,5,2013-05-31,0.08,,13.893055555555556,,0.5540329082874117,0.6570140616223447,0.0
effective100,2013,5,2013-06-01,0.08,,13.893055555555556,,0.5253468512237498,0.5220822607104458,0.0
effective100,2013,5,2013-06-02,0.08,,13.893055555555556,,0.49136197372485746,0.5156341355089056,0.0
effective100,2013,5,2013-06-03,0.08,,13.893055555555556,,0.45109949024546064,0.5852827361845605,0.0
effective100,2013,5,2013-06-04,0.08,,13.893055555555556,,0.40339981629543586,6.122004412460784,0.0
effective100,2013,5,2013-06-05,0.08,,13.893055555555556,,0.3468891716874604,0.23387583222973524,0.0
effective100,2013,5,2013-06-06,0.08,0.09,13.893055555555556,15.6296875,0.2799400148157657,0.42730060903340966,0.0
effective100,2013,5,2013-06-07,0.08,,5.094324498323299,,0.32953921068278375,6.6913554581699595,0.010230720289719827
effective100,2013,5,2013-06-08,0.09025472203559913,,9.450850445864573,,0.3274975026421314,4.103402949889335,0.0
effective100,2013,5,2013-06-09,0.09025472203559913,,11.171950762415342,,0.3240711664093011,1.9069365876191235,0.0
effective100,2013,5,2013-06-10,0.09025472203559913,0.13,12.276637383626376,15.47808016780845,0.3200108871943935,1.2239654572038086,0.0
effective100,2013,5,2013-06-11,0.09025472203559913,,13.381431558512526,,0.31519937245014645,1.2240846240160188,0.0
effective100,2013,5,2013-06-12,0.09025472203559913,0.15,14.199726675173277,18.859395244627823,0.3094976280851019,0.9066507526753046,0.0
effective100,2013,5,2013-06-13,0.09025472203559913,,5.206642250973071,,0.3643337810583493,7.316986888868013,0.018897969706961018
effective100,2013,5,2013-06-14,0.10011972642833282,0.17,10.80976481584342,15.179307394249596,0.36274880684003064,5.033447590918737,0.0
effective100,2013,5,2013-06-15,0.10011972642833282,,12.626319628272313,,0.35908569437242566,1.8165548124289135,0.0
effective100,2013,5,2013-06-16,0.10011972642833282,,13.710803539261075,,0.35474494221533986,1.0844839109887794,0.0
effective100,2013,5,2013-06-17,0.10011972642833282,,14.55578464729983,,0.349601193707513,0.8449811080387654,0.0
effective100,2013,5,2013-06-18,0.10011972642833282,,15.315423855182294,,0.34350590244132545,0.7596392078824772,0.0
effective100,2013,5,2013-06-19,0.10011972642833282,0.22,16.10414318531254,22.349555313910834,0.33628304238836376,0.7887193301302609,0.0
effective100,2013,5,2013-06-20,0.10011972642833282,,6.698499635544678,,0.39586497995864733,8.733822864427198,0.01453358580493144
effective100,2013,5,2013-06-21,0.10887739681817171,0.24,11.015175530321647,16.712979418422673,0.39276282303759164,3.769067654279724,0.0
effective100,2013,5,2013-06-22,0.10887739681817171,,12.7639559982634,,0.38852803165309485,1.7487804679417642,0.0
effective100,2013,5,2013-06-23,0.10887739681817171,,14.023438526021,,0.38350996269170506,1.259482527757611,0.0
effective100,2013,5,2013-06-24,0.10887739681817171,,14.954464963062811,,0.37756373917914915,1.4390264370418246,0.0
effective100,2013,5,2013-06-25,0.10887739681817171,0.29,15.72591110463845,21.423714992739477,0.37051768733464036,0.7714461415756592,0.0
effective100,2013,5,2013-06-26,0.10887739681817171,,9.696357100505658,,0.4361652488609907,7.870445995867212,0.0
effective100,2013,5,2013-06-27,0.10887739681817171,0.32,13.005639173322502,23.53719306142352,0.43213230857316137,3.3092820728168513,0.0
effective100,2013,5,2013-06-28,0.10887739681817171,,14.376127399223357,,0.4273535680452777,2.1324882259008717,0.0
effective100,2013,5,2013-06-29,0.10887739681817171,,15.193536403356667,,0.4216911085484796,1.579409004133324,0.0
effective100,2013,5,2013-06-30,0.10887739681817171,0.365,15.861781599898892,37.269272987999905,0.4149815064334892,0.6682451965422336,0.0
effective100,2013,5,2013-07-01,0.10887739681817171,,7.751878357807865,,0.4885070759464107,7.08493517367525,0.013161584233723628
effective100,2013,5,2013-07-02,0.11650721525508484,0.395,12.062312837541528,40.24334442299923,0.48415350472616026,3.8333496770903404,0.0
effective100,2013,5,2013-07-03,0.11650721525508484,,13.75590055860163,,0.4788328192391557,1.6935877210601078,0.0
effective100,2013,5,2013-07-04,0.11650721525508484,0.425,15.012454203826913,50.4441107892846,0.47252843842529885,1.2565536452253065,0.0
effective100,2013,5,2013-07-05,0.11650721525508484,,-3.660959040717601,,0.5562500549495282,5.6025125359810914,0.04207421947439026
effective100,2013,5,2013-07-06,0.1251692793354358,,4.247339875631308,,0.6548052952378395,4.708501848914862,0.0677779480763772
effective100,2013,5,2013-07-07,0.13379145381578456,,8.311704218841243,,0.7546315378974283,4.563547575058119,0.051418253125988446
effective100,2013,5,2013-07-08,0.14222057707327299,,11.003477944077227,,0.7513566473532904,2.482692028297716,0.005723305749542383
effective100,2013,5,2013-07-09,0.1451046233071219,0.5,12.776026352989739,62.4625932907765,0.7437964005633455,1.701672286813911,0.0
effective100,2013,5,2013-07-10,0.1451046233071219,,-9.483233712142306,,0.8755807165033285,7.319470163722212,0.10546698491525193
effective100,2013,5,2013-07-11,0.1535764463948058,0.54,3.9859807610676867,54.21965196190762,1.030714306404056,6.808294668489328,0.15632685400432988
effective100,2013,5,2013-07-12,0.16201279566409785,,3.0503667965627206,,1.2133341465863086,6.083521004373698,0.12194423885071232
effective100,2013,5,2013-07-13,0.17041444923844104,,1.9675016304921702,,1.4283101943238266,5.6685485237869875,0.13408422249417234
effective100,2013,5,2013-07-14,0.17878215484539547,0.6,5.430283618093721,69.15250735491017,1.6813752559004982,4.268046246215251,0.14677514498680877
effective100,2013,5,2013-07-15,0.1871166315067395,0.62,7.788372120647298,75.57306576784454,1.9476719109352711,2.187767615929893,0.1515407970045032
effective100,2013,5,2013-07-16,0.1954185711075825,,-9.979220355603047,,2.292756412908826,8.003846514440564,0.30689330542426174
effective100,2013,5,2013-07-17,0.20368863985502558,0.66,2.714229483585562,72.12413026365081,2.698982276953548,5.916529272216717,0.3612954037247414
effective100,2013,5,2013-07-18,0.2119274796358209,0.68,6.909512806324346,79.08179526932189,3.1771824038069036,5.591296123650788,0.3331188820203
effective100,2013,5,2013-07-19,0.22013570928154222,,-5.485910879767065,,3.740109045271049,4.217250922249668,0.2681511819466893
effective100,2013,5,2013-07-20,0.22831392574892959,,3.4454632009605204,,4.40277387088553,5.502220932746624,0.41730220228866677
effective100,2013,5,2013-07-21,0.23646270522233212,,8.14417479907349,,5.146812159282878,3.6436393534250304,0.44508038509049325
effective100,2013,5,2013-07-22,0.24458260414450836,,11.22098706601467,,5.541130456780027,2.443665901915143,0.5985930149461478
effective100,2013,5,2013-07-23,0.25267416018145183,0.78,13.220646049609176,101.52640238225365,5.679742942211276,1.4314184952999516,0.5570347230234697
effective100,2013,5,2013-07-24,0.2607378931263874,,-14.007072001056862,,6.009504327525594,4.6783909618137125,0.4903900573989074
effective100,2013,5,2013-07-25,0.2687743057476072,0.82,-2.610175822201575,84.99548418327922,6.009504327525594,2.8281463327270924,0.28861278241921307
effective100,2013,5,2013-07-26,0.2767838845844012,,4.382075151421741,,6.009504327525594,4.409793625442601,0.6107787310628043
effective100,2013,5,2013-07-27,0.2847671006949525,,7.907637271373786,,6.009504327525594,3.06286580788016,0.3238599527757644
effective100,2013,5,2013-07-28,0.29272441035973185,0.88,9.862549422670543,104.67509384112,6.009504327525594,2.054676451342662,0.23476008933680578
effective100,2013,5,2013-07-29,0.3006562557436211,,-24.432639248118203,,6.009504327525594,1.8951847475365389,0.19279300005902078
effective100,2013,5,2013-07-30,0.30856306551971613,0.91,-2.586078164690601,81.5309125629515,6.009504327525594,5.35379656808462,0.5606069061513158
effective100,2013,5,2013-07-31,0.3164452554575169,,6.983337408479914,,6.009504327525594,4.805280415406062,0.6117754415571958
effective100,2013,5,2013-08-01,0.324303228977984,0.93,10.3221470427848,92.7167092734844,6.009504327525594,1.7945162761471967,0.4719329107558227
effective100,2013,5,2013-08-02,0.3321373776777382,,-8.463905313299048,,6.009504327525594,6.0792721549936735,0.6362440119791304
effective100,2013,5,2013-08-03,0.33994808182449743,,-14.379743703864943,,6.009504327525594,5.032467719176364,0.526596871792595
effective100,2013,5,2013-08-04,0.3477357108256759,,-1.1424026178781919,,6.009504327525594,4.802039863005929,0.5090116847154932
effective100,2013,5,2013-08-05,0.3555006236719248,,5.320546652491248,,6.009504327525594,2.893770900971364,0.5469277544241453
effective100,2013,5,2013-08-06,0.36324316935724343,0.965,8.457944066667206,80.70027011644403,6.009504327525594,1.763254002470475,0.5511467235421329
effective100,2013,5,2013-08-07,0.370963687277177,,-7.981441423526958,,6.009504327525594,3.4095613531784887,0.33571555118854873
effective100,2013,5,2013-08-08,0.3786625076064979,0.975,-1.5007207148824069,68.9516459628278,6.009504327525594,2.777066601194147,0.27788650748927124
effective100,2013,5,2013-08-09,0.38633995165765744,,5.421276314546362,,6.009504327525594,4.576312691365038,0.48195183962341864
effective100,2013,5,2013-08-10,0.39399633222120733,,9.145339003489287,,6.009504327525594,2.6250231528826813,0.5420880207009713
effective100,2013,5,2013-08-11,0.4016319538892986,0.99,10.872227478587307,81.44612563649041,6.009504327525594,1.2517766756843538,0.3906085434061732
effective100,2013,5,2013-08-12,0.4092471133632857,,-10.604866060069787,,6.009504327525594,4.215182900349181,0.42423959356160845
effective100,2013,5,2013-08-13,0.4168420997463883,1.0,-2.5207278686766146,64.9645620863354,6.009504327525594,3.6123035348202936,0.419564587780625
effective100,2013,5,2013-08-14,0.4244171948223031,,3.040682564728914,,6.009504327525594,2.1768314638979778,0.4420295606799692
effective100,2013,5,2013-08-15,0.431972673320585,1.01,6.012683278689335,71.4797738576685,6.009504327525594,1.6585929003075233,0.4866120131143197
effective100,2013,5,2013-08-16,0.439508803169567,,8.052114227789122,,6.009504327525594,1.2789480008128549,0.5274140796469002
effective100,2013,5,2013-08-17,0.4470258457375377,,9.634001668481183,,6.009504327525594,0.9890611623303243,0.5261320017918388
effective100,2013,5,2013-08-18,0.4545240560628393,,12.964045263864595,,6.009504327525594,3.0866316563554195,0.4843894251023298
effective100,2013,5,2013-08-19,0.4620036830735096,,15.479853837224534,,6.009504327525594,1.9248535104649478,0.5869513331323759
effective100,2013,5,2013-08-20,0.4694649697970502,1.035,17.221905145413878,86.74883238539897,6.009504327525594,1.1735605069092103,0.567252267851028
effective100,2013,5,2013-08-21,0.4769081535608629,,5.8478028770545825,,6.009504327525594,5.3657798844001725,0.5597327458386552
effective100,2013,5,2013-08-22,0.48433346618386375,1.045,3.3757547531318215,74.65332247884363,6.009504327525594,3.971604304947585,0.414227324924926
effective100,2013,5,2013-08-23,0.4917411341597465,,8.497357178922954,,6.009504327525594,4.604583848118525,0.5169809031235667
effective100,2013,5,2013-08-24,0.4991313788323458,,11.302624350513632,,6.009504327525594,2.3240766630987313,0.4811786725692709
effective100,2013,5,2013-08-25,0.5065044165635127,1.05,14.204761700875641,86.35784910173533,6.009504327525594,3.161873012225016,0.5022606070899363
effective100,2013,5,2013-08-26,0.5138604588938956,,7.924981500144518,,6.009504327525594,5.451984998306044,0.568233627580989
effective100,2013,5,2013-08-27,0.5211997126969928,1.05,13.230927170164046,85.38401302833688,6.009504327525594,4.756146317911602,0.5497989828029287
effective100,2013,5,2013-08-28,0.5285223803268243,,15.07329457996435,,6.009504327525594,3.1391308019827555,0.4812364914691833
effective100,2013,5,2013-08-29,0.5358286597595415,1.05,17.43695321882158,89.59003892396495,6.009504327525594,1.7648736953382045,0.5987849068379638
effective100,2013,5,2013-08-30,0.5431187447292837,,9.961851162609408,,5.971266571191336,4.284363113141766,0.4405348190761494
effective100,2013,5,2013-08-31,0.5431187447292837,,14.851776963925733,,5.928162769573506,4.440065031775105,0.44986076584728174
effective100,2013,5,2013-09-01,0.5431187447292837,,16.994186233029392,,5.879573681404525,1.7157584033206752,0.4266508646477919
effective100,2013,5,2013-09-02,0.5431187447292837,,18.624701500538222,,5.82480126225632,1.167145236658165,0.4633700305016224
effective100,2013,5,2013-09-03,0.5431187447292837,,19.79928682245805,,5.763058636238857,1.0073002433779816,0.42128507843446433
effective100,2013,5,2013-09-04,0.5431187447292837,1.05,20.819787986809022,92.97287367506382,5.69345879152108,0.6183281724931162,0.4021729918248207
effective100,2013,5,2013-09-05,0.5431187447292837,,16.445910859677756,,5.6150018372708885,5.249651596512895,0.4764712763456642
effective100,2013,5,2013-09-06,0.5431187447292837,1.05,20.964106244278533,93.11719193252003,5.526560638943842,4.027752709259693,0.4904426753379771
effective100,2013,5,2013-09-07,0.5431187447292837,,22.000643992811266,,5.4268646255530975,0.6201869238764747,0.4163508246552933
effective100,2013,5,2013-09-08,0.5431187447292837,,22.95999400447823,,5.314481536291316,0.5336202864645695,0.4257297252021124
effective100,2013,5,2013-09-09,0.5431187447292837,,-0.5461418201966829,,5.187796844271384,3.9643605208278863,0.3066874138287146
effective100,2013,5,2013-09-10,0.5431187447292837,,-0.41123184228721116,,5.044990561781665,2.265284642096655,0.15562533581278298
effective100,2013,5,2013-09-11,0.5431187447292837,,-3.3308994553750466,,4.8840110938336,1.4577247541607756,0.09366427039437637
effective100,2013,5,2013-09-12,0.5431187447292837,,-10.501591526085974,,4.702545764374387,0.9167184694362754,0.048144661197909236
effective100,2013,5,2013-09-13,0.5431187447292837,,-12.938375655490159,,4.497987591736093,2.472512372786228,0.14016378502618107
effective100,2013,5,2013-09-14,0.5431187447292837,,-6.192198759779953,,4.267397836008004,3.6332621613718374,0.184914883365393
effective100,2013,5,2013-09-15,0.5431187447292837,,-14.424073777562244,,4.007463780277265,0.5802272432753317,0.015465785344332447
effective100,2013,5,2013-09-16,0.5431187447292837,,-5.736404759066636,,3.714451139211351,2.414776008089606,0.08572812014102626
effective100,2013,5,2013-09-17,0.5431187447292837,1.05,2.0279592656504013,48.07771367211456,3.384150411270728,3.799751138834422,0.11988611940544172
effective100,2013,5,2013-09-18,0.5431187447292837,,6.048233620093329,,3.011816403832588,3.113781220753359,0.09743748312077867
effective100,2013,5,2013-09-19,0.5431187447292837,,8.652531010393359,,2.5921000624266832,2.960097740848563,0.031096907832489078
effective100,2013,5,2013-09-20,0.5431187447292837,,10.530280755620419,,2.1189716247229993,1.769120216118458,0.024305002110951747
effective100,2013,5,2013-09-21,0.5431187447292837,,12.095062653224533,,1.5856339952799676,1.5162832625305236,0.02523030243398651
effective100,2013,5,2013-09-22,0.5431187447292837,,10.677927949698864,,0.9844250965706091,3.3933237377311505,0.008568099547540313
effective100,2013,5,2013-09-23,0.5431187447292837,,-2.6798701364638435,,0.3067077934341463,4.114778705781629,0.0004340837063898112
effective100,2013,6,2013-05-15,0.08,,3.5750575433999776,,0.0,4.468821929249998,0.0
effective100,2013,6,2013-05-16,0.08,,5.7824002357199955,,0.0,2.759178365400051,0.0
effective100,2013,6,2013-05-17,0.08,,7.460181263486801,,0.0,2.097226284708515,0.0
effective100,2013,6,2013-05-18,0.08,,8.542294799514062,,0.0,1.3526419200340798,0.0
effective100,2013,6,2013-05-19,0.08,,10.565062571331902,,0.0,2.782459714772308,0.0
effective100,2013,6,2013-05-20,0.08,,10.66962538424052,,0.4875,4.448703516135788,0.0
effective100,2013,6,2013-05-21,0.08,,12.149654448399074,,0.5738742470010385,2.866036330198201,0.0
effective100,2013,6,2013-05-22,0.08,,13.048384797278787,,0.6755521053764285,2.1394129360996583,0.0
effective100,2013,6,2013-05-23,0.08,,13.580305475840223,,0.6693127862307413,0.6649008482018102,0.0
effective100,2013,6,2013-05-24,0.08,,13.893055555555556,,0.6619209548482653,0.9093810455592738,0.0
effective100,2013,6,2013-05-25,0.08,,13.893055555555556,,0.6531637219016666,0.7549633909756408,0.0
effective100,2013,6,2013-05-26,0.08,,13.893055555555556,,0.6427888736519074,0.7399773728722208,0.0
effective100,2013,6,2013-05-27,0.08,,13.893055555555556,,0.6304976080361702,0.693408484580374,0.0
effective100,2013,6,2013-05-28,0.08,,13.893055555555556,,0.6159359289831668,2.407348429251132,0.0
effective100,2013,6,2013-05-29,0.08,,9.876697397905934,,0.5986844511067813,2.853552302937975,0.0
effective100,2013,6,2013-05-30,0.08,,13.893055555555556,,0.5782463211468956,5.224011026358109,0.0
effective100,2013,6,2013-05-31,0.08,,13.893055555555556,,0.5540329082874117,0.6570140616223447,0.0
effective100,2013,6,2013-06-01,0.08,,13.893055555555556,,0.5253468512237498,0.5220822607104458,0.0
effective100,2013,6,2013-06-02,0.08,,13.893055555555556,,0.49136197372485746,0.5156341355089056,0.0
effective100,2013,6,2013-06-03,0.08,,13.893055555555556,,0.45109949024546064,0.5852827361845605,0.0
effective100,2013,6,2013-06-04,0.08,,13.893055555555556,,0.40339981629543586,6.122004412460784,0.0
effective100,2013,6,2013-06-05,0.08,,13.893055555555556,,0.3468891716874604,0.23387583222973524,0.0
effective100,2013,6,2013-06-06,0.08,0.09,13.893055555555556,15.6296875,0.2799400148157657,0.42730060903340966,0.0
effective100,2013,6,2013-06-07,0.08,,5.014824319772564,,0.32953921068278375,6.6913554581699595,0.010855497101305756
effective100,2013,6,2013-06-08,0.09030911779907844,,9.399288926375094,,0.32769175652560184,4.1393765264562905,0.0
effective100,2013,6,2013-06-09,0.09030911779907844,,11.143549698183232,,0.32430136127398274,1.931433740376925,0.0
effective100,2013,6,2013-06-10,0.09030911779907844,0.13,12.258566048128944,15.44987663483893,0.3202836728642556,1.2346664180979214,0.0
effective100,2013,6,2013-06-11,0.09030911779907844,,13.371244588998222,,0.31552262910396023,1.2320777436280659,0.0
effective100,2013,6,2013-06-12,0.09030911779907844,0.15,14.194167791588178,18.843763445734716,0.3098806938974949,0.911229367139671,0.0
effective100,2013,6,2013-06-13,0.09030911779907844,,4.9271830459976735,,0.3647847176832496,7.316930022087011,0.021664516940739603
effective100,2013,6,2013-06-14,0.1002141699975553,0.17,10.683028595598717,15.04666571348103,0.36382900338260066,5.213728028590516,0.0
effective100,2013,6,2013-06-15,0.1002141699975553,,12.549342397706262,,0.3602781344443284,1.8663138021075663,0.0
effective100,2013,6,2013-06-16,0.1002141699975553,,13.654512664549207,,0.35607039116695194,1.105170266842957,0.0
effective100,2013,6,2013-06-17,0.1002141699975553,,14.512242964617508,,0.35108425853404157,0.8577303000683204,0.0
effective100,2013,6,2013-06-18,0.1002141699975553,,15.281332770572664,,0.34517574249727545,0.7690898059551693,0.0
effective100,2013,6,2013-06-19,0.1002141699975553,0.22,16.078209842025633,22.31771651010006,0.33817421158606403,0.7968770714529855,0.0
effective100,2013,6,2013-06-20,0.1002141699975553,,6.376041565851456,,0.3980912226238407,8.733487698472633,0.018344025353193898
effective100,2013,6,2013-06-21,0.10929792931264092,0.24,10.907341642489964,16.578850060549623,0.39553927230752856,3.9633018266237685,0.0
effective100,2013,6,2013-06-22,0.10929792931264092,,12.704651416613796,,0.39138570376594645,1.797309774123844,0.0
effective100,2013,6,2013-06-23,0.10929792931264092,,13.988234997233903,,0.3864638889333076,1.2835835806201203,0.0
effective100,2013,6,2013-06-24,0.10929792931264092,,14.93289794727853,,0.38063173255878985,1.452662950044648,0.0
effective100,2013,6,2013-06-25,0.10929792931264092,0.29,15.71354952491248,21.38505794297214,0.3737208573768823,0.7806515776339614,0.0
effective100,2013,6,2013-06-26,0.10929792931264092,,9.483483840632111,,0.4399359499810069,7.869934315719635,0.0
effective100,2013,6,2013-06-27,0.10929792931264092,0.32,12.89645334567119,23.40171176373084,0.43586821712235224,3.4129695050390967,0.0
effective100,2013,6,2013-06-28,0.10929792931264092,,14.308345550600986,,0.4310482633729024,2.1738922049298135,0.0
effective100,2013,6,2013-06-29,0.10929792931264092,,15.14456783572611,,0.42533698513657314,1.5982222851251382,0.0
effective100,2013,6,2013-06-30,0.10929792931264092,0.365,15.8256615890338,37.20685750709344,0.4185695552423564,0.681093753307703,0.0
effective100,2013,6,2013-07-01,0.10929792931264092,,7.518951850472841,,0.49273084786106025,7.084419066780174,0.016871194658861995
effective100,2013,6,2013-07-02,0.11742009324288892,0.395,11.96073467161351,40.08468492305913,0.48858471996027153,3.933912154526652,0.0
effective100,2013,6,2013-07-03,0.11742009324288892,,13.710784557170044,,0.4832634485225718,1.7500498855565443,0.0
effective100,2013,6,2013-07-04,0.11742009324288892,0.425,14.99640665660347,50.37098190804908,0.47695839311262067,1.2856220994334526,0.0
effective100,2013,6,2013-07-05,0.11742009324288892,,-3.776719366811589,,0.5614648998940112,5.6020084669729036,0.04286550961204477
effective100,2013,6,2013-07-06,0.1260821573232399,,4.10184672083048,,0.6609440956803879,4.61326269594536,0.0690522775694975
effective100,2013,6,2013-07-07,0.13470433180358865,,8.260519513433211,,0.7636049891608723,4.667154070075166,0.053660095648283196
effective100,2013,6,2013-07-08,0.14315363570095338,,10.97869972080436,,0.7605962249121524,2.519346625571149,0.006910257425680751
effective100,2013,6,2013-07-09,0.14646899400354826,0.5,12.773938020408156,62.35596489995492,0.7530076743250598,1.7181604930858103,0.0
effective100,2013,6,2013-07-10,0.14646899400354826,,-9.610807676747179,,0.8864240247985578,7.318098422236359,0.10676637228406893
effective100,2013,6,2013-07-11,0.15494081709123217,0.54,3.960455747849746,54.013910458938426,1.0434788097536456,6.807329679962636,0.15825108450047465
effective100,2013,6,2013-07-12,0.1633771663605242,,3.0444891660844635,,1.2283602383772578,6.081938121530749,0.12344363067756546
effective100,2013,6,2013-07-13,0.1717788199348674,,1.9665192978191721,,1.4459985781431075,5.666810204962169,0.13573071585351842
effective100,2013,6,2013-07-14,0.18014652554182184,0.6,5.430950289904239,68.94694537205652,1.7021976311722018,4.26660155763531,0.14857467016385564
effective100,2013,6,2013-07-15,0.18848100220316585,0.62,7.7900967192358115,75.36822366879092,1.9716230509865877,2.1866456202311704,0.15338267650326665
effective100,2013,6,2013-07-16,0.19678294180400888,,-10.10906783361746,,2.3209511666765508,7.999915101591928,0.31061537432371167
effective100,2013,6,2013-07-17,0.20505301055145195,0.66,2.7008605446907104,71.82111654807677,2.7321725191849993,5.914196292807215,0.3656661105630201
effective100,2013,6,2013-07-18,0.21329185033224726,0.68,6.90779438906489,78.77933071104334,3.2162532248701985,5.587827603058219,0.3371365599083789
effective100,2013,6,2013-07-19,0.22150007997796858,,-5.484741181985949,,3.786102354024711,4.213843759221458,0.27137371778779684
effective100,2013,6,2013-07-20,0.22967829644535595,,3.439304364594162,,4.456916179455981,5.497367994841524,0.42229587451665274
effective100,2013,6,2013-07-21,0.23782707591875848,,8.14503805297259,,5.210104142985416,3.6403094784216083,0.4503808218239393
effective100,2013,6,2013-07-22,0.24594697484093472,,11.229769219052642,,5.6353602837635925,2.4403665871978344,0.6084231182038538
effective100,2013,6,2013-07-23,0.2540385308778782,0.78,13.236366563379354,101.23897206558965,5.776329947142885,1.4288573259504884,0.5661726765812679
effective100,2013,6,2013-07-24,0.26210226382281376,,-13.991740061122893,,6.1116990976102485,4.669881885795361,0.4984162045591485
effective100,2013,6,2013-07-25,0.27013867644403355,0.82,-2.6291360247487594,84.70714991981535,6.1116990976102485,2.8230024889712757,0.2933356082332543
effective100,2013,6,2013-07-26,0.27814825528082754,,4.3812516696050485,,6.1116990976102485,4.404179814185403,0.6207716217112798
effective100,2013,6,2013-07-27,0.28613147139137884,,7.909807254477399,,6.1116990976102485,3.057078399059341,0.3291576276212844
effective100,2013,6,2013-07-28,0.2940887810561582,0.88,9.86541498789899,104.3904463905539,6.1116990976102485,2.050634432750932,0.2385995754103732
effective100,2013,6,2013-07-29,0.30202062644004746,,-24.429910709311542,,6.1116990976102485,1.8917377780085034,0.19594554168652453
effective100,2013,6,2013-07-30,0.3099274362161425,0.91,-2.615188559983018,81.24539852077024,6.1116990976102485,5.344059061673451,0.5697722488478861
effective100,2013,6,2013-07-31,0.31780962615394326,,6.97810581840746,,6.1116990976102485,4.799255176953879,0.6217755096669294
effective100,2013,6,2013-08-01,0.3256675996744104,0.93,10.326817867889924,92.43911512986854,6.1116990976102485,1.7907485499250728,0.4796457058857773
effective100,2013,6,2013-08-02,0.3335017483741646,,-8.258075687634298,,6.1116990976102485,6.06821515071051,0.6466402403217815
effective100,2013,6,2013-08-03,0.3413124525209238,,-14.30022890710263,,6.1116990976102485,5.023314646948777,0.5351998912530025
effective100,2013,6,2013-08-04,0.34910008152210226,,-1.1455135783291468,,6.1116990976102485,4.794352105272666,0.5173258924061022
effective100,2013,6,2013-08-05,0.3568649943683512,,5.322435102195472,,6.1116990976102485,2.8893349221767863,0.5558596476846386
effective100,2013,6,2013-08-06,0.3646075400536698,0.965,8.46686134817633,80.6315132986196,6.1116990976102485,1.7591806486877954,0.5601458674007034
effective100,2013,6,2013-08-07,0.37232805797360335,,-7.87255258360612,,6.1116990976102485,3.403360029479757,0.3411961218863956
effective100,2013,6,2013-08-08,0.38002687830292425,0.975,-1.4519665924714213,68.98165312910446,6.1116990976102485,2.7720156614564333,0.2824221843289562
effective100,2013,6,2013-08-09,0.3877043223540838,,5.443139512182491,,6.1116990976102485,4.563695403777934,0.48981683664202025
effective100,2013,6,2013-08-10,0.3953607029176337,,9.16097665740543,,6.1116990976102485,2.6152880686540767,0.5509327585319287
effective100,2013,6,2013-08-11,0.402996324585725,0.99,10.88964931672879,81.4727286907199,6.1116990976102485,1.247643181278243,0.396980562731298
effective100,2013,6,2013-08-12,0.41061148405971204,,-10.488354667419586,,6.1116990976102485,4.207516308988373,0.4311589657901714
effective100,2013,6,2013-08-13,0.41820647044281467,1.0,-2.486582667491328,65.08831461807395,6.1116990976102485,3.6033583675860523,0.4264064516561713
effective100,2013,6,2013-08-14,0.4257815655187295,,3.0503640305739,,6.1116990976102485,2.1732370999989854,0.44923643556671
effective100,2013,6,2013-08-15,0.43333704401701134,1.01,6.02118047026113,71.61191771636115,6.1116990976102485,1.6554394274657023,0.49454430192251525
effective100,2013,6,2013-08-16,0.44087317386599334,,8.0643013772675,,6.1116990976102485,1.275707617423209,0.5360099012141943
effective100,2013,6,2013-08-17,0.44839021643396404,,9.650979234904309,,6.1116990976102485,0.9857550709199892,0.5347053473536533
effective100,2013,6,2013-08-18,0.45588842675926566,,12.978575268121164,,6.1116990976102485,3.076355989094931,0.4922811176930954
effective100,2013,6,2013-08-19,0.46336805376993595,,15.498739964934328,,6.1116990976102485,1.9196699511547886,0.5965122040085742
effective100,2013,6,2013-08-20,0.4708293404934766,1.035,17.246656873155988,86.89946489542382,6.1116990976102485,1.1701948428446483,0.5764905540223267
effective100,2013,6,2013-08-21,0.4782725242572893,,9.07190712626704,,6.1116990976102485,5.356020582685807,0.5688468849590015
effective100,2013,6,2013-08-22,0.4856978368802901,1.045,6.599378297103346,78.00282988156948,6.1116990976102485,3.964380735301215,0.4209709498663316
effective100,2013,6,2013-08-23,0.4931055048561729,,11.696763798767575,,6.1116990976102485,4.571952274956455,0.5253958009653112
effective100,2013,6,2013-08-24,0.5004957495287722,,14.424877779601276,,6.1116990976102485,2.2390928564227615,0.48900936843986753
effective100,2013,6,2013-08-25,0.5078687872599391,1.05,16.297918267951932,88.57688988291272,6.1116990976102485,2.124603906884276,0.5104328770079316
effective100,2013,6,2013-08-26,0.515224829590322,,12.2174659689455,,6.1116990976102485,5.44206890638894,0.5774776304439408
effective100,2013,6,2013-08-27,0.5225640833934192,1.05,16.821960880965616,89.10093096542252,6.1116990976102485,4.04575311156392,0.5587414341130005
effective100,2013,6,2013-08-28,0.5298867510232507,,17.96433046023902,,6.1116990976102485,2.431307137650545,0.48906232622424445
effective100,2013,6,2013-08-29,0.5371930304559679,1.05,19.578110995447,91.85708092812828,6.1116990976102485,1.0052599993696363,0.6085204994613753
effective100,2013,6,2013-08-30,0.54448311542571,,20.587860990674887,,6.072811088192848,0.5620521910111901,0.44769779274402144
effective100,2013,6,2013-08-31,0.54448311542571,,21.520978437904333,,6.028974283842008,0.4759414849241797,0.4571759586428463
effective100,2013,6,2013-09-01,0.54448311542571,,22.336410048026778,,5.979558912767914,0.3818421825195067,0.4335894264774472
effective100,2013,6,2013-09-02,0.54448311542571,,23.16559116381672,,5.923855059931209,0.3582742250706634,0.47090689037324646
effective100,2013,6,2013-09-03,0.54448311542571,,23.877151644934706,,5.861062468205032,0.5374217381979586,0.4281387428135859
effective100,2013,6,2013-09-04,0.54448311542571,1.05,24.555587536478303,96.83455745241369,5.790279041657338,0.2697185745567837,0.4087173169540579
effective100,2013,6,2013-09-05,0.54448311542571,,25.340130272006924,,5.710487885788485,0.300315821509263,0.4842269140092854
effective100,2013,6,2013-09-06,0.54448311542571,1.05,26.1427192338001,98.42168914972234,5.620542698540481,0.30416037545493746,0.4984285863351734
effective100,2013,6,2013-09-07,0.54448311542571,,26.8219910362119,,5.519151302201069,0.2561386145351133,0.4231331878757293
effective100,2013,6,2013-09-08,0.54448311542571,,27.51845803012859,,5.4048570796173765,0.26379862226604606,0.43266837165036875
effective100,2013,6,2013-09-09,0.54448311542571,,4.010571434070367,,5.276018048026553,3.9576083223669336,0.3116888409063648
effective100,2013,6,2013-09-10,0.54448311542571,,4.14420716450844,,5.1307832698722535,2.261470718573392,0.1581650118646468
effective100,2013,6,2013-09-11,0.54448311542571,,1.152775985440302,,4.9670662617180925,1.455302394286669,0.09519401960018194
effective100,2013,6,2013-09-12,0.54448311542571,,-7.182141285053201,,4.782515019243146,0.9152175446923883,0.04893170148516412
effective100,2013,6,2013-09-13,0.54448311542571,,-11.964477286311185,,4.574478227690152,2.468531641909468,0.1424575466881925
effective100,2013,6,2013-09-14,0.54448311542571,,-6.090432836763432,,4.339967172336307,3.627439131666779,0.18794470266447622
effective100,2013,6,2013-09-15,0.54448311542571,,-14.410907898437367,,4.075612801781779,0.5793303245895166,0.0157195473202025
effective100,2013,6,2013-09-16,0.54448311542571,,-5.7421047950257185,,3.777617327215194,2.411133802677621,0.08713700182354615
effective100,2013,6,2013-09-17,0.54448311542571,1.05,2.019733309096926,52.721222767245244,3.441699662317546,3.794177775758531,0.12185997102608184
effective100,2013,6,2013-09-18,0.54448311542571,,6.04244062907548,,3.0630339199789813,3.111970341656837,0.09904507509367705
effective100,2013,6,2013-09-19,0.54448311542571,,8.646724935120815,,2.63618008225507,2.9586410063892616,0.03161118168401305
effective100,2013,6,2013-09-20,0.54448311542571,,10.524926900991701,,2.155005847547767,1.7692587728426583,0.024708033375123707
effective100,2013,6,2013-09-21,0.54448311542571,,12.090478497218875,,1.612598532245826,1.5165392855079305,0.0256499517902354
effective100,2013,6,2013-09-22,0.54448311542571,,10.670746431651269,,1.0011657611789662,3.390554260687731,0.00871110202759766
effective100,2013,6,2013-09-23,0.54448311542571,,-2.6895726148333865,,0.3119235201771338,4.112241462740279,0.0004413568517856697
effective100,2013,7,2013-05-15,0.08,,3.5750575433999776,,0.0,4.468821929249998,0.0
effective100,2013,7,2013-05-16,0.08,,5.7824002357199955,,0.0,2.759178365400051,0.0
effective100,2013,7,2013-05-17,0.08,,7.460181263486801,,0.0,2.097226284708515,0.0
effective100,2013,7,2013-05-18,0.08,,8.542294799514062,,0.0,1.3526419200340798,0.0
effective100,2013,7,2013-05-19,0.08,,10.565062571331902,,0.0,2.782459714772308,0.0
effective100,2013,7,2013-05-20,0.08,,10.66962538424052,,0.4875,4.448703516135788,0.0
effective100,2013,7,2013-05-21,0.08,,12.149654448399074,,0.5738742470010385,2.866036330198201,0.0
effective100,2013,7,2013-05-22,0.08,,13.048384797278787,,0.6755521053764285,2.1394129360996583,0.0
effective100,2013,7,2013-05-23,0.08,,13.580305475840223,,0.6693127862307413,0.6649008482018102,0.0
effective100,2013,7,2013-05-24,0.08,,13.893055555555556,,0.6619209548482653,0.9093810455592738,0.0
effective100,2013,7,2013-05-25,0.08,,13.893055555555556,,0.6531637219016666,0.7549633909756408,0.0
effective100,2013,7,2013-05-26,0.08,,13.893055555555556,,0.6427888736519074,0.7399773728722208,0.0
effective100,2013,7,2013-05-27,0.08,,13.893055555555556,,0.6304976080361702,0.693408484580374,0.0
effective100,2013,7,2013-05-28,0.08,,13.893055555555556,,0.6159359289831668,2.407348429251132,0.0
effective100,2013,7,2013-05-29,0.08,,9.876697397905934,,0.5986844511067813,2.853552302937975,0.0
effective100,2013,7,2013-05-30,0.08,,13.893055555555556,,0.5782463211468956,5.224011026358109,0.0
effective100,2013,7,2013-05-31,0.08,,13.893055555555556,,0.5540329082874117,0.6570140616223447,0.0
effective100,2013,7,2013-06-01,0.08,,13.893055555555556,,0.5253468512237498,0.5220822607104458,0.0
effective100,2013,7,2013-06-02,0.08,,13.893055555555556,,0.49136197372485746,0.5156341355089056,0.0
effective100,2013,7,2013-06-03,0.08,,13.893055555555556,,0.45109949024546064,0.5852827361845605,0.0
effective100,2013,7,2013-06-04,0.08,,13.893055555555556,,0.40339981629543586,6.122004412460784,0.0
effective100,2013,7,2013-06-05,0.08,,13.893055555555556,,0.3468891716874604,0.23387583222973524,0.0
effective100,2013,7,2013-06-06,0.08,0.09,13.893055555555556,15.6296875,0.2799400148157657,0.42730060903340966,0.0
effective100,2013,7,2013-06-07,0.08,,5.491825391076957,,0.32953921068278375,6.6913554581699595,0.007106836231790108
effective100,2013,7,2013-06-08,0.0896804743532983,,9.682272143718313,,0.3267530038236376,3.9316287546741626,0.0
effective100,2013,7,2013-06-09,0.0896804743532983,,11.282970795860289,,0.3231889199300183,1.7848909293632829,0.0
effective100,2013,7,2013-06-10,0.0896804743532983,0.13,12.331572671790717,15.626435390433105,0.318965406891575,1.1692644173573858,0.0
effective100,2013,7,2013-06-11,0.0896804743532983,,13.392189197069996,,0.31396045669446093,1.182661591531023,0.0
effective100,2013,7,2013-06-12,0.0896804743532983,0.15,14.183797910646424,18.942375752636654,0.30802948732190655,0.8826990705444743,0.0
effective100,2013,7,2013-06-13,0.0896804743532983,,4.891655604663684,,0.3626055181353334,7.317204839662256,0.02140671654324634
effective100,2013,7,2013-06-14,0.09958552655177516,0.17,10.624933381113314,15.046183142839212,0.36165550394954904,5.214616133869009,0.0
effective100,2013,7,2013-06-15,0.09958552655177516,,12.48374944316839,,0.3581258094902462,1.8665524262591404,0.0
effective100,2013,7,2013-06-16,0.09958552655177516,,13.584435480645128,,0.35394315100809043,1.1052670760389183,0.0
effective100,2013,7,2013-06-17,0.09958552655177516,,14.438668686966697,,0.34898673560725,0.8577885119455092,0.0
effective100,2013,7,2013-06-18,0.09958552655177516,,15.204612487706433,,0.34311342471407225,0.7691316471992867,0.0
effective100,2013,7,2013-06-19,0.09958552655177516,0.22,15.998221152727876,22.31770400669984,0.3361536003131409,0.7969116522257419,0.0
effective100,2013,7,2013-06-20,0.09958552655177516,,6.237906866117439,,0.395712603602855,8.733845805355674,0.019217628288983282
effective100,2013,7,2013-06-21,0.1087328515739733,0.24,10.833023808814865,16.53986596432312,0.3933755929734259,4.023098523978642,0.0
effective100,2013,7,2013-06-22,0.1087328515739733,,12.644699690242849,,0.3892837311958157,1.8116758814279939,0.0
effective100,2013,7,2013-06-23,0.1087328515739733,,13.935334755859039,,0.3844350279112992,1.2906350656162053,0.0
effective100,2013,7,2013-06-24,0.1087328515739733,,14.883965157834382,,0.3786894957259444,1.4566304019753564,0.0
effective100,2013,7,2013-06-25,0.1087328515739733,0.29,15.667281118007075,21.37412327351533,0.37188125480958173,0.7833159601727049,0.0
effective100,2013,7,2013-06-26,0.1087328515739733,,12.237509292406145,,0.4377704104156923,7.87022817439907,0.0
effective100,2013,7,2013-06-27,0.1087328515739733,0.32,14.642833324661527,25.183425480169777,0.43372265901756707,2.4053240322554053,0.0
effective100,2013,7,2013-06-28,0.1087328515739733,,15.579353189294341,,0.4289263740963348,1.698519864632825,0.0
effective100,2013,7,2013-06-29,0.1087328515739733,,16.181954304132017,,0.4232431325177399,1.3646011148376926,0.0
effective100,2013,7,2013-06-30,0.1087328515739733,0.365,16.69671004936189,38.11323970487013,0.41650891314355587,0.5147557452298952,0.0
effective100,2013,7,2013-07-01,0.1087328515739733,,11.373425516921504,,0.49030510543482886,7.084715467559611,0.0
effective100,2013,7,2013-07-02,0.1087328515739733,0.395,14.163486983712197,42.830641639220445,0.4857727314231039,2.7900614667907004,0.0
effective100,2013,7,2013-07-03,0.1087328515739733,,15.115502015244669,,0.4804024132841628,0.9520150315324812,0.0
effective100,2013,7,2013-07-04,0.1087328515739733,0.425,15.926928189827162,51.8447078453354,0.4740392321259372,0.8114261745825033,0.0
effective100,2013,7,2013-07-05,0.1087328515739733,,0.6536120702247827,,0.5580285279696876,5.60234062462463,0.042343255772993485
effective100,2013,7,2013-07-06,0.11739491565432428,,5.443966327808497,,0.6568988744486203,4.434512965102955,0.06821121747602123
effective100,2013,7,2013-07-07,0.12601709013467302,,9.634769401730772,,0.7421482503061831,4.410599209931519,0.011792422482945673
effective100,2013,7,2013-07-08,0.13115018298987374,,12.249368438509949,,0.7352977681205237,2.2930266346039274,0.0
effective100,2013,7,2013-07-09,0.13115018298987374,0.5,13.789743627172205,66.4404718639926,0.72718052881846,1.5403751886622694,0.0
effective100,2013,7,2013-07-10,0.13115018298987374,,-4.085188684183274,,0.8560208787887399,7.321945035237275,0.1031226534072519
effective100,2013,7,2013-07-11,0.13962200607755765,0.54,6.04659522995251,65.06059048633631,1.0076888968862672,6.674695851292158,0.15285508240706605
effective100,2013,7,2013-07-12,0.1480583553468497,,4.519193548032668,,1.1862291423834126,6.086377009145482,0.11923887740760733
effective100,2013,7,2013-07-13,0.15646000892119288,,3.350394599612895,,1.3964027812430124,5.6716851196628815,0.13111331083686317
effective100,2013,7,2013-07-14,0.16482771452814732,0.6,6.764306567046949,79.85833146468369,1.6412098244047928,4.146773968594036,0.14330269270055132
effective100,2013,7,2013-07-15,0.17316219118949133,,-4.674130933539051,,1.9319960044123219,4.67194748004157,0.15033501237949023
effective100,2013,7,2013-07-16,0.18146413079033435,0.64,5.469897864416546,83.90169557829587,2.27430308152028,7.154125069899918,0.30445655129122556
effective100,2013,7,2013-07-17,0.18973419953777743,,9.446016125921648,,2.577571298836592,3.254810729942182,0.34529238038713805
effective100,2013,7,2013-07-18,0.19797303931857274,0.68,11.931971824718781,98.14197671862067,2.9420850153509046,5.275251482558734,0.25042654743679077
effective100,2013,7,2013-07-19,0.20613815515189632,,2.1944496687169583,,3.463357585225721,4.237791415943302,0.24872245144549318
effective100,2013,7,2013-07-20,0.21431637161928369,,8.081580409335505,,4.075706226410932,5.499910365068704,0.3870655950174281
effective100,2013,7,2013-07-21,0.22246515109268622,,11.838525171250202,,4.52467469393892,3.618043086901542,0.3927587102512932
effective100,2013,7,2013-07-22,0.23058505001486246,,14.423854857995112,,4.551084918310331,2.2414866205163673,0.34377891726305365
effective100,2013,7,2013-07-23,0.238571401737938,0.78,15.964171745616925,122.57207697217845,4.534990379795325,1.290994269069531,0.24929882208118673
effective100,2013,7,2013-07-24,0.24637198421179374,,2.8386840919821466,,4.79828833627752,4.780025638825862,0.3944786703445072
effective100,2013,7,2013-07-25,0.25440839683301353,0.82,5.960445856733881,120.15188215521468,4.79828833627752,2.8895857766333326,0.23217343056585688
effective100,2013,7,2013-07-26,0.2624179756698075,,10.26064636959153,,4.79828833627752,4.316844069552034,0.4913556499806826
effective100,2013,7,2013-07-27,0.2704011917803588,,12.912000985828127,,4.79828833627752,2.8988083859696454,0.26054599028552766
effective100,2013,7,2013-07-28,0.2783585014451382,0.88,13.980965617706076,138.67927581162857,4.79828833627752,1.3880930241778908,0.1888715364481902
effective100,2013,7,2013-07-29,0.28629034682902743,,-35.23858823638541,,4.79828833627752,1.9363562723762575,0.15511314902795043
effective100,2013,7,2013-07-30,0.29419715660512247,0.91,-2.977736866295008,99.74534313945296,4.79828833627752,5.470103945862019,0.45105646055815096
effective100,2013,7,2013-07-31,0.30207934654292323,,6.866262183082067,,4.79828833627752,4.89122907560561,0.4922430791735931
effective100,2013,7,2013-08-01,0.30993732006339036,0.93,10.227888289746781,110.84910034843894,4.79828833627752,1.8382563445773497,0.3797370429627973
effective100,2013,7,2013-08-02,0.31777146876314455,,-13.548500832810818,,4.79828833627752,6.211339967834651,0.5119664862765908
effective100,2013,7,2013-08-03,0.32558217290990377,,-15.256054883674807,,4.79828833627752,5.1417944589438065,0.4237514810322363
effective100,2013,7,2013-08-04,0.33336980191108223,,-1.034182990417163,,4.79828833627752,4.893750531646147,0.4096149890729637
effective100,2013,7,2013-08-05,0.34113471475733115,,5.312186048899241,,4.79828833627752,2.9466594100091967,0.4401423825778641
effective100,2013,7,2013-08-06,0.3488772604426498,0.965,8.355068541376989,93.72675335353959,4.79828833627752,1.8122510601190427,0.44355308169985874
effective100,2013,7,2013-08-07,0.35659777836258333,,-7.986844253282459,,4.79828833627752,3.483631620009943,0.2701873293937944
effective100,2013,7,2013-08-08,0.3642965986919042,0.975,-1.4077104550294242,82.09276823444475,4.79828833627752,2.8373963746904978,0.223653723477603
effective100,2013,7,2013-08-09,0.3719740427430638,,5.454782697293644,,4.79828833627752,4.647349206471043,0.38790687104148
effective100,2013,7,2013-08-10,0.3796304233066137,,9.09609616575894,,4.79828833627752,2.6695286796055853,0.43632369922033504
effective100,2013,7,2013-08-11,0.38726604497470496,0.99,10.76539028158315,94.45241343162,4.79828833627752,1.2774083188086252,0.314409672028225
effective100,2013,7,2013-08-12,0.394881204448692,,-10.705064793592257,,4.79828833627752,4.306754715556784,0.341491996362612
effective100,2013,7,2013-08-13,0.40247619083179464,1.0,-2.4845647618494167,77.96311129361163,4.79828833627752,3.6775646677457767,0.337740648993182
effective100,2013,7,2013-08-14,0.41005128590770945,,3.0217441362601365,,4.79828833627752,2.222392792324419,0.3558369170878135
effective100,2013,7,2013-08-15,0.4176067644059913,1.01,5.918333139465029,84.38743150223954,4.79828833627752,1.7032048621182936,0.39173980376407624
effective100,2013,7,2013-08-16,0.4251428942549733,,-1.470594884477457,,4.79828833627752,5.161338149911689,0.42460175531559563
effective100,2013,7,2013-08-17,0.432659936822944,,4.573140435379325,,4.79828833627752,5.035060651929626,0.4235844218025815
effective100,2013,7,2013-08-18,0.44015814714824564,,8.585801994169675,,4.79828833627752,3.513690595814598,0.3899914758805014
effective100,2013,7,2013-08-19,0.4476377741589159,,11.450338535735051,,4.79828833627752,2.3240554215928237,0.4725826350715256
effective100,2013,7,2013-08-20,0.45509906088245655,1.035,13.391310933626249,94.97684710554913,4.79828833627752,1.463907943410845,0.45673796924655546
effective100,2013,7,2013-08-21,0.46254224464626925,,-8.969502305719946,,4.79828833627752,5.482347591101171,0.45069921853402684
effective100,2013,7,2013-08-22,0.4699675572692701,1.045,-7.494223243139178,72.17138344063191,4.79828833627752,4.057884550452532,0.3335493150984544
effective100,2013,7,2013-08-23,0.47737522524515286,,1.5494905492966011,,4.79828833627752,4.703122141609137,0.41630443127008887
effective100,2013,7,2013-08-24,0.48476546991775216,,6.155608651457923,,4.79828833627752,2.4263906879565575,0.3874878871108589
effective100,2013,7,2013-08-25,0.4921385076489191,1.05,10.177756572292664,84.46314713225519,4.79828833627752,3.840406502981347,0.40447912402866365
effective100,2013,7,2013-08-26,0.499494549979302,,-3.991013152428143,,4.79828833627752,5.570425449072285,0.4576243908001002
effective100,2013,7,2013-08-27,0.5068338037823992,1.05,3.0009615962977896,75.78972887125605,4.79828833627752,5.155738225694215,0.4427936734343009
effective100,2013,7,2013-08-28,0.5141564714122306,,6.753087497803399,,4.79828833627752,4.1223552208420156,0.38758884949355993
effective100,2013,7,2013-08-29,0.5214627508449479,1.05,10.268525194872195,81.66347979737387,4.79828833627752,2.659527336268913,0.482279519513395
effective100,2013,7,2013-08-30,0.52875283581469,,-9.228282757094046,,4.767757402239631,4.377157539215584,0.35481672577559137
effective100,2013,7,2013-08-31,0.52875283581469,,-0.9646682952453808,,4.733341174664134,4.535904986039733,0.36232255333692426
effective100,2013,7,2013-09-01,0.52875283581469,,5.220014326428115,,4.694545220401535,3.3852421415174345,0.3436216417488052
effective100,2013,7,2013-09-02,0.52875283581469,,8.597113120801707,,4.650812185924005,2.1175952257792474,0.3731842584989325
effective100,2013,7,2013-09-03,0.52875283581469,,12.067149835628289,,4.601513790228745,3.2137323827489817,0.3392777793953735
effective100,2013,7,2013-09-04,0.52875283581469,1.05,14.1425409017619,78.5370886001582,4.545941798777407,1.7008824473013042,0.3238711214265335
effective100,2013,7,2013-09-05,0.52875283581469,,1.701482521496488,,4.48329784880066,5.360183222302196,0.38368210256398577
effective100,2013,7,2013-09-06,0.52875283581469,1.05,7.44482063874374,71.81978282583592,4.412681979795403,5.343923111403885,0.39490578940766263
effective100,2013,7,2013-09-07,0.52875283581469,,10.330681154477519,,4.333079704440499,2.549286862664413,0.33521959742384905
effective100,2013,7,2013-09-08,0.52875283581469,,12.404520237017971,,4.243347434188241,1.7306930631218622,0.342737979822728
effective100,2013,7,2013-09-09,0.52875283581469,,-10.695964363958828,,4.142196050151474,4.045013564822754,0.2468739361976653
effective100,2013,7,2013-09-10,0.52875283581469,,-6.363316245545024,,4.028172383261179,2.31084020983224,0.12525712442964082
effective100,2013,7,2013-09-11,0.52875283581469,,-5.179898741979588,,3.8996383376332577,1.4866580409447363,0.07537541406325075
effective100,2013,7,2013-09-12,0.52875283581469,,-10.881023433490025,,3.754747357224992,0.9346452225490607,0.038737100294463284
effective100,2013,7,2013-09-13,0.52875283581469,,-12.934681767710805,,3.591417897694557,2.520054736876941,0.11275252471773661
effective100,2013,7,2013-09-14,0.52875283581469,,-6.071914784817379,,3.407303522352931,3.7004205082033734,0.1487169886139021
effective100,2013,7,2013-09-15,0.52875283581469,,-14.348000618996398,,3.199759192598256,0.5909370605664729,0.012434949676733194
effective100,2013,7,2013-09-16,0.52875283581469,,-5.621674560712132,,2.965803268551631,2.458258896593596,0.06890676665125726
effective100,2013,7,2013-09-17,0.52875283581469,1.05,2.13321457482687,30.31062960684256,2.702074673984825,3.866273077558097,0.09632854971439041
effective100,2013,7,2013-09-18,0.52875283581469,,6.11844485571087,,2.404784610159292,3.134843290182175,0.07825972770920396
effective100,2013,7,2013-09-19,0.52875283581469,,8.720748036822446,,2.0696621248839953,2.9765325067419353,0.02496499680076331
effective100,2013,7,2013-09-20,0.52875283581469,,10.593065610798268,,1.691892754821898,1.7677419147589417,0.01950225367325132
effective100,2013,7,2013-09-21,0.52875283581469,,12.14883120491576,,1.266049359563356,1.5134197697352227,0.020232788789045456
effective100,2013,7,2013-09-22,0.52875283581469,,10.762556118051078,,0.7860141538093421,3.42624120920899,0.006866372452704731
effective100,2013,7,2013-09-23,0.52875283581469,,-2.5653353639576504,,0.2448908175570704,4.144881590489115,0.0003476057052158696
effective100,2013,8,2013-05-15,0.08,,3.5750575433999776,,0.0,4.468821929249998,0.0
effective100,2013,8,2013-05-16,0.08,,5.7824002357199955,,0.0,2.759178365400051,0.0
effective100,2013,8,2013-05-17,0.08,,7.460181263486801,,0.0,2.097226284708515,0.0
effective100,2013,8,2013-05-18,0.08,,8.542294799514062,,0.0,1.3526419200340798,0.0
effective100,2013,8,2013-05-19,0.08,,10.565062571331902,,0.0,2.782459714772308,0.0
effective100,2013,8,2013-05-20,0.08,,10.66962538424052,,0.4875,4.448703516135788,0.0
effective100,2013,8,2013-05-21,0.08,,12.149654448399074,,0.5738742470010385,2.866036330198201,0.0
effective100,2013,8,2013-05-22,0.08,,13.048384797278787,,0.6755521053764285,2.1394129360996583,0.0
effective100,2013,8,2013-05-23,0.08,,13.580305475840223,,0.6693127862307413,0.6649008482018102,0.0
effective100,2013,8,2013-05-24,0.08,,13.893055555555556,,0.6619209548482653,0.9093810455592738,0.0
effective100,2013,8,2013-05-25,0.08,,13.893055555555556,,0.6531637219016666,0.7549633909756408,0.0
effective100,2013,8,2013-05-26,0.08,,13.893055555555556,,0.6427888736519074,0.7399773728722208,0.0
effective100,2013,8,2013-05-27,0.08,,13.893055555555556,,0.6304976080361702,0.693408484580374,0.0
effective100,2013,8,2013-05-28,0.08,,13.893055555555556,,0.6159359289831668,2.407348429251132,0.0
effective100,2013,8,2013-05-29,0.08,,9.876697397905934,,0.5986844511067813,2.853552302937975,0.0
effective100,2013,8,2013-05-30,0.08,,13.893055555555556,,0.5782463211468956,5.224011026358109,0.0
effective100,2013,8,2013-05-31,0.08,,13.893055555555556,,0.5540329082874117,0.6570140616223447,0.0
effective100,2013,8,2013-06-01,0.08,,13.893055555555556,,0.5253468512237498,0.5220822607104458,0.0
effective100,2013,8,2013-06-02,0.08,,13.893055555555556,,0.49136197372485746,0.5156341355089056,0.0
effective100,2013,8,2013-06-03,0.08,,13.893055555555556,,0.45109949024546064,0.5852827361845605,0.0
effective100,2013,8,2013-06-04,0.08,,13.893055555555556,,0.40339981629543586,6.122004412460784,0.0
effective100,2013,8,2013-06-05,0.08,,13.893055555555556,,0.3468891716874604,0.23387583222973524,0.0
effective100,2013,8,2013-06-06,0.08,0.09,13.893055555555556,15.6296875,0.2799400148157657,0.42730060903340966,0.0
effective100,2013,8,2013-06-07,0.08,,4.299322712815986,,0.32953921068278375,6.6913554581699595,0.016478488405579268
effective100,2013,8,2013-06-08,0.09049739017745272,,8.925250150166018,,0.32943376620702125,4.488285882272729,0.0
effective100,2013,8,2013-06-09,0.09049739017745272,,10.872538397796903,,0.3263656787317567,2.1517617732539325,0.0
effective100,2013,8,2013-06-10,0.09049739017745272,0.13,12.073386946419996,15.217013336488908,0.3227299316950321,1.3269427397501774,0.0
effective100,2013,8,2013-06-11,0.09049739017745272,,13.249448300042543,,0.31842149635163874,1.2995527841371712,0.0
effective100,2013,8,2013-06-12,0.09049739017745272,0.15,14.108572713210718,18.71648194136883,0.3133159114688898,0.9493361206147114,0.0
effective100,2013,8,2013-06-13,0.09049739017745272,,3.6475497494896674,,0.36882858003621166,7.316420071448729,0.02410518214316797
effective100,2013,8,2013-06-14,0.10041792603338,0.17,10.157369415590964,14.508265875364229,0.40088524621080746,6.100678980275435,0.0
effective100,2013,8,2013-06-15,0.10041792603338,,12.235048567853573,,0.39717789767311235,2.0776791522626246,0.0
effective100,2013,8,2013-06-16,0.10041792603338,,13.424311015685861,,0.3927848450188471,1.1892624478322957,0.0
effective100,2013,8,2013-06-17,0.10041792603338,,14.332859916111596,,0.3875792617220725,0.9085489004257465,0.0
effective100,2013,8,2013-06-18,0.10041792603338,,15.139153769480808,,0.3814108636644375,0.806293853369231,0.0
effective100,2013,8,2013-06-19,0.10041792603338,0.22,15.967846530654986,22.194612540620366,0.37410157046361386,0.828692761174196,0.0
effective100,2013,8,2013-06-20,0.10041792603338,,6.265169451512256,,0.44038411702915353,8.727122055486257,0.024200865371010127
effective100,2013,8,2013-06-21,0.10958199595259206,0.24,10.874629127157833,16.528375146547166,0.4378295080275143,4.036439685069549,0.0
effective100,2013,8,2013-06-22,0.10958199595259206,,12.689424682162345,,0.43328523280473574,1.8147955550045298,0.0
effective100,2013,8,2013-06-23,0.10958199595259206,,13.981622500742763,,0.4279006144189681,1.2921978185804228,0.0
effective100,2013,8,2013-06-24,0.10958199595259206,,14.931113540034579,,0.42152025369279295,1.4574910392918319,0.0
effective100,2013,8,2013-06-25,0.10958199595259206,0.29,15.715073234947585,21.368819254336916,0.4139600144929793,0.7839596949130294,0.0
effective100,2013,8,2013-06-26,0.10958199595259206,,12.278581588343123,,0.4873045981655333,7.863508353395539,0.0
effective100,2013,8,2013-06-27,0.10958199595259206,0.32,14.690216101575505,25.177712120964827,0.48279989676961904,2.4116345132324017,0.0
effective100,2013,8,2013-06-28,0.10958199595259206,,15.627272151972273,,0.4774623555136771,1.6990560503967735,0.0
effective100,2013,8,2013-06-29,0.10958199595259206,,16.230172733852726,,0.47113799699243936,1.3649005818804638,0.0
effective100,2013,8,2013-06-30,0.10958199595259206,0.365,16.745217611670384,38.1086511310597,0.4636443760933734,0.5150448778176728,0.0
effective100,2013,8,2013-07-01,0.10958199595259206,,11.315155253448566,,0.545791932732002,7.077937641778185,0.0
effective100,2013,8,2013-07-02,0.10958199595259206,0.395,14.1316055666165,42.745664086005824,0.5407479651227545,2.8164503131679486,0.0
effective100,2013,8,2013-07-03,0.10958199595259206,,15.102230590947286,,0.5347717151649649,0.9706250243307935,0.0
effective100,2013,8,2013-07-04,0.10958199595259206,0.425,15.92650470117489,51.79118822056421,0.5276908680372989,0.8242741102276286,0.0
effective100,2013,8,2013-07-05,0.10958199595259206,,0.5571938741364726,,0.621186050347137,5.5962379787279515,0.0524511942336385
effective100,2013,8,2013-07-06,0.11824406003294304,,5.450691913851419,,0.7312465166984871,4.502485666176705,0.07805374196195947
effective100,2013,8,2013-07-07,0.12686623451329176,,9.676702101413202,,0.8271709923950795,4.437903409041749,0.01364216910045106
effective100,2013,8,2013-07-08,0.13211843259666117,,12.302534459430964,,0.8195390259941284,2.2990449101632815,0.0
effective100,2013,8,2013-07-09,0.13211843259666117,0.5,13.845625058150905,66.40666038868983,0.8104961039146316,1.5430905987199552,0.0
effective100,2013,8,2013-07-10,0.13211843259666117,,-4.029961509639529,,0.9540981360641736,7.309541170316078,0.11487226189349192
effective100,2013,8,2013-07-11,0.14059025568434508,0.54,6.067671004456453,65.04394404455485,1.1231432808183015,6.675116304158383,0.17025391949707425
effective100,2013,8,2013-07-12,0.14902660495363712,,4.536455490575534,,1.322139496520777,6.072065467413474,0.13279554004896016
effective100,2013,8,2013-07-13,0.1574282585279803,,3.363779958880898,,1.5563934522998832,5.6559692991202715,0.14599892059313482
effective100,2013,8,2013-07-14,0.16579596413493475,0.6,6.781138457217305,79.84658052715426,1.8290186480859867,4.137031913674605,0.15952534174900984
effective100,2013,8,2013-07-15,0.17413044079627876,,-3.9612731578714993,,2.153080409069134,4.654010353833312,0.16732003876129337
effective100,2013,8,2013-07-16,0.18243238039712178,0.64,5.772383181486973,84.63359694871961,2.5345587661276654,7.164412353348095,0.3387736756226787
effective100,2013,8,2013-07-17,0.19070244914456486,,9.718540914779364,,2.8621197794398814,3.2582594132106566,0.3827616689522897
effective100,2013,8,2013-07-18,0.19894128892536017,0.68,12.111108119707993,98.81335506332115,3.2551630011617148,5.15730498668123,0.26693204575738194
effective100,2013,8,2013-07-19,0.20709468963244448,,2.369054915998107,,3.8319060844252726,4.210452467910779,0.2745811816490401
effective100,2013,8,2013-07-20,0.21527290609983185,,8.284324331026719,,4.508466275551706,5.488058559807431,0.4270473891971996
effective100,2013,8,2013-07-21,0.22342168557323439,,11.977907748326949,,4.9819417927584135,3.516203314058319,0.4312537837985742
effective100,2013,8,2013-07-22,0.23154158449541062,,14.542361788091263,,5.003439635903762,2.1961951343864192,0.3682040487561001
effective100,2013,8,2013-07-23,0.23951526710713295,0.78,16.07827588408957,123.18149496514553,4.9841946448522005,1.2705657971797473,0.265328225080898
effective100,2013,8,2013-07-24,0.24728730596438123,,2.9505411949949254,,5.273573045861799,4.73997087880582,0.4322877045647398
effective100,2013,8,2013-07-25,0.255323718585601,0.82,6.070338251819665,120.7570901429115,5.273573045861799,2.8653721690952763,0.2544227586334349
effective100,2013,8,2013-07-26,0.263333297422395,,10.379069998111314,,5.273573045861799,4.278295852651797,0.5384352353399132
effective100,2013,8,2013-07-27,0.2713165135329463,,13.032431959892275,,5.273573045861799,2.875855269795612,0.28550649331646344
effective100,2013,8,2013-07-28,0.27927382319772565,0.88,14.110777657190807,139.30440363243338,5.273573045861799,1.3793828889153108,0.20696274950281673
effective100,2013,8,2013-07-29,0.2872056685816149,,-35.186107696593766,,5.273573045861799,1.9201303581942604,0.16996846849638803
effective100,2013,8,2013-07-30,0.29511247835770993,0.91,-3.008405752944749,100.3664543359672,5.273573045861799,5.42426659740587,0.4942477794373085
effective100,2013,8,2013-07-31,0.3029946682955107,,6.876577967421848,,5.273573045861799,4.86339948429146,0.5393708963067332
effective100,2013,8,2013-08-01,0.3108526418159778,0.93,10.260813427517913,111.50786726156791,5.273573045861799,1.8202631345342029,0.41608774380165114
effective100,2013,8,2013-08-02,0.318686790515732,,-13.517325279630981,,5.273573045861799,6.159291349142383,0.5609673173699027
effective100,2013,8,2013-08-03,0.32649749466249123,,-15.2711180389282,,5.273573045861799,5.098708216591356,0.4643028203358395
effective100,2013,8,2013-08-04,0.3342851236636697,,-1.0437660062435103,,5.273573045861799,4.857723915279853,0.4488073877517483
effective100,2013,8,2013-08-05,0.3420500365099186,,5.332299911245889,,5.273573045861799,2.9258016823445985,0.48224908151127616
effective100,2013,8,2013-08-06,0.34979258219523723,0.965,8.400876568654184,94.42737802641524,5.273573045861799,1.7928504159727785,0.4859794226593044
effective100,2013,8,2013-08-07,0.3575131001151708,,-8.043596865520792,,5.273573045861799,3.4544401388169663,0.29602699552874595
effective100,2013,8,2013-08-08,0.3652119204444917,0.975,-1.4494536833574518,82.68765083149628,5.273573045861799,2.813620094089232,0.24503974331276984
effective100,2013,8,2013-08-09,0.37288936449565124,,5.439384972018951,,5.273573045861799,4.623167382367731,0.4249931438285945
effective100,2013,8,2013-08-10,0.38054574505920113,,9.112763658278679,,5.273573045861799,2.655370074069337,0.4780323722485574
effective100,2013,8,2013-08-11,0.3881813667272924,0.99,10.804018074539398,95.10879654804702,5.273573045861799,1.2684042655326977,0.34445972850384504
effective100,2013,8,2013-08-12,0.3957965262012795,,-10.669614599874976,,5.273573045861799,4.270665782226463,0.37412535093274635
effective100,2013,8,2013-08-13,0.4033915125843821,1.0,-2.4723343258918984,78.62277941833634,5.273573045861799,3.65203545362886,0.37001045016796
effective100,2013,8,2013-08-14,0.4109666076602969,,3.043924879729933,,5.273573045861799,2.204414643467473,0.3898304024466668
effective100,2013,8,2013-08-15,0.4185220861585788,1.01,5.960127733466327,85.08286564949489,5.273573045861799,1.685538105610331,0.429157246300787
effective100,2013,8,2013-08-16,0.4260582160075608,,1.668547353663271,,5.273573045861799,5.11808813901263,0.4651516622018666
effective100,2013,8,2013-08-17,0.4335752585755315,,7.194790483483496,,5.273573045861799,4.997976942078811,0.4640308060367866
effective100,2013,8,2013-08-18,0.4410734689008331,,10.852468821758823,,5.273573045861799,3.46591113779521,0.42722434093086553
effective100,2013,8,2013-08-19,0.4485530959115034,,13.548600965646585,,5.273573045861799,2.1746837987988785,0.5176934517392153
effective100,2013,8,2013-08-20,0.456014382635044,1.035,15.382657576187793,98.57038522823188,5.273573045861799,1.3325652684722722,0.5003294483371991
effective100,2013,8,2013-08-21,0.4634575663988567,,-1.8868657029443845,,5.273573045861799,5.436407645648921,0.4937075726296871
effective100,2013,8,2013-08-22,0.47088287902185755,1.045,-3.571225721537079,80.85981067954144,5.273573045861799,4.023881052534613,0.36537352059969935
effective100,2013,8,2013-08-23,0.4782905469977403,,2.9776982629287008,,5.273573045861799,4.632025036355473,0.45601810104804313
effective100,2013,8,2013-08-24,0.4856807916703396,,6.72286319497256,,5.273573045861799,2.407043102321705,0.42444674631457696
effective100,2013,8,2013-08-25,0.49305382940150655,1.05,10.412267399512107,93.03059668246345,5.273573045861799,3.694627573734942,0.4430525264806329
effective100,2013,8,2013-08-26,0.5004098717318894,,0.29466731391277967,,5.273573045861799,5.523747445347825,0.5012591296303575
effective100,2013,8,2013-08-27,0.5077491255349866,1.05,5.92207439470387,88.46561744815025,5.273573045861799,5.125006568877853,0.48500762183078827
effective100,2013,8,2013-08-28,0.5150717931648181,,8.644248749998413,,5.273573045861799,4.070336905073383,0.42453397642655705
effective100,2013,8,2013-08-29,0.5223780725975353,1.05,11.746377854714105,94.28299102769964,5.273573045861799,2.5722593708159605,0.5282433272335376
effective100,2013,8,2013-08-30,0.5296681575672775,,-1.723900184313754,,5.240017932137202,4.34058665048291,0.38863410865961817
effective100,2013,8,2013-08-31,0.5296681575672775,,3.654050920950444,,5.202192675011618,4.49813370661611,0.39685768548934747
effective100,2013,8,2013-09-01,0.5296681575672775,,7.705707593397441,,5.159553866263736,3.291831402201847,0.37637747361992796
effective100,2013,8,2013-09-02,0.5296681575672775,,10.300580577807125,,5.111488944843577,2.040785702762293,0.4087627830620216
effective100,2013,8,2013-09-03,0.5296681575672775,,13.09486855169143,,5.057307396649155,2.6487790256249037,0.371629132202558
effective100,2013,8,2013-09-04,0.5296681575672775,1.05,14.93998795118797,96.42821702998569,4.996230834407796,1.4820885118575657,0.35475981970697157
effective100,2013,8,2013-09-05,0.5296681575672775,,5.479359132294881,,4.927381815146904,5.3166211198901765,0.4202844968708962
effective100,2013,8,2013-09-06,0.5296681575672775,1.05,11.246267552531592,92.7312929418838,4.849771234602856,5.333579827406347,0.4325904677307165
effective100,2013,8,2013-09-07,0.5296681575672775,,14.050914803109062,,4.762284117472551,2.437205109383967,0.36722031700276947
effective100,2013,8,2013-09-08,0.5296681575672775,,15.968556485463344,,4.66366359936642,1.542104208169312,0.3754705821603001
effective100,2013,8,2013-09-09,0.5296681575672775,,-7.208277018500414,,4.552492870343133,4.0132271179258545,0.27046318366464506
effective100,2013,8,2013-09-10,0.5296681575672775,,-4.540647583003875,,4.427174820621785,2.2927485476531526,0.13723275879885835
effective100,2013,8,2013-09-11,0.5296681575672775,,-4.653711384077654,,4.285909096056172,1.475255285730764,0.08258689370754695
effective100,2013,8,2013-09-12,0.5296681575672775,,-10.772479194057919,,4.126666233743671,0.9275803470042818,0.04244618628797786
effective100,2013,8,2013-09-13,0.5296681575672775,,-12.927082791513163,,3.9471585061936647,2.5013190410490616,0.12355849056808055
effective100,2013,8,2013-09-14,0.5296681575672775,,-6.091622397840102,,3.7448070551946753,3.6740337960038767,0.1629847026572737
effective100,2013,8,2013-09-15,0.5296681575672775,,-14.361503758912503,,3.5167048432161403,0.5867169729026832,0.013629379698646825
effective100,2013,8,2013-09-16,0.5296681575672775,,-5.641159181417691,,3.25957489009433,2.4411265858299496,0.07553466864367345
effective100,2013,8,2013-09-17,0.5296681575672775,1.05,2.107351205305141,50.84578867291189,2.9697231950189367,3.840066932927374,0.10560860843814622
effective100,2013,8,2013-09-18,0.5296681575672775,,6.096005899285898,,2.6429856674844543,3.1266280964221607,0.08581256163896334
effective100,2013,8,2013-09-19,0.5296681575672775,,8.695699285134431,,2.2746683048015184,2.970221063219097,0.02737926276401637
effective100,2013,8,2013-09-20,0.5296681575672775,,10.56902605892985,,1.8594797567416494,1.7682505063456695,0.02139259212617222
effective100,2013,8,2013-09-21,0.5296681575672775,,12.127976824343673,,1.3914553085201984,1.5145214795822017,0.022199069374791356
effective100,2013,8,2013-09-22,0.5296681575672775,,10.729469565486646,,0.8638711900357701,3.413303716414583,0.007535643775131617
effective100,2013,8,2013-09-23,0.5296681575672775,,-2.610196189231499,,0.269147980308726,4.133062226440076,0.0003816007194070306
effective100,2013,9,2013-05-15,0.08,,3.5750575433999776,,0.0,4.468821929249998,0.0
effective100,2013,9,2013-05-16,0.08,,5.7824002357199955,,0.0,2.759178365400051,0.0
effective100,2013,9,2013-05-17,0.08,,7.460181263486801,,0.0,2.097226284708515,0.0
effective100,2013,9,2013-05-18,0.08,,8.542294799514062,,0.0,1.3526419200340798,0.0
effective100,2013,9,2013-05-19,0.08,,10.565062571331902,,0.0,2.782459714772308,0.0
effective100,2013,9,2013-05-20,0.08,,10.66962538424052,,0.4875,4.448703516135788,0.0
effective100,2013,9,2013-05-21,0.08,,12.149654448399074,,0.5738742470010385,2.866036330198201,0.0
effective100,2013,9,2013-05-22,0.08,,13.048384797278787,,0.6755521053764285,2.1394129360996583,0.0
effective100,2013,9,2013-05-23,0.08,,13.580305475840223,,0.6693127862307413,0.6649008482018102,0.0
effective100,2013,9,2013-05-24,0.08,,13.893055555555556,,0.6619209548482653,0.9093810455592738,0.0
effective100,2013,9,2013-05-25,0.08,,13.893055555555556,,0.6531637219016666,0.7549633909756408,0.0
effective100,2013,9,2013-05-26,0.08,,13.893055555555556,,0.6427888736519074,0.7399773728722208,0.0
effective100,2013,9,2013-05-27,0.08,,13.893055555555556,,0.6304976080361702,0.693408484580374,0.0
effective100,2013,9,2013-05-28,0.08,,13.893055555555556,,0.6159359289831668,2.407348429251132,0.0
effective100,2013,9,2013-05-29,0.08,,9.876697397905934,,0.5986844511067813,2.853552302937975,0.0
effective100,2013,9,2013-05-30,0.08,,13.893055555555556,,0.5782463211468956,5.224011026358109,0.0
effective100,2013,9,2013-05-31,0.08,,13.893055555555556,,0.5540329082874117,0.6570140616223447,0.0
effective100,2013,9,2013-06-01,0.08,,13.893055555555556,,0.5253468512237498,0.5220822607104458,0.0
effective100,2013,9,2013-06-02,0.08,,13.893055555555556,,0.49136197372485746,0.5156341355089056,0.0
effective100,2013,9,2013-06-03,0.08,,13.893055555555556,,0.45109949024546064,0.5852827361845605,0.0
effective100,2013,9,2013-06-04,0.08,,13.893055555555556,,0.40339981629543586,6.122004412460784,0.0
effective100,2013,9,2013-06-05,0.08,,13.893055555555556,,0.3468891716874604,0.23387583222973524,0.0
effective100,2013,9,2013-06-06,0.08,0.09,13.893055555555556,15.6296875,0.2799400148157657,0.42730060903340966,0.0
effective100,2013,9,2013-06-07,0.08,,4.219569879000502,,0.32953921068278375,6.6913554581699595,0.016787446136230167
effective100,2013,9,2013-06-08,0.0905004365499774,,8.872740602027129,,0.33877207577695256,4.529623620632857,0.0
effective100,2013,9,2013-06-09,0.0905004365499774,,10.84211615937805,,0.33563822135140536,2.1760950912798975,0.0
effective100,2013,9,2013-06-10,0.0905004365499774,0.13,12.051854133817267,15.192771206419845,0.3319245645004076,1.336720595564396,0.0
effective100,2013,9,2013-06-11,0.0905004365499774,,13.23429898680258,,0.3275238344937625,1.3065625957863056,0.0
effective100,2013,9,2013-06-12,0.0905004365499774,0.15,14.096992492937192,18.70316139706476,0.3223089141690203,0.9532478947305648,0.0
effective100,2013,9,2013-06-13,0.0905004365499774,,3.635678179962715,,0.37941494445224383,7.315085193255415,0.025507237260226235
effective100,2013,9,2013-06-14,0.10042097240590468,0.17,9.972560948640345,14.32326692183169,0.41281161491783974,5.9289333941232325,0.0
effective100,2013,9,2013-06-15,0.10042097240590468,,12.033677881352242,,0.4089941882409422,2.0611169327119083,0.0
effective100,2013,9,2013-06-16,0.10042097240590468,,13.224551813415278,,0.40447073751303103,1.1908739320630464,0.0
effective100,2013,9,2013-06-17,0.10042097240590468,,14.138344323171953,,0.39911068525278187,0.91379250975669,0.0
effective100,2013,9,2013-06-18,0.10042097240590468,,14.95170369225213,,0.3927593039819906,0.8133593690801962,0.0
effective100,2013,9,2013-06-19,0.10042097240590468,0.22,15.789705950552092,22.016281473935553,0.38523324974066814,0.8380022582999647,0.0
effective100,2013,9,2013-06-20,0.10042097240590468,,5.990530833002874,,0.45348808433782345,8.725150370026581,0.029674512424201462
effective100,2013,9,2013-06-21,0.1097015309964789,0.24,10.775996576464472,16.422268190886864,0.4515918620996122,4.205161834500539,0.0
effective100,2013,9,2013-06-22,0.1097015309964789,,12.629874779029024,,0.44704845860953696,1.8538782025645621,0.0
effective100,2013,9,2013-06-23,0.1097015309964789,,13.941066922293984,,0.44166492532825147,1.3111921432649682,0.0
effective100,2013,9,2013-06-24,0.1097015309964789,,14.901178085744906,,0.4352859121822656,1.4681111634509403,0.0
effective100,2013,9,2013-06-25,0.1097015309964789,0.29,15.692275600105496,21.33854721452789,0.4277273430064948,0.7910975143606044,0.0
effective100,2013,9,2013-06-26,0.1097015309964789,,12.153586203723398,,0.5035111936197069,7.8613106036179055,0.0
effective100,2013,9,2013-06-27,0.1097015309964789,0.32,14.60457644154483,25.084598055967213,0.49885703388484826,2.4509902378214345,0.0
effective100,2013,9,2013-06-28,0.1097015309964789,,15.562686872383711,,0.4933424681406671,1.7201104308388984,0.0
effective100,2013,9,2013-06-29,0.1097015309964789,,16.1768082473801,,0.48680843469975854,1.3761213749963999,0.0
effective100,2013,9,2013-06-30,0.1097015309964789,0.365,16.69995385074787,38.05591296517025,0.4790664664310946,0.5231456033677814,0.0
effective100,2013,9,2013-07-01,0.1097015309964789,,11.267674829593588,,0.5639464773058311,7.07572097884572,0.0
effective100,2013,9,2013-07-02,0.1097015309964789,0.395,14.096728545300142,42.70331265972253,0.5587351815209299,2.8290537157065705,0.0
effective100,2013,9,2013-07-03,0.1097015309964789,,15.076870304229967,,0.5525607587425783,0.980141758929844,0.0
effective100,2013,9,2013-07-04,0.1097015309964789,0.425,15.907671856241784,51.76488097066416,0.5452452084035849,0.8308015520118277,0.0
effective100,2013,9,2013-07-05,0.1097015309964789,,1.0399063081713276,,0.641850632622629,5.594242221438449,0.055992230491091304
effective100,2013,9,2013-07-06,0.11836359507682988,,5.8202767752277795,,0.7555724071455413,4.412101492122515,0.080638899929186
effective100,2013,9,2013-07-07,0.1269857695571786,,9.990519972895267,,0.8444976892098076,4.391576268187945,0.005673770658991127
effective100,2013,9,2013-07-08,0.12972968675322638,,12.430330625937128,,0.8367042459123317,2.26808061226259,0.0
effective100,2013,9,2013-07-09,0.12972968675322638,0.5,13.94981096605412,66.6852293058719,0.8274723616466029,1.5194803401170107,0.0
effective100,2013,9,2013-07-10,0.12972968675322638,,-4.025908820353496,,0.9740822122135697,7.307015515780231,0.11726469781215397
effective100,2013,9,2013-07-11,0.13820150984091029,0.54,6.060016370260512,65.16664550000877,1.1466680944639345,6.615839771662645,0.17379620888186892
effective100,2013,9,2013-07-12,0.14663785911020233,,4.541111335452056,,1.3498323882473973,6.0691521509207575,0.1355551902389129
effective100,2013,9,2013-07-13,0.15503951268454552,,3.380679699281852,,1.5889929136063357,5.6527706649641125,0.14902856548195442
effective100,2013,9,2013-07-14,0.16340721829149996,0.6,6.92117323041947,80.07973163091319,1.867658352729725,4.244471032651276,0.16285852664742864
effective100,2013,9,2013-07-15,0.17174169495284397,,-5.009120409623333,,2.198566217083017,4.65032572425186,0.170809008021434
effective100,2013,9,2013-07-16,0.180043634553687,0.64,5.414412456755928,83.678248663464,2.5881036560214112,7.169061444825181,0.3458208554523603
effective100,2013,9,2013-07-17,0.18831370330113006,,9.446117738316795,,2.9349162317837445,3.254276044352565,0.3923269535139832
effective100,2013,9,2013-07-18,0.19655254308192538,0.68,11.945793993240736,97.98064177412535,3.34996477914635,5.255520172643125,0.28576994015170004
effective100,2013,9,2013-07-19,0.20471907638891834,,2.214700002468078,,3.943504646384844,4.202197382927999,0.28238854182406786
effective100,2013,9,2013-07-20,0.2128972928563057,,8.108726794840047,,4.640478342910798,5.454732273793297,0.439201654750938
effective100,2013,9,2013-07-21,0.22104607232970824,,11.89468068136572,,5.148298156187753,3.5946152883910716,0.44520487841299855
effective100,2013,9,2013-07-22,0.22916597125188448,,14.503928851301476,,5.174874168889402,2.2242654518349716,0.3849191732882311
effective100,2013,9,2013-07-23,0.23714614091138214,0.78,16.0598638884921,122.48432734030712,5.155531892764604,1.2792930341171922,0.27661788684110683
effective100,2013,9,2013-07-24,0.24492703246364098,,2.9312740993347357,,5.454857998943681,4.724752013898074,0.44664995353555864
effective100,2013,9,2013-07-25,0.2529634450848608,0.82,6.050323201169536,120.0583174355597,5.454857998943681,2.8561721733428,0.2628742878094959
effective100,2013,9,2013-07-26,0.2609730239216548,,10.384117694113137,,5.454857998943681,4.285475344699183,0.5563183247446634
effective100,2013,9,2013-07-27,0.2689562400322061,,13.047507161951586,,5.454857998943681,2.8764017108350957,0.2949875069275889
effective100,2013,9,2013-07-28,0.27691354969698545,0.88,14.13168955984314,138.64655764619056,5.454857998943681,1.3783479301451116,0.21383439327927078
effective100,2013,9,2013-07-29,0.2848453950808747,,-35.10374934610406,,5.454857998943681,1.9139652982658792,0.17561090204674298
effective100,2013,9,2013-07-30,0.29275220485696973,0.91,-2.938047421723249,99.607074611587,5.454857998943681,5.406850629527537,0.5106526355562574
effective100,2013,9,2013-07-31,0.3006343947947705,,6.898592326157687,,5.454857998943681,4.852875336276322,0.5572705563171548
effective100,2013,9,2013-08-01,0.30849236831523763,0.93,10.278883455480777,110.76283167746583,5.454857998943681,1.8134256398192106,0.4298938667995057
effective100,2013,9,2013-08-02,0.3163265170149918,,-13.50375498282652,,5.454857998943681,6.139515400013839,0.5795776391766106
effective100,2013,9,2013-08-03,0.32413722116175103,,-15.238641695638982,,5.454857998943681,5.082337535518339,0.4797037565172006
effective100,2013,9,2013-08-04,0.3319248501629295,,-1.0137869385041034,,5.454857998943681,4.84398911637742,0.46369192166458745
effective100,2013,9,2013-08-05,0.3396897630091784,,5.3505629388163,,5.454857998943681,2.9178841751700793,0.4982400976777829
effective100,2013,9,2013-08-06,0.34743230869449704,0.965,8.421530047503394,93.6982031338547,5.454857998943681,1.7855111445232361,0.5020915138614606
effective100,2013,9,2013-08-07,0.3551528266144306,,-8.02618999047015,,5.454857998943681,3.443348792657094,0.3058398349696207
effective100,2013,9,2013-08-08,0.3628516469437515,0.975,-1.43054942518968,81.95628496796834,5.454857998943681,2.8045862613487977,0.25316111180481415
effective100,2013,9,2013-08-09,0.37052909099491105,,5.448630640950984,,5.454857998943681,4.611598172805039,0.43907642630371774
effective100,2013,9,2013-08-10,0.37818547155846094,,9.125058923449988,,5.454857998943681,2.6478688215433115,0.4938706706236266
effective100,2013,9,2013-08-11,0.3858210932265522,0.99,10.822194901423984,94.39557739767271,5.454857998943681,1.2642889866993179,0.3558706017294227
effective100,2013,9,2013-08-12,0.3934362527005393,,-10.653192313865809,,5.454857998943681,4.256953738995048,0.38651693258022446
effective100,2013,9,2013-08-13,0.4010312390836419,1.0,-2.4505537682533856,77.9106874252115,5.454857998943681,3.6422297816018308,0.3822637410284122
effective100,2013,9,2013-08-14,0.4086063341595567,,3.0611770846665545,,5.454857998943681,2.197594204202077,0.4027379452225009
effective100,2013,9,2013-08-15,0.4161618126578386,1.01,5.978659618885479,84.384391353627,5.454857998943681,1.6788613389465774,0.44336460671106676
effective100,2013,9,2013-08-16,0.4236979425068206,,7.98160764419545,,5.454857998943681,1.2990986034936431,0.4805481113859105
effective100,2013,9,2013-08-17,0.4312149850747913,,9.533572460268177,,5.454857998943681,1.0089107163362956,0.4793876447823304
effective100,2013,9,2013-08-18,0.4387131954000929,,12.881059573320288,,5.454857998943681,3.148074048234533,0.44136077854021766
effective100,2013,9,2013-08-19,0.4461928224107632,,15.374581695484574,,5.454857998943681,1.9549966162261831,0.5348206219015569
effective100,2013,9,2013-08-20,0.4536541091343038,1.035,17.085320824014662,99.5650457207189,5.454857998943681,1.1927131974357676,0.5168794454221949
effective100,2013,9,2013-08-21,0.4610972928981165,,5.714666127308165,,5.454857998943681,5.418952695891211,0.5100358559395929
effective100,2013,9,2013-08-22,0.46852260552111735,1.045,3.245194476237811,87.47559693955635,5.454857998943681,4.010961373551524,0.37745546012181824
effective100,2013,9,2013-08-23,0.4759302734970001,,8.365897093508657,,5.454857998943681,4.649572684857447,0.4710949465717274
effective100,2013,9,2013-08-24,0.4833205181695994,,11.160291617391241,,5.454857998943681,2.355906035480881,0.43847748042491413
effective100,2013,9,2013-08-25,0.49069355590076635,1.05,14.050608929770075,99.15653484461015,5.454857998943681,3.194617940643793,0.4576959004083749
effective100,2013,9,2013-08-26,0.49804959823114925,,7.874445672377023,,5.454857998943681,5.506012069265424,0.5178235768208506
effective100,2013,9,2013-08-27,0.5053888520342464,1.05,13.160408406183032,98.23859221485088,5.454857998943681,4.757189328923166,0.5010323952313033
effective100,2013,9,2013-08-28,0.5127115196640779,,14.997683322895181,,5.454857998943681,3.139020912269717,0.43855838114735946
effective100,2013,9,2013-08-29,0.5200177990967951,1.05,17.34410399645777,102.34698099767087,5.454857998943681,1.7631186054715993,0.5456908839313459
effective100,2013,9,2013-08-30,0.5273078840665373,,9.90979435070072,,5.420149390773418,4.326691527897125,0.4014710294364842
effective100,2013,9,2013-08-31,0.5273078840665373,,14.803544062054344,,5.381023848261876,4.483782538910512,0.4099671701668246
effective100,2013,9,2013-09-01,0.5273078840665373,,16.874150030558184,,5.336919282924276,1.68179428056538,0.3888116872394342
effective100,2013,9,2013-09-02,0.5273078840665373,,18.475990138376105,,5.28720207624159,1.1795713919459325,0.4222687156571692
effective100,2013,9,2013-09-03,0.5273078840665373,,19.623482452564414,,5.231157976919705,1.0175820604463477,0.3839102536759142
effective100,2013,9,2013-09-04,0.5273078840665373,1.05,20.617845873470724,105.58319507449795,5.167981839755606,0.6278774264419964,0.3664859944440139
effective100,2013,9,2013-09-05,0.5273078840665373,,16.15209603417259,,5.0967660586962324,5.300069979322243,0.4341801813733794
effective100,2013,9,2013-09-06,0.5273078840665373,1.05,20.60324744557734,105.5685966465964,5.016487527916124,4.004253837561251,0.4468975738415951
effective100,2013,9,2013-09-07,0.5273078840665373,,21.63200667847267,,4.925992943593024,0.6493891903550342,0.3793700425397235
effective100,2013,9,2013-09-08,0.5273078840665373,,22.577939980647876,,4.8239822352226644,0.5580344522248037,0.38789884995023405
effective100,2013,9,2013-09-09,0.5273078840665373,,-0.9186733738555165,,4.708989888442346,4.001150035769785,0.2794203690583638
effective100,2013,9,2013-09-10,0.5273078840665373,,-0.7768282043589155,,4.579363891041792,2.2860647506603358,0.14178041883632939
effective100,2013,9,2013-09-11,0.5273078840665373,,-3.467576961987626,,4.433241999693763,1.4709227906064914,0.08532563485999992
effective100,2013,9,2013-09-12,0.5273078840665373,,-10.505996344429528,,4.268524986445665,0.9248959854864781,0.043854944484154376
effective100,2013,9,2013-09-13,0.5273078840665373,,-12.866335556327593,,4.08284648062375,2.4942000456603712,0.12766320197259104
effective100,2013,9,2013-09-14,0.5273078840665373,,-6.074773147100245,,3.8735389728902856,3.663960081434339,0.168405089399994
effective100,2013,9,2013-09-15,0.5273078840665373,,-14.355441131621635,,3.6375954930584786,0.5851133034770206,0.014083218587930818
effective100,2013,9,2013-09-16,0.5273078840665373,,-5.633473797941426,,3.3716264111178833,2.434615599049274,0.07805345601073796
effective100,2013,9,2013-09-17,0.5273078840665373,1.05,2.1064987030332523,60.59177667543132,3.0718107408618165,3.8301062956412317,0.10913597876886644
effective100,2013,9,2013-09-18,0.5273078840665373,,6.0904051820027165,,2.7338412465309956,3.1234764964489696,0.08868404924762575
effective100,2013,9,2013-09-19,0.5273078840665373,,8.68704439125339,,2.3528625638601626,2.967805441623578,0.02829736707972653
effective100,2013,9,2013-09-20,0.5273078840665373,,10.56012500402601,,1.9234014465572786,1.7684436198071138,0.022111662256829628
effective100,2013,9,2013-09-21,0.5273078840665373,,12.120095260045742,,1.4392881361167673,1.514941970116786,0.02294727093562283
effective100,2013,9,2013-09-22,0.5273078840665373,,10.716869052269079,,0.8935677253435232,3.408376054069018,0.007790406260508563
effective100,2013,9,2013-09-23,0.5273078840665373,,-2.6273038075714563,,0.27840024221123977,4.128556388035673,0.0003945465402231638
effective100,2013,10,2013-05-15,0.08,,3.5750575433999776,,0.0,4.468821929249998,0.0
effective100,2013,10,2013-05-16,0.08,,5.7824002357199955,,0.0,2.759178365400051,0.0
effective100,2013,10,2013-05-17,0.08,,7.460181263486801,,0.0,2.097226284708515,0.0
effective100,2013,10,2013-05-18,0.08,,8.542294799514062,,0.0,1.3526419200340798,0.0
effective100,2013,10,2013-05-19,0.08,,10.565062571331902,,0.0,2.782459714772308,0.0
effective100,2013,10,2013-05-20,0.08,,10.66962538424052,,0.4875,4.448703516135788,0.0
effective100,2013,10,2013-05-21,0.08,,12.149654448399074,,0.5738742470010385,2.866036330198201,0.0
effective100,2013,10,2013-05-22,0.08,,13.048384797278787,,0.6755521053764285,2.1394129360996583,0.0
effective100,2013,10,2013-05-23,0.08,,13.580305475840223,,0.6693127862307413,0.6649008482018102,0.0
effective100,2013,10,2013-05-24,0.08,,13.893055555555556,,0.6619209548482653,0.9093810455592738,0.0
effective100,2013,10,2013-05-25,0.08,,13.893055555555556,,0.6531637219016666,0.7549633909756408,0.0
effective100,2013,10,2013-05-26,0.08,,13.893055555555556,,0.6427888736519074,0.7399773728722208,0.0
effective100,2013,10,2013-05-27,0.08,,13.893055555555556,,0.6304976080361702,0.693408484580374,0.0
effective100,2013,10,2013-05-28,0.08,,13.893055555555556,,0.6159359289831668,2.407348429251132,0.0
effective100,2013,10,2013-05-29,0.08,,9.876697397905934,,0.5986844511067813,2.853552302937975,0.0
effective100,2013,10,2013-05-30,0.08,,13.893055555555556,,0.5782463211468956,5.224011026358109,0.0
effective100,2013,10,2013-05-31,0.08,,13.893055555555556,,0.5540329082874117,0.6570140616223447,0.0
effective100,2013,10,2013-06-01,0.08,,13.893055555555556,,0.5253468512237498,0.5220822607104458,0.0
effective100,2013,10,2013-06-02,0.08,,13.893055555555556,,0.49136197372485746,0.5156341355089056,0.0
effective100,2013,10,2013-06-03,0.08,,13.893055555555556,,0.45109949024546064,0.5852827361845605,0.0
effective100,2013,10,2013-06-04,0.08,,13.893055555555556,,0.40339981629543586,6.122004412460784,0.0
effective100,2013,10,2013-06-05,0.08,,13.893055555555556,,0.3468891716874604,0.23387583222973524,0.0
effective100,2013,10,2013-06-06,0.08,0.09,13.893055555555556,15.6296875,0.2799400148157657,0.42730060903340966,0.0
effective100,2013,10,2013-06-07,0.08,,4.1395698790005016,,0.32953921068278375,6.6913554581699595,0.016787446136230167
effective100,2013,10,2013-06-08,0.0905004365499774,,8.820558457424923,,0.341675371344822,4.571964070478781,0.0
effective100,2013,10,2013-06-09,0.0905004365499774,,10.812035734896266,,0.33851470311657667,2.200516763664016,0.0
effective100,2013,10,2013-06-10,0.0905004365499774,0.13,12.030576987940513,15.169260661401644,0.3347692796213818,1.346447928316172,0.0
effective100,2013,10,2013-06-11,0.0905004365499774,,13.219302875101999,,0.3303309152802611,1.3135029315632611,0.0
effective100,2013,10,2013-06-12,0.0905004365499774,0.15,14.085487995646112,18.69044930668194,0.3250714090989696,0.95710601358899,0.0
effective100,2013,10,2013-06-13,0.0905004365499774,,3.6241995726028944,,0.3826668925502312,7.314675174778336,0.025945863258160087
effective100,2013,10,2013-06-14,0.10042097240590468,0.17,9.967850442800923,14.31855641599227,0.4165598960617919,5.936906371145777,0.0
effective100,2013,10,2013-06-15,0.10042097240590468,,12.03075515542655,,0.4127078760251493,2.062904712625646,0.0
effective100,2013,10,2013-06-16,0.10042097240590468,,13.222330895447174,,0.4081434466325905,1.1915757400206235,0.0
effective100,2013,10,2013-06-17,0.10042097240590468,,14.136546231522184,,0.4027348517962527,0.9142153360750289,0.0
effective100,2013,10,2013-06-18,0.10042097240590468,,14.950215549300875,,0.3963259678837642,0.8136693177787017,0.0
effective100,2013,10,2013-06-19,0.10042097240590468,0.22,15.788484212873056,22.015059736256518,0.38873179707847505,0.8382686635722013,0.0
effective100,2013,10,2013-06-20,0.10042097240590468,,6.186310846357365,,0.4576064970949136,8.724530756106953,0.027295877377353457
effective100,2013,10,2013-06-21,0.10962512988125851,0.24,10.84581785895482,16.4968667575653,0.4551553538536107,4.083980387824493,0.0
effective100,2013,10,2013-06-22,0.10962512988125851,,12.671820599912992,,0.4504713530258203,1.8260027409581687,0.0
effective100,2013,10,2013-06-23,0.10962512988125851,,13.969503291817412,,0.4449212411747149,1.2976826919044446,0.0
effective100,2013,10,2013-06-24,0.10962512988125851,,14.922063713207052,,0.43834486711068366,1.4605604213896568,0.0
effective100,2013,10,2013-06-25,0.10962512988125851,0.29,15.70810920210017,21.35915810071065,0.43055246634646344,0.7860454888931282,0.0
effective100,2013,10,2013-06-26,0.10962512988125851,,12.268968867962514,,0.506836866500547,7.860859665862345,0.0
effective100,2013,10,2013-06-27,0.10962512988125851,0.32,14.685263651142956,25.17006254975343,0.5021520400192365,2.416294783180463,0.0
effective100,2013,10,2013-06-28,0.10962512988125851,,15.623756276910328,,0.4966011518675695,1.7004926257673945,0.0
effective100,2013,10,2013-06-29,0.10962512988125851,,16.227429949179765,,0.49002409732878566,1.3656736722694482,0.0
effective100,2013,10,2013-06-30,0.10962512988125851,0.365,16.7430786759172,38.10381507452767,0.4822311738858686,0.5156487267374472,0.0
effective100,2013,10,2013-07-01,0.10962512988125851,,11.310344839889614,,0.5676719011162661,7.075266163972416,0.0
effective100,2013,10,2013-07-02,0.10962512988125851,0.395,14.129661444089999,42.741022842700474,0.5624262721221853,2.819316604200398,0.0
effective100,2013,10,2013-07-03,0.10962512988125851,,15.101036813044045,,0.5562111879378993,0.9713753689540556,0.0
effective100,2013,10,2013-07-04,0.10962512988125851,0.425,15.925838602308628,51.78782500091909,0.5488474816099547,0.8248017892646028,0.0
effective100,2013,10,2013-07-05,0.10962512988125851,,0.9584044638207169,,0.6460911491842647,5.593832737504363,0.05673312400773172
effective100,2013,10,2013-07-06,0.11828719396160949,,5.780411846986155,,0.7605642497069857,4.45320800636155,0.08116930179913444
effective100,2013,10,2013-07-07,0.12690936844195821,,9.970317205822747,,0.8511826535750315,4.411090847086201,0.0062383216080463665
effective100,2013,10,2013-07-08,0.12985436259336364,,12.42881046664992,,0.8433277708631455,2.2741620474835056,0.0
effective100,2013,10,2013-07-09,0.12985436259336364,0.5,13.950950809918867,66.67896223003851,0.8340231487071947,1.5221403432689566,0.0
effective100,2013,10,2013-07-10,0.12985436259336364,,-4.024820374502467,,0.9817936542477466,7.3060410752012155,0.1181877403774576
effective100,2013,10,2013-07-11,0.13832618568104754,0.54,6.061789281407939,65.16322026916896,1.1557458339319453,6.617366378238098,0.17516284531371032
effective100,2013,10,2013-07-12,0.14676253495033958,,4.5424179243822955,,1.3605185029175026,6.068028213983502,0.13661984380132108
effective100,2013,10,2013-07-13,0.15516418852468278,,3.3815157295828846,,1.6015723720877166,5.651536703641149,0.1501973330124935
effective100,2013,10,2013-07-14,0.1635318941316372,0.6,6.922576692954884,80.07715308204826,1.8824273056678638,4.244168575909197,0.16413214253166064
effective100,2013,10,2013-07-15,0.17186637079298123,,-4.408193836270363,,2.215951902716593,4.648917894645656,0.17214207211546168
effective100,2013,10,2013-07-16,0.18016831039382425,0.64,5.680747115198784,84.32239333344349,2.6085697016656475,7.213167030236522,0.34851325439760267
effective100,2013,10,2013-07-17,0.18843837914126732,,9.678916037259778,,2.949351225282461,3.2825852231167594,0.3942226851039723
effective100,2013,10,2013-07-18,0.19667721892206264,0.68,12.081485475917725,98.55467809985186,3.355714157420565,5.164642608933389,0.27633424925426586
effective100,2013,10,2013-07-19,0.20483229856939367,,2.150514936111389,,3.950272687672719,4.201697090322973,0.2828616889523427
effective100,2013,10,2013-07-20,0.21301051503678103,,8.054333708169986,,4.649377777948019,5.4637148514424005,0.44002031396047125
effective100,2013,10,2013-07-21,0.22115929451018357,,11.722147279236323,,5.164894301785329,3.4751038375827616,0.4465951096917353
effective100,2013,10,2013-07-22,0.2292791934323598,,14.326077105419351,,5.2018597806065,2.1989351000241935,0.404940529244761
effective100,2013,10,2013-07-23,0.23728240148834645,0.78,15.895663108828696,122.75836210175194,5.184883507863024,1.2758303666187234,0.29373511405986846
effective100,2013,10,2013-07-24,0.24511380782573347,,2.7669253394814897,,5.4859137456118825,4.722148145650187,0.44910707374557046
effective100,2013,10,2013-07-25,0.25315022044695323,0.82,5.885845871813572,120.3320772719375,5.4859137456118825,2.8545981021511717,0.2643201819719451
effective100,2013,10,2013-07-26,0.2611597992837472,,10.170069186348092,,5.4859137456118825,4.232844855724867,0.5593777582005642
effective100,2013,10,2013-07-27,0.2691430153942985,,12.818945910272369,,5.4859137456118825,2.860267005705477,0.2966095055707177
effective100,2013,10,2013-07-28,0.2771003250590779,0.88,13.900136803297542,138.8532422268667,5.4859137456118825,1.3741808526143744,0.21500997711328226
effective100,2013,10,2013-07-29,0.28503217044296714,,-35.312749562999336,,5.4859137456118825,1.9129104887323731,0.17657618951932663
effective100,2013,10,2013-07-30,0.2929389802190622,0.91,-2.943897118539533,99.81349635579639,5.4859137456118825,5.403870848444026,0.5134591022339272
effective100,2013,10,2013-07-31,0.30082117015686294,,6.898422688430858,,5.4859137456118825,4.851077500737137,0.560332727689982
effective100,2013,10,2013-08-01,0.30867914367733007,0.93,10.28077097598628,110.97170969835507,5.4859137456118825,1.8122557231603316,0.43225572430460596
effective100,2013,10,2013-08-02,0.31651329237708425,,-13.501803045548785,,5.4859137456118825,6.136131838472306,0.5827613460820663
effective100,2013,10,2013-08-03,0.32432399652384347,,-15.241420817843597,,5.4859137456118825,5.079536597544271,0.4823384103312791
effective100,2013,10,2013-08-04,0.33211162552502194,,-1.0160116595041304,,5.4859137456118825,4.841630274250793,0.4662382178283403
effective100,2013,10,2013-08-05,0.33987653837127085,,5.351352416853616,,5.4859137456118825,2.916532331302109,0.5009756622789275
effective100,2013,10,2013-08-06,0.3476190840565895,0.965,8.424344018068684,93.90978950845626,5.4859137456118825,1.784258203040415,0.5048477730823567
effective100,2013,10,2013-08-07,0.35533960197652303,,-8.023436974626557,,5.4859137456118825,3.4414511212954597,0.30751848465984005
effective100,2013,10,2013-08-08,0.36303842230584393,0.975,-1.4306192073548931,82.16749596587513,5.4859137456118825,2.8030406197801176,0.2545503983501629
effective100,2013,10,2013-08-09,0.3707158663570035,,5.448781762826576,,5.4859137456118825,4.60962144598836,0.44148557570815306
effective100,2013,10,2013-08-10,0.3783722469205534,,9.126721709775424,,5.4859137456118825,2.646584415729208,0.49658002362027737
effective100,2013,10,2013-08-11,0.38600786858864466,0.99,10.825168383676266,94.60989367019042,5.4859137456118825,1.2635849213597383,0.357822571909612
effective100,2013,10,2013-08-12,0.3936230280626317,,-10.650425532557419,,5.4859137456118825,4.254607680060931,0.38863665144980936
effective100,2013,10,2013-08-13,0.40121801444573435,1.0,-2.4504012670940174,78.12519476867612,5.4859137456118825,3.640551143334967,0.38435979030673023
effective100,2013,10,2013-08-14,0.40879310952164916,,3.062226542452152,,5.4859137456118825,2.196427499590597,0.4049458967778874
effective100,2013,10,2013-08-15,0.416348588019931,1.01,5.981245052751483,84.60122902692683,5.4859137456118825,1.677720140317823,0.4457948882311251
effective100,2013,10,2013-08-16,0.423884717868913,,7.985772856929209,,5.4859137456118825,1.297961913448828,0.48318177908560606
effective100,2013,10,2013-08-17,0.4314017604368837,,9.539269922672798,,5.4859137456118825,1.0077889104617201,0.48201452000635814
effective100,2013,10,2013-08-18,0.43889997076218534,,12.885720205547557,,5.4859137456118825,3.1446085150021736,0.4437788816486581
effective100,2013,10,2013-08-19,0.44637959777285563,,15.380484807534973,,5.4859137456118825,1.9533061445053752,0.5377502848562189
effective100,2013,10,2013-08-20,0.45384088449639626,1.035,17.092980502812292,99.78683275098038,5.4859137456118825,1.1916378290047303,0.5197103627006444
effective100,2013,10,2013-08-21,0.46128406826020896,,8.722132644509683,,5.4859137456118825,5.415966245211868,0.5128288305869262
effective100,2013,10,2013-08-22,0.4687093808832098,1.045,6.252517219439096,90.69704662281943,5.4859137456118825,4.00875088399919,0.37952207870774185
effective100,2013,10,2013-08-23,0.47611704885909256,,11.312220282320956,,5.4859137456118825,4.5859942192454595,0.473673827935409
effective100,2013,10,2013-08-24,0.48350729353169186,,14.004037685824873,,5.4859137456118825,2.2509289764597495,0.44087740988398166
effective100,2013,10,2013-08-25,0.4908803312628588,1.05,15.920456590606427,101.24050940364413,5.4859137456118825,2.218214826069539,0.46020060456390866
effective100,2013,10,2013-08-26,0.4982363735932417,,11.64409218349351,,5.4859137456118825,5.502977639107509,0.5206568563928362
effective100,2013,10,2013-08-27,0.5055756273963389,1.05,16.263303953010453,101.5427142610219,5.4859137456118825,4.074797013707473,0.5037733481699566
effective100,2013,10,2013-08-28,0.5128982950261703,,17.484777488981745,,5.4859137456118825,2.505140945830343,0.44095716609203495
effective100,2013,10,2013-08-29,0.5202045744588876,1.05,19.183281425495313,104.35606041593223,5.4859137456118825,1.0965728850856586,0.5486751579023302
effective100,2013,10,2013-08-30,0.5274946594286297,,20.248356693739385,,5.451007533444825,0.6082707463199285,0.4036666923042524
effective100,2013,10,2013-08-31,0.5274946594286297,,21.17379126055465,,5.411659240325157,0.5132251053676384,0.41220945917746765
effective100,2013,10,2013-09-01,0.5274946594286297,,21.975974039643834,,5.3673035776705795,0.41124429449241273,0.3909384838996189
effective100,2013,10,2013-09-02,0.5274946594286297,,22.784942635214122,,5.317303319627786,0.3843897600700549,0.4245788352859994
effective100,2013,10,2013-09-03,0.5274946594286297,,23.469421844521374,,5.260940148507675,0.552468319542936,0.3860108896984563
effective100,2013,10,2013-09-04,0.5274946594286297,1.05,24.124402530839873,109.24404368838918,5.197404335232553,0.28648896053264244,0.36849172576559575
effective100,2013,10,2013-09-05,0.5274946594286297,,24.882456880520074,,5.1257831065417685,0.3214973238027376,0.43655702587124695
effective100,2013,10,2013-09-06,0.5274946594286297,1.05,25.642574222624525,110.76221538016569,5.0450475318358095,0.3107725203196792,0.4493448217828552
effective100,2013,10,2013-09-07,0.5274946594286297,,26.273436230281035,,4.954037741271571,0.24941370919472453,0.3814482984611891
effective100,2013,10,2013-09-08,0.5274946594286297,,26.921118445652443,,4.851446262747852,0.25765742683228476,0.39002478853895506
effective100,2013,10,2013-09-09,0.5274946594286297,,3.4239709958416706,,4.735799238395527,3.9990837225155347,0.2809525870052322
effective100,2013,10,2013-09-10,0.5274946594286297,,3.5654269821936895,,4.605435250723244,2.284897625327858,0.14255836102415534
effective100,2013,10,2013-09-11,0.5274946594286297,,0.5794750610818107,,4.458481454229149,1.4701815232343132,0.08579414860880058
effective100,2013,10,2013-09-12,0.5274946594286297,,-7.751058806119587,,4.292826669578684,0.9244367023968886,0.04409594707277509
effective100,2013,10,2013-09-13,0.5274946594286297,,-12.0553389595456,,4.106091053811898,2.492982003937414,0.1283654392736839
effective100,2013,10,2013-09-14,0.5274946594286297,,-5.948758990988339,,3.8955919108539843,3.6618935755614856,0.16933245276816677
effective100,2013,10,2013-09-15,0.5274946594286297,,-14.329576696369404,,3.65830515115328,0.5848389107005171,0.01416086876412636
effective100,2013,10,2013-09-16,0.5274946594286297,,-5.628877062006508,,3.390821846765113,2.4335015180819126,0.07848443523365595
effective100,2013,10,2013-09-17,0.5274946594286297,1.05,2.1059587355217095,65.05894570159687,3.089299257739678,3.828401884987836,0.10973957061419382
effective100,2013,10,2013-09-18,0.5274946594286297,,6.089211419849803,,2.7494056262453324,3.122915047248885,0.08917544403016062
effective100,2013,10,2013-09-19,0.5274946594286297,,8.685466334468963,,2.366257945324258,2.967394515771885,0.028454494214811034
effective100,2013,10,2013-09-20,0.5274946594286297,,10.558558870083335,,1.9343518082490205,1.7684820493673163,0.022234737524047695
effective100,2013,10,2013-09-21,0.5274946594286297,,12.11872948655652,,1.4474823306762676,1.5150172917867437,0.02307534580375032
effective100,2013,10,2013-09-22,0.5274946594286297,,10.714702368799342,,0.8986550095431327,3.407532289048085,0.00783402093171299
effective100,2013,10,2013-09-23,0.5274946594286297,,-2.6302402232028435,,0.27998523808027415,4.1277846274512155,0.0003967631299373845
effective100,2013,11,2013-05-15,0.08,,3.5750575433999776,,0.0,4.468821929249998,0.0
effective100,2013,11,2013-05-16,0.08,,5.7824002357199955,,0.0,2.759178365400051,0.0
effective100,2013,11,2013-05-17,0.08,,7.460181263486801,,0.0,2.097226284708515,0.0
effective100,2013,11,2013-05-18,0.08,,8.542294799514062,,0.0,1.3526419200340798,0.0
effective100,2013,11,2013-05-19,0.08,,10.565062571331902,,0.0,2.782459714772308,0.0
effective100,2013,11,2013-05-20,0.08,,10.66962538424052,,0.4875,4.448703516135788,0.0
effective100,2013,11,2013-05-21,0.08,,12.149654448399074,,0.5738742470010385,2.866036330198201,0.0
effective100,2013,11,2013-05-22,0.08,,13.048384797278787,,0.6755521053764285,2.1394129360996583,0.0
effective100,2013,11,2013-05-23,0.08,,13.580305475840223,,0.6693127862307413,0.6649008482018102,0.0
effective100,2013,11,2013-05-24,0.08,,13.893055555555556,,0.6619209548482653,0.9093810455592738,0.0
effective100,2013,11,2013-05-25,0.08,,13.893055555555556,,0.6531637219016666,0.7549633909756408,0.0
effective100,2013,11,2013-05-26,0.08,,13.893055555555556,,0.6427888736519074,0.7399773728722208,0.0
effective100,2013,11,2013-05-27,0.08,,13.893055555555556,,0.6304976080361702,0.693408484580374,0.0
effective100,2013,11,2013-05-28,0.08,,13.893055555555556,,0.6159359289831668,2.407348429251132,0.0
effective100,2013,11,2013-05-29,0.08,,9.876697397905934,,0.5986844511067813,2.853552302937975,0.0
effective100,2013,11,2013-05-30,0.08,,13.893055555555556,,0.5782463211468956,5.224011026358109,0.0
effective100,2013,11,2013-05-31,0.08,,13.893055555555556,,0.5540329082874117,0.6570140616223447,0.0
effective100,2013,11,2013-06-01,0.08,,13.893055555555556,,0.5253468512237498,0.5220822607104458,0.0
effective100,2013,11,2013-06-02,0.08,,13.893055555555556,,0.49136197372485746,0.5156341355089056,0.0
effective100,2013,11,2013-06-03,0.08,,13.893055555555556,,0.45109949024546064,0.5852827361845605,0.0
effective100,2013,11,2013-06-04,0.08,,13.893055555555556,,0.40339981629543586,6.122004412460784,0.0
effective100,2013,11,2013-06-05,0.08,,13.893055555555556,,0.3468891716874604,0.23387583222973524,0.0
effective100,2013,11,2013-06-06,0.08,0.09,13.893055555555556,15.6296875,0.2799400148157657,0.42730060903340966,0.0
effective100,2013,11,2013-06-07,0.08,,5.014824319772564,,0.32953921068278375,6.6913554581699595,0.010855497101305756
effective100,2013,11,2013-06-08,0.09030911779907844,,9.399288926375094,,0.32769175652560184,4.1393765264562905,0.0
effective100,2013,11,2013-06-09,0.09030911779907844,,11.143549698183232,,0.32430136127398274,1.931433740376925,0.0
effective100,2013,11,2013-06-10,0.09030911779907844,0.13,12.258566048128944,15.44987663483893,0.3202836728642556,1.2346664180979214,0.0
effective100,2013,11,2013-06-11,0.09030911779907844,,13.371244588998222,,0.31552262910396023,1.2320777436280659,0.0
effective100,2013,11,2013-06-12,0.09030911779907844,0.15,14.194167791588178,18.843763445734716,0.3098806938974949,0.911229367139671,0.0
effective100,2013,11,2013-06-13,0.09030911779907844,,4.567676477958896,,0.3647847176832496,7.316930022087011,0.023580052381336807
effective100,2013,11,2013-06-14,0.10022965365500572,0.17,10.523736616029954,14.886405556527704,0.36453579673290165,5.451552336196582,0.0
effective100,2013,11,2013-06-15,0.10022965365500572,,12.451513595538582,,0.36111567731620653,1.9277769795086326,0.0
effective100,2013,11,2013-06-16,0.10022965365500572,,13.581753911305084,,0.35706287088105093,1.1302403157665333,0.0
effective100,2013,11,2013-06-17,0.10022965365500572,,14.45479911856513,,0.35226033681728136,0.8730452072600632,0.0
effective100,2013,11,2013-06-18,0.10022965365500572,,15.235175532984433,,0.34656938320212743,0.7803764144193277,0.0
effective100,2013,11,2013-06-19,0.10022965365500572,0.22,16.041750507046523,22.28028899773639,0.3398256615294045,0.8065749740621025,0.0
effective100,2013,11,2013-06-20,0.10022965365500572,,6.537683558749975,,0.4000352730703933,8.733195024309378,0.016738027394084733
effective100,2013,11,2013-06-21,0.10918156258375736,0.24,10.964795229346578,16.64357994085184,0.3971729057972025,3.867357891412021,0.0
effective100,2013,11,2013-06-22,0.10918156258375736,,12.738487813319935,,0.39294398270091935,1.7736925839733646,0.0
effective100,2013,11,2013-06-23,0.10918156258375736,,14.010397680690737,,0.3879328829012399,1.2719098673708191,0.0
effective100,2013,11,2013-06-24,0.10918156258375736,,14.948469997516018,,0.3819949359037127,1.446072316825295,0.0
effective100,2013,11,2013-06-25,0.10918156258375736,0.29,15.72468319875472,21.40346791025998,0.37495871312728796,0.7762132012387242,0.0
effective100,2013,11,2013-06-26,0.10918156258375736,,16.419095905019308,,0.36662107875970346,0.6944127062646082,0.0
effective100,2013,11,2013-06-27,0.10918156258375736,0.32,17.11532105750172,27.627855769006974,0.3567413252248318,0.6962251524824219,0.0
effective100,2013,11,2013-06-28,0.10918156258375736,,17.664308761972354,,0.34503422395288114,1.310987704470651,0.0
effective100,2013,11,2013-06-29,0.10918156258375736,,17.952599993281797,,0.33116179082912406,1.1706374245087021,0.0
effective100,2013,11,2013-06-30,0.10918156258375736,0.365,17.9886613215867,39.85417647130918,0.31472352858958963,0.3927580733229302,0.0
effective100,2013,11,2013-07-01,0.10918156258375736,,10.380027923807862,,0.370485595862278,7.099366602221161,0.0
effective100,2013,11,2013-07-02,0.10918156258375736,0.395,13.342831426723992,42.45897157644648,0.367058886672396,2.9628035029161435,0.0
effective100,2013,11,2013-07-03,0.10918156258375736,,14.449216111778513,,0.3629982885538665,1.1063846850545358,0.0
effective100,2013,11,2013-07-04,0.10918156258375736,0.425,15.364036297288035,51.73080144701051,0.35818654172431635,0.9148201855095335,0.0
effective100,2013,11,2013-07-05,0.10918156258375736,,4.68576459690927,,0.42164929624194486,5.615533695300603,0.024194604320628563
effective100,2013,11,2013-07-06,0.11784164861833711,,9.220487948557604,,0.47264385448078033,4.201273870551524,0.002545552321982724
effective100,2013,11,2013-07-07,0.12087326918555641,,11.803812144500947,,0.4683657477443822,3.139758642998197,0.0
effective100,2013,11,2013-07-08,0.12087326918555641,,13.533850313883017,,0.4632052670658329,1.7300381693820823,0.0
effective100,2013,11,2013-07-09,0.12087326918555641,0.5,14.766482021010995,68.46934018901345,0.4570906382287721,1.2326317071279926,0.0
effective100,2013,11,2013-07-10,0.12087326918555641,,2.980460354498792,,0.5380770170764322,7.362253102208773,0.05172523127902396
effective100,2013,11,2013-07-11,0.12934287279252535,0.54,9.877269384822805,72.6733278639002,0.6252963977525863,6.311699152645298,0.010810188753640454
effective100,2013,11,2013-07-12,0.13375239056824564,,8.48906343470942,,0.7360851270004662,6.133940064569345,0.05285714857958193
effective100,2013,11,2013-07-13,0.14205557692296084,,7.7456370950838895,,0.8665031753560131,5.723946916867249,0.0816113343000708
effective100,2013,11,2013-07-14,0.15042109032629736,0.6,11.38237664573874,87.25043125007986,0.9769644670925275,4.07021191631667,0.015286005546768388
effective100,2013,11,2013-07-15,0.1559117572444799,,3.380347558604739,,1.1500610213322975,4.735760723002224,0.08990371019466188
effective100,2013,11,2013-07-16,0.1642115218713356,0.64,11.210527374018888,94.19721976789546,1.3538264669175746,7.083879054165392,0.07474503045334807
effective100,2013,11,2013-07-17,0.17179459259586316,,14.744714837792182,,1.3422272724020239,3.0430483590325466,0.0
effective100,2013,11,2013-07-18,0.17179459259586316,0.68,15.782702726291905,106.44075601542772,1.3292586192251015,4.0859878884997425,0.0
effective100,2013,11,2013-07-19,0.17179459259586316,,16.378080456830432,,1.3122712629261433,2.627377730538543,0.0
effective100,2013,11,2013-07-20,0.17179459259586316,,17.55212975847682,,1.2921560845279838,1.1740493016464044,0.0
effective100,2013,11,2013-07-21,0.17179459259586316,,18.346367770406655,,1.2683371691612295,1.048238011929849,0.0
effective100,2013,11,2013-07-22,0.17179459259586316,,19.186886657458885,,1.240132560779506,0.8405188870522554,0.0
effective100,2013,11,2013-07-23,0.17179459259586316,0.78,19.81215980820666,130.87646309734245,1.206734737170932,0.6252731507477844,0.0
effective100,2013,11,2013-07-24,0.17179459259586316,,6.697187641156191,,1.2767968020716134,5.083866140939773,0.10116169200976408
effective100,2013,11,2013-07-25,0.17983100521708295,0.82,10.350495270801673,128.4778391468309,1.2767968020716134,3.0732611917068695,0.05954535816538751
effective100,2013,11,2013-07-26,0.18784058405387694,,14.577735804667508,,1.2767968020716134,4.205679928108826,0.01229214529121524
effective100,2013,11,2013-07-27,0.19138598381689714,,16.265207103239224,,1.2650834612102626,1.9654076114054349,0.0
effective100,2013,11,2013-07-28,0.19138598381689714,0.88,16.902750098592247,144.78963682698938,1.251167062124454,1.1455429953530458,0.0
effective100,2013,11,2013-07-29,0.19138598381689714,,-28.269329166331854,,1.251167062124454,2.060354552611378,0.038221449336514494
effective100,2013,11,2013-07-30,0.19929279359299218,0.91,-0.09103621855845567,98.07319869918086,1.251167062124454,5.820392522231212,0.11115584801237417
effective100,2013,11,2013-07-31,0.20717498353079294,,7.1505881220557095,,1.251167062124454,4.816921395547186,0.12131762705929185
effective100,2013,11,2013-08-01,0.21503295705126008,0.93,9.771543931351564,108.52190276276606,1.251167062124454,1.9145746047315042,0.09359876958059392
effective100,2013,11,2013-08-02,0.22286710575101426,,-14.046826444548575,,1.251167062124454,6.6090950116531095,0.1262035591536716
effective100,2013,11,2013-08-03,0.23067780989777348,,-13.58673934271738,,1.251167062124454,5.471059108908808,0.10446822161944572
effective100,2013,11,2013-08-04,0.23846543889895194,,0.10833553635556614,,1.251167062124454,5.101410680204944,0.10099310460137248
effective100,2013,11,2013-08-05,0.24623035174520086,,5.308686993558672,,1.251167062124454,3.026172886758403,0.10853054653122354
effective100,2013,11,2013-08-06,0.2539728974305195,0.965,7.900356701501475,90.86441276713394,1.251167062124454,1.9423653598267574,0.10938236922183399
effective100,2013,11,2013-08-07,0.26169341535045304,,-8.481166768688475,,1.251167062124454,3.7067126387337446,0.066636109969352
effective100,2013,11,2013-08-08,0.26939223567977394,0.975,-0.9852673812449206,79.16316684544026,1.251167062124454,3.019094482536749,0.055165013733168
effective100,2013,11,2013-08-09,0.2770696797309335,,5.351767802104932,,1.251167062124454,4.679935047288314,0.09568811908698838
effective100,2013,11,2013-08-10,0.2847260602944834,,8.573269677810558,,1.251167062124454,2.70288027044723,0.1076421350870583
effective100,2013,11,2013-08-11,0.29236168196257467,0.99,10.020994571071514,90.78990707144388,1.251167062124454,1.3363025872425573,0.07757331685148178
effective100,2013,11,2013-08-12,0.2999768414365617,,-11.444518600015304,,1.251167062124454,4.582545997224277,0.0842635910817051
effective100,2013,11,2013-08-13,0.30757182781966436,1.0,-1.8412803394668642,74.16680022804759,1.251167062124454,3.7795915461086986,0.08334618885574963
effective100,2013,11,2013-08-14,0.31514692289557916,,2.9516467887766304,,1.251167062124454,2.3140672588795224,0.08782060016835244
effective100,2013,11,2013-08-15,0.322702401393861,1.01,5.495465343679183,80.2365315750661,1.251167062124454,1.8200066455855095,0.09669100905181806
effective100,2013,11,2013-08-16,0.330238531242843,,7.224874786335588,,1.251167062124454,1.4548393405597202,0.10481252343901445
effective100,2013,11,2013-08-17,0.3377555738108137,,8.547718868271573,,1.251167062124454,1.171556424652424,0.10457175094577237
effective100,2013,11,2013-08-18,0.34525378413611535,,11.984664568222756,,1.251167062124454,3.5884484377121773,0.0962880808894298
effective100,2013,11,2013-08-19,0.35273341114678564,,14.297491615306763,,1.251167062124454,2.194237493461553,0.11669122509677224
effective100,2013,11,2013-08-20,0.36019469787032626,1.035,15.766814454216766,94.66057569856153,1.251167062124454,1.3559442657621004,0.1127899976431995
effective100,2013,11,2013-08-21,0.36763788163413896,,4.411729073463659,,1.251167062124454,5.833420212728523,0.11130977754620158
effective100,2013,11,2013-08-22,0.3750631942571398,1.045,1.9539117653636577,82.59857575450015,1.251167062124454,4.317738954741107,0.08238527758945843
effective100,2013,11,2013-08-23,0.38247086223302257,,6.939510724764972,,1.251167062124454,4.882744678172047,0.10283563728542247
effective100,2013,11,2013-08-24,0.38986110690562187,,9.57777785804776,,1.251167062124454,2.5425342980401577,0.09572685760199685
effective100,2013,11,2013-08-25,0.3972341446367888,1.05,12.590231712822863,94.11044207330522,1.251167062124454,3.674517567100685,0.09993436393815706
effective100,2013,11,2013-08-26,0.4045901869671717,,6.330446780207386,,1.251167062124454,5.9271383049225514,0.1130761417108326
effective100,2013,11,2013-08-27,0.4119294407702689,1.05,11.554969144934546,93.0751786841812,1.251167062124454,5.115099745813258,0.10942241842935176
effective100,2013,11,2013-08-28,0.41925210840010035,,13.235771215520755,,1.251167062124454,3.3630122053690017,0.09578980044559768
effective100,2013,11,2013-08-29,0.4265583878328176,1.05,15.306030917803302,96.8262403713494,1.251167062124454,1.9510559326273011,0.11920374872633668
effective100,2013,11,2013-08-30,0.4338484728025597,,7.85036431209949,,1.2432060359486625,4.6566370626607245,0.08769632487501572
effective100,2013,11,2013-08-31,0.4338484728025597,,12.52610888996179,,1.2342319086500833,4.586197447830473,0.08954712779824353
effective100,2013,11,2013-09-01,0.4338484728025597,,14.419840570793015,,1.224115755406423,1.8088121410305902,0.08491953911639272
effective100,2013,11,2013-09-02,0.4338484728025597,,15.852407839896236,,1.2127122447313043,1.3403500395244141,0.09221722936899741
effective100,2013,11,2013-09-03,0.4338484728025597,,16.814800608891158,,1.1998575506014932,1.1325635463103743,0.0838292226201648
effective100,2013,11,2013-09-04,0.4338484728025597,1.05,17.62309762063903,99.14330706421279,1.185366998886438,0.7282856191846692,0.0800113925434143
effective100,2013,11,2013-09-05,0.4338484728025597,,13.310997405528823,,1.169032414268065,5.693128328912033,0.09477145597170328
effective100,2013,11,2013-09-06,0.4338484728025597,1.05,17.190504835696675,98.7107142792625,1.150619129535948,3.781983528883474,0.09752390128252131
effective100,2013,11,2013-09-07,0.4338484728025597,,18.04721045753694,,1.129862614292539,0.773941564202873,0.08276405763683782
effective100,2013,11,2013-09-08,0.4338484728025597,,18.80376551982092,,1.1064646746355042,0.6719589243020931,0.08459613798171663
effective100,2013,11,2013-09-09,0.4338484728025597,,-4.23986148683238,,1.0800891692207368,4.28795429049096,0.0609141505205997
effective100,2013,11,2013-09-10,0.4338484728025597,,-2.4760779525333225,,1.050357180161808,2.447090848913182,0.030894134906814082
effective100,2013,11,2013-09-11,0.4338484728025597,,-3.7808168771544826,,1.0168415693896513,1.5737979120213237,0.018582618488025154
effective100,2013,11,2013-09-12,0.4338484728025597,,-10.36026355351942,,0.9790608422676169,0.9886286731096099,0.009545032398120485
effective100,2013,11,2013-09-13,0.4338484728025597,,-12.334810216509014,,0.9364722303048758,2.6631907844016682,0.027766125831857027
effective100,2013,11,2013-09-14,0.4338484728025597,,-5.216251785462027,,0.8884638935925032,3.898512368774656,0.03659734172438775
effective100,2013,11,2013-09-15,0.4338484728025597,,-13.913818970942481,,0.8343461309402491,0.6231570368414541,0.003057660261806445
effective100,2013,11,2013-09-16,0.4338484728025597,,-4.894008575645294,,0.7733414714363734,2.5889927866971694,0.01692832659900898
effective100,2013,11,2013-09-17,0.4338484728025597,1.05,2.63843853984229,54.38374753542945,0.704573505083116,4.06609726970433,0.02364060469089786
effective100,2013,11,2013-09-18,0.4338484728025597,,6.501807558773592,,0.6270542920455877,3.3164417304255958,0.019183623954525646
effective100,2013,11,2013-09-19,0.4338484728025597,,9.124503790163896,,0.5396701696318384,3.092786184038353,0.006111417732537415
effective100,2013,11,2013-09-20,0.4338484728025597,,10.995834661561906,,0.441165753103198,1.7912586971095312,0.004766874986272587
effective100,2013,11,2013-09-21,0.4338484728025597,,12.531881698790945,,0.33012590046606444,1.5133363046601596,0.004936889821891044
effective100,2013,11,2013-09-22,0.4338484728025597,,11.235566927275071,,0.20495538214629583,3.523638703023856,0.0016721396492948685
effective100,2013,11,2013-09-23,0.4338484728025597,,-2.0024082809072477,,0.0,4.2358372161102,0.0
effective100,2013,12,2013-05-15,0.08,,3.5750575433999776,,0.0,4.468821929249998,0.0
effective100,2013,12,2013-05-16,0.08,,5.7824002357199955,,0.0,2.759178365400051,0.0
effective100,2013,12,2013-05-17,0.08,,7.460181263486801,,0.0,2.097226284708515,0.0
effective100,2013,12,2013-05-18,0.08,,8.542294799514062,,0.0,1.3526419200340798,0.0
effective100,2013,12,2013-05-19,0.08,,10.565062571331902,,0.0,2.782459714772308,0.0
effective100,2013,12,2013-05-20,0.08,,10.66962538424052,,0.4875,4.448703516135788,0.0
effective100,2013,12,2013-05-21,0.08,,12.149654448399074,,0.5738742470010385,2.866036330198201,0.0
effective100,2013,12,2013-05-22,0.08,,13.048384797278787,,0.6755521053764285,2.1394129360996583,0.0
effective100,2013,12,2013-05-23,0.08,,13.580305475840223,,0.6693127862307413,0.6649008482018102,0.0
effective100,2013,12,2013-05-24,0.08,,13.893055555555556,,0.6619209548482653,0.9093810455592738,0.0
effective100,2013,12,2013-05-25,0.08,,13.893055555555556,,0.6531637219016666,0.7549633909756408,0.0
effective100,2013,12,2013-05-26,0.08,,13.893055555555556,,0.6427888736519074,0.7399773728722208,0.0
effective100,2013,12,2013-05-27,0.08,,13.893055555555556,,0.6304976080361702,0.693408484580374,0.0
effective100,2013,12,2013-05-28,0.08,,13.893055555555556,,0.6159359289831668,2.407348429251132,0.0
effective100,2013,12,2013-05-29,0.08,,9.876697397905934,,0.5986844511067813,2.853552302937975,0.0
effective100,2013,12,2013-05-30,0.08,,13.893055555555556,,0.5782463211468956,5.224011026358109,0.0
effective100,2013,12,2013-05-31,0.08,,13.893055555555556,,0.5540329082874117,0.6570140616223447,0.0
effective100,2013,12,2013-06-01,0.08,,13.893055555555556,,0.5253468512237498,0.5220822607104458,0.0
effective100,2013,12,2013-06-02,0.08,,13.893055555555556,,0.49136197372485746,0.5156341355089056,0.0
effective100,2013,12,2013-06-03,0.08,,13.893055555555556,,0.45109949024546064,0.5852827361845605,0.0
effective100,2013,12,2013-06-04,0.08,,13.893055555555556,,0.40339981629543586,6.122004412460784,0.0
effective100,2013,12,2013-06-05,0.08,,13.893055555555556,,0.3468891716874604,0.23387583222973524,0.0
effective100,2013,12,2013-06-06,0.08,0.09,13.893055555555556,15.6296875,0.2799400148157657,0.42730060903340966,0.0
effective100,2013,12,2013-06-07,0.08,,-0.6604301209995,,0.32953921068278375,6.6913554581699595,0.016787446136230167
effective100,2013,12,2013-06-08,0.0905004365499774,,4.871033997491605,,0.3879262900264597,5.5734848521740235,0.022443638578053912
effective100,2013,12,2013-06-09,0.10088874589171781,,8.400665699925826,,0.3875772671053753,2.9681998784956534,0.0
effective100,2013,12,2013-06-10,0.10088874589171781,0.13,10.166417408603678,11.808570820868997,0.3839249828240311,1.7657517086778713,0.0
effective100,2013,12,2013-06-11,0.10088874589171781,,11.869085838049184,,0.37959713751344776,1.7026684294455259,0.0
effective100,2013,12,2013-06-12,0.10088874589171781,0.15,13.10310102011233,15.87344589136266,0.37446877301892806,1.2340151820631502,0.0
effective100,2013,12,2013-06-13,0.10088874589171781,,-5.155134162092117,,0.44081637977772337,7.307346076912488,0.03441874088306927
effective100,2013,12,2013-06-14,0.1108092817476451,0.17,5.48451348216191,6.48875442913203,0.5189193189962354,6.503059126522253,0.05899163324932258
effective100,2013,12,2013-06-15,0.12064779658471263,,8.30787986526852,,0.5513434216245091,2.634736557275446,0.021707717965681637
effective100,2013,12,2013-06-16,0.1294984409946957,,10.044747719788909,,0.5475488356742008,1.5852929398692823,0.004790774290968389
effective100,2013,12,2013-06-17,0.13391915628323345,,11.36504490011376,,0.5417524741148276,1.2450827001893918,0.0
effective100,2013,12,2013-06-18,0.13391915628323345,,12.49285016224899,,0.5348846767933519,1.1278052621352481,0.0
effective100,2013,12,2013-06-19,0.13391915628323345,0.22,13.673370019236426,14.797675925105684,0.5267475299504932,1.1805198569874584,0.0
effective100,2013,12,2013-06-20,0.13391915628323345,,3.800731225391012,,0.6200755735589667,8.700111024755852,0.08125018139873358
effective100,2013,12,2013-06-21,0.14333382454200902,0.24,8.791906066345062,9.7866058713444,0.7118119763698183,4.807610658641705,0.0539580814424484
effective100,2013,12,2013-06-22,0.15250635146522643,,11.20935318080386,,0.7093182599440758,2.2480501971811577,0.01597012888953823
effective100,2013,12,2013-06-23,0.15917199584003966,,12.947185515713569,,0.7024902084731057,1.6197612470093956,0.0
effective100,2013,12,2013-06-24,0.15917199584003966,,15.057097794430296,,0.6941955528630718,2.617912278716745,0.0
effective100,2013,12,2013-06-25,0.15917199584003966,0.29,16.47209592410168,17.19529785281257,0.68436896443425,1.4149981296714003,0.0
effective100,2013,12,2013-06-26,0.15917199584003966,,17.590010892619592,,0.6727275433775244,1.1179149685179173,0.0
effective100,2013,12,2013-06-27,0.15917199584003966,0.32,18.522583378867537,24.154142343301583,0.6589361156402557,1.0071795219711195,0.0
effective100,2013,12,2013-06-28,0.15917199584003966,,18.95952646105652,,0.6425976052380039,1.5004288394972896,0.0
effective100,2013,12,2013-06-29,0.15917199584003966,,19.277370129495523,,0.6232416018386523,1.2991521847906695,0.0
effective100,2013,12,2013-06-30,0.15917199584003966,0.365,19.572964507548512,36.80521200467143,0.6003108169401657,0.49955113708196625,0.0
effective100,2013,12,2013-07-01,0.15917199584003966,,14.43624942603362,,0.6002894923484812,7.0712849184851,0.0
effective100,2013,12,2013-07-02,0.15917199584003966,0.395,17.20513591129358,41.68800840841651,0.5731197757511955,2.7688864852599795,0.0
effective100,2013,12,2013-07-03,0.15917199584003966,,18.129560047795657,,0.540932194761927,0.9244241365020802,0.0
effective100,2013,12,2013-07-04,0.15917199584003966,0.425,18.922225873067465,50.65572337019038,0.5028000204261728,0.7926658252718236,0.0
effective100,2013,12,2013-07-05,0.15917199584003966,,10.133362667767301,,0.5855225441178004,5.59968344172099,0.029453352978843633
effective100,2013,12,2013-07-06,0.16769572165902963,,13.856996026194235,,0.5831056310826094,3.6597661438653,0.0
effective100,2013,12,2013-07-07,0.16769572165902963,,15.523842322871118,,0.5772489399075148,2.42884629667691,0.0
effective100,2013,12,2013-07-08,0.16769572165902963,,16.89645820723857,,0.5703098855204027,1.3726158843674563,0.0
effective100,2013,12,2013-07-09,0.16769572165902963,0.5,17.938881478018285,67.48107426057956,0.5620885190109048,1.042423270779732,0.0
effective100,2013,12,2013-07-10,0.16769572165902963,,10.237249274324155,,0.6616782063493578,7.346565536679086,0.05180225962678295
effective100,2013,12,2013-07-11,0.1760599575087118,0.54,15.253395442252925,74.15116871825855,0.6580959158803794,4.704226661373115,0.0
effective100,2013,12,2013-07-12,0.1760599575087118,,13.522801471769299,,0.7290207738751173,6.134688487808896,0.011461407543493469
effective100,2013,12,2013-07-13,0.18117901285241608,,12.359375667042633,,0.8277296240682255,5.727783683381262,0.0360976613953104
effective100,2013,12,2013-07-14,0.18904582912741077,0.6,14.670242164303964,87.59104819077382,0.8245953845479437,3.02290408267676,0.007694149709609577
effective100,2013,12,2013-07-15,0.19299777102868937,,9.446245166288037,,0.9706954982317599,4.7504809152032035,0.07596249432159144
effective100,2013,12,2013-07-16,0.2012997106295324,0.64,15.529714582533902,96.1984645825339,0.9901424544374341,5.807403241173214,0.01106974106208107
effective100,2013,12,2013-07-17,0.20454816505024956,,17.593026833635086,,0.9810112520348095,2.0633122511011948,0.0
effective100,2013,12,2013-07-18,0.20454816505024956,0.68,18.201982948924694,107.0332329489247,0.9703115850804115,3.6569561152896215,0.0
effective100,2013,12,2013-07-19,0.20454816505024956,,18.57867640988608,,0.9575226793863726,2.4086934609614037,0.0
effective100,2013,12,2013-07-20,0.20454816505024956,,19.37154876294468,,0.9423749498506377,0.7928723530586121,0.0
effective100,2013,12,2013-07-21,0.20454816505024956,,19.947036916332408,,0.9244333279810881,0.8294881533877423,0.0
effective100,2013,12,2013-07-22,0.20454816505024956,,20.58651793579037,,0.9031824999576209,0.6394810194579813,0.0
effective100,2013,12,2013-07-23,0.20454816505024956,0.78,21.081013437138935,130.3185134371389,0.8780121059449463,0.49449550134857506,0.0
effective100,2013,12,2013-07-24,0.20454816505024956,,14.026728347767964,,0.8964790288228103,5.117435719821617,0.028279190807415058
effective100,2013,12,2013-07-25,0.2119315515681392,0.82,17.12055838015381,133.94160004682044,0.8913254378886207,3.093830032385841,0.0
effective100,2013,12,2013-07-26,0.2119315515681392,,18.237098848529545,,0.8821033487217951,1.6245404683757465,0.0
effective100,2013,12,2013-07-27,0.2119315515681392,,18.804193696010262,,0.8711795565826528,1.0750948474807318,0.0
effective100,2013,12,2013-07-28,0.2119315515681392,0.88,19.091261081407055,146.4191777480737,0.8582400553657568,0.7950673853968063,0.0
effective100,2013,12,2013-07-29,0.2119315515681392,,-30.706401559916802,,0.8582400553657568,2.0744094580091854,0.024650634157138213
effective100,2013,12,2013-07-30,0.21983836134423423,0.91,-0.713869315591351,99.90346209383813,0.8582400553657568,5.860096885819694,0.0716898677784232
effective100,2013,12,2013-07-31,0.227720551282035,,6.974809124039007,,0.8582400553657568,4.839743738779634,0.07824451240272781
effective100,2013,12,2013-08-01,0.23557852480250213,0.93,9.695159320688168,110.31582937289654,0.8582400553657568,1.9317196597966184,0.06036770141277195
effective100,2013,12,2013-08-02,0.24341267350225632,,-14.068546113025098,,0.8582400553657568,6.654179584614677,0.08139741670130653
effective100,2013,12,2013-08-03,0.25122337764901553,,-13.969112918289712,,0.8582400553657568,5.50838046124793,0.06737949318618291
effective100,2013,12,2013-08-04,0.259011006650194,,-0.17353031926945517,,0.8582400553657568,5.130314415839622,0.06513880406921835
effective100,2013,12,2013-08-05,0.2667759194964429,,5.211811894231662,,0.8582400553657568,3.045352590292374,0.07000105214661193
effective100,2013,12,2013-08-06,0.27451846518176154,0.965,7.835509063554493,92.61235763079029,0.8582400553657568,1.9610040808582931,0.07055120304926872
effective100,2013,12,2013-08-07,0.2822389831016951,,-9.030797313264696,,0.8582400553657568,3.7319983330858304,0.042980479328895586
effective100,2013,12,2013-08-08,0.289937803431016,0.975,-1.4007497426400692,80.41375376070022,0.8582400553657568,3.039689523951012,0.03558196021087112
effective100,2013,12,2013-08-09,0.29761524748217555,,5.1975338621987595,,0.8582400553657568,4.745124058960833,0.06172039232665371
effective100,2013,12,2013-08-10,0.30527162804572544,,8.483674404854266,,0.8582400553657568,2.7478479004152936,0.06943164980993537
effective100,2013,12,2013-08-11,0.3129072497138167,0.99,9.960498563892921,92.06707410118221,0.8582400553657568,1.3524404966809,0.050037092288458436
effective100,2013,12,2013-08-12,0.3205224091878038,,-11.500149507869038,,0.8582400553657568,4.613806272496053,0.054353083714960754
effective100,2013,12,2013-08-13,0.3281173955709064,1.0,-2.090552416441022,75.43774892428662,0.8582400553657568,3.8016077478615964,0.0537618856985039
effective100,2013,12,2013-08-14,0.3356924906468212,,2.8534963207514203,,0.8582400553657568,2.3300418569050554,0.056648663846584506
effective100,2013,12,2013-08-15,0.3432479691451031,1.01,5.431896942560407,81.47432162516705,0.8582400553657568,1.8363651775920753,0.06237116920344637
effective100,2013,12,2013-08-16,0.3507840989940851,,7.157049578674619,,0.8582400553657568,1.4717802112228704,0.0676107094592116
effective100,2013,12,2013-08-17,0.3583011415620558,,8.464998467876782,,0.8582400553657568,1.1888760614929117,0.06745609856678228
effective100,2013,12,2013-08-18,0.3657993518873574,,11.763296818734574,,0.8582400553657568,3.482504970034938,0.06211319858187861
effective100,2013,12,2013-08-19,0.3732789788980277,,14.02202629169493,,0.8582400553657568,2.181101969538813,0.0752755759029041
effective100,2013,12,2013-08-20,0.3807402656215683,1.035,15.461400310846958,95.63355051455099,0.8582400553657568,1.3658857945466594,0.07275971670375442
effective100,2013,12,2013-08-21,0.388183449385381,,7.106647156750564,,0.8582400553657568,5.873213445952214,0.07180558940032626
effective100,2013,12,2013-08-22,0.39560876200838185,1.045,4.649058807080354,86.57205524539366,0.8582400553657568,4.34719282347666,0.05314703868013411
effective100,2013,12,2013-08-23,0.4030164299842646,,9.514229422563933,,0.8582400553657568,4.798807522813487,0.06634033047899197
effective100,2013,12,2013-08-24,0.4104066746568639,,11.948850947293204,,0.8582400553657568,2.372859249394865,0.061755026891842986
effective100,2013,12,2013-08-25,0.41777971238803085,1.05,13.871921615114026,96.67045864503172,0.8582400553657568,2.620598320614162,0.06447003277804944
effective100,2013,12,2013-08-26,0.42513575471841375,,9.712442067087979,,0.8582400553657568,5.967570845064646,0.07294886615878242
effective100,2013,12,2013-08-27,0.43247500852151094,1.05,13.860837249329997,96.65937330104725,0.8582400553657568,4.077802471145542,0.07059247364655555
effective100,2013,12,2013-08-28,0.4397976761513424,,14.887964867205463,,0.8582400553657568,2.7433293330206703,0.0617982086713064
effective100,2013,12,2013-08-29,0.44710395558405963,1.05,16.33456476953186,99.13310072061338,0.8582400553657568,1.3696955008495317,0.07690437702465885
effective100,2013,12,2013-08-30,0.4543940405538018,,17.158222839392923,,0.8527791766768005,0.7670809524556321,0.0565771095571391
effective100,2013,12,2013-08-31,0.4543940405538018,,17.869655591928858,,0.8466233596458486,0.6536619424745139,0.0577708074917385
effective100,2013,12,2013-09-01,0.4543940405538018,,18.458881431404805,,0.8396841680840236,0.5344409333257046,0.05478490536236158
effective100,2013,12,2013-09-02,0.4543940405538018,,19.05455695226559,,0.8318619116248741,0.5361832086056769,0.05949231201332973
effective100,2013,12,2013-09-03,0.4543940405538018,,19.545623679025553,,0.8230442135446943,0.6909864934781318,0.054080233207593836
effective100,2013,12,2013-09-04,0.4543940405538018,1.05,20.018686706874036,102.81722264641076,0.8131043963270856,0.4214465947646038,0.051616433061079575
effective100,2013,12,2013-09-05,0.4543940405538018,,20.55773007009057,,0.8018996617783316,0.477906198345088,0.06113716486445812
effective100,2013,12,2013-09-06,0.4543940405538018,1.05,21.090501068990196,103.88903700851776,0.7892690395486157,0.46985968677209794,0.06291131212540187
effective100,2013,12,2013-09-07,0.4543940405538018,,21.53844598733121,,0.7750310745869616,0.394556441709199,0.05338847663115717
effective100,2013,12,2013-09-08,0.4543940405538018,,22.001373334116064,,0.7589812203072295,0.4083588141814717,0.054568532603224765
effective100,2013,12,2013-09-09,0.4543940405538018,,-1.227387795952905,,0.7408889000146591,4.315494374529934,0.03929104272413319
effective100,2013,12,2013-09-10,0.4543940405538018,,-1.029877159178444,,0.7204941943765955,2.4635840752515,0.019926561522942875
effective100,2013,12,2013-09-11,0.4543940405538018,,-3.4653663895711637,,0.6975041073486719,1.583675069501052,0.011985087267814776
effective100,2013,12,2013-09-12,0.4543940405538018,,-10.331813563648856,,0.6715883569117024,0.9947469059898862,0.006155825212961019
effective100,2013,12,2013-09-13,0.4543940405538018,,-12.419271495353936,,0.6423746301478358,2.67941035769552,0.017905849613946565
effective100,2013,12,2013-09-14,0.4543940405538018,,-5.370117611929409,,0.6094432344890631,3.920579809155576,0.023599112019817257
effective100,2013,12,2013-09-15,0.4543940405538018,,-13.983697074307846,,0.5723210682964229,0.6268058170671319,0.0019715009081320654
effective100,2013,12,2013-09-16,0.4543940405538018,,-5.025972163910451,,0.5304748241495582,2.6037902055425914,0.010913849316757172
effective100,2013,12,2013-09-17,0.4543940405538018,1.05,2.5822666152856426,58.72705610783728,0.4833033272031817,4.08869832159446,0.01523956327095914
effective100,2013,12,2013-09-18,0.4543940405538018,,6.496262408520899,,0.4301288985411361,3.323421930925721,0.012364816350924087
effective100,2013,12,2013-09-19,0.4543940405538018,,9.137493512176137,,0.3701876194515782,3.097993399792435,0.003938530768212123
effective100,2013,12,2013-09-20,0.4543940405538018,,11.012930458091303,,0.302618356757143,1.7906780182759385,0.0030715138034902584
effective100,2013,12,2013-09-21,0.4543940405538018,,12.549159900897132,,0.22645039153490984,1.5121300328669622,0.003180450486692875
effective100,2013,12,2013-09-22,0.4543940405538018,,11.263586446574967,,0.1405894734969058,3.5345195942390877,0.0010769933860549352
effective100,2013,12,2013-09-23,0.4543940405538018,,-1.9664931710280154,,0.0,4.243592242283464,0.0
