config,Year,Trt_code,Date,SWD_AC,Canopy_AC
z060_i85,2012,1,2012-04-30,5.165139429896866,0.0
z060_i85,2012,1,2012-05-01,6.662037354503614,0.0
z060_i85,2012,1,2012-05-02,8.011901314416566,0.0
z060_i85,2012,1,2012-05-03,9.292069232134063,0.0
z060_i85,2012,1,2012-05-04,10.442653868107971,0.0
z060_i85,2012,1,2012-05-05,11.063421813442748,0.4875
z060_i85,2012,1,2012-05-06,11.559447802662024,0.5738742470010385
z060_i85,2012,1,2012-05-07,9.706805091213932,0.6755521053764285
z060_i85,2012,1,2012-05-08,12.146621981756384,0.6693127862309256
z060_i85,2012,1,2012-05-09,12.812750991666583,0.6619209548484838
z060_i85,2012,1,2012-05-10,13.41944597052456,0.6531637219019253
z060_i85,2012,1,2012-05-11,13.559303873292176,0.6427888736522139
z060_i85,2012,1,2012-05-12,13.597813708382239,0.6304976080365332
z060_i85,2012,1,2012-05-13,13.91110060980229,0.6159359289835971
z060_i85,2012,1,2012-05-14,14.070156652124144,0.5986844511072908
z060_i85,2012,1,2012-05-15,14.070156652124144,0.5782463211474993
z060_i85,2012,1,2012-05-16,14.070156652124144,0.554032908288127
z060_i85,2012,1,2012-05-17,14.070156652124144,0.5253468512245973
z060_i85,2012,1,2012-05-18,14.070156652124144,0.49136197372586166
z060_i85,2012,1,2012-05-19,14.070156652124144,0.45109949024665036
z060_i85,2012,1,2012-05-20,14.070156652124144,0.40339981629684524
z060_i85,2012,1,2012-05-21,14.070156652124144,0.3468891716891303
z060_i85,2012,1,2012-05-22,14.070156652124144,0.2799400148177439
z060_i85,2012,1,2012-05-23,5.953739052122361,0.3295392106851125
z060_i85,2012,1,2012-05-24,9.278407037198098,0.35366846265546714
z060_i85,2012,1,2012-05-25,10.556040032916842,0.3508635755051884
z060_i85,2012,1,2012-05-26,12.389797939454768,0.3470754484909838
z060_i85,2012,1,2012-05-27,13.353561999811213,0.3425843198888633
z060_i85,2012,1,2012-05-28,14.114588961723932,0.3372623347704505
z060_i85,2012,1,2012-05-29,14.742164825601025,0.3309557851011238
z060_i85,2012,1,2012-05-30,-3.309891216824987,0.38959385018573317
z060_i85,2012,1,2012-05-31,3.3561271500622154,0.4586212869980985
z060_i85,2012,1,2012-06-01,7.951361253277411,0.5334863528765328
z060_i85,2012,1,2012-06-02,10.121820518829772,0.5713171589752758
z060_i85,2012,1,2012-06-03,11.831864086606963,0.5700752401727323
z060_i85,2012,1,2012-06-04,13.994826115582743,0.5667530155857066
z060_i85,2012,1,2012-06-05,15.419844431240998,0.5613880358757841
z060_i85,2012,1,2012-06-06,-6.088139679435328,0.660853613053554
z060_i85,2012,1,2012-06-07,-6.888171470197375,0.777942296551844
z060_i85,2012,1,2012-06-08,5.085656521435537,0.9157765120901498
z060_i85,2012,1,2012-06-09,7.882256809059595,1.0579594593804662
z060_i85,2012,1,2012-06-10,10.091977715607232,1.1810115316900494
z060_i85,2012,1,2012-06-11,11.592382784439412,1.2676275546389038
z060_i85,2012,1,2012-06-12,12.647611912955501,1.3416401508657434
z060_i85,2012,1,2012-06-13,13.71547624956707,1.339803344211468
z060_i85,2012,1,2012-06-14,-12.442523969315214,1.5771869441822142
z060_i85,2012,1,2012-06-15,4.1881507495025705,1.856629681994743
z060_i85,2012,1,2012-06-16,7.152469571552321,2.1711317763858404
z060_i85,2012,1,2012-06-17,9.365346256189259,2.494283584929757
z060_i85,2012,1,2012-06-18,13.0657220555983,2.8076132783986862
z060_i85,2012,1,2012-06-19,-9.51559584880563,3.3050604225870006
z060_i85,2012,1,2012-06-20,1.0364650677215577,3.89064422831805
z060_i85,2012,1,2012-06-21,3.8934228511721747,4.566608872877811
z060_i85,2012,1,2012-06-22,8.496741051166754,5.359638633839394
z060_i85,2012,1,2012-06-23,12.001261384180962,6.109448585215696
z060_i85,2012,1,2012-06-24,14.421627704338663,6.709850336654337
z060_i85,2012,1,2012-06-25,-16.300964098889146,7.898687814230099
z060_i85,2012,1,2012-06-26,1.6221418660076046,9.298161070128364
z060_i85,2012,1,2012-06-27,6.473446218835666,10.945590118183146
z060_i85,2012,1,2012-06-28,9.9280951556083,12.76248415889341
z060_i85,2012,1,2012-06-29,-23.2554595589168,15.023714844200276
z060_i85,2012,1,2012-06-30,5.16024905941512,17.685585729997456
z060_i85,2012,1,2012-07-01,10.401930587793606,20.616643220735607
z060_i85,2012,1,2012-07-02,15.28557459695223,23.55866574226863
z060_i85,2012,1,2012-07-03,18.427959274628535,26.323565512589497
z060_i85,2012,1,2012-07-04,-18.04171356946523,30.98752069111754
z060_i85,2012,1,2012-07-05,5.763463057953348,36.313494301931584
z060_i85,2012,1,2012-07-06,7.942967810354309,41.07249357345029
z060_i85,2012,1,2012-07-07,-12.719387795942287,44.94293720402507
z060_i85,2012,1,2012-07-08,-0.167229954462085,47.89756266166719
z060_i85,2012,1,2012-07-09,6.344650474410897,49.912905059281776
z060_i85,2012,1,2012-07-10,11.723546006173072,49.912905059281776
z060_i85,2012,1,2012-07-11,16.184788499613003,49.912905059281776
z060_i85,2012,1,2012-07-12,20.632753720405425,49.912905059281776
z060_i85,2012,1,2012-07-13,-21.607969751131197,49.912905059281776
z060_i85,2012,1,2012-07-14,6.684843372375489,49.912905059281776
z060_i85,2012,1,2012-07-15,13.94174298767792,49.912905059281776
z060_i85,2012,1,2012-07-16,14.884438587334726,49.912905059281776
z060_i85,2012,1,2012-07-17,21.37835344975207,49.912905059281776
z060_i85,2012,1,2012-07-18,-3.510798859631011,49.912905059281776
z060_i85,2012,1,2012-07-19,6.023583001639728,49.912905059281776
z060_i85,2012,1,2012-07-20,13.49734426291884,49.912905059281776
z060_i85,2012,1,2012-07-21,18.586513607891103,49.912905059281776
z060_i85,2012,1,2012-07-22,23.485915374383588,49.912905059281776
z060_i85,2012,1,2012-07-23,-11.60123008273002,49.912905059281776
z060_i85,2012,1,2012-07-24,5.901450450142581,49.912905059281776
z060_i85,2012,1,2012-07-25,11.528669012997357,49.912905059281776
z060_i85,2012,1,2012-07-26,16.247844788637142,49.912905059281776
z060_i85,2012,1,2012-07-27,-7.273440667112118,49.912905059281776
z060_i85,2012,1,2012-07-28,5.207750837370941,49.912905059281776
z060_i85,2012,1,2012-07-29,11.112333906664382,49.912905059281776
z060_i85,2012,1,2012-07-30,14.92844669719487,49.912905059281776
z060_i85,2012,1,2012-07-31,19.153090373965853,49.912905059281776
z060_i85,2012,1,2012-08-01,-10.660061476406796,49.912905059281776
z060_i85,2012,1,2012-08-02,4.0154476078085715,49.912905059281776
z060_i85,2012,1,2012-08-03,9.84646329314923,49.912905059281776
z060_i85,2012,1,2012-08-04,14.330385886347669,49.912905059281776
z060_i85,2012,1,2012-08-05,18.227563367029543,49.912905059281776
z060_i85,2012,1,2012-08-06,-5.913289363729976,49.912905059281776
z060_i85,2012,1,2012-08-07,1.1900115052378855,49.912905059281776
z060_i85,2012,1,2012-08-08,7.626482939430248,49.912905059281776
z060_i85,2012,1,2012-08-09,12.714164248088998,49.912905059281776
z060_i85,2012,1,2012-08-10,-12.192774115323424,49.912905059281776
z060_i85,2012,1,2012-08-11,3.444112261813341,49.912905059281776
z060_i85,2012,1,2012-08-12,10.040564328750293,49.912905059281776
z060_i85,2012,1,2012-08-13,13.065623275884343,49.912905059281776
z060_i85,2012,1,2012-08-14,16.638579394141395,49.912905059281776
z060_i85,2012,1,2012-08-15,-9.462517812168612,49.59531522198856
z060_i85,2012,1,2012-08-16,2.018007869551514,49.237309662696326
z060_i85,2012,1,2012-08-17,6.655435718611426,48.833745173427715
z060_i85,2012,1,2012-08-18,11.130335021414044,48.378824033877216
z060_i85,2012,1,2012-08-19,14.553432356805223,47.86601071974
z060_i85,2012,1,2012-08-20,15.917867835118376,47.28793801154219
z060_i85,2012,1,2012-08-21,-9.59468288380606,46.636301155105706
z060_i85,2012,1,2012-08-22,2.871113992278643,45.901738553127416
z060_i85,2012,1,2012-08-23,8.006705784283126,45.073697273854386
z060_i85,2012,1,2012-08-24,11.029837491069818,44.14028144471533
z060_i85,2012,1,2012-08-25,14.389751826349178,43.08808135288865
z060_i85,2012,1,2012-08-26,17.165922447865228,41.9019807976182
z060_i85,2012,1,2012-08-27,19.446022907646203,40.56493992664609
z060_i85,2012,1,2012-08-28,-11.797733987301351,39.05775043693015
z060_i85,2012,1,2012-08-29,2.562021340618239,37.358759622791034
z060_i85,2012,1,2012-08-30,8.648217782619568,35.44355930708744
z060_i85,2012,1,2012-08-31,12.010072317102322,33.28463518651783
z060_i85,2012,1,2012-09-01,13.852333734124992,30.850971553445078
z060_i85,2012,1,2012-09-02,15.68304222292189,28.10760571556737
z060_i85,2012,1,2012-09-03,16.933730747477174,25.015125712103615
z060_i85,2012,1,2012-09-04,18.02699647053755,21.529104110543685
z060_i85,2012,1,2012-09-05,-23.510293954660746,17.599459749729366
z060_i85,2012,1,2012-09-06,2.226321176158891,13.169738259888392
z060_i85,2012,1,2012-09-07,5.9770477247545015,8.176301023371495
z060_i85,2012,1,2012-09-08,7.899771105674398,2.547410924475338
z060_i85,2012,2,2012-04-30,5.165139429896866,0.0
z060_i85,2012,2,2012-05-01,6.662037354503614,0.0
z060_i85,2012,2,2012-05-02,8.011901314416566,0.0
z060_i85,2012,2,2012-05-03,9.292069232134063,0.0
z060_i85,2012,2,2012-05-04,10.442653868107971,0.0
z060_i85,2012,2,2012-05-05,11.063421813442748,0.4875
z060_i85,2012,2,2012-05-06,11.559447802662024,0.5738742470010385
z060_i85,2012,2,2012-05-07,9.706805091213932,0.6755521053764285
z060_i85,2012,2,2012-05-08,12.146621981756384,0.6693127862309256
z060_i85,2012,2,2012-05-09,12.812750991666583,0.6619209548484838
z060_i85,2012,2,2012-05-10,13.41944597052456,0.6531637219019253
z060_i85,2012,2,2012-05-11,13.559303873292176,0.6427888736522139
z060_i85,2012,2,2012-05-12,13.597813708382239,0.6304976080365332
z060_i85,2012,2,2012-05-13,13.91110060980229,0.6159359289835971
z060_i85,2012,2,2012-05-14,14.070156652124144,0.5986844511072908
z060_i85,2012,2,2012-05-15,14.070156652124144,0.5782463211474993
z060_i85,2012,2,2012-05-16,14.070156652124144,0.554032908288127
z060_i85,2012,2,2012-05-17,14.070156652124144,0.5253468512245973
z060_i85,2012,2,2012-05-18,14.070156652124144,0.49136197372586166
z060_i85,2012,2,2012-05-19,14.070156652124144,0.45109949024665036
z060_i85,2012,2,2012-05-20,14.070156652124144,0.40339981629684524
z060_i85,2012,2,2012-05-21,14.070156652124144,0.3468891716891303
z060_i85,2012,2,2012-05-22,14.070156652124144,0.2799400148177439
z060_i85,2012,2,2012-05-23,5.953739052122361,0.3295392106851125
z060_i85,2012,2,2012-05-24,9.278407037198098,0.35366846265546714
z060_i85,2012,2,2012-05-25,10.556040032916842,0.3508635755051884
z060_i85,2012,2,2012-05-26,12.389797939454768,0.3470754484909838
z060_i85,2012,2,2012-05-27,13.353561999811213,0.3425843198888633
z060_i85,2012,2,2012-05-28,14.114588961723932,0.3372623347704505
z060_i85,2012,2,2012-05-29,14.742164825601025,0.3309557851011238
z060_i85,2012,2,2012-05-30,-3.7848511448199735,0.38959385018573317
z060_i85,2012,2,2012-05-31,3.29660674338579,0.4586212869980985
z060_i85,2012,2,2012-06-01,8.026592831809241,0.5338123478506395
z060_i85,2012,2,2012-06-02,10.21047548566186,0.5700932554601018
z060_i85,2012,2,2012-06-03,11.917138156705938,0.5687413586920899
z060_i85,2012,2,2012-06-04,14.078862018601711,0.5652835683740915
z060_i85,2012,2,2012-06-05,15.498918050652827,0.5598389588272276
z060_i85,2012,2,2012-06-06,-10.280716928344306,0.6590300737206577
z060_i85,2012,2,2012-06-07,-6.930642473842122,0.7757956662717564
z060_i85,2012,2,2012-06-08,5.087975872299704,0.9132495462735859
z060_i85,2012,2,2012-06-09,7.882626857641228,1.0550401582694748
z060_i85,2012,2,2012-06-10,10.091814059683822,1.1777526844384016
z060_i85,2012,2,2012-06-11,11.591906412204878,1.2641297017715094
z060_i85,2012,2,2012-06-12,12.646004144035466,1.337938069894449
z060_i85,2012,2,2012-06-13,13.712795312980829,1.3361063018286656
z060_i85,2012,2,2012-06-14,-2.3387168109556793,1.5728348674364467
z060_i85,2012,2,2012-06-15,4.547778178239738,1.85150651324527
z060_i85,2012,2,2012-06-16,7.37617406652888,2.163454372121569
z060_i85,2012,2,2012-06-17,9.580672938071547,2.481496899892122
z060_i85,2012,2,2012-06-18,13.159903258132747,2.7689507863227965
z060_i85,2012,2,2012-06-19,-8.905070094742856,3.259547789710622
z060_i85,2012,2,2012-06-20,1.121804588574047,3.8370677607878623
z060_i85,2012,2,2012-06-21,4.032920622857689,4.502870905217972
z060_i85,2012,2,2012-06-22,8.726828894588296,5.283088912275654
z060_i85,2012,2,2012-06-23,12.231869951906516,6.011473921602406
z060_i85,2012,2,2012-06-24,14.63153103579057,6.5800371313433335
z060_i85,2012,2,2012-06-25,-16.10449576976517,7.745874572284163
z060_i85,2012,2,2012-06-26,1.6082388188310848,9.11827269237757
z060_i85,2012,2,2012-06-27,6.456895296003281,10.733829487770889
z060_i85,2012,2,2012-06-28,9.90079591376836,12.516406294304069
z060_i85,2012,2,2012-06-29,-23.38121604772869,14.734037409851904
z060_i85,2012,2,2012-06-30,5.15388333282055,17.344583843823376
z060_i85,2012,2,2012-07-01,10.366995428573349,20.219730909268495
z060_i85,2012,2,2012-07-02,15.231226772787654,23.109314916080404
z060_i85,2012,2,2012-07-03,18.338879667024816,25.67897486712158
z060_i85,2012,2,2012-07-04,-18.326206235070888,30.228722801288182
z060_i85,2012,2,2012-07-05,5.762130461799964,35.48251647532969
z060_i85,2012,2,2012-07-06,7.943877989462124,40.267652655303976
z060_i85,2012,2,2012-07-07,-12.715615850618915,44.17135468196631
z060_i85,2012,2,2012-07-08,-0.16161477434602334,47.15948805383066
z060_i85,2012,2,2012-07-09,6.347010385203313,49.20415058613635
z060_i85,2012,2,2012-07-10,11.700568117134546,49.20415058613635
z060_i85,2012,2,2012-07-11,16.129951022067864,49.20415058613635
z060_i85,2012,2,2012-07-12,20.54238011494538,49.20415058613635
z060_i85,2012,2,2012-07-13,-27.893505306799536,49.20415058613635
z060_i85,2012,2,2012-07-14,6.9212595104720105,49.20415058613635
z060_i85,2012,2,2012-07-15,13.96178186999901,49.20415058613635
z060_i85,2012,2,2012-07-16,14.895760629809937,49.20415058613635
z060_i85,2012,2,2012-07-17,21.393691754386733,49.20415058613635
z060_i85,2012,2,2012-07-18,-4.989526436381741,49.20415058613635
z060_i85,2012,2,2012-07-19,5.866968247038586,49.20415058613635
z060_i85,2012,2,2012-07-20,13.447299641269359,49.20415058613635
z060_i85,2012,2,2012-07-21,18.51939850719981,49.20415058613635
z060_i85,2012,2,2012-07-22,23.38075387330501,49.20415058613635
z060_i85,2012,2,2012-07-23,-11.699264607439474,49.20415058613635
z060_i85,2012,2,2012-07-24,5.909465136230294,49.20415058613635
z060_i85,2012,2,2012-07-25,11.530930924707214,49.20415058613635
z060_i85,2012,2,2012-07-26,16.225074749058177,49.20415058613635
z060_i85,2012,2,2012-07-27,-7.28896896047005,49.20415058613635
z060_i85,2012,2,2012-07-28,5.214481097559726,49.20415058613635
z060_i85,2012,2,2012-07-29,11.113291525652608,49.20415058613635
z060_i85,2012,2,2012-07-30,14.90918060068707,49.20415058613635
z060_i85,2012,2,2012-07-31,19.10673979470019,49.20415058613635
z060_i85,2012,2,2012-08-01,-11.80084875385641,49.20415058613635
z060_i85,2012,2,2012-08-02,3.9937458227374822,49.20415058613635
z060_i85,2012,2,2012-08-03,9.821217604812317,49.20415058613635
z060_i85,2012,2,2012-08-04,14.294920346225775,49.20415058613635
z060_i85,2012,2,2012-08-05,18.16895616978148,49.20415058613635
z060_i85,2012,2,2012-08-06,-6.063903114480818,49.20415058613635
z060_i85,2012,2,2012-08-07,1.1867578143616528,49.20415058613635
z060_i85,2012,2,2012-08-08,7.632823089977869,49.20415058613635
z060_i85,2012,2,2012-08-09,12.698748544425708,49.20415058613635
z060_i85,2012,2,2012-08-10,5.800493783146651,49.20415058613635
z060_i85,2012,2,2012-08-11,10.824310284054812,49.20415058613635
z060_i85,2012,2,2012-08-12,16.382170462194967,49.20415058613635
z060_i85,2012,2,2012-08-13,19.037743487616815,49.20415058613635
z060_i85,2012,2,2012-08-14,22.34323106306568,49.20415058613635
z060_i85,2012,2,2012-08-15,26.36138832015465,48.891070468674904
z060_i85,2012,2,2012-08-16,28.40987693555192,48.5381485253585
z060_i85,2012,2,2012-08-17,30.909776984064386,48.140314580858465
z060_i85,2012,2,2012-08-18,33.9817748173259,47.691853241477915
z060_i85,2012,2,2012-08-19,36.72479866064615,47.18632178620769
z060_i85,2012,2,2012-08-20,37.922760973585795,46.6164576087947
z060_i85,2012,2,2012-08-21,27.419850324623,45.974073881109526
z060_i85,2012,2,2012-08-22,31.793529732957943,45.24994193888425
z060_i85,2012,2,2012-08-23,35.95699696681499,44.43365870014075
z060_i85,2012,2,2012-08-24,38.16543050929764,43.513497211606015
z060_i85,2012,2,2012-08-25,40.43643363428535,42.47623817602202
z060_i85,2012,2,2012-08-26,42.236392589312764,41.30698004002469
z060_i85,2012,2,2012-08-27,43.63248035918548,39.98892491426124
z060_i85,2012,2,2012-08-28,31.50375869080616,38.503137250214344
z060_i85,2012,2,2012-08-29,35.60142740021425,36.82827180681699
z060_i85,2012,2,2012-08-30,40.067600314278,34.9402669987504
z060_i85,2012,2,2012-08-31,41.75562803070322,32.811999220980674
z060_i85,2012,2,2012-09-01,42.801303459901,30.412893183464078
z060_i85,2012,2,2012-09-02,43.714153224923976,27.70848265798026
z060_i85,2012,2,2012-09-03,44.31434010407934,24.65991532665938
z060_i85,2012,2,2012-09-04,44.80806621324214,21.22339461871911
z060_i85,2012,2,2012-09-05,45.18707626238208,17.34955051668135
z060_i85,2012,2,2012-09-06,45.46325474772717,12.982730292895406
z060_i85,2012,2,2012-09-07,45.633837449896404,8.06019898688984
z060_i85,2012,2,2012-09-08,45.78240782893356,2.5112381373871413
z060_i85,2012,3,2012-04-30,5.165139429896866,0.0
z060_i85,2012,3,2012-05-01,6.662037354503614,0.0
z060_i85,2012,3,2012-05-02,8.011901314416566,0.0
z060_i85,2012,3,2012-05-03,9.292069232134063,0.0
z060_i85,2012,3,2012-05-04,10.442653868107971,0.0
z060_i85,2012,3,2012-05-05,11.063421813442748,0.4875
z060_i85,2012,3,2012-05-06,11.559447802662024,0.5738742470010385
z060_i85,2012,3,2012-05-07,9.706805091213932,0.6755521053764285
z060_i85,2012,3,2012-05-08,12.146621981756384,0.6693127862309256
z060_i85,2012,3,2012-05-09,12.812750991666583,0.6619209548484838
z060_i85,2012,3,2012-05-10,13.41944597052456,0.6531637219019253
z060_i85,2012,3,2012-05-11,13.559303873292176,0.6427888736522139
z060_i85,2012,3,2012-05-12,13.597813708382239,0.6304976080365332
z060_i85,2012,3,2012-05-13,13.91110060980229,0.6159359289835971
z060_i85,2012,3,2012-05-14,14.070156652124144,0.5986844511072908
z060_i85,2012,3,2012-05-15,14.070156652124144,0.5782463211474993
z060_i85,2012,3,2012-05-16,14.070156652124144,0.554032908288127
z060_i85,2012,3,2012-05-17,14.070156652124144,0.5253468512245973
z060_i85,2012,3,2012-05-18,14.070156652124144,0.49136197372586166
z060_i85,2012,3,2012-05-19,14.070156652124144,0.45109949024665036
z060_i85,2012,3,2012-05-20,14.070156652124144,0.40339981629684524
z060_i85,2012,3,2012-05-21,14.070156652124144,0.3468891716891303
z060_i85,2012,3,2012-05-22,14.070156652124144,0.2799400148177439
z060_i85,2012,3,2012-05-23,5.953739052122361,0.3295392106851125
z060_i85,2012,3,2012-05-24,9.278407037198098,0.35366846265546714
z060_i85,2012,3,2012-05-25,10.556040032916842,0.3508635755051884
z060_i85,2012,3,2012-05-26,12.389797939454768,0.3470754484909838
z060_i85,2012,3,2012-05-27,13.353561999811213,0.3425843198888633
z060_i85,2012,3,2012-05-28,14.114588961723932,0.3372623347704505
z060_i85,2012,3,2012-05-29,14.742164825601025,0.3309557851011238
z060_i85,2012,3,2012-05-30,-3.90403846919844,0.38959385018573317
z060_i85,2012,3,2012-05-31,3.1901260563114713,0.4586212869980985
z060_i85,2012,3,2012-06-01,7.8272007018241565,0.5343227687661272
z060_i85,2012,3,2012-06-02,10.002969775653279,0.5752534008743749
z060_i85,2012,3,2012-06-03,11.711630507520677,0.5742814083174518
z060_i85,2012,3,2012-06-04,13.964169261501802,0.5711649757688416
z060_i85,2012,3,2012-06-05,15.430417481764206,0.5659170116423908
z060_i85,2012,3,2012-06-06,-6.449578773882189,0.6661850234284206
z060_i85,2012,3,2012-06-07,-6.90073076562303,0.7842183152479056
z060_i85,2012,3,2012-06-08,5.085484810960751,0.9231645028662867
z060_i85,2012,3,2012-06-09,7.883347887684148,1.0664945054580188
z060_i85,2012,3,2012-06-10,10.093796392341494,1.1905392954920744
z060_i85,2012,3,2012-06-11,11.594781412098536,1.2775124479413156
z060_i85,2012,3,2012-06-12,12.650317164849081,1.3521021905184842
z060_i85,2012,3,2012-06-13,13.718526787160002,1.3502511457565873
z060_i85,2012,3,2012-06-14,-2.2463267702179603,1.589485865709438
z060_i85,2012,3,2012-06-15,4.550327029641172,1.8711077011339436
z060_i85,2012,3,2012-06-16,7.377601011954498,2.1863580321050278
z060_i85,2012,3,2012-06-17,9.583969989281197,2.5077675538876587
z060_i85,2012,3,2012-06-18,13.168401988669583,2.8158396931717755
z060_i85,2012,3,2012-06-19,-9.836935523509483,3.314744376604283
z060_i85,2012,3,2012-06-20,1.03548240229313,3.9020439653840193
z060_i85,2012,3,2012-06-21,3.8956333040150364,4.579881480842905
z060_i85,2012,3,2012-06-22,8.49867521376794,5.375216141001004
z060_i85,2012,3,2012-06-23,12.004236574267146,6.127205375475548
z060_i85,2012,3,2012-06-24,14.426090090005225,6.729352162955209
z060_i85,2012,3,2012-06-25,-8.294755173842697,7.921644933991241
z060_i85,2012,3,2012-06-26,2.1503427187849713,9.325185685136027
z060_i85,2012,3,2012-06-27,7.0360392185624745,10.977402898876518
z060_i85,2012,3,2012-06-28,10.482033657505623,12.774948376180609
z060_i85,2012,3,2012-06-29,-14.702060085038013,15.038387445862128
z060_i85,2012,3,2012-06-30,5.16282744266452,17.702857993033845
z060_i85,2012,3,2012-07-01,10.403921754977913,20.63677804069987
z060_i85,2012,3,2012-07-02,15.288264558986967,23.580240215493337
z060_i85,2012,3,2012-07-03,18.431859316887024,26.347672016138667
z060_i85,2012,3,2012-07-04,-1.0379867761060315,31.015898335368032
z060_i85,2012,3,2012-07-05,6.467736285028621,36.34427263441799
z060_i85,2012,3,2012-07-06,8.058531038515934,41.102216942876915
z060_i85,2012,3,2012-07-07,-12.717371363228672,44.97136641915664
z060_i85,2012,3,2012-07-08,-0.16782492475629174,47.92470311052622
z060_i85,2012,3,2012-07-09,6.344521600817512,49.938919340173456
z060_i85,2012,3,2012-07-10,11.72437441297939,49.938919340173456
z060_i85,2012,3,2012-07-11,16.18678524818496,49.938919340173456
z060_i85,2012,3,2012-07-12,20.636050453674937,49.938919340173456
z060_i85,2012,3,2012-07-13,-10.804850575475326,49.938919340173456
z060_i85,2012,3,2012-07-14,6.741491673217189,49.938919340173456
z060_i85,2012,3,2012-07-15,13.947139574472553,49.938919340173456
z060_i85,2012,3,2012-07-16,14.884418292249583,49.938919340173456
z060_i85,2012,3,2012-07-17,21.3776101099557,49.938919340173456
z060_i85,2012,3,2012-07-18,2.588162968095548,49.938919340173456
z060_i85,2012,3,2012-07-19,9.440123784130405,49.938919340173456
z060_i85,2012,3,2012-07-20,16.35702753579164,49.938919340173456
z060_i85,2012,3,2012-07-21,21.253049240232787,49.938919340173456
z060_i85,2012,3,2012-07-22,26.066741876382057,49.938919340173456
z060_i85,2012,3,2012-07-23,-17.120697722506087,49.938919340173456
z060_i85,2012,3,2012-07-24,5.796073781881783,49.938919340173456
z060_i85,2012,3,2012-07-25,11.518927979747664,49.938919340173456
z060_i85,2012,3,2012-07-26,16.24775234850126,49.938919340173456
z060_i85,2012,3,2012-07-27,-7.272969874453974,49.938919340173456
z060_i85,2012,3,2012-07-28,5.207320083043406,49.938919340173456
z060_i85,2012,3,2012-07-29,11.112270508713202,49.938919340173456
z060_i85,2012,3,2012-07-30,14.929140255980785,49.938919340173456
z060_i85,2012,3,2012-07-31,19.154779750125165,49.938919340173456
z060_i85,2012,3,2012-08-01,-11.658576480237752,49.938919340173456
z060_i85,2012,3,2012-08-02,3.9953576166037887,49.938919340173456
z060_i85,2012,3,2012-08-03,9.844565370407466,49.938919340173456
z060_i85,2012,3,2012-08-04,14.330680800532573,49.938919340173456
z060_i85,2012,3,2012-08-05,18.22893225293684,49.938919340173456
z060_i85,2012,3,2012-08-06,-6.012191661246069,49.938919340173456
z060_i85,2012,3,2012-08-07,1.1818751011854438,49.938919340173456
z060_i85,2012,3,2012-08-08,7.625529336734049,49.938919340173456
z060_i85,2012,3,2012-08-09,12.714677630802045,49.938919340173456
z060_i85,2012,3,2012-08-10,-2.892517411969656,49.938919340173456
z060_i85,2012,3,2012-08-11,4.373754604776576,49.938919340173456
z060_i85,2012,3,2012-08-12,10.294667755337521,49.938919340173456
z060_i85,2012,3,2012-08-13,13.246019723628637,49.938919340173456
z060_i85,2012,3,2012-08-14,16.796736146164303,49.938919340173456
z060_i85,2012,3,2012-08-15,0.6949304790019607,49.62116397712641
z060_i85,2012,3,2012-08-16,4.196987506564031,49.26297182766938
z060_i85,2012,3,2012-08-17,7.862482503606815,48.85919700321853
z060_i85,2012,3,2012-08-18,12.16385174281314,48.404038761734306
z060_i85,2012,3,2012-08-19,15.531965208783085,47.89095817263917
z060_i85,2012,3,2012-08-20,16.89533435002848,47.31258417671249
z060_i85,2012,3,2012-08-21,-2.717615223014697,46.6606076913924
z060_i85,2012,3,2012-08-22,3.5744747966184676,45.925662240172265
z060_i85,2012,3,2012-08-23,8.060462496907741,45.09718939117987
z060_i85,2012,3,2012-08-24,11.02657202183552,44.163287071792666
z060_i85,2012,3,2012-08-25,14.38314663339224,43.11053858013412
z060_i85,2012,3,2012-08-26,17.15751803950346,41.92381983698271
z060_i85,2012,3,2012-08-27,19.436919034577475,40.58608210902061
z060_i85,2012,3,2012-08-28,-4.707390706155201,39.07810708196327
z060_i85,2012,3,2012-08-29,3.001410456355391,37.37823076488219
z060_i85,2012,3,2012-08-30,8.597730288754244,35.46203225925322
z060_i85,2012,3,2012-08-31,11.944112824665115,33.30198292149921
z060_i85,2012,3,2012-09-01,13.79164657602963,30.867050878798295
z060_i85,2012,3,2012-09-02,15.629794704906317,28.122255216521268
z060_i85,2012,3,2012-09-03,16.885264820385895,25.028163432629842
z060_i85,2012,3,2012-09-04,17.982955279460086,21.540324939325593
z060_i85,2012,3,2012-09-05,-14.55531551658015,17.608632473475406
z060_i85,2012,3,2012-09-06,2.3204282081080145,13.176602241657351
z060_i85,2012,3,2012-09-07,5.984900533199154,8.18056245818929
z060_i85,2012,3,2012-09-08,7.900056558496966,2.548738618450588
z060_i85,2012,4,2012-04-30,5.165139429896866,0.0
z060_i85,2012,4,2012-05-01,6.662037354503614,0.0
z060_i85,2012,4,2012-05-02,8.011901314416566,0.0
z060_i85,2012,4,2012-05-03,9.292069232134063,0.0
z060_i85,2012,4,2012-05-04,10.442653868107971,0.0
z060_i85,2012,4,2012-05-05,11.063421813442748,0.4875
z060_i85,2012,4,2012-05-06,11.559447802662024,0.5738742470010385
z060_i85,2012,4,2012-05-07,9.706805091213932,0.6755521053764285
z060_i85,2012,4,2012-05-08,12.146621981756384,0.6693127862309256
z060_i85,2012,4,2012-05-09,12.812750991666583,0.6619209548484838
z060_i85,2012,4,2012-05-10,13.41944597052456,0.6531637219019253
z060_i85,2012,4,2012-05-11,13.559303873292176,0.6427888736522139
z060_i85,2012,4,2012-05-12,13.597813708382239,0.6304976080365332
z060_i85,2012,4,2012-05-13,13.91110060980229,0.6159359289835971
z060_i85,2012,4,2012-05-14,14.070156652124144,0.5986844511072908
z060_i85,2012,4,2012-05-15,14.070156652124144,0.5782463211474993
z060_i85,2012,4,2012-05-16,14.070156652124144,0.554032908288127
z060_i85,2012,4,2012-05-17,14.070156652124144,0.5253468512245973
z060_i85,2012,4,2012-05-18,14.070156652124144,0.49136197372586166
z060_i85,2012,4,2012-05-19,14.070156652124144,0.45109949024665036
z060_i85,2012,4,2012-05-20,14.070156652124144,0.40339981629684524
z060_i85,2012,4,2012-05-21,14.070156652124144,0.3468891716891303
z060_i85,2012,4,2012-05-22,14.070156652124144,0.2799400148177439
z060_i85,2012,4,2012-05-23,5.953739052122361,0.3295392106851125
z060_i85,2012,4,2012-05-24,9.278407037198098,0.35366846265546714
z060_i85,2012,4,2012-05-25,10.556040032916842,0.3508635755051884
z060_i85,2012,4,2012-05-26,12.389797939454768,0.3470754484909838
z060_i85,2012,4,2012-05-27,13.353561999811213,0.3425843198888633
z060_i85,2012,4,2012-05-28,14.114588961723932,0.3372623347704505
z060_i85,2012,4,2012-05-29,14.742164825601025,0.3309557851011238
z060_i85,2012,4,2012-05-30,-4.377828381291767,0.38959385018573317
z060_i85,2012,4,2012-05-31,3.134470359631788,0.4586212869980985
z060_i85,2012,4,2012-06-01,7.723485287681896,0.5346253763483909
z060_i85,2012,4,2012-06-02,9.887345900850766,0.577871074996999
z060_i85,2012,4,2012-06-03,11.587853096683752,0.5771652846910499
z060_i85,2012,4,2012-06-04,13.926876401780044,0.5742794677882274
z060_i85,2012,4,2012-06-05,15.431673022555046,0.5691536238178228
z060_i85,2012,4,2012-06-06,-6.432989229079399,0.6699950918899802
z060_i85,2012,4,2012-06-07,-6.905966667725487,0.7887034438005209
z060_i85,2012,4,2012-06-08,5.085017806296336,0.9284442972679996
z060_i85,2012,4,2012-06-09,7.884029283106635,1.072507145784395
z060_i85,2012,4,2012-06-10,10.095029009694853,1.197251270604536
z060_i85,2012,4,2012-06-11,11.596457324939026,1.2847147568352006
z060_i85,2012,4,2012-06-12,12.652352594780949,1.3593306424749116
z060_i85,2012,4,2012-06-13,13.720935606682186,1.357441495929232
z060_i85,2012,4,2012-06-14,-2.1117898624123725,1.5979501873320028
z060_i85,2012,4,2012-06-15,4.55528547092095,1.8810717138468132
z060_i85,2012,4,2012-06-16,7.377615806635438,2.1980842160271683
z060_i85,2012,4,2012-06-17,9.58480583078447,2.521217566712205
z060_i85,2012,4,2012-06-18,13.170720148176303,2.8309420019668288
z060_i85,2012,4,2012-06-19,-9.83575240732233,3.3325224813996432
z060_i85,2012,4,2012-06-20,1.0361248354797736,3.9229719582097484
z060_i85,2012,4,2012-06-21,3.8997078210378135,4.60444494748348
z060_i85,2012,4,2012-06-22,8.502147093798513,5.404045258723294
z060_i85,2012,4,2012-06-23,12.00961625433799,6.159600179796559
z060_i85,2012,4,2012-06-24,14.434081506849834,6.76395919558856
z060_i85,2012,4,2012-06-25,-8.199245297239127,7.962383569464891
z060_i85,2012,4,2012-06-26,2.1565847032811334,9.373142308225859
z060_i85,2012,4,2012-06-27,7.0405565351464015,11.033856377777823
z060_i85,2012,4,2012-06-28,10.489186432611614,12.840174002396681
z060_i85,2012,4,2012-06-29,-14.695337608099285,15.115169614333759
z060_i85,2012,4,2012-06-30,5.164682395605424,17.793244268141056
z060_i85,2012,4,2012-07-01,10.413183140809927,20.74214416282811
z060_i85,2012,4,2012-07-02,15.302752090740798,23.70063490430856
z060_i85,2012,4,2012-07-03,18.45295864233526,26.477078104628966
z060_i85,2012,4,2012-07-04,-1.017806082912756,31.168232328372593
z060_i85,2012,4,2012-07-05,6.470352034625236,36.50912330746909
z060_i85,2012,4,2012-07-06,8.058192703729262,41.26131449441588
z060_i85,2012,4,2012-07-07,-12.718505014226922,45.12345898801298
z060_i85,2012,4,2012-07-08,-0.1691168402346252,48.06983695175287
z060_i85,2012,4,2012-07-09,6.343997857768221,50.077985302666995
z060_i85,2012,4,2012-07-10,11.728807155885987,50.077985302666995
z060_i85,2012,4,2012-07-11,16.197444461744475,50.077985302666995
z060_i85,2012,4,2012-07-12,20.65365204631795,50.077985302666995
z060_i85,2012,4,2012-07-13,-10.78819829399799,50.077985302666995
z060_i85,2012,4,2012-07-14,6.740125641154524,50.077985302666995
z060_i85,2012,4,2012-07-15,13.94683016929595,50.077985302666995
z060_i85,2012,4,2012-07-16,14.882162475032583,50.077985302666995
z060_i85,2012,4,2012-07-17,21.374231856117945,50.077985302666995
z060_i85,2012,4,2012-07-18,2.3836081663730027,50.077985302666995
z060_i85,2012,4,2012-07-19,9.234403571297836,50.077985302666995
z060_i85,2012,4,2012-07-20,16.1747313510816,50.077985302666995
z060_i85,2012,4,2012-07-21,21.086357143518377,50.077985302666995
z060_i85,2012,4,2012-07-22,25.91288188885005,50.077985302666995
z060_i85,2012,4,2012-07-23,-17.275955732010743,50.077985302666995
z060_i85,2012,4,2012-07-24,5.792394407696646,50.077985302666995
z060_i85,2012,4,2012-07-25,11.51824573663027,50.077985302666995
z060_i85,2012,4,2012-07-26,16.2521254293802,50.077985302666995
z060_i85,2012,4,2012-07-27,-7.170003093049507,50.077985302666995
z060_i85,2012,4,2012-07-28,5.212028691216442,50.077985302666995
z060_i85,2012,4,2012-07-29,11.111546559387861,50.077985302666995
z060_i85,2012,4,2012-07-30,14.931905550704784,50.077985302666995
z060_i85,2012,4,2012-07-31,19.16266019762166,50.077985302666995
z060_i85,2012,4,2012-08-01,-11.751792979454724,50.077985302666995
z060_i85,2012,4,2012-08-02,3.993047089444779,50.077985302666995
z060_i85,2012,4,2012-08-03,9.848522249490125,50.077985302666995
z060_i85,2012,4,2012-08-04,14.337216912344193,50.077985302666995
z060_i85,2012,4,2012-08-05,18.240066793697682,50.077985302666995
z060_i85,2012,4,2012-08-06,-5.9026216312905015,50.077985302666995
z060_i85,2012,4,2012-08-07,1.1886842285472754,50.077985302666995
z060_i85,2012,4,2012-08-08,7.624789005324402,50.077985302666995
z060_i85,2012,4,2012-08-09,12.717664708572302,50.077985302666995
z060_i85,2012,4,2012-08-10,2.5087151577709284,50.077985302666995
z060_i85,2012,4,2012-08-11,7.523766302231529,50.077985302666995
z060_i85,2012,4,2012-08-12,13.070700641987052,50.077985302666995
z060_i85,2012,4,2012-08-13,15.814020151207554,50.077985302666995
z060_i85,2012,4,2012-08-14,19.25210249285797,50.077985302666995
z060_i85,2012,4,2012-08-15,10.24819849010608,49.759345079555224
z060_i85,2012,4,2012-08-16,13.748447265913782,49.400155464861065
z060_i85,2012,4,2012-08-17,16.741877630551404,48.99525624013615
z060_i85,2012,4,2012-08-18,20.10570565499474,48.538830509892136
z060_i85,2012,4,2012-08-19,22.989685189803374,48.02432113445357
z060_i85,2012,4,2012-08-20,24.226000473712524,47.44433652825564
z060_i85,2012,4,2012-08-21,9.711151475361607,46.79054447025892
z060_i85,2012,4,2012-08-22,14.073346023390728,46.05355240093201
z060_i85,2012,4,2012-08-23,18.22523681712561,45.222772486114664
z060_i85,2012,4,2012-08-24,20.631582426963778,44.28626950923154
z060_i85,2012,4,2012-08-25,23.42830988353852,43.23058940663324
z060_i85,2012,4,2012-08-26,25.862565508846895,42.040565982755744
z060_i85,2012,4,2012-08-27,27.926443318622695,40.699103028313765
z060_i85,2012,4,2012-08-28,10.879193208335248,39.1869287113774
z060_i85,2012,4,2012-08-29,14.959099366988825,37.482318712845505
z060_i85,2012,4,2012-08-30,19.607843622912483,35.560784128802446
z060_i85,2012,4,2012-08-31,22.1173900687334,33.39471965607641
z060_i85,2012,4,2012-09-01,23.648115109884266,30.953007006734452
z060_i85,2012,4,2012-09-02,25.1592639264491,28.20056785405623
z060_i85,2012,4,2012-09-03,26.196954213470853,25.097859887482933
z060_i85,2012,4,2012-09-04,27.076793923601578,21.60030873672629
z060_i85,2012,4,2012-09-05,27.72207350270966,17.657667603900208
z060_i85,2012,4,2012-09-06,28.148173445592693,13.213295403971252
z060_i85,2012,4,2012-09-07,28.35840758548634,8.203343043092163
z060_i85,2012,4,2012-09-08,28.510864649418796,2.5558361446646876
z060_i85,2012,5,2012-04-30,5.165139429896866,0.0
z060_i85,2012,5,2012-05-01,6.662037354503614,0.0
z060_i85,2012,5,2012-05-02,8.011901314416566,0.0
z060_i85,2012,5,2012-05-03,9.292069232134063,0.0
z060_i85,2012,5,2012-05-04,10.442653868107971,0.0
z060_i85,2012,5,2012-05-05,11.063421813442748,0.4875
z060_i85,2012,5,2012-05-06,11.559447802662024,0.5738742470010385
z060_i85,2012,5,2012-05-07,9.706805091213932,0.6755521053764285
z060_i85,2012,5,2012-05-08,12.146621981756384,0.6693127862309256
z060_i85,2012,5,2012-05-09,12.812750991666583,0.6619209548484838
z060_i85,2012,5,2012-05-10,13.41944597052456,0.6531637219019253
z060_i85,2012,5,2012-05-11,13.559303873292176,0.6427888736522139
z060_i85,2012,5,2012-05-12,13.597813708382239,0.6304976080365332
z060_i85,2012,5,2012-05-13,13.91110060980229,0.6159359289835971
z060_i85,2012,5,2012-05-14,14.070156652124144,0.5986844511072908
z060_i85,2012,5,2012-05-15,14.070156652124144,0.5782463211474993
z060_i85,2012,5,2012-05-16,14.070156652124144,0.554032908288127
z060_i85,2012,5,2012-05-17,14.070156652124144,0.5253468512245973
z060_i85,2012,5,2012-05-18,14.070156652124144,0.49136197372586166
z060_i85,2012,5,2012-05-19,14.070156652124144,0.45109949024665036
z060_i85,2012,5,2012-05-20,14.070156652124144,0.40339981629684524
z060_i85,2012,5,2012-05-21,14.070156652124144,0.3468891716891303
z060_i85,2012,5,2012-05-22,14.070156652124144,0.2799400148177439
z060_i85,2012,5,2012-05-23,5.953739052122361,0.3295392106851125
z060_i85,2012,5,2012-05-24,9.278407037198098,0.35366846265546714
z060_i85,2012,5,2012-05-25,10.556040032916842,0.3508635755051884
z060_i85,2012,5,2012-05-26,12.389797939454768,0.3470754484909838
z060_i85,2012,5,2012-05-27,13.353561999811213,0.3425843198888633
z060_i85,2012,5,2012-05-28,14.114588961723932,0.3372623347704505
z060_i85,2012,5,2012-05-29,14.742164825601025,0.3309557851011238
z060_i85,2012,5,2012-05-30,-3.992312903750698,0.38959385018573317
z060_i85,2012,5,2012-05-31,3.2020914722584117,0.4586212869980985
z060_i85,2012,5,2012-06-01,7.851185797829947,0.5342457655412258
z060_i85,2012,5,2012-06-02,10.025845894148164,0.5745310215833055
z060_i85,2012,5,2012-06-03,11.732016137952398,0.5735419750404597
z060_i85,2012,5,2012-06-04,13.982678491141778,0.5703943872541207
z060_i85,2012,5,2012-06-05,15.447428807052148,0.5651340018515694
z060_i85,2012,5,2012-06-06,-6.348760277355129,0.665263281573852
z060_i85,2012,5,2012-06-07,-6.899817788137171,0.7831332610679675
z060_i85,2012,5,2012-06-08,5.085884228689962,0.9218872010191744
z060_i85,2012,5,2012-06-09,7.883215668441412,1.0650188904430056
z060_i85,2012,5,2012-06-10,10.093503843593606,1.1888920505682603
z060_i85,2012,5,2012-06-11,11.594376446062304,1.2757448658858987
z060_i85,2012,5,2012-06-12,12.6497103202659,1.3502314051708333
z060_i85,2012,5,2012-06-13,13.717721257443243,1.3483829063213089
z060_i85,2012,5,2012-06-14,-2.114950424814949,1.5872866154547953
z060_i85,2012,5,2012-06-15,4.5551325731114405,1.8685187922439954
z060_i85,2012,5,2012-06-16,7.376192001923447,2.1834157806681813
z060_i85,2012,5,2012-06-17,9.582164648447367,2.504392771450219
z060_i85,2012,5,2012-06-18,13.166747685134343,2.8120503282729317
z060_i85,2012,5,2012-06-19,-9.367700259302888,3.310283619829029
z060_i85,2012,5,2012-06-20,1.0772210180660107,3.8967928609010376
z060_i85,2012,5,2012-06-21,3.9680758076615072,4.573394220745708
z060_i85,2012,5,2012-06-22,8.700756255399918,5.366654671957228
z060_i85,2012,5,2012-06-23,12.22642622539102,6.1080056333695625
z060_i85,2012,5,2012-06-24,14.639749510741156,6.685698780393741
z060_i85,2012,5,2012-06-25,-7.977757960179134,7.870257134921477
z060_i85,2012,5,2012-06-26,2.204690594514857,9.26469310155408
z060_i85,2012,5,2012-06-27,7.059733911239288,10.906192363795
z060_i85,2012,5,2012-06-28,10.49225634763711,12.690674861968661
z060_i85,2012,5,2012-06-29,-14.691369990335593,14.939182523789283
z060_i85,2012,5,2012-06-30,5.160011922116338,17.58607614697569
z060_i85,2012,5,2012-07-01,10.391903570555508,20.50064177178591
z060_i85,2012,5,2012-07-02,15.269734543438371,23.427532769213126
z060_i85,2012,5,2012-07-03,18.404871367988868,26.18208704974866
z060_i85,2012,5,2012-07-04,-1.0637979834822235,30.82097536531313
z060_i85,2012,5,2012-07-05,6.464352590748166,36.132423660570105
z060_i85,2012,5,2012-07-06,8.05895540948654,40.89750593912038
z060_i85,2012,5,2012-07-07,-12.71592200757315,44.77547482905517
z060_i85,2012,5,2012-07-08,-0.16663481474337372,47.73761470997995
z060_i85,2012,5,2012-07-09,6.345140161113892,49.759525663471294
z060_i85,2012,5,2012-07-10,11.718623190313414,49.759525663471294
z060_i85,2012,5,2012-07-11,16.172993215232765,49.759525663471294
z060_i85,2012,5,2012-07-12,20.61328906973733,49.759525663471294
z060_i85,2012,5,2012-07-13,-10.826387345977471,49.759525663471294
z060_i85,2012,5,2012-07-14,6.742943508806411,49.759525663471294
z060_i85,2012,5,2012-07-15,13.947065231702599,49.759525663471294
z060_i85,2012,5,2012-07-16,14.886834868996754,49.759525663471294
z060_i85,2012,5,2012-07-17,21.381472501384394,49.759525663471294
z060_i85,2012,5,2012-07-18,3.0935429043823386,49.759525663471294
z060_i85,2012,5,2012-07-19,9.947006639137046,49.759525663471294
z060_i85,2012,5,2012-07-20,16.819629990944158,49.759525663471294
z060_i85,2012,5,2012-07-21,21.684809299710196,49.759525663471294
z060_i85,2012,5,2012-07-22,26.475983095932985,49.759525663471294
z060_i85,2012,5,2012-07-23,-16.709653905322252,49.759525663471294
z060_i85,2012,5,2012-07-24,5.802875179820605,49.759525663471294
z060_i85,2012,5,2012-07-25,11.519980493502308,49.759525663471294
z060_i85,2012,5,2012-07-26,16.242095132043634,49.759525663471294
z060_i85,2012,5,2012-07-27,-7.176830850454143,49.759525663471294
z060_i85,2012,5,2012-07-28,5.215044345570989,49.759525663471294
z060_i85,2012,5,2012-07-29,11.112078598696762,49.759525663471294
z060_i85,2012,5,2012-07-30,14.923399710416211,49.759525663471294
z060_i85,2012,5,2012-07-31,19.14202775505152,49.759525663471294
z060_i85,2012,5,2012-08-01,-11.169921602389792,49.759525663471294
z060_i85,2012,5,2012-08-02,4.007447503609577,49.759525663471294
z060_i85,2012,5,2012-08-03,9.840639751909142,49.759525663471294
z060_i85,2012,5,2012-08-04,14.322626862312491,49.759525663471294
z060_i85,2012,5,2012-08-05,18.214839710751903,49.759525663471294
z060_i85,2012,5,2012-08-06,-6.024277549336946,49.759525663471294
z060_i85,2012,5,2012-08-07,1.1829869108498015,49.759525663471294
z060_i85,2012,5,2012-08-08,7.627319464433624,49.759525663471294
z060_i85,2012,5,2012-08-09,12.710841844093265,49.759525663471294
z060_i85,2012,5,2012-08-10,5.405833941664186,49.759525663471294
z060_i85,2012,5,2012-08-11,10.424088162641883,49.759525663471294
z060_i85,2012,5,2012-08-12,15.975009070558608,49.759525663471294
z060_i85,2012,5,2012-08-13,18.660137630294432,49.759525663471294
z060_i85,2012,5,2012-08-14,22.008520598440548,49.759525663471294
z060_i85,2012,5,2012-08-15,26.071200430945975,49.44291176090481
z060_i85,2012,5,2012-08-16,28.13822964629084,49.08600633145507
z060_i85,2012,5,2012-08-17,30.659221762059268,48.68368197191766
z060_i85,2012,5,2012-08-18,33.75700350698959,48.23015877803758
z060_i85,2012,5,2012-08-19,36.52448970436399,47.71892130878842
z060_i85,2012,5,2012-08-20,37.73306325514179,47.142624983724644
z060_i85,2012,5,2012-08-21,27.322564199162436,46.49299056868502
z060_i85,2012,5,2012-08-22,31.688942102800034,45.76068523399948
z060_i85,2012,5,2012-08-23,35.845048211445935,44.93518847644824
z060_i85,2012,5,2012-08-24,38.07674012404162,44.004640978770624
z060_i85,2012,5,2012-08-25,40.334488941410136,42.9556742353969
z060_i85,2012,5,2012-08-26,42.12336785158326,41.77321849675897
z060_i85,2012,5,2012-08-27,43.51204717671519,40.440286273053935
z060_i85,2012,5,2012-08-28,31.371532747080888,38.93772828721521
z060_i85,2012,5,2012-08-29,35.45789437966205,37.24395837104327
z060_i85,2012,5,2012-08-30,39.824389950774915,35.33464335227701
z060_i85,2012,5,2012-08-31,41.44807220239976,33.18235347743645
z060_i85,2012,5,2012-09-01,42.46261011515528,30.756168348313786
z060_i85,2012,5,2012-09-02,43.34497609983255,28.021232710886274
z060_i85,2012,5,2012-09-03,43.95952899169701,24.938255714989864
z060_i85,2012,5,2012-09-04,44.4606424373173,21.462946450978617
z060_i85,2012,5,2012-09-05,44.84130702451912,17.545377654131077
z060_i85,2012,5,2012-09-06,45.114282007758945,13.129268435603777
z060_i85,2012,5,2012-09-07,45.27883523598546,8.151175735443655
z060_i85,2012,5,2012-09-08,45.41961839237941,2.539582881847625
z060_i85,2012,6,2012-04-30,5.165139429896866,0.0
z060_i85,2012,6,2012-05-01,6.662037354503614,0.0
z060_i85,2012,6,2012-05-02,8.011901314416566,0.0
z060_i85,2012,6,2012-05-03,9.292069232134063,0.0
z060_i85,2012,6,2012-05-04,10.442653868107971,0.0
z060_i85,2012,6,2012-05-05,11.063421813442748,0.4875
z060_i85,2012,6,2012-05-06,11.559447802662024,0.5738742470010385
z060_i85,2012,6,2012-05-07,9.706805091213932,0.6755521053764285
z060_i85,2012,6,2012-05-08,12.146621981756384,0.6693127862309256
z060_i85,2012,6,2012-05-09,12.812750991666583,0.6619209548484838
z060_i85,2012,6,2012-05-10,13.41944597052456,0.6531637219019253
z060_i85,2012,6,2012-05-11,13.559303873292176,0.6427888736522139
z060_i85,2012,6,2012-05-12,13.597813708382239,0.6304976080365332
z060_i85,2012,6,2012-05-13,13.91110060980229,0.6159359289835971
z060_i85,2012,6,2012-05-14,14.070156652124144,0.5986844511072908
z060_i85,2012,6,2012-05-15,14.070156652124144,0.5782463211474993
z060_i85,2012,6,2012-05-16,14.070156652124144,0.554032908288127
z060_i85,2012,6,2012-05-17,14.070156652124144,0.5253468512245973
z060_i85,2012,6,2012-05-18,14.070156652124144,0.49136197372586166
z060_i85,2012,6,2012-05-19,14.070156652124144,0.45109949024665036
z060_i85,2012,6,2012-05-20,14.070156652124144,0.40339981629684524
z060_i85,2012,6,2012-05-21,14.070156652124144,0.3468891716891303
z060_i85,2012,6,2012-05-22,14.070156652124144,0.2799400148177439
z060_i85,2012,6,2012-05-23,5.953739052122361,0.3295392106851125
z060_i85,2012,6,2012-05-24,9.278407037198098,0.35366846265546714
z060_i85,2012,6,2012-05-25,10.556040032916842,0.3508635755051884
z060_i85,2012,6,2012-05-26,12.389797939454768,0.3470754484909838
z060_i85,2012,6,2012-05-27,13.353561999811213,0.3425843198888633
z060_i85,2012,6,2012-05-28,14.114588961723932,0.3372623347704505
z060_i85,2012,6,2012-05-29,14.742164825601025,0.3309557851011238
z060_i85,2012,6,2012-05-30,-2.836742716198888,0.38959385018573317
z060_i85,2012,6,2012-05-31,3.4180112926595214,0.4586212869980985
z060_i85,2012,6,2012-06-01,8.058588942561247,0.5330656561756838
z060_i85,2012,6,2012-06-02,10.239301840605581,0.5681511453265379
z060_i85,2012,6,2012-06-03,11.95614673936899,0.5666333614512225
z060_i85,2012,6,2012-06-04,14.039756005908815,0.5630711141898286
z060_i85,2012,6,2012-06-05,15.423869903823089,0.5575690450194041
z060_i85,2012,6,2012-06-06,-6.357938931801988,0.6563579812545614
z060_i85,2012,6,2012-06-07,-6.885780464560241,0.7726501379601705
z060_i85,2012,6,2012-06-08,5.0865846370309455,0.9095466997274694
z060_i85,2012,6,2012-06-09,7.8815352694048935,1.0507624098468196
z060_i85,2012,6,2012-06-10,10.090554853688884,1.1729773878313055
z060_i85,2012,6,2012-06-11,11.590416708176559,1.2590041823347378
z060_i85,2012,6,2012-06-12,12.645043885154637,1.3325132882657675
z060_i85,2012,6,2012-06-13,13.712450574690065,1.3306889037067913
z060_i85,2012,6,2012-06-14,-2.1201248633686394,1.5664576258612766
z060_i85,2012,6,2012-06-15,4.554377243739447,1.8439993651285636
z060_i85,2012,6,2012-06-16,7.37336797200596,2.1547641533369513
z060_i85,2012,6,2012-06-17,9.577000498752419,2.4715291597579645
z060_i85,2012,6,2012-06-18,13.160084102910298,2.7754671941431273
z060_i85,2012,6,2012-06-19,-9.37385876570257,3.267218761261481
z060_i85,2012,6,2012-06-20,1.0751305759724656,3.8460978592955857
z060_i85,2012,6,2012-06-21,3.9582659981804573,4.5138970301997725
z060_i85,2012,6,2012-06-22,8.692355962918123,5.29697203688376
z060_i85,2012,6,2012-06-23,12.213388376626739,6.028697022401763
z060_i85,2012,6,2012-06-24,14.620303087959579,6.600860210319342
z060_i85,2012,6,2012-06-25,-7.9965428037968165,7.770387041551036
z060_i85,2012,6,2012-06-26,2.1947439680445537,9.147128230516362
z060_i85,2012,6,2012-06-27,7.049213556702301,10.76779759078876
z060_i85,2012,6,2012-06-28,10.474741279198968,12.530098080114287
z060_i85,2012,6,2012-06-29,-14.707863938035459,14.750155078102042
z060_i85,2012,6,2012-06-30,5.154916543787536,17.363557207373034
z060_i85,2012,6,2012-07-01,10.369022747230728,20.241849416629208
z060_i85,2012,6,2012-07-02,15.234283651466683,23.13459435992493
z060_i85,2012,6,2012-07-03,18.343207919720417,25.704251677853918
z060_i85,2012,6,2012-07-04,-1.122059018601534,30.258478105340703
z060_i85,2012,6,2012-07-05,6.407212046224495,35.5153906055293
z060_i85,2012,6,2012-07-06,8.011132161463635,40.29958074271517
z060_i85,2012,6,2012-07-07,-12.701724688982772,44.202030268458536
z060_i85,2012,6,2012-07-08,-0.1633294847419519,47.188886535674094
z060_i85,2012,6,2012-07-09,6.346790663543068,49.23243012056776
z060_i85,2012,6,2012-07-10,11.701485286978855,49.23243012056776
z060_i85,2012,6,2012-07-11,16.13215440832263,49.23243012056776
z060_i85,2012,6,2012-07-12,20.546006828041424,49.23243012056776
z060_i85,2012,6,2012-07-13,-10.69007155413027,49.23243012056776
z060_i85,2012,6,2012-07-14,6.750353587809865,49.23243012056776
z060_i85,2012,6,2012-07-15,13.947101595857246,49.23243012056776
z060_i85,2012,6,2012-07-16,14.893923381600018,49.23243012056776
z060_i85,2012,6,2012-07-17,21.392781415528148,49.23243012056776
z060_i85,2012,6,2012-07-18,3.5093045262171727,49.23243012056776
z060_i85,2012,6,2012-07-19,10.367180732893043,49.23243012056776
z060_i85,2012,6,2012-07-20,17.165422799431376,49.23243012056776
z060_i85,2012,6,2012-07-21,21.98870960150599,49.23243012056776
z060_i85,2012,6,2012-07-22,26.740798019634575,49.23243012056776
z060_i85,2012,6,2012-07-23,-16.33954806291212,49.23243012056776
z060_i85,2012,6,2012-07-24,5.81414992865194,49.23243012056776
z060_i85,2012,6,2012-07-25,11.52213456079995,49.23243012056776
z060_i85,2012,6,2012-07-26,16.225168841055876,49.23243012056776
z060_i85,2012,6,2012-07-27,-7.288415791761337,49.23243012056776
z060_i85,2012,6,2012-07-28,5.213598947781009,49.23243012056776
z060_i85,2012,6,2012-07-29,11.11319237888148,49.23243012056776
z060_i85,2012,6,2012-07-30,14.909954812480688,49.23243012056776
z060_i85,2012,6,2012-07-31,19.108616490827202,49.23243012056776
z060_i85,2012,6,2012-08-01,-10.499193162933167,49.23243012056776
z060_i85,2012,6,2012-08-02,4.017977385909719,49.23243012056776
z060_i85,2012,6,2012-08-03,9.825473197219209,49.23243012056776
z060_i85,2012,6,2012-08-04,14.297538376628049,49.23243012056776
z060_i85,2012,6,2012-08-05,18.17223789152254,49.23243012056776
z060_i85,2012,6,2012-08-06,-6.06096575558706,49.23243012056776
z060_i85,2012,6,2012-08-07,1.1861503923811254,49.23243012056776
z060_i85,2012,6,2012-08-08,7.632492651990836,49.23243012056776
z060_i85,2012,6,2012-08-09,12.69936738544119,49.23243012056776
z060_i85,2012,6,2012-08-10,5.900773695538404,49.23243012056776
z060_i85,2012,6,2012-08-11,10.92430780637182,49.23243012056776
z060_i85,2012,6,2012-08-12,16.481815052289974,49.23243012056776
z060_i85,2012,6,2012-08-13,19.13472200819049,49.23243012056776
z060_i85,2012,6,2012-08-14,22.435786186884773,49.23243012056776
z060_i85,2012,6,2012-08-15,26.450929910124213,48.91917006381551
z060_i85,2012,6,2012-08-16,28.49883891985043,48.56604528256513
z060_i85,2012,6,2012-08-17,30.99850349155947,48.16798268746149
z060_i85,2012,6,2012-08-18,34.0703061003668,47.71926359994919
z060_i85,2012,6,2012-08-19,36.8126708888653,47.213441596137315
z060_i85,2012,6,2012-08-20,38.01037408932586,46.643249895671204
z060_i85,2012,6,2012-08-21,30.60707696845831,46.00049696513366
z060_i85,2012,6,2012-08-22,34.980384402325456,45.27594883618532
z060_i85,2012,6,2012-08-23,39.14347650601243,44.45919644779325
z060_i85,2012,6,2012-08-24,41.06853151291815,43.538506106749374
z060_i85,2012,6,2012-08-25,42.890460372962316,42.50065091815263
z060_i85,2012,6,2012-08-26,44.33533148393725,41.330720764138086
z060_i85,2012,6,2012-08-27,45.45808415361726,40.011908100954166
z060_i85,2012,6,2012-08-28,36.428760579639366,38.525266497089135
z060_i85,2012,6,2012-08-29,40.52585202266339,36.84943844353776
z060_i85,2012,6,2012-08-30,43.95481084597392,34.96034852585459
z060_i85,2012,6,2012-08-31,45.05390745161278,32.83085755001755
z060_i85,2012,6,2012-09-01,45.749772318560666,30.43037265317742
z060_i85,2012,6,2012-09-02,46.38696092671801,27.724407798035188
z060_i85,2012,6,2012-09-03,46.834894740330434,24.674088336786554
z060_i85,2012,6,2012-09-04,47.21224100413698,21.235592527060618
z060_i85,2012,6,2012-09-05,47.51073670874727,17.35952197651473
z060_i85,2012,6,2012-09-06,47.73829946205831,12.990191971716344
z060_i85,2012,6,2012-09-07,47.88810882783791,8.06483149597817
z060_i85,2012,6,2012-09-08,48.02527464063753,2.5126814433791576
z060_i85,2012,7,2012-04-30,5.165139429896866,0.0
z060_i85,2012,7,2012-05-01,6.662037354503614,0.0
z060_i85,2012,7,2012-05-02,8.011901314416566,0.0
z060_i85,2012,7,2012-05-03,9.292069232134063,0.0
z060_i85,2012,7,2012-05-04,10.442653868107971,0.0
z060_i85,2012,7,2012-05-05,11.063421813442748,0.4875
z060_i85,2012,7,2012-05-06,11.559447802662024,0.5738742470010385
z060_i85,2012,7,2012-05-07,9.706805091213932,0.6755521053764285
z060_i85,2012,7,2012-05-08,12.146621981756384,0.6693127862309256
z060_i85,2012,7,2012-05-09,12.812750991666583,0.6619209548484838
z060_i85,2012,7,2012-05-10,13.41944597052456,0.6531637219019253
z060_i85,2012,7,2012-05-11,13.559303873292176,0.6427888736522139
z060_i85,2012,7,2012-05-12,13.597813708382239,0.6304976080365332
z060_i85,2012,7,2012-05-13,13.91110060980229,0.6159359289835971
z060_i85,2012,7,2012-05-14,14.070156652124144,0.5986844511072908
z060_i85,2012,7,2012-05-15,14.070156652124144,0.5782463211474993
z060_i85,2012,7,2012-05-16,14.070156652124144,0.554032908288127
z060_i85,2012,7,2012-05-17,14.070156652124144,0.5253468512245973
z060_i85,2012,7,2012-05-18,14.070156652124144,0.49136197372586166
z060_i85,2012,7,2012-05-19,14.070156652124144,0.45109949024665036
z060_i85,2012,7,2012-05-20,14.070156652124144,0.40339981629684524
z060_i85,2012,7,2012-05-21,14.070156652124144,0.3468891716891303
z060_i85,2012,7,2012-05-22,14.070156652124144,0.2799400148177439
z060_i85,2012,7,2012-05-23,5.953739052122361,0.3295392106851125
z060_i85,2012,7,2012-05-24,9.278407037198098,0.35366846265546714
z060_i85,2012,7,2012-05-25,10.556040032916842,0.3508635755051884
z060_i85,2012,7,2012-05-26,12.389797939454768,0.3470754484909838
z060_i85,2012,7,2012-05-27,13.353561999811213,0.3425843198888633
z060_i85,2012,7,2012-05-28,14.114588961723932,0.3372623347704505
z060_i85,2012,7,2012-05-29,14.742164825601025,0.3309557851011238
z060_i85,2012,7,2012-05-30,-3.90403846919844,0.38959385018573317
z060_i85,2012,7,2012-05-31,3.1901260563114713,0.4586212869980985
z060_i85,2012,7,2012-06-01,7.8272007018241565,0.5343227687661272
z060_i85,2012,7,2012-06-02,10.002969775653279,0.5752534008743749
z060_i85,2012,7,2012-06-03,11.711630507520677,0.5742814083174518
z060_i85,2012,7,2012-06-04,13.964169261501802,0.5711649757688416
z060_i85,2012,7,2012-06-05,15.430417481764206,0.5659170116423908
z060_i85,2012,7,2012-06-06,-6.5349367676711605,0.6661850234284206
z060_i85,2012,7,2012-06-07,-6.901914856100596,0.7842183152479056
z060_i85,2012,7,2012-06-08,5.085473303150724,0.9231645028662867
z060_i85,2012,7,2012-06-09,7.883363906939279,1.0664945054580188
z060_i85,2012,7,2012-06-10,10.093810199562514,1.1905392954920744
z060_i85,2012,7,2012-06-11,11.59479258654756,1.2775124479413156
z060_i85,2012,7,2012-06-12,12.650326576581032,1.3521021905184842
z060_i85,2012,7,2012-06-13,13.718534647067868,1.3502511457565873
z060_i85,2012,7,2012-06-14,2.3407328276671575,1.589485865709438
z060_i85,2012,7,2012-06-15,6.974299600419922,1.870055116934265
z060_i85,2012,7,2012-06-16,9.57203097645319,2.160000858597966
z060_i85,2012,7,2012-06-17,11.645693767607183,2.423606516687566
z060_i85,2012,7,2012-06-18,14.299458383033421,2.6414591656151147
z060_i85,2012,7,2012-06-19,0.2268144188141789,3.109467465951519
z060_i85,2012,7,2012-06-20,3.8145790532622463,3.660396514045447
z060_i85,2012,7,2012-06-21,7.354834659115794,4.265639687156024
z060_i85,2012,7,2012-06-22,11.662697322744677,4.945167327516032
z060_i85,2012,7,2012-06-23,14.788687235141701,5.45664770051418
z060_i85,2012,7,2012-06-24,16.92553775145245,5.684204551813461
z060_i85,2012,7,2012-06-25,0.18617717341701256,6.691320219429385
z060_i85,2012,7,2012-06-26,4.796641111275788,7.876874568959716
z060_i85,2012,7,2012-06-27,8.988609766292358,9.254173740700598
z060_i85,2012,7,2012-06-28,12.12132423728576,10.680177656326158
z060_i85,2012,7,2012-06-29,-7.153253431346527,12.572469559715879
z060_i85,2012,7,2012-06-30,5.019640912455003,14.800033849282922
z060_i85,2012,7,2012-07-01,9.924740526893672,17.26353018042007
z060_i85,2012,7,2012-07-02,14.716226852659307,19.78257327588339
z060_i85,2012,7,2012-07-03,17.665998844352504,22.22092304941764
z060_i85,2012,7,2012-07-04,3.1257717521367407,26.157980477236027
z060_i85,2012,7,2012-07-05,9.920919123848938,30.792597639880398
z060_i85,2012,7,2012-07-06,11.474093465692018,35.54889690369734
z060_i85,2012,7,2012-07-07,-9.39286693589976,39.56753514450539
z060_i85,2012,7,2012-07-08,-0.12445779791878897,42.688626125354354
z060_i85,2012,7,2012-07-09,6.298058506673537,44.85045619261433
z060_i85,2012,7,2012-07-10,11.448376342087167,44.85045619261433
z060_i85,2012,7,2012-07-11,15.668201458545619,44.85045619261433
z060_i85,2012,7,2012-07-12,19.835876506130102,44.85045619261433
z060_i85,2012,7,2012-07-13,-2.470302391818958,44.85045619261433
z060_i85,2012,7,2012-07-14,7.307523893705949,44.85045619261433
z060_i85,2012,7,2012-07-15,13.842546785327917,44.85045619261433
z060_i85,2012,7,2012-07-16,14.789921036225076,44.85045619261433
z060_i85,2012,7,2012-07-17,21.31837524490115,44.85045619261433
z060_i85,2012,7,2012-07-18,7.4715746716270806,44.85045619261433
z060_i85,2012,7,2012-07-19,14.365931309242221,44.85045619261433
z060_i85,2012,7,2012-07-20,20.2087999461893,44.85045619261433
z060_i85,2012,7,2012-07-21,24.648221591824566,44.85045619261433
z060_i85,2012,7,2012-07-22,29.062658544261346,44.85045619261433
z060_i85,2012,7,2012-07-23,-19.174030583237098,44.85045619261433
z060_i85,2012,7,2012-07-24,5.830258429664532,44.85045619261433
z060_i85,2012,7,2012-07-25,11.524493608316927,44.85045619261433
z060_i85,2012,7,2012-07-26,16.069772004688605,44.85045619261433
z060_i85,2012,7,2012-07-27,-7.399214635626937,44.85045619261433
z060_i85,2012,7,2012-07-28,5.245438903772838,44.85045619261433
z060_i85,2012,7,2012-07-29,11.108938481035405,44.85045619261433
z060_i85,2012,7,2012-07-30,14.77704207081401,44.85045619261433
z060_i85,2012,7,2012-07-31,18.80397690770839,44.85045619261433
z060_i85,2012,7,2012-08-01,-12.06983564578586,44.85045619261433
z060_i85,2012,7,2012-08-02,3.9738808558707266,44.85045619261433
z060_i85,2012,7,2012-08-03,9.670523865299455,44.85045619261433
z060_i85,2012,7,2012-08-04,14.07077450090762,44.85045619261433
z060_i85,2012,7,2012-08-05,17.79842200851976,44.85045619261433
z060_i85,2012,7,2012-08-06,-6.386142211923508,44.85045619261433
z060_i85,2012,7,2012-08-07,1.2064054961532062,44.85045619261433
z060_i85,2012,7,2012-08-08,7.590927933434368,44.85045619261433
z060_i85,2012,7,2012-08-09,12.478138446968751,44.85045619261433
z060_i85,2012,7,2012-08-10,-2.5677898599437734,44.85045619261433
z060_i85,2012,7,2012-08-11,4.4886009410440675,44.85045619261433
z060_i85,2012,7,2012-08-12,10.425017165936493,44.85045619261433
z060_i85,2012,7,2012-08-13,13.280154835512104,44.85045619261433
z060_i85,2012,7,2012-08-14,16.66987833033964,44.85045619261433
z060_i85,2012,7,2012-08-15,9.837172452899813,44.56507811117785
z060_i85,2012,7,2012-08-16,13.405179229104833,44.24338349863871
z060_i85,2012,7,2012-08-17,16.194106646085952,43.88075080023457
z060_i85,2012,7,2012-08-18,19.331239685616183,43.47197033321366
z060_i85,2012,7,2012-08-19,22.092005110804074,43.01116944307546
z060_i85,2012,7,2012-08-20,23.262849053652797,42.491728135374004
z060_i85,2012,7,2012-08-21,3.8195285435566158,41.90618397102642
z060_i85,2012,7,2012-08-22,8.2507128081259,41.24612485882627
z060_i85,2012,7,2012-08-23,12.472327987383293,40.50206820498891
z060_i85,2012,7,2012-08-24,15.050813672159158,39.663324683557484
z060_i85,2012,7,2012-08-25,18.00092932745182,38.717844670557085
z060_i85,2012,7,2012-08-26,20.43664508229034,37.65204513572716
z060_i85,2012,7,2012-08-27,22.469912053042542,36.450614504910405
z060_i85,2012,7,2012-08-28,-1.6642883396480004,35.09629268969675
z060_i85,2012,7,2012-08-29,3.5342353444775925,33.56962312416661
z060_i85,2012,7,2012-08-30,8.759297940065698,31.8486732464241
z060_i85,2012,7,2012-08-31,11.937961370744844,29.908719409279538
z060_i85,2012,7,2012-09-01,13.712140861665192,27.721891693420304
z060_i85,2012,7,2012-09-02,15.479010131720417,25.2567735203564
z060_i85,2012,7,2012-09-03,16.68700441171294,22.47795031306856
z060_i85,2012,7,2012-09-04,17.747118620903798,19.34550072029143
z060_i85,2012,7,2012-09-05,-14.695189874078515,15.814423095217725
z060_i85,2012,7,2012-09-06,2.479449492813759,11.833988989256012
z060_i85,2012,7,2012-09-07,5.939661516825197,7.347014372952383
z060_i85,2012,7,2012-09-08,7.759218787980295,2.289038114232583
z060_i85,2012,8,2012-04-30,5.165139429896866,0.0
z060_i85,2012,8,2012-05-01,6.662037354503614,0.0
z060_i85,2012,8,2012-05-02,8.011901314416566,0.0
z060_i85,2012,8,2012-05-03,9.292069232134063,0.0
z060_i85,2012,8,2012-05-04,10.442653868107971,0.0
z060_i85,2012,8,2012-05-05,11.063421813442748,0.4875
z060_i85,2012,8,2012-05-06,11.559447802662024,0.5738742470010385
z060_i85,2012,8,2012-05-07,9.706805091213932,0.6755521053764285
z060_i85,2012,8,2012-05-08,12.146621981756384,0.6693127862309256
z060_i85,2012,8,2012-05-09,12.812750991666583,0.6619209548484838
z060_i85,2012,8,2012-05-10,13.41944597052456,0.6531637219019253
z060_i85,2012,8,2012-05-11,13.559303873292176,0.6427888736522139
z060_i85,2012,8,2012-05-12,13.597813708382239,0.6304976080365332
z060_i85,2012,8,2012-05-13,13.91110060980229,0.6159359289835971
z060_i85,2012,8,2012-05-14,14.070156652124144,0.5986844511072908
z060_i85,2012,8,2012-05-15,14.070156652124144,0.5782463211474993
z060_i85,2012,8,2012-05-16,14.070156652124144,0.554032908288127
z060_i85,2012,8,2012-05-17,14.070156652124144,0.5253468512245973
z060_i85,2012,8,2012-05-18,14.070156652124144,0.49136197372586166
z060_i85,2012,8,2012-05-19,14.070156652124144,0.45109949024665036
z060_i85,2012,8,2012-05-20,14.070156652124144,0.40339981629684524
z060_i85,2012,8,2012-05-21,14.070156652124144,0.3468891716891303
z060_i85,2012,8,2012-05-22,14.070156652124144,0.2799400148177439
z060_i85,2012,8,2012-05-23,5.953739052122361,0.3295392106851125
z060_i85,2012,8,2012-05-24,9.278407037198098,0.35366846265546714
z060_i85,2012,8,2012-05-25,10.556040032916842,0.3508635755051884
z060_i85,2012,8,2012-05-26,12.389797939454768,0.3470754484909838
z060_i85,2012,8,2012-05-27,13.353561999811213,0.3425843198888633
z060_i85,2012,8,2012-05-28,14.114588961723932,0.3372623347704505
z060_i85,2012,8,2012-05-29,14.742164825601025,0.3309557851011238
z060_i85,2012,8,2012-05-30,-3.607037921371862,0.38959385018573317
z060_i85,2012,8,2012-05-31,3.2718889900644896,0.4586212869980985
z060_i85,2012,8,2012-06-01,7.979131922926052,0.533892413152746
z060_i85,2012,8,2012-06-02,10.164627876181184,0.5713062594016627
z060_i85,2012,8,2012-06-03,11.876165212999695,0.5700080783789325
z060_i85,2012,8,2012-06-04,14.041812527214331,0.5665980795899801
z060_i85,2012,8,2012-06-05,15.464938123829105,0.5611897649481303
z060_i85,2012,8,2012-06-06,-6.298057938770601,0.6606202128908679
z060_i85,2012,8,2012-06-07,-6.8935274336816175,0.7776675430285386
z060_i85,2012,8,2012-06-08,5.08714512064995,0.9154530783028725
z060_i85,2012,8,2012-06-09,7.882446842171519,1.0575858094449024
z060_i85,2012,8,2012-06-10,10.091995360907172,1.180594422245256
z060_i85,2012,8,2012-06-11,11.592345826628378,1.2671798541623778
z060_i85,2012,8,2012-06-12,12.646972834538932,1.3411663106335154
z060_i85,2012,8,2012-06-13,13.714273440859936,1.33933014887384
z060_i85,2012,8,2012-06-14,2.336537971406108,1.576629909068233
z060_i85,2012,8,2012-06-15,6.970372180192496,1.8549298817757627
z060_i85,2012,8,2012-06-16,9.567389835585853,2.1426674050644956
z060_i85,2012,8,2012-06-17,11.639811999645055,2.4044605906939154
z060_i85,2012,8,2012-06-18,14.291240586179136,2.6210497416703458
z060_i85,2012,8,2012-06-19,0.37728630382957706,3.085441942263254
z060_i85,2012,8,2012-06-20,4.041042971313496,3.632114197501019
z060_i85,2012,8,2012-06-21,7.617040391024119,4.2289935236798675
z060_i85,2012,8,2012-06-22,11.813270728310716,4.896181469984579
z060_i85,2012,8,2012-06-23,14.89839868337776,5.392264595955671
z060_i85,2012,8,2012-06-24,17.003635531245674,5.585676629876332
z060_i85,2012,8,2012-06-25,0.2589457502419613,6.575335322998111
z060_i85,2012,8,2012-06-26,4.845220039724182,7.740339707209993
z060_i85,2012,8,2012-06-27,9.025662816417638,9.092825216743917
z060_i85,2012,8,2012-06-28,12.145757809663841,10.492346377962832
z060_i85,2012,8,2012-06-29,-7.027593805635226,12.351358721902553
z060_i85,2012,8,2012-06-30,5.0172733665481255,14.539747048146745
z060_i85,2012,8,2012-07-01,9.896244082943168,16.960408739851946
z060_i85,2012,8,2012-07-02,14.673915020937905,19.438502104666355
z060_i85,2012,8,2012-07-03,17.59630368827454,21.72462053651727
z060_i85,2012,8,2012-07-04,3.1596923396036996,25.573744106209524
z060_i85,2012,8,2012-07-05,9.939685344844547,30.104847470663042
z060_i85,2012,8,2012-07-06,11.496908128816735,34.83909851118502
z060_i85,2012,8,2012-07-07,-9.367205766732308,38.861073054921135
z060_i85,2012,8,2012-07-08,-0.11924041197182417,41.990824729322064
z060_i85,2012,8,2012-07-09,6.296404074731064,44.16026524657068
z060_i85,2012,8,2012-07-10,11.420039729623744,44.16026524657068
z060_i85,2012,8,2012-07-11,15.60732363352039,44.16026524657068
z060_i85,2012,8,2012-07-12,19.73471897338822,44.16026524657068
z060_i85,2012,8,2012-07-13,-2.6667520014420436,44.16026524657068
z060_i85,2012,8,2012-07-14,7.291035789669834,44.16026524657068
z060_i85,2012,8,2012-07-15,13.808446820181855,44.16026524657068
z060_i85,2012,8,2012-07-16,14.763056256224393,44.16026524657068
z060_i85,2012,8,2012-07-17,21.296820770439552,44.16026524657068
z060_i85,2012,8,2012-07-18,7.855807629931504,44.16026524657068
z060_i85,2012,8,2012-07-19,14.755882153010436,44.16026524657068
z060_i85,2012,8,2012-07-20,20.4494703365798,44.16026524657068
z060_i85,2012,8,2012-07-21,24.88851323913439,44.16026524657068
z060_i85,2012,8,2012-07-22,29.104107898856924,44.16026524657068
z060_i85,2012,8,2012-07-23,-19.014865879414593,44.16026524657068
z060_i85,2012,8,2012-07-24,5.854913541041551,44.16026524657068
z060_i85,2012,8,2012-07-25,11.52556616911621,44.16026524657068
z060_i85,2012,8,2012-07-26,16.043264430567113,44.16026524657068
z060_i85,2012,8,2012-07-27,-7.318936139759367,44.16026524657068
z060_i85,2012,8,2012-07-28,5.257423527105475,44.16026524657068
z060_i85,2012,8,2012-07-29,11.106580432680673,44.16026524657068
z060_i85,2012,8,2012-07-30,14.753147489120899,44.16026524657068
z060_i85,2012,8,2012-07-31,18.752035199706366,44.16026524657068
z060_i85,2012,8,2012-08-01,-11.91649370627721,44.16026524657068
z060_i85,2012,8,2012-08-02,3.9749097161288316,44.16026524657068
z060_i85,2012,8,2012-08-03,9.645413185414982,44.16026524657068
z060_i85,2012,8,2012-08-04,14.033566587655214,44.16026524657068
z060_i85,2012,8,2012-08-05,17.737506569240445,44.16026524657068
z060_i85,2012,8,2012-08-06,-6.339517386393494,44.16026524657068
z060_i85,2012,8,2012-08-07,1.2174801460645124,44.16026524657068
z060_i85,2012,8,2012-08-08,7.593325135047062,44.16026524657068
z060_i85,2012,8,2012-08-09,12.45589611290359,44.16026524657068
z060_i85,2012,8,2012-08-10,3.0180548221366927,44.16026524657068
z060_i85,2012,8,2012-08-11,8.091547564950247,44.16026524657068
z060_i85,2012,8,2012-08-12,13.487225386664441,44.16026524657068
z060_i85,2012,8,2012-08-13,16.062837499514796,44.16026524657068
z060_i85,2012,8,2012-08-14,19.27063403480261,44.16026524657068
z060_i85,2012,8,2012-08-15,10.446985733966583,43.879278767466204
z060_i85,2012,8,2012-08-16,14.02398573408703,43.562534622053015
z060_i85,2012,8,2012-08-17,16.85946519477892,43.205482375363864
z060_i85,2012,8,2012-08-18,20.010090010567723,42.802992514976815
z060_i85,2012,8,2012-08-19,22.77920183899065,42.349282759005376
z060_i85,2012,8,2012-08-20,23.94927619137336,41.83783498621998
z060_i85,2012,8,2012-08-21,9.51541904019834,41.261301594895656
z060_i85,2012,8,2012-08-22,13.955763597850803,40.611399945110996
z060_i85,2012,8,2012-08-23,18.186670470588396,39.87879336802684
z060_i85,2012,8,2012-08-24,20.476550372332856,39.05295703269089
z060_i85,2012,8,2012-08-25,23.119615852812792,38.12202674337303
z060_i85,2012,8,2012-08-26,25.39454592004041,37.0726284952118
z060_i85,2012,8,2012-08-27,27.314924659101205,35.88968633952065
z060_i85,2012,8,2012-08-28,10.396054569834497,34.556205798493274
z060_i85,2012,8,2012-08-29,14.599339635210374,33.0530297177831
z060_i85,2012,8,2012-08-30,18.864867318353685,31.35856304946684
z060_i85,2012,8,2012-08-31,21.289615338136752,29.44846261154725
z060_i85,2012,8,2012-09-01,22.752746403868812,27.295287366993126
z060_i85,2012,8,2012-09-02,24.190411120328726,24.868104198127835
z060_i85,2012,8,2012-09-03,25.178177028769245,22.132043512810537
z060_i85,2012,8,2012-09-04,26.016386678254598,19.04779829812464
z060_i85,2012,8,2012-09-05,26.660690127734572,15.571059424838388
z060_i85,2012,8,2012-09-06,27.1015492884531,11.651879090063717
z060_i85,2012,8,2012-09-07,27.335677362003924,7.233953253152685
z060_i85,2012,8,2012-09-08,27.516925443293953,2.2538127561044736
z060_i85,2012,9,2012-04-30,5.165139429896866,0.0
z060_i85,2012,9,2012-05-01,6.662037354503614,0.0
z060_i85,2012,9,2012-05-02,8.011901314416566,0.0
z060_i85,2012,9,2012-05-03,9.292069232134063,0.0
z060_i85,2012,9,2012-05-04,10.442653868107971,0.0
z060_i85,2012,9,2012-05-05,11.063421813442748,0.4875
z060_i85,2012,9,2012-05-06,11.559447802662024,0.5738742470010385
z060_i85,2012,9,2012-05-07,9.706805091213932,0.6755521053764285
z060_i85,2012,9,2012-05-08,12.146621981756384,0.6693127862309256
z060_i85,2012,9,2012-05-09,12.812750991666583,0.6619209548484838
z060_i85,2012,9,2012-05-10,13.41944597052456,0.6531637219019253
z060_i85,2012,9,2012-05-11,13.559303873292176,0.6427888736522139
z060_i85,2012,9,2012-05-12,13.597813708382239,0.6304976080365332
z060_i85,2012,9,2012-05-13,13.91110060980229,0.6159359289835971
z060_i85,2012,9,2012-05-14,14.070156652124144,0.5986844511072908
z060_i85,2012,9,2012-05-15,14.070156652124144,0.5782463211474993
z060_i85,2012,9,2012-05-16,14.070156652124144,0.554032908288127
z060_i85,2012,9,2012-05-17,14.070156652124144,0.5253468512245973
z060_i85,2012,9,2012-05-18,14.070156652124144,0.49136197372586166
z060_i85,2012,9,2012-05-19,14.070156652124144,0.45109949024665036
z060_i85,2012,9,2012-05-20,14.070156652124144,0.40339981629684524
z060_i85,2012,9,2012-05-21,14.070156652124144,0.3468891716891303
z060_i85,2012,9,2012-05-22,14.070156652124144,0.2799400148177439
z060_i85,2012,9,2012-05-23,5.953739052122361,0.3295392106851125
z060_i85,2012,9,2012-05-24,9.278407037198098,0.35366846265546714
z060_i85,2012,9,2012-05-25,10.556040032916842,0.3508635755051884
z060_i85,2012,9,2012-05-26,12.389797939454768,0.3470754484909838
z060_i85,2012,9,2012-05-27,13.353561999811213,0.3425843198888633
z060_i85,2012,9,2012-05-28,14.114588961723932,0.3372623347704505
z060_i85,2012,9,2012-05-29,14.742164825601025,0.3309557851011238
z060_i85,2012,9,2012-05-30,-3.518815581175345,0.38959385018573317
z060_i85,2012,9,2012-05-31,3.2598401111270903,0.4586212869980985
z060_i85,2012,9,2012-06-01,7.9557597060308485,0.533932233508324
z060_i85,2012,9,2012-06-02,10.14201117524137,0.5717946580798423
z060_i85,2012,9,2012-06-03,11.85594067629996,0.5705329599724229
z060_i85,2012,9,2012-06-04,14.023554843260234,0.5671568708330029
z060_i85,2012,9,2012-06-05,15.44892633190534,0.5617560410162856
z060_i85,2012,9,2012-06-06,-6.31332071674225,0.6612868205877035
z060_i85,2012,9,2012-06-07,-6.893317882782874,0.7784522589055983
z060_i85,2012,9,2012-06-08,5.086576059556816,0.9163768285245285
z060_i85,2012,9,2012-06-09,7.882501338459601,1.0586529806075207
z060_i85,2012,9,2012-06-10,10.092191682289837,1.1817857169004191
z060_i85,2012,9,2012-06-11,11.592628111104395,1.2684585190103133
z060_i85,2012,9,2012-06-12,12.64750975567212,1.3425196325088662
z060_i85,2012,9,2012-06-13,13.715055299174372,1.3406816288908336
z060_i85,2012,9,2012-06-14,2.474262414905678,1.578220841534057
z060_i85,2012,9,2012-06-15,7.035540504370426,1.856172298515816
z060_i85,2012,9,2012-06-16,9.609985438954777,2.14299821056664
z060_i85,2012,9,2012-06-17,11.670483007694044,2.403310818758444
z060_i85,2012,9,2012-06-18,14.309704761154737,2.6184220615905582
z060_i85,2012,9,2012-06-19,2.6290768009703447,3.0823486952332075
z060_i85,2012,9,2012-06-20,6.14505941930225,3.627792240956674
z060_i85,2012,9,2012-06-21,9.551918375801899,4.181514766694935
z060_i85,2012,9,2012-06-22,12.800985959091097,4.781816293291887
z060_i85,2012,9,2012-06-23,15.51531804580407,5.187804262651237
z060_i85,2012,9,2012-06-24,17.39770223419128,5.187334097432938
z060_i85,2012,9,2012-06-25,0.6451880526640752,6.106415280219771
z060_i85,2012,9,2012-06-26,5.229368284336419,7.188337376024117
z060_i85,2012,9,2012-06-27,9.44332430902094,8.437288619556156
z060_i85,2012,9,2012-06-28,12.519508605534996,9.713502544631018
z060_i85,2012,9,2012-06-29,-6.648730839578141,11.434520940600606
z060_i85,2012,9,2012-06-30,4.994596067192983,13.460465835086726
z060_i85,2012,9,2012-07-01,9.774830917016171,15.70325248078819
z060_i85,2012,9,2012-07-02,14.496945623279915,18.00967766429534
z060_i85,2012,9,2012-07-03,17.33725215835482,20.163490895115007
z060_i85,2012,9,2012-07-04,2.9120862172868573,23.736016726864456
z060_i85,2012,9,2012-07-05,9.597526448574582,27.941515335247978
z060_i85,2012,9,2012-07-06,11.167846390625556,32.55466998089914
z060_i85,2012,9,2012-07-07,-9.686943777332269,36.55674576111129
z060_i85,2012,9,2012-07-08,-0.11820577892262474,39.68850898570629
z060_i85,2012,9,2012-07-09,6.2874921714372825,41.85876315777339
z060_i85,2012,9,2012-07-10,11.321700335866858,41.85876315777339
z060_i85,2012,9,2012-07-11,15.399147299616416,41.85876315777339
z060_i85,2012,9,2012-07-12,19.389915307000088,41.85876315777339
z060_i85,2012,9,2012-07-13,-2.9958610691672085,41.85876315777339
z060_i85,2012,9,2012-07-14,7.274506633442483,41.85876315777339
z060_i85,2012,9,2012-07-15,13.708520502479358,41.85876315777339
z060_i85,2012,9,2012-07-16,14.68413766945085,41.85876315777339
z060_i85,2012,9,2012-07-17,21.188700413591278,41.85876315777339
z060_i85,2012,9,2012-07-18,7.76691759671273,41.85876315777339
z060_i85,2012,9,2012-07-19,14.685991363278674,41.85876315777339
z060_i85,2012,9,2012-07-20,20.024258511056054,41.85876315777339
z060_i85,2012,9,2012-07-21,24.310004891722787,41.85876315777339
z060_i85,2012,9,2012-07-22,28.543373034729026,41.85876315777339
z060_i85,2012,9,2012-07-23,-19.563868792175565,41.85876315777339
z060_i85,2012,9,2012-07-24,5.858493225957162,41.85876315777339
z060_i85,2012,9,2012-07-25,11.519495796610839,41.85876315777339
z060_i85,2012,9,2012-07-26,15.949699931634514,41.85876315777339
z060_i85,2012,9,2012-07-27,-7.389441685185258,41.85876315777339
z060_i85,2012,9,2012-07-28,5.273210199062085,41.85876315777339
z060_i85,2012,9,2012-07-29,11.096384260052135,41.85876315777339
z060_i85,2012,9,2012-07-30,14.671583243376402,41.85876315777339
z060_i85,2012,9,2012-07-31,18.576099127749405,41.85876315777339
z060_i85,2012,9,2012-08-01,-12.17493663828634,41.85876315777339
z060_i85,2012,9,2012-08-02,3.9573520782029967,41.85876315777339
z060_i85,2012,9,2012-08-03,9.554384148775558,41.85876315777339
z060_i85,2012,9,2012-08-04,13.904165570258819,41.85876315777339
z060_i85,2012,9,2012-08-05,17.52852995541458,41.85876315777339
z060_i85,2012,9,2012-08-06,-6.623554988691737,41.85876315777339
z060_i85,2012,9,2012-08-07,1.2203601999662779,41.85876315777339
z060_i85,2012,9,2012-08-08,7.596053638982774,41.85876315777339
z060_i85,2012,9,2012-08-09,12.377699882822201,41.85876315777339
z060_i85,2012,9,2012-08-10,5.46689616247349,41.85876315777339
z060_i85,2012,9,2012-08-11,10.562530258176901,41.85876315777339
z060_i85,2012,9,2012-08-12,15.599996020979555,41.85876315777339
z060_i85,2012,9,2012-08-13,18.078298092554572,41.85876315777339
z060_i85,2012,9,2012-08-14,21.155547090456643,41.85876315777339
z060_i85,2012,9,2012-08-15,15.362366062489038,41.59242086083068
z060_i85,2012,9,2012-08-16,18.969516796721095,41.29218448112525
z060_i85,2012,9,2012-08-17,21.43291466925697,40.95374073886823
z060_i85,2012,9,2012-08-18,24.303167789337138,40.572227456616034
z060_i85,2012,9,2012-08-19,26.834087623164876,40.142163707869535
z060_i85,2012,9,2012-08-20,27.91530750668676,39.65737107655134
z060_i85,2012,9,2012-08-21,17.61303839452995,39.11088489615262
z060_i85,2012,9,2012-08-22,22.08401708696729,38.494854193386516
z060_i85,2012,9,2012-08-23,26.346056762866198,37.80042889891042
z060_i85,2012,9,2012-08-24,28.33185991665187,37.01763270475496
z060_i85,2012,9,2012-08-25,30.68236572756552,36.13521974189396
z060_i85,2012,9,2012-08-26,32.83370081204686,35.14051301894522
z060_i85,2012,9,2012-08-27,34.69004648086489,34.019222300967336
z060_i85,2012,9,2012-08-28,22.92300116741494,32.755238811948345
z060_i85,2012,9,2012-08-29,27.17628565863956,31.330403811624976
z060_i85,2012,9,2012-08-30,30.935505351979774,29.72424772194208
z060_i85,2012,9,2012-08-31,33.022704349811725,27.913696055370185
z060_i85,2012,9,2012-09-01,34.323833989145726,25.87273792036508
z060_i85,2012,9,2012-09-02,35.5930636283272,23.57205234162626
z060_i85,2012,9,2012-09-03,36.48567233418175,20.978587026766416
z060_i85,2012,9,2012-09-04,37.23103451793611,18.05508352783626
z060_i85,2012,9,2012-09-05,37.77704253487771,14.759541976042376
z060_i85,2012,9,2012-09-06,38.14417320015772,11.04461769988724
z060_i85,2012,9,2012-09-07,38.341619450391335,6.856941058379096
z060_i85,2012,9,2012-09-08,38.49210166215575,2.1363507178452124
z060_i85,2012,10,2012-04-30,5.165139429896866,0.0
z060_i85,2012,10,2012-05-01,6.662037354503614,0.0
z060_i85,2012,10,2012-05-02,8.011901314416566,0.0
z060_i85,2012,10,2012-05-03,9.292069232134063,0.0
z060_i85,2012,10,2012-05-04,10.442653868107971,0.0
z060_i85,2012,10,2012-05-05,11.063421813442748,0.4875
z060_i85,2012,10,2012-05-06,11.559447802662024,0.5738742470010385
z060_i85,2012,10,2012-05-07,9.706805091213932,0.6755521053764285
z060_i85,2012,10,2012-05-08,12.146621981756384,0.6693127862309256
z060_i85,2012,10,2012-05-09,12.812750991666583,0.6619209548484838
z060_i85,2012,10,2012-05-10,13.41944597052456,0.6531637219019253
z060_i85,2012,10,2012-05-11,13.559303873292176,0.6427888736522139
z060_i85,2012,10,2012-05-12,13.597813708382239,0.6304976080365332
z060_i85,2012,10,2012-05-13,13.91110060980229,0.6159359289835971
z060_i85,2012,10,2012-05-14,14.070156652124144,0.5986844511072908
z060_i85,2012,10,2012-05-15,14.070156652124144,0.5782463211474993
z060_i85,2012,10,2012-05-16,14.070156652124144,0.554032908288127
z060_i85,2012,10,2012-05-17,14.070156652124144,0.5253468512245973
z060_i85,2012,10,2012-05-18,14.070156652124144,0.49136197372586166
z060_i85,2012,10,2012-05-19,14.070156652124144,0.45109949024665036
z060_i85,2012,10,2012-05-20,14.070156652124144,0.40339981629684524
z060_i85,2012,10,2012-05-21,14.070156652124144,0.3468891716891303
z060_i85,2012,10,2012-05-22,14.070156652124144,0.2799400148177439
z060_i85,2012,10,2012-05-23,5.953739052122361,0.3295392106851125
z060_i85,2012,10,2012-05-24,9.278407037198098,0.35366846265546714
z060_i85,2012,10,2012-05-25,10.556040032916842,0.3508635755051884
z060_i85,2012,10,2012-05-26,12.389797939454768,0.3470754484909838
z060_i85,2012,10,2012-05-27,13.353561999811213,0.3425843198888633
z060_i85,2012,10,2012-05-28,14.114588961723932,0.3372623347704505
z060_i85,2012,10,2012-05-29,14.742164825601025,0.3309557851011238
z060_i85,2012,10,2012-05-30,-3.3987254582353223,0.38959385018573317
z060_i85,2012,10,2012-05-31,3.368653043396847,0.4586212869980985
z060_i85,2012,10,2012-06-01,7.975595946526921,0.5334449502125941
z060_i85,2012,10,2012-06-02,10.145005028354694,0.5708274393767636
z060_i85,2012,10,2012-06-03,11.852387010973112,0.5695491236610678
z060_i85,2012,10,2012-06-04,14.01321248580566,0.5661766095936999
z060_i85,2012,10,2012-06-05,15.435705959602261,0.5607914833042642
z060_i85,2012,10,2012-06-06,-6.327470641041255,0.6601513645247797
z060_i85,2012,10,2012-06-07,-6.892444282535358,0.7771156250735713
z060_i85,2012,10,2012-06-08,5.0861728342382815,0.9148033726601785
z060_i85,2012,10,2012-06-09,7.8822504770436845,1.0568352308687694
z060_i85,2012,10,2012-06-10,10.091817949218012,1.1797565433019817
z060_i85,2012,10,2012-06-11,11.592123743432035,1.2662805247253262
z060_i85,2012,10,2012-06-12,12.6470946380205,1.3402144723138223
z060_i85,2012,10,2012-06-13,13.714710602594282,1.338379606010297
z060_i85,2012,10,2012-06-14,2.3369818356214838,1.575510950975807
z060_i85,2012,10,2012-06-15,6.970841888384284,1.853613409983519
z060_i85,2012,10,2012-06-16,9.567797353755621,2.141146721600048
z060_i85,2012,10,2012-06-17,11.640108366202123,2.4027541086460995
z060_i85,2012,10,2012-06-18,14.292376672052123,2.619189543026248
z060_i85,2012,10,2012-06-19,2.6899072110698423,3.0832521574506297
z060_i85,2012,10,2012-06-20,6.1817208972963344,3.6289121498252896
z060_i85,2012,10,2012-06-21,9.575281435803573,4.182077920634207
z060_i85,2012,10,2012-06-22,12.813164629233802,4.781350421013281
z060_i85,2012,10,2012-06-23,15.52275712544898,5.186438138058725
z060_i85,2012,10,2012-06-24,17.402199689644767,5.185898522702177
z060_i85,2012,10,2012-06-25,0.6487605291017792,6.104725353311816
z060_i85,2012,10,2012-06-26,5.231958698446212,7.186348031343523
z060_i85,2012,10,2012-06-27,9.445343399622374,8.434953632429657
z060_i85,2012,10,2012-06-28,12.521229096808385,9.711354185590272
z060_i85,2012,10,2012-06-29,-6.546996183579919,11.431991939725132
z060_i85,2012,10,2012-06-30,4.99964458967193,13.457488751039385
z060_i85,2012,10,2012-07-01,9.77526144123656,15.699779354150174
z060_i85,2012,10,2012-07-02,14.496690106920964,18.005694419976077
z060_i85,2012,10,2012-07-03,17.34355059652392,20.263670292584113
z060_i85,2012,10,2012-07-04,2.9176456915144957,23.85394570386465
z060_i85,2012,10,2012-07-05,9.60483832699431,28.080338725762022
z060_i85,2012,10,2012-07-06,11.174293190023631,32.70500227959735
z060_i85,2012,10,2012-07-07,-9.681118727331478,36.70994944650591
z060_i85,2012,10,2012-07-08,-0.11897230243199669,39.842922291923976
z060_i85,2012,10,2012-07-09,6.2881334706381,42.01437184909951
z060_i85,2012,10,2012-07-10,11.32853274236086,42.01437184909951
z060_i85,2012,10,2012-07-11,15.41348092397936,42.01437184909951
z060_i85,2012,10,2012-07-12,19.413604480978247,42.01437184909951
z060_i85,2012,10,2012-07-13,-2.973232696533025,42.01437184909951
z060_i85,2012,10,2012-07-14,7.2755306629116365,42.01437184909951
z060_i85,2012,10,2012-07-15,13.714774327920107,42.01437184909951
z060_i85,2012,10,2012-07-16,14.688980121758313,42.01437184909951
z060_i85,2012,10,2012-07-17,21.213224747744338,42.01437184909951
z060_i85,2012,10,2012-07-18,7.890144712114835,42.01437184909951
z060_i85,2012,10,2012-07-19,14.807937230673852,42.01437184909951
z060_i85,2012,10,2012-07-20,20.155305818007918,42.01437184909951
z060_i85,2012,10,2012-07-21,24.46360828471458,42.01437184909951
z060_i85,2012,10,2012-07-22,28.708643816089662,42.01437184909951
z060_i85,2012,10,2012-07-23,-19.400122067279085,42.01437184909951
z060_i85,2012,10,2012-07-24,5.858720939809592,42.01437184909951
z060_i85,2012,10,2012-07-25,11.520099901331642,42.01437184909951
z060_i85,2012,10,2012-07-26,15.956264828364208,42.01437184909951
z060_i85,2012,10,2012-07-27,-7.484432617265906,42.01437184909951
z060_i85,2012,10,2012-07-28,5.265931995456368,42.01437184909951
z060_i85,2012,10,2012-07-29,11.097462756527305,42.01437184909951
z060_i85,2012,10,2012-07-30,14.678014670382893,42.01437184909951
z060_i85,2012,10,2012-07-31,18.58921636203645,42.01437184909951
z060_i85,2012,10,2012-08-01,-11.662991999048272,42.01437184909951
z060_i85,2012,10,2012-08-02,3.9676259591748746,42.01437184909951
z060_i85,2012,10,2012-08-03,9.56247059170071,42.01437184909951
z060_i85,2012,10,2012-08-04,13.913943846154448,42.01437184909951
z060_i85,2012,10,2012-08-05,17.54357265982344,42.01437184909951
z060_i85,2012,10,2012-08-06,-6.610199836544951,42.01437184909951
z060_i85,2012,10,2012-08-07,1.219600824642386,42.01437184909951
z060_i85,2012,10,2012-08-08,7.595873883596979,42.01437184909951
z060_i85,2012,10,2012-08-09,12.383169103163697,42.01437184909951
z060_i85,2012,10,2012-08-10,6.170556274202137,42.01437184909951
z060_i85,2012,10,2012-08-11,11.264705004898724,42.01437184909951
z060_i85,2012,10,2012-08-12,16.284186920155406,42.01437184909951
z060_i85,2012,10,2012-08-13,18.73292250673338,42.01437184909951
z060_i85,2012,10,2012-08-14,21.76928132616193,42.01437184909951
z060_i85,2012,10,2012-08-15,25.43854553147992,41.74703943268968
z060_i85,2012,10,2012-08-16,27.30900255962764,41.445686933285295
z060_i85,2012,10,2012-08-17,29.564430168585854,41.105985036609766
z060_i85,2012,10,2012-08-18,32.33499673318821,40.72305349022132
z060_i85,2012,10,2012-08-19,34.80900599501775,40.29139099244162
z060_i85,2012,10,2012-08-20,35.888630087077004,39.804796159117615
z060_i85,2012,10,2012-08-21,28.58422374309357,39.256278432802475
z060_i85,2012,10,2012-08-22,33.05312690471597,38.637957654452606
z060_i85,2012,10,2012-08-23,37.31305435597177,37.94095085485916
z060_i85,2012,10,2012-08-24,39.264406972161225,37.15524463942839
z060_i85,2012,10,2012-08-25,41.12886344832509,36.26955133295469
z060_i85,2012,10,2012-08-26,42.63373301412834,35.27114681772223
z060_i85,2012,10,2012-08-27,43.82115423273811,34.14568773527157
z060_i85,2012,10,2012-08-28,35.05057039635628,32.87700542570113
z060_i85,2012,10,2012-08-29,39.30043762589213,31.446873644177604
z060_i85,2012,10,2012-08-30,42.14349788691453,29.834746717605938
z060_i85,2012,10,2012-08-31,43.26781174011027,28.01746437974421
z060_i85,2012,10,2012-09-01,44.02760776520429,25.96891904434232
z060_i85,2012,10,2012-09-02,44.72656800333921,23.659680736257187
z060_i85,2012,10,2012-09-03,45.22019653461457,21.05657429219999
z060_i85,2012,10,2012-09-04,45.63345411783524,18.1222027570634
z060_i85,2012,10,2012-09-05,45.956482042216905,14.814410128806651
z060_i85,2012,10,2012-09-06,46.19703255913544,11.085675733541946
z060_i85,2012,10,2012-09-07,46.349578305356346,6.882431530244536
z060_i85,2012,10,2012-09-08,46.484453069722065,2.14429253729567
z060_i85,2012,11,2012-04-30,5.165139429896866,0.0
z060_i85,2012,11,2012-05-01,6.662037354503614,0.0
z060_i85,2012,11,2012-05-02,8.011901314416566,0.0
z060_i85,2012,11,2012-05-03,9.292069232134063,0.0
z060_i85,2012,11,2012-05-04,10.442653868107971,0.0
z060_i85,2012,11,2012-05-05,11.063421813442748,0.4875
z060_i85,2012,11,2012-05-06,11.559447802662024,0.5738742470010385
z060_i85,2012,11,2012-05-07,9.706805091213932,0.6755521053764285
z060_i85,2012,11,2012-05-08,12.146621981756384,0.6693127862309256
z060_i85,2012,11,2012-05-09,12.812750991666583,0.6619209548484838
z060_i85,2012,11,2012-05-10,13.41944597052456,0.6531637219019253
z060_i85,2012,11,2012-05-11,13.559303873292176,0.6427888736522139
z060_i85,2012,11,2012-05-12,13.597813708382239,0.6304976080365332
z060_i85,2012,11,2012-05-13,13.91110060980229,0.6159359289835971
z060_i85,2012,11,2012-05-14,14.070156652124144,0.5986844511072908
z060_i85,2012,11,2012-05-15,14.070156652124144,0.5782463211474993
z060_i85,2012,11,2012-05-16,14.070156652124144,0.554032908288127
z060_i85,2012,11,2012-05-17,14.070156652124144,0.5253468512245973
z060_i85,2012,11,2012-05-18,14.070156652124144,0.49136197372586166
z060_i85,2012,11,2012-05-19,14.070156652124144,0.45109949024665036
z060_i85,2012,11,2012-05-20,14.070156652124144,0.40339981629684524
z060_i85,2012,11,2012-05-21,14.070156652124144,0.3468891716891303
z060_i85,2012,11,2012-05-22,14.070156652124144,0.2799400148177439
z060_i85,2012,11,2012-05-23,5.953739052122361,0.3295392106851125
z060_i85,2012,11,2012-05-24,9.278407037198098,0.35366846265546714
z060_i85,2012,11,2012-05-25,10.556040032916842,0.3508635755051884
z060_i85,2012,11,2012-05-26,12.389797939454768,0.3470754484909838
z060_i85,2012,11,2012-05-27,13.353561999811213,0.3425843198888633
z060_i85,2012,11,2012-05-28,14.114588961723932,0.3372623347704505
z060_i85,2012,11,2012-05-29,14.742164825601025,0.3309557851011238
z060_i85,2012,11,2012-05-30,-3.6953883787939437,0.38959385018573317
z060_i85,2012,11,2012-05-31,3.2840982023699827,0.4586212869980985
z060_i85,2012,11,2012-06-01,8.002654931591188,0.5338524514305194
z060_i85,2012,11,2012-06-02,10.187349720437542,0.5705893079517972
z060_i85,2012,11,2012-06-03,11.896466653853558,0.5692739464968021
z060_i85,2012,11,2012-06-04,14.060180148563928,0.5658336729677228
z060_i85,2012,11,2012-06-05,15.481718548746512,0.5604036470959946
z060_i85,2012,11,2012-06-06,-8.124858747044707,0.659694812295076
z060_i85,2012,11,2012-06-07,-6.915995980032283,0.7765781818591346
z060_i85,2012,11,2012-06-08,5.087543940768918,0.914170706362762
z060_i85,2012,11,2012-06-09,7.882658255128215,1.056104337157098
z060_i85,2012,11,2012-06-10,10.091982293904694,1.1789406387847807
z060_i85,2012,11,2012-06-11,11.592164958355337,1.2654047813306128
z060_i85,2012,11,2012-06-12,12.646475860623886,1.3392875971477662
z060_i85,2012,11,2012-06-13,13.713473072085339,1.337453992335858
z060_i85,2012,11,2012-06-14,6.753313495902595,1.574421338974919
z060_i85,2012,11,2012-06-15,11.028613949086767,1.8182288671114737
z060_i85,2012,11,2012-06-16,13.227809087289142,2.0132591125643704
z060_i85,2012,11,2012-06-17,14.947388431954543,2.1044671635337555
z060_i85,2012,11,2012-06-18,16.430757474996522,2.102094463539536
z060_i85,2012,11,2012-06-19,9.04238118216815,2.47453923566934
z060_i85,2012,11,2012-06-20,12.08557554924972,2.829827012386314
z060_i85,2012,11,2012-06-21,14.833844202242169,3.0600642741214057
z060_i85,2012,11,2012-06-22,16.29306731621518,3.2534588112961185
z060_i85,2012,11,2012-06-23,17.788595016692188,3.249548373057613
z060_i85,2012,11,2012-06-24,18.939661744113675,3.237383972530942
z060_i85,2012,11,2012-06-25,8.030375140135972,3.8109770040808724
z060_i85,2012,11,2012-06-26,12.070536449080514,4.387682941104661
z060_i85,2012,11,2012-06-27,14.338258967826615,4.9981424083801995
z060_i85,2012,11,2012-06-28,16.298531782297086,5.511755588504004
z060_i85,2012,11,2012-06-29,3.1586726295141285,6.488317103603079
z060_i85,2012,11,2012-06-30,8.571426556505113,7.6379037787367725
z060_i85,2012,11,2012-07-01,12.258923037280113,8.807968494219018
z060_i85,2012,11,2012-07-02,15.902875268319818,9.937947891405926
z060_i85,2012,11,2012-07-03,17.889731348297108,10.95690552962588
z060_i85,2012,11,2012-07-04,7.434141482847911,12.898227508257568
z060_i85,2012,11,2012-07-05,13.211071325598063,15.023283213817553
z060_i85,2012,11,2012-07-06,14.870997895739475,17.381511798179428
z060_i85,2012,11,2012-07-07,-6.174999207244348,19.789105605857916
z060_i85,2012,11,2012-07-08,0.1136386806805531,21.669331991667512
z060_i85,2012,11,2012-07-09,5.856046917521855,22.92743627721571
z060_i85,2012,11,2012-07-10,9.948662895031397,22.92743627721571
z060_i85,2012,11,2012-07-11,13.02646168691872,22.92743627721571
z060_i85,2012,11,2012-07-12,15.826084608583766,22.92743627721571
z060_i85,2012,11,2012-07-13,4.5686038966596305,22.92743627721571
z060_i85,2012,11,2012-07-14,12.12368700123202,22.92743627721571
z060_i85,2012,11,2012-07-15,15.958803083177383,22.92743627721571
z060_i85,2012,11,2012-07-16,17.05201818357785,22.92743627721571
z060_i85,2012,11,2012-07-17,20.930884937978888,22.92743627721571
z060_i85,2012,11,2012-07-18,12.162694182343408,22.92743627721571
z060_i85,2012,11,2012-07-19,17.597602497320157,22.92743627721571
z060_i85,2012,11,2012-07-20,21.027303969030594,22.92743627721571
z060_i85,2012,11,2012-07-21,23.88793400366377,22.92743627721571
z060_i85,2012,11,2012-07-22,26.68188722271742,22.92743627721571
z060_i85,2012,11,2012-07-23,-26.347582317848637,22.92743627721571
z060_i85,2012,11,2012-07-24,5.605201228051456,22.92743627721571
z060_i85,2012,11,2012-07-25,10.836307109678712,22.92743627721571
z060_i85,2012,11,2012-07-26,14.477708778307797,22.92743627721571
z060_i85,2012,11,2012-07-27,-8.78372571925573,22.92743627721571
z060_i85,2012,11,2012-07-28,5.0503332024092,22.92743627721571
z060_i85,2012,11,2012-07-29,10.642770269040074,22.92743627721571
z060_i85,2012,11,2012-07-30,13.591256354033622,22.92743627721571
z060_i85,2012,11,2012-07-31,16.533807835683636,22.92743627721571
z060_i85,2012,11,2012-08-01,-13.983028927646778,22.92743627721571
z060_i85,2012,11,2012-08-02,3.6886042584537306,22.92743627721571
z060_i85,2012,11,2012-08-03,8.539388576148577,22.92743627721571
z060_i85,2012,11,2012-08-04,12.616809118779415,22.92743627721571
z060_i85,2012,11,2012-08-05,15.556429497489487,22.92743627721571
z060_i85,2012,11,2012-08-06,-8.406348173722156,22.92743627721571
z060_i85,2012,11,2012-08-07,1.2603067983356075,22.92743627721571
z060_i85,2012,11,2012-08-08,6.370504621563007,22.92743627721571
z060_i85,2012,11,2012-08-09,10.06131424638654,22.92743627721571
z060_i85,2012,11,2012-08-10,0.3537886315860446,22.92743627721571
z060_i85,2012,11,2012-08-11,5.565321791610475,22.92743627721571
z060_i85,2012,11,2012-08-12,9.54630596196991,22.92743627721571
z060_i85,2012,11,2012-08-13,12.057679944430864,22.92743627721571
z060_i85,2012,11,2012-08-14,14.801581681641832,22.92743627721571
z060_i85,2012,11,2012-08-15,9.139573099711116,22.781551745987095
z060_i85,2012,11,2012-08-16,12.864053142610562,22.61710229873868
z060_i85,2012,11,2012-08-17,15.078951252669638,22.431725408724688
z060_i85,2012,11,2012-08-18,17.456811951430815,22.222757899704437
z060_i85,2012,11,2012-08-19,19.507557418048894,21.987197686007708
z060_i85,2012,11,2012-08-20,20.342645073665107,21.721660643732545
z060_i85,2012,11,2012-08-21,10.30164065260263,21.422331993474906
z060_i85,2012,11,2012-08-22,15.027996975121276,21.084911496140997
z060_i85,2012,11,2012-08-23,17.332198647162375,20.704551674509933
z060_i85,2012,11,2012-08-24,19.002048664887056,20.27578817302044
z060_i85,2012,11,2012-08-25,20.89864495400491,19.792461255310798
z060_i85,2012,11,2012-08-26,22.531712713547282,19.247627311723768
z060_i85,2012,11,2012-08-27,23.875602328434397,18.63345910546855
z060_i85,2012,11,2012-08-28,11.879722769927026,17.941133324348236
z060_i85,2012,11,2012-08-29,16.207980234522648,17.160703822589436
z060_i85,2012,11,2012-08-30,18.997540378920792,16.28095873173078
z060_i85,2012,11,2012-08-31,20.91984811401297,15.28925938778528
z060_i85,2012,11,2012-09-01,22.05600833838296,14.171358760659256
z060_i85,2012,11,2012-09-02,23.164911919464423,12.911196777333963
z060_i85,2012,11,2012-09-03,23.928598269400467,11.490669598365558
z060_i85,2012,11,2012-09-04,24.60145278385731,9.88936953306512
z060_i85,2012,11,2012-09-05,25.128143733863055,8.08429185690737
z060_i85,2012,11,2012-09-06,25.508814031247635,6.04950431922516
z060_i85,2012,11,2012-09-07,25.741763547494003,3.7557745932446562
z060_i85,2012,11,2012-09-08,25.939810098191238,1.1701503163044078
z060_i85,2012,12,2012-04-30,5.165139429896866,0.0
z060_i85,2012,12,2012-05-01,6.662037354503614,0.0
z060_i85,2012,12,2012-05-02,8.011901314416566,0.0
z060_i85,2012,12,2012-05-03,9.292069232134063,0.0
z060_i85,2012,12,2012-05-04,10.442653868107971,0.0
z060_i85,2012,12,2012-05-05,11.063421813442748,0.4875
z060_i85,2012,12,2012-05-06,11.559447802662024,0.5738742470010385
z060_i85,2012,12,2012-05-07,9.706805091213932,0.6755521053764285
z060_i85,2012,12,2012-05-08,12.146621981756384,0.6693127862309256
z060_i85,2012,12,2012-05-09,12.812750991666583,0.6619209548484838
z060_i85,2012,12,2012-05-10,13.41944597052456,0.6531637219019253
z060_i85,2012,12,2012-05-11,13.559303873292176,0.6427888736522139
z060_i85,2012,12,2012-05-12,13.597813708382239,0.6304976080365332
z060_i85,2012,12,2012-05-13,13.91110060980229,0.6159359289835971
z060_i85,2012,12,2012-05-14,14.070156652124144,0.5986844511072908
z060_i85,2012,12,2012-05-15,14.070156652124144,0.5782463211474993
z060_i85,2012,12,2012-05-16,14.070156652124144,0.554032908288127
z060_i85,2012,12,2012-05-17,14.070156652124144,0.5253468512245973
z060_i85,2012,12,2012-05-18,14.070156652124144,0.49136197372586166
z060_i85,2012,12,2012-05-19,14.070156652124144,0.45109949024665036
z060_i85,2012,12,2012-05-20,14.070156652124144,0.40339981629684524
z060_i85,2012,12,2012-05-21,14.070156652124144,0.3468891716891303
z060_i85,2012,12,2012-05-22,14.070156652124144,0.2799400148177439
z060_i85,2012,12,2012-05-23,5.953739052122361,0.3295392106851125
z060_i85,2012,12,2012-05-24,9.278407037198098,0.35366846265546714
z060_i85,2012,12,2012-05-25,10.556040032916842,0.3508635755051884
z060_i85,2012,12,2012-05-26,12.389797939454768,0.3470754484909838
z060_i85,2012,12,2012-05-27,13.353561999811213,0.3425843198888633
z060_i85,2012,12,2012-05-28,14.114588961723932,0.3372623347704505
z060_i85,2012,12,2012-05-29,14.742164825601025,0.3309557851011238
z060_i85,2012,12,2012-05-30,-3.607037921371862,0.38959385018573317
z060_i85,2012,12,2012-05-31,3.2718889900644896,0.4586212869980985
z060_i85,2012,12,2012-06-01,7.979131922926052,0.533892413152746
z060_i85,2012,12,2012-06-02,10.164627876181184,0.5713062594016627
z060_i85,2012,12,2012-06-03,11.876165212999695,0.5700080783789325
z060_i85,2012,12,2012-06-04,14.041812527214331,0.5665980795899801
z060_i85,2012,12,2012-06-05,15.464938123829105,0.5611897649481303
z060_i85,2012,12,2012-06-06,-8.70335413425145,0.6606202128908679
z060_i85,2012,12,2012-06-07,-6.921280907517102,0.7776675430285386
z060_i85,2012,12,2012-06-08,5.086899522592717,0.9154530783028725
z060_i85,2012,12,2012-06-09,7.882807341715843,1.0575858094449024
z060_i85,2012,12,2012-06-10,10.092305193455342,1.180594422245256
z060_i85,2012,12,2012-06-11,11.592596483397287,1.2671798541623778
z060_i85,2012,12,2012-06-12,12.647183925334543,1.3411663106335154
z060_i85,2012,12,2012-06-13,13.714449710023832,1.33933014887384
z060_i85,2012,12,2012-06-14,9.558557968294576,1.5737600490505397
z060_i85,2012,12,2012-06-15,12.439688529082812,1.7691734676739652
z060_i85,2012,12,2012-06-16,14.2570058082439,1.907158157226587
z060_i85,2012,12,2012-06-17,15.73531390638438,1.9058331869935985
z060_i85,2012,12,2012-06-18,17.008197220163822,1.9009049344460016
z060_i85,2012,12,2012-06-19,11.875746419386036,2.2168151816791517
z060_i85,2012,12,2012-06-20,13.988132166336614,2.4548515529265424
z060_i85,2012,12,2012-06-21,16.15230671625734,2.547068345696667
z060_i85,2012,12,2012-06-22,17.257117716734257,2.5946763361719136
z060_i85,2012,12,2012-06-23,18.449298036998158,2.587522216360782
z060_i85,2012,12,2012-06-24,19.399543391456344,2.574407345606772
z060_i85,2012,12,2012-06-25,11.889343383565075,3.0193539169507067
z060_i85,2012,12,2012-06-26,14.886236438657194,3.3695378125929993
z060_i85,2012,12,2012-06-27,16.324146207805462,3.7327863299998856
z060_i85,2012,12,2012-06-28,17.750883273996514,3.9899382341475773
z060_i85,2012,12,2012-06-29,8.52164337634506,4.696867281440194
z060_i85,2012,12,2012-06-30,13.314264517787333,5.439827850262562
z060_i85,2012,12,2012-07-01,16.304471966757404,6.071326172801458
z060_i85,2012,12,2012-07-02,18.358801249422704,6.501667969970209
z060_i85,2012,12,2012-07-03,19.696627594932565,6.741868062425091
z060_i85,2012,12,2012-07-04,13.374165620358735,7.936378374778566
z060_i85,2012,12,2012-07-05,16.528775935677643,8.916659445242072
z060_i85,2012,12,2012-07-06,17.752280798833933,10.086115197513559
z060_i85,2012,12,2012-07-07,-3.2825549267420056,11.483189788896855
z060_i85,2012,12,2012-07-08,0.3014974076620778,12.574244476479693
z060_i85,2012,12,2012-07-09,5.061044288704049,13.304295170680735
z060_i85,2012,12,2012-07-10,8.485718482071363,13.304295170680735
z060_i85,2012,12,2012-07-11,10.988061146419792,13.304295170680735
z060_i85,2012,12,2012-07-12,13.182251821703415,13.304295170680735
z060_i85,2012,12,2012-07-13,7.988744103915676,13.304295170680735
z060_i85,2012,12,2012-07-14,13.439563244230051,13.304295170680735
z060_i85,2012,12,2012-07-15,16.134091732318183,13.304295170680735
z060_i85,2012,12,2012-07-16,17.29761312935543,13.304295170680735
z060_i85,2012,12,2012-07-17,19.55569083965164,13.304295170680735
z060_i85,2012,12,2012-07-18,14.861304860023624,13.304295170680735
z060_i85,2012,12,2012-07-19,18.30309389257502,13.304295170680735
z060_i85,2012,12,2012-07-20,20.688892326128123,13.304295170680735
z060_i85,2012,12,2012-07-21,22.748893498980927,13.304295170680735
z060_i85,2012,12,2012-07-22,24.70912834176539,13.304295170680735
z060_i85,2012,12,2012-07-23,-28.13761528027015,13.304295170680735
z060_i85,2012,12,2012-07-24,5.013626262267756,13.304295170680735
z060_i85,2012,12,2012-07-25,9.731760553619317,13.304295170680735
z060_i85,2012,12,2012-07-26,12.906016837530878,13.304295170680735
z060_i85,2012,12,2012-07-27,-10.173246105403425,13.304295170680735
z060_i85,2012,12,2012-07-28,4.422969049921139,13.304295170680735
z060_i85,2012,12,2012-07-29,9.720460271224141,13.304295170680735
z060_i85,2012,12,2012-07-30,12.320169425043018,13.304295170680735
z060_i85,2012,12,2012-07-31,14.705844648708268,13.304295170680735
z060_i85,2012,12,2012-08-01,-15.35131258410231,13.304295170680735
z060_i85,2012,12,2012-08-02,3.5399154221736215,13.304295170680735
z060_i85,2012,12,2012-08-03,7.995719260756853,13.304295170680735
z060_i85,2012,12,2012-08-04,11.925868059461779,13.304295170680735
z060_i85,2012,12,2012-08-05,14.488834373290626,13.304295170680735
z060_i85,2012,12,2012-08-06,-9.291494730066479,13.304295170680735
z060_i85,2012,12,2012-08-07,1.1809440873077584,13.304295170680735
z060_i85,2012,12,2012-08-08,5.974530309720645,13.304295170680735
z060_i85,2012,12,2012-08-09,9.161917021687168,13.304295170680735
z060_i85,2012,12,2012-08-10,2.6415472369640347,13.304295170680735
z060_i85,2012,12,2012-08-11,7.563442715891773,13.304295170680735
z060_i85,2012,12,2012-08-12,10.876991667937943,13.304295170680735
z060_i85,2012,12,2012-08-13,12.801570202003056,13.304295170680735
z060_i85,2012,12,2012-08-14,14.945001233063914,13.304295170680735
z060_i85,2012,12,2012-08-15,17.221742933765377,13.219641533839944
z060_i85,2012,12,2012-08-16,18.329095092382346,13.124215077938178
z060_i85,2012,12,2012-08-17,19.5471314723895,13.016644879824932
z060_i85,2012,12,2012-08-18,20.940636926723478,12.895385555953204
z060_i85,2012,12,2012-08-19,22.19045268521005,12.758695060967321
z060_i85,2012,12,2012-08-20,22.721241172480376,12.604609660992224
z060_i85,2012,12,2012-08-21,15.813359709851852,12.430915722083467
z060_i85,2012,12,2012-08-22,19.520030503844787,12.235117908542959
z060_i85,2012,12,2012-08-23,20.798296764096158,12.014403334228515
z060_i85,2012,12,2012-08-24,21.848829854831536,11.765601151844976
z060_i85,2012,12,2012-08-25,23.10351027633871,11.485136999665233
z060_i85,2012,12,2012-08-26,24.196611665957413,11.168981651250146
z060_i85,2012,12,2012-08-27,25.10108264743605,10.812593130454779
z060_i85,2012,12,2012-08-28,16.479181167567212,10.410851460128988
z060_i85,2012,12,2012-08-29,19.784681669789965,9.957985107093933
z060_i85,2012,12,2012-08-30,21.479189927309868,9.447488066682471
z060_i85,2012,12,2012-08-31,22.762553234376803,8.87202639565679
z060_i85,2012,12,2012-09-01,23.554772001154337,8.223332850728971
z060_i85,2012,12,2012-09-02,24.346041552145902,7.492088119032084
z060_i85,2012,12,2012-09-03,24.897556010150275,6.6677869342654645
z060_i85,2012,12,2012-09-04,25.395573195771778,5.738587155101384
z060_i85,2012,12,2012-09-05,25.812545463697596,4.6911396376711645
z060_i85,2012,12,2012-09-06,26.140264840585857,3.5103964580314435
z060_i85,2012,12,2012-09-07,26.35683612054325,2.179394729480789
z060_i85,2012,12,2012-09-08,26.54898397474075,0.6790129089858249
z060_i85,2013,1,2013-05-15,4.849505633337308,0.0
z060_i85,2013,1,2013-05-16,6.871663515200866,0.0
z060_i85,2013,1,2013-05-17,8.384192902385255,0.0
z060_i85,2013,1,2013-05-18,9.351126452997839,0.0
z060_i85,2013,1,2013-05-19,10.520677388730238,0.0
z060_i85,2013,1,2013-05-20,10.58352135780396,0.4875
z060_i85,2013,1,2013-05-21,11.562471598010182,0.5738742470010385
z060_i85,2013,1,2013-05-22,12.239030995304748,0.6755521053764285
z060_i85,2013,1,2013-05-23,12.666168790292613,0.6693127862307413
z060_i85,2013,1,2013-05-24,13.26835245772357,0.6619209548482653
z060_i85,2013,1,2013-05-25,13.745202316103581,0.6531637219016666
z060_i85,2013,1,2013-05-26,13.799311113889088,0.6427888736519074
z060_i85,2013,1,2013-05-27,13.799311113889088,0.6304976080361702
z060_i85,2013,1,2013-05-28,13.799311113889088,0.6159359289831668
z060_i85,2013,1,2013-05-29,9.723540120154738,0.6143818734895483
z060_i85,2013,1,2013-05-30,13.360318860824833,0.5968433341676391
z060_i85,2013,1,2013-05-31,13.852423262732367,0.5760651174527448
z060_i85,2013,1,2013-06-01,13.852423262732367,0.5514487978193422
z060_i85,2013,1,2013-06-02,13.852423262732367,0.5222854099979289
z060_i85,2013,1,2013-06-03,13.852423262732367,0.4877350303356464
z060_i85,2013,1,2013-06-04,13.852423262732367,0.44725473740553867
z060_i85,2013,1,2013-06-05,13.852423262732367,0.3988448698282971
z060_i85,2013,1,2013-06-06,13.852423262732367,0.3414928463104251
z060_i85,2013,1,2013-06-07,2.7769832374357817,0.40199784622079293
z060_i85,2013,1,2013-06-08,6.752431198069315,0.46666984190687333
z060_i85,2013,1,2013-06-09,9.3752389720944,0.47978344450371546
z060_i85,2013,1,2013-06-10,11.342979806815666,0.4759107107670536
z060_i85,2013,1,2013-06-11,13.03911492312568,0.4707594128397518
z060_i85,2013,1,2013-06-12,14.100055089781343,0.46465563604707655
z060_i85,2013,1,2013-06-13,1.1385872729300814,0.5469823656437018
z060_i85,2013,1,2013-06-14,6.68202897984296,0.6413631548027976
z060_i85,2013,1,2013-06-15,9.192817216572802,0.7023854347675854
z060_i85,2013,1,2013-06-16,10.839743313698618,0.702313844394563
z060_i85,2013,1,2013-06-17,12.186455388885125,0.6991116552733944
z060_i85,2013,1,2013-06-18,13.421302872075026,0.6937100961112069
z060_i85,2013,1,2013-06-19,14.660479381545116,0.6858434326873499
z060_i85,2013,1,2013-06-20,2.8657330659600797,0.8073597610134572
z060_i85,2013,1,2013-06-21,7.1104323757547565,0.9503825740550529
z060_i85,2013,1,2013-06-22,9.541944454065124,1.0825293076679126
z060_i85,2013,1,2013-06-23,11.465247178239622,1.1811650890622332
z060_i85,2013,1,2013-06-24,13.863280279063119,1.2510449443790637
z060_i85,2013,1,2013-06-25,15.561509739641691,1.246636559200477
z060_i85,2013,1,2013-06-26,3.4977376361920633,1.4675130598874648
z060_i85,2013,1,2013-06-27,9.05598415380804,1.7275240045274027
z060_i85,2013,1,2013-06-28,13.657727739459336,1.9562935918841136
z060_i85,2013,1,2013-06-29,15.735540180266518,2.0607333852397733
z060_i85,2013,1,2013-06-30,17.254475174420975,2.0566033165419757
z060_i85,2013,1,2013-07-01,3.8360774468296404,2.420988060841774
z060_i85,2013,1,2013-07-02,9.190600781978851,2.849933744439133
z060_i85,2013,1,2013-07-03,12.190454014492417,3.2433264466561242
z060_i85,2013,1,2013-07-04,14.398802924190571,3.5552327768381007
z060_i85,2013,1,2013-07-05,-9.597968346403892,4.1851416055823085
z060_i85,2013,1,2013-07-06,3.998618933623569,4.926656384607721
z060_i85,2013,1,2013-07-07,8.638269666574999,5.790007867586501
z060_i85,2013,1,2013-07-08,11.585124174904061,6.678959906538294
z060_i85,2013,1,2013-07-09,13.781556229717088,7.566089204020028
z060_i85,2013,1,2013-07-10,-19.24458749861488,8.90663332246088
z060_i85,2013,1,2013-07-11,5.887215258578231,10.48469228972635
z060_i85,2013,1,2013-07-12,4.704598127390338,12.342348498060113
z060_i85,2013,1,2013-07-13,3.3823344130251396,14.529140411381833
z060_i85,2013,1,2013-07-14,7.149431217512197,17.10338361672638
z060_i85,2013,1,2013-07-15,2.9996002909094317,20.133725936858973
z060_i85,2013,1,2013-07-16,-15.136187687505817,23.70097807454404
z060_i85,2013,1,2013-07-17,6.341548882494603,27.900268606599138
z060_i85,2013,1,2013-07-18,10.30594620655876,32.81473371735374
z060_i85,2013,1,2013-07-19,-10.708729138182258,38.54153916282165
z060_i85,2013,1,2013-07-20,4.582780532546941,43.80847578308296
z060_i85,2013,1,2013-07-21,9.978990348354973,48.1464677263128
z060_i85,2013,1,2013-07-22,15.06198735023775,51.0939329172375
z060_i85,2013,1,2013-07-23,19.231905982797127,52.79817604628916
z060_i85,2013,1,2013-07-24,-16.223428461234175,54.6082193678985
z060_i85,2013,1,2013-07-25,1.7859359196208795,54.6082193678985
z060_i85,2013,1,2013-07-26,8.016882544193802,54.6082193678985
z060_i85,2013,1,2013-07-27,10.88026039687432,54.6082193678985
z060_i85,2013,1,2013-07-28,12.603762694356686,54.6082193678985
z060_i85,2013,1,2013-07-29,-15.84182542065221,54.6082193678985
z060_i85,2013,1,2013-07-30,4.5768100680775055,54.6082193678985
z060_i85,2013,1,2013-07-31,11.423258210326358,54.6082193678985
z060_i85,2013,1,2013-08-01,16.21320648204313,54.6082193678985
z060_i85,2013,1,2013-08-02,-3.073667687826424,54.6082193678985
z060_i85,2013,1,2013-08-03,-13.54558056883374,54.6082193678985
z060_i85,2013,1,2013-08-04,3.7432254067002697,54.6082193678985
z060_i85,2013,1,2013-08-05,10.053990479019035,54.6082193678985
z060_i85,2013,1,2013-08-06,15.606734411571857,54.6082193678985
z060_i85,2013,1,2013-08-07,-1.2782341074467047,54.6082193678985
z060_i85,2013,1,2013-08-08,2.3407364048962975,54.6082193678985
z060_i85,2013,1,2013-08-09,7.353242020652082,54.6082193678985
z060_i85,2013,1,2013-08-10,12.747931664257674,54.6082193678985
z060_i85,2013,1,2013-08-11,16.62352373795167,54.6082193678985
z060_i85,2013,1,2013-08-12,-10.361060418892965,54.6082193678985
z060_i85,2013,1,2013-08-13,2.236757545427683,54.6082193678985
z060_i85,2013,1,2013-08-14,6.927400044797641,54.6082193678985
z060_i85,2013,1,2013-08-15,10.709378438893344,54.6082193678985
z060_i85,2013,1,2013-08-16,-9.47496044441428,54.6082193678985
z060_i85,2013,1,2013-08-17,3.734801253340621,54.6082193678985
z060_i85,2013,1,2013-08-18,9.048409190719457,54.6082193678985
z060_i85,2013,1,2013-08-19,13.741584549672673,54.6082193678985
z060_i85,2013,1,2013-08-20,17.753252983464026,54.6082193678985
z060_i85,2013,1,2013-08-21,-12.145582764146262,54.6082193678985
z060_i85,2013,1,2013-08-22,-4.297475320493051,54.6082193678985
z060_i85,2013,1,2013-08-23,4.316504682404734,54.6082193678985
z060_i85,2013,1,2013-08-24,9.492556273486182,54.6082193678985
z060_i85,2013,1,2013-08-25,13.280826852896611,54.6082193678985
z060_i85,2013,1,2013-08-26,-5.456723771335598,54.6082193678985
z060_i85,2013,1,2013-08-27,4.273518760240298,54.6082193678985
z060_i85,2013,1,2013-08-28,7.855074319198733,54.6082193678985
z060_i85,2013,1,2013-08-29,13.197562343474518,54.6082193678985
z060_i85,2013,1,2013-08-30,-12.8705410170261,54.260753807973174
z060_i85,2013,1,2013-08-31,2.8163427530115035,53.86907061314534
z060_i85,2013,1,2013-09-01,8.198915463137128,53.42754275310796
z060_i85,2013,1,2013-09-02,12.976360931165864,52.92982711515495
z060_i85,2013,1,2013-09-03,16.042131368001158,52.36877337725042
z060_i85,2013,1,2013-09-04,18.911606945312336,51.736321284502694
z060_i85,2013,1,2013-09-05,-1.4751250286610875,51.023384853288626
z060_i85,2013,1,2013-09-06,4.664833793446695,50.21972183947201
z060_i85,2013,1,2013-09-07,9.390767251740257,49.31378659546024
z060_i85,2013,1,2013-09-08,13.719618997443549,48.29256420220233
z060_i85,2013,1,2013-09-09,-10.62383810376768,47.14138349322235
z060_i85,2013,1,2013-09-10,-1.7686698417204127,45.84370628453921
z060_i85,2013,1,2013-09-11,-3.5676557435426153,44.38088978249085
z060_i85,2013,1,2013-09-12,-10.03613148326181,42.73191875614716
z060_i85,2013,1,2013-09-13,-9.55301669469436,40.87310362662585
z060_i85,2013,1,2013-09-14,-2.0971380499913264,38.77774013597762
z060_i85,2013,1,2013-09-15,-14.382890844164123,36.41572570634889
z060_i85,2013,1,2013-09-16,0.08968959019392897,33.75312697793047
z060_i85,2013,1,2013-09-17,3.8206873176589604,30.751692312821422
z060_i85,2013,1,2013-09-18,5.76673463229662,27.368302261302375
z060_i85,2013,1,2013-09-19,6.92580669185842,23.554350095762832
z060_i85,2013,1,2013-09-20,8.393844979074348,19.255043512859995
z060_i85,2013,1,2013-09-21,9.845661559094856,14.408617471966876
z060_i85,2013,1,2013-09-22,7.295398135404132,8.945446861326559
z060_i85,2013,1,2013-09-23,-7.204012823272113,2.7870462442269752
z060_i85,2013,2,2013-05-15,4.849505633337308,0.0
z060_i85,2013,2,2013-05-16,6.871663515200866,0.0
z060_i85,2013,2,2013-05-17,8.384192902385255,0.0
z060_i85,2013,2,2013-05-18,9.351126452997839,0.0
z060_i85,2013,2,2013-05-19,10.520677388730238,0.0
z060_i85,2013,2,2013-05-20,10.58352135780396,0.4875
z060_i85,2013,2,2013-05-21,11.562471598010182,0.5738742470010385
z060_i85,2013,2,2013-05-22,12.239030995304748,0.6755521053764285
z060_i85,2013,2,2013-05-23,12.666168790292613,0.6693127862307413
z060_i85,2013,2,2013-05-24,13.26835245772357,0.6619209548482653
z060_i85,2013,2,2013-05-25,13.745202316103581,0.6531637219016666
z060_i85,2013,2,2013-05-26,13.799311113889088,0.6427888736519074
z060_i85,2013,2,2013-05-27,13.799311113889088,0.6304976080361702
z060_i85,2013,2,2013-05-28,13.799311113889088,0.6159359289831668
z060_i85,2013,2,2013-05-29,9.723540120154738,0.6143818734895483
z060_i85,2013,2,2013-05-30,13.360318860824833,0.5968433341676391
z060_i85,2013,2,2013-05-31,13.852423262732367,0.5760651174527448
z060_i85,2013,2,2013-06-01,13.852423262732367,0.5514487978193422
z060_i85,2013,2,2013-06-02,13.852423262732367,0.5222854099979289
z060_i85,2013,2,2013-06-03,13.852423262732367,0.4877350303356464
z060_i85,2013,2,2013-06-04,13.852423262732367,0.44725473740553867
z060_i85,2013,2,2013-06-05,13.852423262732367,0.3988448698282971
z060_i85,2013,2,2013-06-06,13.852423262732367,0.3414928463104251
z060_i85,2013,2,2013-06-07,2.7769832374357817,0.40199784622079293
z060_i85,2013,2,2013-06-08,6.752431198069315,0.46666984190687333
z060_i85,2013,2,2013-06-09,9.3752389720944,0.47978344450371546
z060_i85,2013,2,2013-06-10,11.342979806815666,0.4759107107670536
z060_i85,2013,2,2013-06-11,13.03911492312568,0.4707594128397518
z060_i85,2013,2,2013-06-12,14.100055089781343,0.46465563604707655
z060_i85,2013,2,2013-06-13,1.1385872729300814,0.5469823656437018
z060_i85,2013,2,2013-06-14,6.68202897984296,0.6413631548027976
z060_i85,2013,2,2013-06-15,9.192817216572802,0.7023854347675854
z060_i85,2013,2,2013-06-16,10.839743313698618,0.702313844394563
z060_i85,2013,2,2013-06-17,12.186455388885125,0.6991116552733944
z060_i85,2013,2,2013-06-18,13.421302872075026,0.6937100961112069
z060_i85,2013,2,2013-06-19,14.660479381545116,0.6858434326873499
z060_i85,2013,2,2013-06-20,2.8657330659600797,0.8073597610134572
z060_i85,2013,2,2013-06-21,7.1104323757547565,0.9503825740550529
z060_i85,2013,2,2013-06-22,9.541944454065124,1.0825293076679126
z060_i85,2013,2,2013-06-23,11.465247178239622,1.1811650890622332
z060_i85,2013,2,2013-06-24,13.863280279063119,1.2510449443790637
z060_i85,2013,2,2013-06-25,15.561509739641691,1.246636559200477
z060_i85,2013,2,2013-06-26,3.408817611596104,1.4675130598874648
z060_i85,2013,2,2013-06-27,9.019463934496768,1.7275240045274027
z060_i85,2013,2,2013-06-28,13.630282572674709,1.9555489540712683
z060_i85,2013,2,2013-06-29,15.707337105659708,2.061594093166215
z060_i85,2013,2,2013-06-30,17.22454589285137,2.0576325114570033
z060_i85,2013,2,2013-07-01,3.8024694791024567,2.4221996063943463
z060_i85,2013,2,2013-07-02,9.16177947207984,2.8513599491400354
z060_i85,2013,2,2013-07-03,12.162886888349563,3.246064114320653
z060_i85,2013,2,2013-07-04,14.372925944778908,3.5599206812080015
z060_i85,2013,2,2013-07-05,-9.623872292188315,4.190660103203417
z060_i85,2013,2,2013-07-06,3.998757353639868,4.933152638283396
z060_i85,2013,2,2013-07-07,8.638755685572855,5.797642530318311
z060_i85,2013,2,2013-07-08,11.586079791898873,6.687766735035222
z060_i85,2013,2,2013-07-09,13.78313279776382,7.576065794828282
z060_i85,2013,2,2013-07-10,-19.243082098393362,8.918377545102366
z060_i85,2013,2,2013-07-11,5.888113008481297,10.498517329572495
z060_i85,2013,2,2013-07-12,4.7054311471381975,12.358623030022093
z060_i85,2013,2,2013-07-13,3.3830823853147645,14.548298431433063
z060_i85,2013,2,2013-07-14,7.150408531607724,17.12593601535393
z060_i85,2013,2,2013-07-15,6.500480001911229,20.160274123075286
z060_i85,2013,2,2013-07-16,-15.235504612643519,23.732230013773023
z060_i85,2013,2,2013-07-17,6.341883455370929,27.93705770012192
z060_i85,2013,2,2013-07-18,10.306907033770894,32.85800298922617
z060_i85,2013,2,2013-07-19,-10.707870696854688,38.58912181159997
z060_i85,2013,2,2013-07-20,4.582565355272086,43.8530659242336
z060_i85,2013,2,2013-07-21,9.979231233232381,48.18792040082152
z060_i85,2013,2,2013-07-22,15.06367158941263,51.13283237760756
z060_i85,2013,2,2013-07-23,19.23521750379387,52.83559922199736
z060_i85,2013,2,2013-07-24,-16.220276400223074,54.644074610518125
z060_i85,2013,2,2013-07-25,1.785835544818228,54.644074610518125
z060_i85,2013,2,2013-07-26,8.016958259117581,54.644074610518125
z060_i85,2013,2,2013-07-27,10.880358265071703,54.644074610518125
z060_i85,2013,2,2013-07-28,12.604220571202637,54.644074610518125
z060_i85,2013,2,2013-07-29,-15.74146139543383,54.644074610518125
z060_i85,2013,2,2013-07-30,4.56502131494099,54.644074610518125
z060_i85,2013,2,2013-07-31,11.415965514888015,54.644074610518125
z060_i85,2013,2,2013-08-01,16.206133910245264,54.644074610518125
z060_i85,2013,2,2013-08-02,-3.181027273194331,54.644074610518125
z060_i85,2013,2,2013-08-03,-13.558521123800737,54.644074610518125
z060_i85,2013,2,2013-08-04,3.742970494329398,54.644074610518125
z060_i85,2013,2,2013-08-05,10.05350309374229,54.644074610518125
z060_i85,2013,2,2013-08-06,15.61084052884017,54.644074610518125
z060_i85,2013,2,2013-08-07,-1.274364249392166,54.644074610518125
z060_i85,2013,2,2013-08-08,2.34046157235879,54.644074610518125
z060_i85,2013,2,2013-08-09,7.352016314427997,54.644074610518125
z060_i85,2013,2,2013-08-10,12.746357789156715,54.644074610518125
z060_i85,2013,2,2013-08-11,16.62173138901526,54.644074610518125
z060_i85,2013,2,2013-08-12,-5.263144689822441,54.644074610518125
z060_i85,2013,2,2013-08-13,2.4765541669325852,54.644074610518125
z060_i85,2013,2,2013-08-14,7.004139036250235,54.644074610518125
z060_i85,2013,2,2013-08-15,10.788308538484754,54.644074610518125
z060_i85,2013,2,2013-08-16,14.547530255921659,54.644074610518125
z060_i85,2013,2,2013-08-17,18.148090564212733,54.644074610518125
z060_i85,2013,2,2013-08-18,21.474985218456574,54.644074610518125
z060_i85,2013,2,2013-08-19,25.458685675979567,54.644074610518125
z060_i85,2013,2,2013-08-20,29.251842511466602,54.644074610518125
z060_i85,2013,2,2013-08-21,17.452208479972843,54.644074610518125
z060_i85,2013,2,2013-08-22,14.660926011121111,54.644074610518125
z060_i85,2013,2,2013-08-23,19.731692822348037,54.644074610518125
z060_i85,2013,2,2013-08-24,24.44687917956958,54.644074610518125
z060_i85,2013,2,2013-08-25,27.78577087269956,54.644074610518125
z060_i85,2013,2,2013-08-26,21.143591985341992,54.644074610518125
z060_i85,2013,2,2013-08-27,26.516053946622016,54.644074610518125
z060_i85,2013,2,2013-08-28,29.43612118227457,54.644074610518125
z060_i85,2013,2,2013-08-29,33.55534237305188,54.644074610518125
z060_i85,2013,2,2013-08-30,25.68063019250052,54.29638090797805
z060_i85,2013,2,2013-08-31,30.131646999584056,53.904440537652775
z060_i85,2013,2,2013-09-01,34.390903462426685,53.462622774580126
z060_i85,2013,2,2013-09-02,39.06487541685936,52.964580341225975
z060_i85,2013,2,2013-09-03,41.63113411279225,52.40315822072028
z060_i85,2013,2,2013-09-04,43.68549095135157,51.770290865883936
z060_i85,2013,2,2013-09-05,38.598185614440055,51.05688632732248
z060_i85,2013,2,2013-09-06,43.09631679889725,50.25269563593868
z060_i85,2013,2,2013-09-07,46.41894927815827,49.34616556337641
z060_i85,2013,2,2013-09-08,48.64733768940308,48.32427264511141
z060_i85,2013,2,2013-09-09,24.26201790817079,47.172336081717994
z060_i85,2013,2,2013-09-10,23.89782662631871,45.87380683039919
z060_i85,2013,2,2013-09-11,20.534345958802227,44.410029856810155
z060_i85,2013,2,2013-09-12,11.190852172985105,42.759976131618075
z060_i85,2013,2,2013-09-13,3.20859894661842,40.899940521586224
z060_i85,2013,2,2013-09-14,2.4696825025729456,38.803201235001
z060_i85,2013,2,2013-09-15,-11.600042856534506,36.43963592893964
z060_i85,2013,2,2013-09-16,0.11277170342630989,33.77528896326844
z060_i85,2013,2,2013-09-17,3.819521840634938,30.771883584421246
z060_i85,2013,2,2013-09-18,5.76523774079229,27.38627203085401
z060_i85,2013,2,2013-09-19,6.923794856266987,23.5698156602366
z060_i85,2013,2,2013-09-20,8.391844147695988,19.267686193115775
z060_i85,2013,2,2013-09-21,9.843759589763804,14.418078034520457
z060_i85,2013,2,2013-09-22,7.29275229100193,8.95132035750111
z060_i85,2013,2,2013-09-23,-7.207479641128577,2.7888761925467622
z060_i85,2013,3,2013-05-15,4.849505633337308,0.0
z060_i85,2013,3,2013-05-16,6.871663515200866,0.0
z060_i85,2013,3,2013-05-17,8.384192902385255,0.0
z060_i85,2013,3,2013-05-18,9.351126452997839,0.0
z060_i85,2013,3,2013-05-19,10.520677388730238,0.0
z060_i85,2013,3,2013-05-20,10.58352135780396,0.4875
z060_i85,2013,3,2013-05-21,11.562471598010182,0.5738742470010385
z060_i85,2013,3,2013-05-22,12.239030995304748,0.6755521053764285
z060_i85,2013,3,2013-05-23,12.666168790292613,0.6693127862307413
z060_i85,2013,3,2013-05-24,13.26835245772357,0.6619209548482653
z060_i85,2013,3,2013-05-25,13.745202316103581,0.6531637219016666
z060_i85,2013,3,2013-05-26,13.799311113889088,0.6427888736519074
z060_i85,2013,3,2013-05-27,13.799311113889088,0.6304976080361702
z060_i85,2013,3,2013-05-28,13.799311113889088,0.6159359289831668
z060_i85,2013,3,2013-05-29,9.723540120154738,0.6143818734895483
z060_i85,2013,3,2013-05-30,13.360318860824833,0.5968433341676391
z060_i85,2013,3,2013-05-31,13.852423262732367,0.5760651174527448
z060_i85,2013,3,2013-06-01,13.852423262732367,0.5514487978193422
z060_i85,2013,3,2013-06-02,13.852423262732367,0.5222854099979289
z060_i85,2013,3,2013-06-03,13.852423262732367,0.4877350303356464
z060_i85,2013,3,2013-06-04,13.852423262732367,0.44725473740553867
z060_i85,2013,3,2013-06-05,13.852423262732367,0.3988448698282971
z060_i85,2013,3,2013-06-06,13.852423262732367,0.3414928463104251
z060_i85,2013,3,2013-06-07,2.7769832374357817,0.40199784622079293
z060_i85,2013,3,2013-06-08,6.752431198069315,0.46666984190687333
z060_i85,2013,3,2013-06-09,9.3752389720944,0.47978344450371546
z060_i85,2013,3,2013-06-10,11.342979806815666,0.4759107107670536
z060_i85,2013,3,2013-06-11,13.03911492312568,0.4707594128397518
z060_i85,2013,3,2013-06-12,14.100055089781343,0.46465563604707655
z060_i85,2013,3,2013-06-13,1.1385872729300814,0.5469823656437018
z060_i85,2013,3,2013-06-14,6.68202897984296,0.6413631548027976
z060_i85,2013,3,2013-06-15,9.192817216572802,0.7023854347675854
z060_i85,2013,3,2013-06-16,10.839743313698618,0.702313844394563
z060_i85,2013,3,2013-06-17,12.186455388885125,0.6991116552733944
z060_i85,2013,3,2013-06-18,13.421302872075026,0.6937100961112069
z060_i85,2013,3,2013-06-19,14.660479381545116,0.6858434326873499
z060_i85,2013,3,2013-06-20,2.8657330659600797,0.8073597610134572
z060_i85,2013,3,2013-06-21,7.1104323757547565,0.9503825740550529
z060_i85,2013,3,2013-06-22,9.541944454065124,1.0825293076679126
z060_i85,2013,3,2013-06-23,11.465247178239622,1.1811650890622332
z060_i85,2013,3,2013-06-24,13.863280279063119,1.2510449443790637
z060_i85,2013,3,2013-06-25,15.561509739641691,1.246636559200477
z060_i85,2013,3,2013-06-26,8.481621784206922,1.4675130598874648
z060_i85,2013,3,2013-06-27,13.477524499183831,1.644154215629073
z060_i85,2013,3,2013-06-28,15.855538298256992,1.6891961904660964
z060_i85,2013,3,2013-06-29,17.26155060736957,1.6849403857011578
z060_i85,2013,3,2013-06-30,18.435580206017814,1.6754012788081836
z060_i85,2013,3,2013-07-01,10.12348593462185,1.9722454303602526
z060_i85,2013,3,2013-07-02,14.442920766163311,2.236108942777967
z060_i85,2013,3,2013-07-03,16.88074175568446,2.345488266266388
z060_i85,2013,3,2013-07-04,18.530456332615152,2.338965021740822
z060_i85,2013,3,2013-07-05,-0.7606940847301323,2.753378032027245
z060_i85,2013,3,2013-07-06,4.260494825361654,3.241215886848895
z060_i85,2013,3,2013-07-07,8.69081126585465,3.808417015914748
z060_i85,2013,3,2013-07-08,11.556391705353352,4.391927982454431
z060_i85,2013,3,2013-07-09,13.643380925091378,4.973619344010046
z060_i85,2013,3,2013-07-10,-11.215554089024593,5.8548349864893625
z060_i85,2013,3,2013-07-11,5.485849484745811,6.892182603460344
z060_i85,2013,3,2013-07-12,4.305363713919645,8.11332533693223
z060_i85,2013,3,2013-07-13,3.004203860301646,9.550827627500372
z060_i85,2013,3,2013-07-14,6.648971107735894,11.243023616345619
z060_i85,2013,3,2013-07-15,9.314923186894884,13.198518481544161
z060_i85,2013,3,2013-07-16,-8.667821417702669,15.537004831026549
z060_i85,2013,3,2013-07-17,5.662952367186726,18.289819380629456
z060_i85,2013,3,2013-07-18,9.473678574713931,21.530371948397388
z060_i85,2013,3,2013-07-19,-3.3021128645004363,25.345078952900174
z060_i85,2013,3,2013-07-20,5.22867590740102,29.835667895953762
z060_i85,2013,3,2013-07-21,10.121108247756483,34.58041839520562
z060_i85,2013,3,2013-07-22,14.650405372833054,37.95277678445329
z060_i85,2013,3,2013-07-23,18.240192708162226,40.01613657136387
z060_i85,2013,3,2013-07-24,-9.15947539816053,42.18870263179733
z060_i85,2013,3,2013-07-25,1.7985334550466718,42.18870263179733
z060_i85,2013,3,2013-07-26,7.813126691022763,42.18870263179733
z060_i85,2013,3,2013-07-27,10.686047281338611,42.18870263179733
z060_i85,2013,3,2013-07-28,12.281212232935744,42.18870263179733
z060_i85,2013,3,2013-07-29,-22.131450439427176,42.18870263179733
z060_i85,2013,3,2013-07-30,4.822290322140563,42.18870263179733
z060_i85,2013,3,2013-07-31,11.676398856634055,42.18870263179733
z060_i85,2013,3,2013-08-01,15.516861873160394,42.18870263179733
z060_i85,2013,3,2013-08-02,-3.674960304210984,42.18870263179733
z060_i85,2013,3,2013-08-03,-13.517893173678507,42.18870263179733
z060_i85,2013,3,2013-08-04,3.8206715852306057,42.18870263179733
z060_i85,2013,3,2013-08-05,10.213453378818532,42.18870263179733
z060_i85,2013,3,2013-08-06,14.433470896254772,42.18870263179733
z060_i85,2013,3,2013-08-07,-2.268342179969065,42.18870263179733
z060_i85,2013,3,2013-08-08,2.3830283890514554,42.18870263179733
z060_i85,2013,3,2013-08-09,7.6566640045564585,42.18870263179733
z060_i85,2013,3,2013-08-10,12.828734351750285,42.18870263179733
z060_i85,2013,3,2013-08-11,15.450986615744158,42.18870263179733
z060_i85,2013,3,2013-08-12,-6.232949095630935,42.18870263179733
z060_i85,2013,3,2013-08-13,2.4424980346014977,42.18870263179733
z060_i85,2013,3,2013-08-14,6.849402546252775,42.18870263179733
z060_i85,2013,3,2013-08-15,10.316110331102081,42.18870263179733
z060_i85,2013,3,2013-08-16,2.438836369883523,42.18870263179733
z060_i85,2013,3,2013-08-17,7.738994633418011,42.18870263179733
z060_i85,2013,3,2013-08-18,11.827846319751606,42.18870263179733
z060_i85,2013,3,2013-08-19,15.88096710904799,42.18870263179733
z060_i85,2013,3,2013-08-20,19.46398021915008,42.18870263179733
z060_i85,2013,3,2013-08-21,-3.2097519864597515,42.18870263179733
z060_i85,2013,3,2013-08-22,-3.5270488828028745,42.18870263179733
z060_i85,2013,3,2013-08-23,4.473396349919834,42.18870263179733
z060_i85,2013,3,2013-08-24,9.7312752821327,42.18870263179733
z060_i85,2013,3,2013-08-25,13.27720062869192,42.18870263179733
z060_i85,2013,3,2013-08-26,-1.321808000067158,42.18870263179733
z060_i85,2013,3,2013-08-27,5.192768037791921,42.18870263179733
z060_i85,2013,3,2013-08-28,8.386618568757328,42.18870263179733
z060_i85,2013,3,2013-08-29,12.925030856579442,42.18870263179733
z060_i85,2013,3,2013-08-30,-6.9294286174029756,41.920260969495146
z060_i85,2013,3,2013-08-31,3.2659169541908035,41.61765806422302
z060_i85,2013,3,2013-09-01,8.461006026909315,41.27654663802403
z060_i85,2013,3,2013-09-02,12.658453400493531,40.89202618876107
z060_i85,2013,3,2013-09-03,15.460743233530382,40.458572588132824
z060_i85,2013,3,2013-09-04,18.038080249324594,39.96995872050182
z060_i85,2013,3,2013-09-05,5.032078956441553,39.41916502240979
z060_i85,2013,3,2013-09-06,10.490696936244596,38.798278637566156
z060_i85,2013,3,2013-09-07,14.822105033886364,38.09837973854171
z060_i85,2013,3,2013-09-08,17.862538686475112,37.309413382033526
z060_i85,2013,3,2013-09-09,-6.3565969317543525,36.42004505673764
z060_i85,2013,3,2013-09-10,-1.4128495656420808,35.41749784859014
z060_i85,2013,3,2013-09-11,-3.4559460188194757,34.28736888404668
z060_i85,2013,3,2013-09-12,-9.962272290264087,33.01342241437367
z060_i85,2013,3,2013-09-13,-9.41575506203198,31.577356568341713
z060_i85,2013,3,2013-09-14,-1.8792626072962686,29.958540422425607
z060_i85,2013,3,2013-09-15,-14.284611398106955,28.133717611187762
z060_i85,2013,3,2013-09-16,0.25471614063586856,26.076672219828957
z060_i85,2013,3,2013-09-17,4.2558109471430825,23.757852159025227
z060_i85,2013,3,2013-09-18,6.461011710651395,21.14394461134883
z060_i85,2013,3,2013-09-19,7.878431170216742,18.197397450017352
z060_i85,2013,3,2013-09-20,9.430259196655989,14.875879754539415
z060_i85,2013,3,2013-09-21,10.897832118793797,11.131673672873363
z060_i85,2013,3,2013-09-22,8.612693868960454,6.910988893421139
z060_i85,2013,3,2013-09-23,-5.655652572310493,2.1531898783698495
z060_i85,2013,4,2013-05-15,4.849505633337308,0.0
z060_i85,2013,4,2013-05-16,6.871663515200866,0.0
z060_i85,2013,4,2013-05-17,8.384192902385255,0.0
z060_i85,2013,4,2013-05-18,9.351126452997839,0.0
z060_i85,2013,4,2013-05-19,10.520677388730238,0.0
z060_i85,2013,4,2013-05-20,10.58352135780396,0.4875
z060_i85,2013,4,2013-05-21,11.562471598010182,0.5738742470010385
z060_i85,2013,4,2013-05-22,12.239030995304748,0.6755521053764285
z060_i85,2013,4,2013-05-23,12.666168790292613,0.6693127862307413
z060_i85,2013,4,2013-05-24,13.26835245772357,0.6619209548482653
z060_i85,2013,4,2013-05-25,13.745202316103581,0.6531637219016666
z060_i85,2013,4,2013-05-26,13.799311113889088,0.6427888736519074
z060_i85,2013,4,2013-05-27,13.799311113889088,0.6304976080361702
z060_i85,2013,4,2013-05-28,13.799311113889088,0.6159359289831668
z060_i85,2013,4,2013-05-29,9.723540120154738,0.6143818734895483
z060_i85,2013,4,2013-05-30,13.360318860824833,0.5968433341676391
z060_i85,2013,4,2013-05-31,13.852423262732367,0.5760651174527448
z060_i85,2013,4,2013-06-01,13.852423262732367,0.5514487978193422
z060_i85,2013,4,2013-06-02,13.852423262732367,0.5222854099979289
z060_i85,2013,4,2013-06-03,13.852423262732367,0.4877350303356464
z060_i85,2013,4,2013-06-04,13.852423262732367,0.44725473740553867
z060_i85,2013,4,2013-06-05,13.852423262732367,0.3988448698282971
z060_i85,2013,4,2013-06-06,13.852423262732367,0.3414928463104251
z060_i85,2013,4,2013-06-07,2.7769832374357817,0.40199784622079293
z060_i85,2013,4,2013-06-08,6.752431198069315,0.46666984190687333
z060_i85,2013,4,2013-06-09,9.3752389720944,0.47978344450371546
z060_i85,2013,4,2013-06-10,11.342979806815666,0.4759107107670536
z060_i85,2013,4,2013-06-11,13.03911492312568,0.4707594128397518
z060_i85,2013,4,2013-06-12,14.100055089781343,0.46465563604707655
z060_i85,2013,4,2013-06-13,1.2334818710400608,0.5469823656437018
z060_i85,2013,4,2013-06-14,6.717334602629857,0.6410449266594828
z060_i85,2013,4,2013-06-15,9.215638269592748,0.7014138900199339
z060_i85,2013,4,2013-06-16,10.856939622882702,0.7013031466086114
z060_i85,2013,4,2013-06-17,12.200114884393228,0.6980525195727634
z060_i85,2013,4,2013-06-18,13.432151747627607,0.692607137785171
z060_i85,2013,4,2013-06-19,14.668887738479134,0.6847201793518904
z060_i85,2013,4,2013-06-20,2.8720619993068444,0.8060374919630403
z060_i85,2013,4,2013-06-21,7.113171309986626,0.9488008552987287
z060_i85,2013,4,2013-06-22,9.543488681521112,1.080664447072493
z060_i85,2013,4,2013-06-23,11.466079213882017,1.1791303097581765
z060_i85,2013,4,2013-06-24,13.86342466185569,1.2488897838643824
z060_i85,2013,4,2013-06-25,15.561379724236176,1.2444889503488872
z060_i85,2013,4,2013-06-26,8.481376708107982,1.4649849421181136
z060_i85,2013,4,2013-06-27,13.476747300368931,1.6413025128908847
z060_i85,2013,4,2013-06-28,15.854582992290785,1.6862663646894767
z060_i85,2013,4,2013-06-29,17.260520259675495,1.6820178861095572
z060_i85,2013,4,2013-06-30,18.43446194304566,1.6724951911498704
z060_i85,2013,4,2013-07-01,10.122374313829912,1.968824448069723
z060_i85,2013,4,2013-07-02,14.44161632233663,2.2322278838939673
z060_i85,2013,4,2013-07-03,16.87924298814695,2.3414173652923957
z060_i85,2013,4,2013-07-04,18.529317575226003,2.334905324989566
z060_i85,2013,4,2013-07-05,-0.8618090924371303,2.7485990465581582
z060_i85,2013,4,2013-07-06,4.245399390185573,3.2355901705668413
z060_i85,2013,4,2013-07-07,8.67163444006091,3.8019661671591924
z060_i85,2013,4,2013-07-08,11.532509578259706,4.384970535526675
z060_i85,2013,4,2013-07-09,13.614644974401548,4.96698757101025
z060_i85,2013,4,2013-07-10,-11.348813745677763,5.847028209593896
z060_i85,2013,4,2013-07-11,5.485580207739117,6.8829926378964625
z060_i85,2013,4,2013-07-12,4.304375242664353,8.102507112177484
z060_i85,2013,4,2013-07-13,3.003216029459626,9.53809265194136
z060_i85,2013,4,2013-07-14,6.647967455556478,11.228032284018436
z060_i85,2013,4,2013-07-15,9.313493564600154,13.18091971242874
z060_i85,2013,4,2013-07-16,-8.869112120805173,15.516287948207566
z060_i85,2013,4,2013-07-17,5.655398457119416,18.265431923136212
z060_i85,2013,4,2013-07-18,9.471622889218269,21.501663571361078
z060_i85,2013,4,2013-07-19,-3.4035360390251728,25.311284084686154
z060_i85,2013,4,2013-07-20,5.213725793483928,29.795885322520288
z060_i85,2013,4,2013-07-21,10.1157017721943,34.53871010538849
z060_i85,2013,4,2013-07-22,14.644791715031905,37.910679572014516
z060_i85,2013,4,2013-07-23,18.232562838789164,39.975407574138835
z060_i85,2013,4,2013-07-24,-9.166916827443437,42.14773229035348
z060_i85,2013,4,2013-07-25,1.798337860998518,42.14773229035348
z060_i85,2013,4,2013-07-26,7.812567368582761,42.14773229035348
z060_i85,2013,4,2013-07-27,10.68550559371171,42.14773229035348
z060_i85,2013,4,2013-07-28,12.280215118065206,42.14773229035348
z060_i85,2013,4,2013-07-29,-22.13233712301943,42.14773229035348
z060_i85,2013,4,2013-07-30,4.822583093369722,42.14773229035348
z060_i85,2013,4,2013-07-31,11.676930700517534,42.14773229035348
z060_i85,2013,4,2013-08-01,15.512028353488313,42.14773229035348
z060_i85,2013,4,2013-08-02,-3.5794845761044285,42.14773229035348
z060_i85,2013,4,2013-08-03,-13.50678727166609,42.14773229035348
z060_i85,2013,4,2013-08-04,3.8209741042419703,42.14773229035348
z060_i85,2013,4,2013-08-05,10.213859269530959,42.14773229035348
z060_i85,2013,4,2013-08-06,14.432541714169107,42.14773229035348
z060_i85,2013,4,2013-08-07,-2.2689953941625656,42.14773229035348
z060_i85,2013,4,2013-08-08,2.383038941846559,42.14773229035348
z060_i85,2013,4,2013-08-09,7.657132644699201,42.14773229035348
z060_i85,2013,4,2013-08-10,12.826405475366961,42.14773229035348
z060_i85,2013,4,2013-08-11,15.447792676487742,42.14773229035348
z060_i85,2013,4,2013-08-12,-6.535812858103327,42.14773229035348
z060_i85,2013,4,2013-08-13,2.3654212427132437,42.14773229035348
z060_i85,2013,4,2013-08-14,6.753875859289409,42.14773229035348
z060_i85,2013,4,2013-08-15,10.203793712785366,42.14773229035348
z060_i85,2013,4,2013-08-16,5.3270106901934025,42.14773229035348
z060_i85,2013,4,2013-08-17,10.627533043593568,42.14773229035348
z060_i85,2013,4,2013-08-18,14.089332415312736,42.14773229035348
z060_i85,2013,4,2013-08-19,17.817959770583286,42.14773229035348
z060_i85,2013,4,2013-08-20,21.226427039143427,42.14773229035348
z060_i85,2013,4,2013-08-21,3.653094634379799,42.14773229035348
z060_i85,2013,4,2013-08-22,0.9633871139158009,42.14773229035348
z060_i85,2013,4,2013-08-23,6.154934061409645,42.14773229035348
z060_i85,2013,4,2013-08-24,10.984457032507374,42.14773229035348
z060_i85,2013,4,2013-08-25,14.394612142377577,42.14773229035348
z060_i85,2013,4,2013-08-26,3.791994668609915,42.14773229035348
z060_i85,2013,4,2013-08-27,9.30168739957988,42.14773229035348
z060_i85,2013,4,2013-08-28,12.200015975909563,42.14773229035348
z060_i85,2013,4,2013-08-29,16.337981830096037,42.14773229035348
z060_i85,2013,4,2013-08-30,2.4820958656094354,41.87955131742728
z060_i85,2013,4,2013-08-31,7.060507854429186,41.57724227623672
z060_i85,2013,4,2013-09-01,11.446999884568033,41.23646211055843
z060_i85,2013,4,2013-09-02,15.316944515557843,40.852315077236604
z060_i85,2013,4,2013-09-03,17.97939295143333,40.419282412567746
z060_i85,2013,4,2013-09-04,20.459342081540157,39.931143048198095
z060_i85,2013,4,2013-09-05,10.45390235288472,39.38088423751592
z060_i85,2013,4,2013-09-06,15.913186257654155,38.76060080857275
z060_i85,2013,4,2013-09-07,19.98497591775361,38.06138159617245
z060_i85,2013,4,2013-09-08,22.61212708804159,37.27318142158022
z060_i85,2013,4,2013-09-09,-1.6081189711661596,36.38467678067575
z060_i85,2013,4,2013-09-10,-0.8695481001832974,35.38310316732659
z060_i85,2013,4,2013-09-11,-3.4345668516143557,34.254071694923546
z060_i85,2013,4,2013-09-12,-9.961660293485737,32.98136238161203
z060_i85,2013,4,2013-09-13,-9.415251566964557,31.546691129496864
z060_i85,2013,4,2013-09-14,-1.8784750492111475,29.929447050179053
z060_i85,2013,4,2013-09-15,-14.284257942166553,28.10639636296937
z060_i85,2013,4,2013-09-16,0.25532974400945774,26.05134861189794
z060_i85,2013,4,2013-09-17,4.257357832646006,23.734780406299798
z060_i85,2013,4,2013-09-18,6.4629019601134114,21.12341127952876
z060_i85,2013,4,2013-09-19,7.880818305890662,18.17972557246703
z060_i85,2013,4,2013-09-20,9.43254243238415,14.861433473075389
z060_i85,2013,4,2013-09-21,10.899936593675982,11.120863469127604
z060_i85,2013,4,2013-09-22,8.615697868122368,6.904277485934893
z060_i85,2013,4,2013-09-23,-5.651691244978776,2.1510988701376186
z060_i85,2013,5,2013-05-15,4.849505633337308,0.0
z060_i85,2013,5,2013-05-16,6.871663515200866,0.0
z060_i85,2013,5,2013-05-17,8.384192902385255,0.0
z060_i85,2013,5,2013-05-18,9.351126452997839,0.0
z060_i85,2013,5,2013-05-19,10.520677388730238,0.0
z060_i85,2013,5,2013-05-20,10.58352135780396,0.4875
z060_i85,2013,5,2013-05-21,11.562471598010182,0.5738742470010385
z060_i85,2013,5,2013-05-22,12.239030995304748,0.6755521053764285
z060_i85,2013,5,2013-05-23,12.666168790292613,0.6693127862307413
z060_i85,2013,5,2013-05-24,13.26835245772357,0.6619209548482653
z060_i85,2013,5,2013-05-25,13.745202316103581,0.6531637219016666
z060_i85,2013,5,2013-05-26,13.799311113889088,0.6427888736519074
z060_i85,2013,5,2013-05-27,13.799311113889088,0.6304976080361702
z060_i85,2013,5,2013-05-28,13.799311113889088,0.6159359289831668
z060_i85,2013,5,2013-05-29,9.723540120154738,0.6143818734895483
z060_i85,2013,5,2013-05-30,13.360318860824833,0.5968433341676391
z060_i85,2013,5,2013-05-31,13.852423262732367,0.5760651174527448
z060_i85,2013,5,2013-06-01,13.852423262732367,0.5514487978193422
z060_i85,2013,5,2013-06-02,13.852423262732367,0.5222854099979289
z060_i85,2013,5,2013-06-03,13.852423262732367,0.4877350303356464
z060_i85,2013,5,2013-06-04,13.852423262732367,0.44725473740553867
z060_i85,2013,5,2013-06-05,13.852423262732367,0.3988448698282971
z060_i85,2013,5,2013-06-06,13.852423262732367,0.3414928463104251
z060_i85,2013,5,2013-06-07,2.2065893383820976,0.40199784622079293
z060_i85,2013,5,2013-06-08,6.1799223808217585,0.4693748429688633
z060_i85,2013,5,2013-06-09,8.825455121924575,0.49888748278786094
z060_i85,2013,5,2013-06-10,10.830542094837488,0.49578936907557675
z060_i85,2013,5,2013-06-11,12.636432899696388,0.49061590587865817
z060_i85,2013,5,2013-06-12,13.732624488151213,0.4844751991738479
z060_i85,2013,5,2013-06-13,0.7778884584245034,0.5703135181878362
z060_i85,2013,5,2013-06-14,6.4254944678468515,0.6701667176818775
z060_i85,2013,5,2013-06-15,8.982072860382548,0.7412601957133538
z060_i85,2013,5,2013-06-16,10.658703453160415,0.769554281175026
z060_i85,2013,5,2013-06-17,12.028383029541759,0.7668104188832366
z060_i85,2013,5,2013-06-18,13.28671307765752,0.7615568666118439
z060_i85,2013,5,2013-06-19,14.54785235543243,0.7533787011776917
z060_i85,2013,5,2013-06-20,2.8239361744810103,0.8868607894255759
z060_i85,2013,5,2013-06-21,7.162302304897226,1.0439929594386643
z060_i85,2013,5,2013-06-22,9.627233859912899,1.1908170091818824
z060_i85,2013,5,2013-06-23,11.57235422945568,1.300796157499029
z060_i85,2013,5,2013-06-24,13.988392111424064,1.378147475314252
z060_i85,2013,5,2013-06-25,15.693548213015886,1.3732939824900396
z060_i85,2013,5,2013-06-26,8.616766190154976,1.6166113848462127
z060_i85,2013,5,2013-06-27,13.628781382224432,1.8115389201965042
z060_i85,2013,5,2013-06-28,16.01369629186292,1.8600104980741086
z060_i85,2013,5,2013-06-29,17.424860910309487,1.8552480319101161
z060_i85,2013,5,2013-06-30,18.604765657623012,1.8446189128624595
z060_i85,2013,5,2013-07-01,10.19226486842231,2.171444696662192
z060_i85,2013,5,2013-07-02,14.578597980406876,2.4665779656612425
z060_i85,2013,5,2013-07-03,16.97213180519409,2.586587238354334
z060_i85,2013,5,2013-07-04,18.63655833901991,2.582296116394186
z060_i85,2013,5,2013-07-05,-0.25539748603476964,3.0398220293936813
z060_i85,2013,5,2013-07-06,4.554556638333356,3.5784114423291635
z060_i85,2013,5,2013-07-07,8.916229662962191,4.202177311668319
z060_i85,2013,5,2013-07-08,11.79571481457795,4.847208407692235
z060_i85,2013,5,2013-07-09,13.921749599282492,5.477920747070097
z060_i85,2013,5,2013-07-10,-11.019949931385373,6.448487474576855
z060_i85,2013,5,2013-07-11,5.527190497536145,7.591017217986503
z060_i85,2013,5,2013-07-12,4.350929628925713,8.935978030654201
z060_i85,2013,5,2013-07-13,3.0459433337957598,10.519236232942571
z060_i85,2013,5,2013-07-14,6.704047549078134,12.3830128660635
z060_i85,2013,5,2013-07-15,9.407905657968557,14.535327507158932
z060_i85,2013,5,2013-07-16,-8.585327678769339,17.11066692940372
z060_i85,2013,5,2013-07-17,5.88578713792095,20.142299691891548
z060_i85,2013,5,2013-07-18,9.749872519919702,23.709084660819133
z060_i85,2013,5,2013-07-19,-3.0347361437843476,27.909811501151715
z060_i85,2013,5,2013-07-20,5.252183220314294,32.85073894992846
z060_i85,2013,5,2013-07-21,10.171341263400338,37.64396363968822
z060_i85,2013,5,2013-07-22,14.826044374981288,41.00093754281643
z060_i85,2013,5,2013-07-23,18.561386982174373,43.03553372912153
z060_i85,2013,5,2013-07-24,-8.851891472041112,45.192404650298876
z060_i85,2013,5,2013-07-25,1.7942032107283323,45.192404650298876
z060_i85,2013,5,2013-07-26,7.844063473081771,45.192404650298876
z060_i85,2013,5,2013-07-27,10.717780618369648,45.192404650298876
z060_i85,2013,5,2013-07-28,12.346225939058806,45.192404650298876
z060_i85,2013,5,2013-07-29,-22.074496206898814,45.192404650298876
z060_i85,2013,5,2013-07-30,4.794106031698731,45.192404650298876
z060_i85,2013,5,2013-07-31,11.636735733672761,45.192404650298876
z060_i85,2013,5,2013-08-01,15.876199868484278,45.192404650298876
z060_i85,2013,5,2013-08-02,-3.338311971543122,45.192404650298876
z060_i85,2013,5,2013-08-03,-13.505736033959758,45.192404650298876
z060_i85,2013,5,2013-08-04,3.794737754986893,45.192404650298876
z060_i85,2013,5,2013-08-05,10.179139755384131,45.192404650298876
z060_i85,2013,5,2013-08-06,14.61937111840433,45.192404650298876
z060_i85,2013,5,2013-08-07,-2.202663716767903,45.192404650298876
z060_i85,2013,5,2013-08-08,2.363923239498409,45.192404650298876
z060_i85,2013,5,2013-08-09,7.599934748403629,45.192404650298876
z060_i85,2013,5,2013-08-10,12.98588330831231,45.192404650298876
z060_i85,2013,5,2013-08-11,15.672202089624982,45.192404650298876
z060_i85,2013,5,2013-08-12,-6.135975378185429,45.192404650298876
z060_i85,2013,5,2013-08-13,2.4376127138302564,45.192404650298876
z060_i85,2013,5,2013-08-14,6.89469089357249,45.192404650298876
z060_i85,2013,5,2013-08-15,10.444524482236272,45.192404650298876
z060_i85,2013,5,2013-08-16,13.885914660874699,45.192404650298876
z060_i85,2013,5,2013-08-17,17.13513282516825,45.192404650298876
z060_i85,2013,5,2013-08-18,20.17351576689413,45.192404650298876
z060_i85,2013,5,2013-08-19,23.778623525504134,45.192404650298876
z060_i85,2013,5,2013-08-20,27.18377681701654,45.192404650298876
z060_i85,2013,5,2013-08-21,15.48046073247412,45.192404650298876
z060_i85,2013,5,2013-08-22,12.761731975752129,45.192404650298876
z060_i85,2013,5,2013-08-23,17.924640957151283,45.192404650298876
z060_i85,2013,5,2013-08-24,22.727069481182955,45.192404650298876
z060_i85,2013,5,2013-08-25,25.7515345565544,45.192404650298876
z060_i85,2013,5,2013-08-26,19.115881585493916,45.192404650298876
z060_i85,2013,5,2013-08-27,24.59310759349199,45.192404650298876
z060_i85,2013,5,2013-08-28,27.353578593460917,45.192404650298876
z060_i85,2013,5,2013-08-29,30.92366091014292,45.192404650298876
z060_i85,2013,5,2013-08-30,23.13957415890942,44.904850791778095
z060_i85,2013,5,2013-08-31,27.687618903062003,44.58070351797436
z060_i85,2013,5,2013-09-01,32.04364115280164,44.215306038507734
z060_i85,2013,5,2013-09-02,35.900729025615306,43.80340895100856
z060_i85,2013,5,2013-09-03,38.364861994276914,43.33909482673499
z060_i85,2013,5,2013-09-04,40.678630457838736,42.81569319913706
z060_i85,2013,5,2013-09-05,35.72872641211318,42.225684734068764
z060_i85,2013,5,2013-09-06,40.84320019460975,41.56059320493113
z060_i85,2013,5,2013-09-07,44.438120305187866,40.81086372083052
z060_i85,2013,5,2013-09-08,45.885474684196616,39.96572545834419
z060_i85,2013,5,2013-09-09,21.623937275552215,39.013036924858994
z060_i85,2013,5,2013-09-10,21.34212016849228,37.9391115304933
z060_i85,2013,5,2013-09-11,18.03414437628731,36.72852096271942
z060_i85,2013,5,2013-09-12,8.781633878261452,35.36387353891147
z060_i85,2013,5,2013-09-13,0.8986075039244188,33.82556435256933
z060_i85,2013,5,2013-09-14,0.31511894631939796,32.09149362374964
z060_i85,2013,5,2013-09-15,-13.71895545586581,30.13674920744705
z060_i85,2013,5,2013-09-16,0.21117748724224325,27.933248698752706
z060_i85,2013,5,2013-09-17,4.14401267730138,25.44933599317236
z060_i85,2013,5,2013-09-18,6.244682008910561,22.64932650617691
z060_i85,2013,5,2013-09-19,7.573368862458931,19.49299451848223
z060_i85,2013,5,2013-09-20,9.083059513565555,15.934995282117168
z060_i85,2013,5,2013-09-21,10.535315249703332,11.924213585094089
z060_i85,2013,5,2013-09-22,8.184679378484146,7.403029415979573
z060_i85,2013,5,2013-09-23,-6.143755882869183,2.3064901786972443
z060_i85,2013,6,2013-05-15,4.849505633337308,0.0
z060_i85,2013,6,2013-05-16,6.871663515200866,0.0
z060_i85,2013,6,2013-05-17,8.384192902385255,0.0
z060_i85,2013,6,2013-05-18,9.351126452997839,0.0
z060_i85,2013,6,2013-05-19,10.520677388730238,0.0
z060_i85,2013,6,2013-05-20,10.58352135780396,0.4875
z060_i85,2013,6,2013-05-21,11.562471598010182,0.5738742470010385
z060_i85,2013,6,2013-05-22,12.239030995304748,0.6755521053764285
z060_i85,2013,6,2013-05-23,12.666168790292613,0.6693127862307413
z060_i85,2013,6,2013-05-24,13.26835245772357,0.6619209548482653
z060_i85,2013,6,2013-05-25,13.745202316103581,0.6531637219016666
z060_i85,2013,6,2013-05-26,13.799311113889088,0.6427888736519074
z060_i85,2013,6,2013-05-27,13.799311113889088,0.6304976080361702
z060_i85,2013,6,2013-05-28,13.799311113889088,0.6159359289831668
z060_i85,2013,6,2013-05-29,9.723540120154738,0.6143818734895483
z060_i85,2013,6,2013-05-30,13.360318860824833,0.5968433341676391
z060_i85,2013,6,2013-05-31,13.852423262732367,0.5760651174527448
z060_i85,2013,6,2013-06-01,13.852423262732367,0.5514487978193422
z060_i85,2013,6,2013-06-02,13.852423262732367,0.5222854099979289
z060_i85,2013,6,2013-06-03,13.852423262732367,0.4877350303356464
z060_i85,2013,6,2013-06-04,13.852423262732367,0.44725473740553867
z060_i85,2013,6,2013-06-05,13.852423262732367,0.3988448698282971
z060_i85,2013,6,2013-06-06,13.852423262732367,0.3414928463104251
z060_i85,2013,6,2013-06-07,2.2065893383820976,0.40199784622079293
z060_i85,2013,6,2013-06-08,6.1799223808217585,0.4693748429688633
z060_i85,2013,6,2013-06-09,8.825455121924575,0.49888748278786094
z060_i85,2013,6,2013-06-10,10.830542094837488,0.49578936907557675
z060_i85,2013,6,2013-06-11,12.636432899696388,0.49061590587865817
z060_i85,2013,6,2013-06-12,13.732624488151213,0.4844751991738479
z060_i85,2013,6,2013-06-13,0.7778884584245034,0.5703135181878362
z060_i85,2013,6,2013-06-14,6.4254944678468515,0.6701667176818775
z060_i85,2013,6,2013-06-15,8.982072860382548,0.7412601957133538
z060_i85,2013,6,2013-06-16,10.658703453160415,0.769554281175026
z060_i85,2013,6,2013-06-17,12.028383029541759,0.7668104188832366
z060_i85,2013,6,2013-06-18,13.28671307765752,0.7615568666118439
z060_i85,2013,6,2013-06-19,14.54785235543243,0.7533787011776917
z060_i85,2013,6,2013-06-20,2.9030002266329524,0.8868607894255759
z060_i85,2013,6,2013-06-21,7.2014678400262735,1.0439929594386643
z060_i85,2013,6,2013-06-22,9.654124244263725,1.1900357418282344
z060_i85,2013,6,2013-06-23,11.592485377928499,1.2993546431705965
z060_i85,2013,6,2013-06-24,14.000379822372562,1.3758325028036427
z060_i85,2013,6,2013-06-25,15.70193132852607,1.3709178052213369
z060_i85,2013,6,2013-06-26,8.623894271082634,1.6138142013778687
z060_i85,2013,6,2013-06-27,13.630574817461952,1.8081005313149272
z060_i85,2013,6,2013-06-28,16.014483150670902,1.8564801077827966
z060_i85,2013,6,2013-06-29,17.425257025521088,1.8517266064885265
z060_i85,2013,6,2013-06-30,18.60463746267826,1.841117483168317
z060_i85,2013,6,2013-07-01,10.29203972685849,2.1673228908588005
z060_i85,2013,6,2013-07-02,14.620511601959628,2.457323100905228
z060_i85,2013,6,2013-07-03,16.997159114082933,2.5743067613402877
z060_i85,2013,6,2013-07-04,18.652891300233335,2.5699061484127834
z060_i85,2013,6,2013-07-05,-0.13900591458624742,3.025236832376872
z060_i85,2013,6,2013-07-06,4.610519521470583,3.561242070112993
z060_i85,2013,6,2013-07-07,8.93488306229498,4.1819227020420735
z060_i85,2013,6,2013-07-08,11.817126852162998,4.8233401125059014
z060_i85,2013,6,2013-07-09,13.947588904169203,5.449991202947612
z060_i85,2013,6,2013-07-10,-10.988659638819028,6.41560943128994
z060_i85,2013,6,2013-07-11,5.524440058629105,7.552313910634412
z060_i85,2013,6,2013-07-12,4.34834487390858,8.890417350934959
z060_i85,2013,6,2013-07-13,3.0436060344213813,10.465603205728748
z060_i85,2013,6,2013-07-14,6.700993415600392,12.319877249434338
z060_i85,2013,6,2013-07-15,9.40276203480275,14.461218170844969
z060_i85,2013,6,2013-07-16,-8.68989316262086,17.0234270533567
z060_i85,2013,6,2013-07-17,5.877794019306089,20.039602834096787
z060_i85,2013,6,2013-07-18,9.74461229011125,23.588202312075385
z060_i85,2013,6,2013-07-19,-3.0392055237784037,27.767511466564947
z060_i85,2013,6,2013-07-20,5.252283361669005,32.68493934480156
z060_i85,2013,6,2013-07-21,10.169261887267993,37.47932738840031
z060_i85,2013,6,2013-07-22,14.81724490495969,40.83845747319897
z060_i85,2013,6,2013-07-23,18.544947031849325,42.87433564327864
z060_i85,2013,6,2013-07-24,-8.867613767356938,45.03360604775107
z060_i85,2013,6,2013-07-25,1.7941609474786382,45.03360604775107
z060_i85,2013,6,2013-07-26,7.842557068024151,45.03360604775107
z060_i85,2013,6,2013-07-27,10.71626057722918,45.03360604775107
z060_i85,2013,6,2013-07-28,12.342972776151157,45.03360604775107
z060_i85,2013,6,2013-07-29,-22.077324463873857,45.03360604775107
z060_i85,2013,6,2013-07-30,4.795063469208998,45.03360604775107
z060_i85,2013,6,2013-07-31,11.638787816438196,45.03360604775107
z060_i85,2013,6,2013-08-01,15.856974196351267,45.03360604775107
z060_i85,2013,6,2013-08-02,-3.1563308406764166,45.03360604775107
z060_i85,2013,6,2013-08-03,-13.482686117175602,45.03360604775107
z060_i85,2013,6,2013-08-04,3.7957640664844328,45.03360604775107
z060_i85,2013,6,2013-08-05,10.181243372921681,45.03360604775107
z060_i85,2013,6,2013-08-06,14.60457878539405,45.03360604775107
z060_i85,2013,6,2013-08-07,-2.116389106932305,45.03360604775107
z060_i85,2013,6,2013-08-08,2.3831246773898225,45.03360604775107
z060_i85,2013,6,2013-08-09,7.6112574350142745,45.03360604775107
z060_i85,2013,6,2013-08-10,12.984397697507676,45.03360604775107
z060_i85,2013,6,2013-08-11,15.666656109437382,45.03360604775107
z060_i85,2013,6,2013-08-12,-6.040242155428971,45.03360604775107
z060_i85,2013,6,2013-08-13,2.4459016768380524,45.03360604775107
z060_i85,2013,6,2013-08-14,6.8929818889681655,45.03360604775107
z060_i85,2013,6,2013-08-15,10.437958874669992,45.03360604775107
z060_i85,2013,6,2013-08-16,13.873648465839755,45.03360604775107
z060_i85,2013,6,2013-08-17,17.116641179197828,45.03360604775107
z060_i85,2013,6,2013-08-18,20.150068792054224,45.03360604775107
z060_i85,2013,6,2013-08-19,23.748636194159495,45.03360604775107
z060_i85,2013,6,2013-08-20,27.146937965848707,45.03360604775107
z060_i85,2013,6,2013-08-21,18.645199114602104,45.03360604775107
z060_i85,2013,6,2013-08-22,15.927657721763659,45.03360604775107
z060_i85,2013,6,2013-08-23,21.092073750635436,45.03360604775107
z060_i85,2013,6,2013-08-24,25.8959283671183,45.03360604775107
z060_i85,2013,6,2013-08-25,28.822324944605537,45.03360604775107
z060_i85,2013,6,2013-08-26,24.38841139863709,45.03360604775107
z060_i85,2013,6,2013-08-27,29.867347179594862,45.03360604775107
z060_i85,2013,6,2013-08-28,32.613452805875106,45.03360604775107
z060_i85,2013,6,2013-08-29,36.1054709717421,45.03360604775107
z060_i85,2013,6,2013-08-30,38.674893645512356,44.747062605720494
z060_i85,2013,6,2013-08-31,41.16578308792956,44.42405433158933
z060_i85,2013,6,2013-09-01,43.17988928418555,44.05994079816548
z060_i85,2013,6,2013-09-02,44.97057941155362,43.64949104860714
z060_i85,2013,6,2013-09-03,46.36958474832881,43.18680844703409
z060_i85,2013,6,2013-09-04,47.522504742227525,42.6652459658077
z060_i85,2013,6,2013-09-05,48.61804676173448,42.07731069247304
z060_i85,2013,6,2013-09-06,49.54859495912077,41.41455618448334
z060_i85,2013,6,2013-09-07,50.24551903045154,40.66746112524427
z060_i85,2013,6,2013-09-08,50.84836621940252,39.82529253821737
z060_i85,2013,6,2013-09-09,26.58896467111932,38.875951593977575
z060_i85,2013,6,2013-09-10,26.308583008095503,37.805799795046454
z060_i85,2013,6,2013-09-11,23.0015788870341,36.59946304142359
z060_i85,2013,6,2013-09-12,13.749806524737522,35.23961076196673
z060_i85,2013,6,2013-09-13,5.8685297314495015,33.70670693856043
z060_i85,2013,6,2013-09-14,5.287791881338909,31.978729446216786
z060_i85,2013,6,2013-09-15,-8.745648019007138,30.03085367706959
z060_i85,2013,6,2013-09-16,0.26073805294537594,27.83509590311577
z060_i85,2013,6,2013-09-17,4.149793544543909,25.359911254153555
z060_i85,2013,6,2013-09-18,6.251677158814655,22.569740535355905
z060_i85,2013,6,2013-09-19,7.58221241978063,19.424499373933944
z060_i85,2013,6,2013-09-20,9.091691021950318,15.879002355828186
z060_i85,2013,6,2013-09-21,10.5433902047726,11.882313879414632
z060_i85,2013,6,2013-09-22,8.196194862418173,7.3770164004081344
z060_i85,2013,6,2013-09-23,-6.128547548331047,2.2983855553650123
z060_i85,2013,7,2013-05-15,4.849505633337308,0.0
z060_i85,2013,7,2013-05-16,6.871663515200866,0.0
z060_i85,2013,7,2013-05-17,8.384192902385255,0.0
z060_i85,2013,7,2013-05-18,9.351126452997839,0.0
z060_i85,2013,7,2013-05-19,10.520677388730238,0.0
z060_i85,2013,7,2013-05-20,10.58352135780396,0.4875
z060_i85,2013,7,2013-05-21,11.562471598010182,0.5738742470010385
z060_i85,2013,7,2013-05-22,12.239030995304748,0.6755521053764285
z060_i85,2013,7,2013-05-23,12.666168790292613,0.6693127862307413
z060_i85,2013,7,2013-05-24,13.26835245772357,0.6619209548482653
z060_i85,2013,7,2013-05-25,13.745202316103581,0.6531637219016666
z060_i85,2013,7,2013-05-26,13.799311113889088,0.6427888736519074
z060_i85,2013,7,2013-05-27,13.799311113889088,0.6304976080361702
z060_i85,2013,7,2013-05-28,13.799311113889088,0.6159359289831668
z060_i85,2013,7,2013-05-29,9.723540120154738,0.6143818734895483
z060_i85,2013,7,2013-05-30,13.360318860824833,0.5968433341676391
z060_i85,2013,7,2013-05-31,13.852423262732367,0.5760651174527448
z060_i85,2013,7,2013-06-01,13.852423262732367,0.5514487978193422
z060_i85,2013,7,2013-06-02,13.852423262732367,0.5222854099979289
z060_i85,2013,7,2013-06-03,13.852423262732367,0.4877350303356464
z060_i85,2013,7,2013-06-04,13.852423262732367,0.44725473740553867
z060_i85,2013,7,2013-06-05,13.852423262732367,0.3988448698282971
z060_i85,2013,7,2013-06-06,13.852423262732367,0.3414928463104251
z060_i85,2013,7,2013-06-07,2.8584680801577367,0.40199784622079293
z060_i85,2013,7,2013-06-08,6.947031421999356,0.46621857159356067
z060_i85,2013,7,2013-06-09,9.592406226632766,0.46596300527447526
z060_i85,2013,7,2013-06-10,11.548173069080189,0.46192927179081855
z060_i85,2013,7,2013-06-11,13.054496286004039,0.45682596673609016
z060_i85,2013,7,2013-06-12,14.092408598762347,0.4507790559718835
z060_i85,2013,7,2013-06-13,1.2874194132748646,0.5306471616609304
z060_i85,2013,7,2013-06-14,6.835729409609642,0.6215111986170224
z060_i85,2013,7,2013-06-15,9.3332087406271,0.675205614784545
z060_i85,2013,7,2013-06-16,10.960167573151931,0.6740120248582975
z060_i85,2013,7,2013-06-17,12.291111995203867,0.6702495983363123
z060_i85,2013,7,2013-06-18,13.490486794266255,0.6643819541911022
z060_i85,2013,7,2013-06-19,14.71600623280078,0.6562837197469766
z060_i85,2013,7,2013-06-20,3.0123044369133316,0.7725627189514601
z060_i85,2013,7,2013-06-21,7.25390214485484,0.908357548290068
z060_i85,2013,7,2013-06-22,9.668981980558199,1.029272165788258
z060_i85,2013,7,2013-06-23,11.57453713565249,1.1158872257457997
z060_i85,2013,7,2013-06-24,13.861709234889823,1.1653357939211864
z060_i85,2013,7,2013-06-25,15.512940330299934,1.1607566416929618
z060_i85,2013,7,2013-06-26,11.13339480696274,1.3664171152882107
z060_i85,2013,7,2013-06-27,14.619175267198884,1.4361782168871926
z060_i85,2013,7,2013-06-28,16.481015108635116,1.432288000436341
z060_i85,2013,7,2013-06-29,17.70279389803347,1.4258312074760855
z060_i85,2013,7,2013-06-30,18.744365716782784,1.413672957209106
z060_i85,2013,7,2013-07-01,13.425539226936605,1.6623252648063567
z060_i85,2013,7,2013-07-02,16.02735436009465,1.762731334456884
z060_i85,2013,7,2013-07-03,17.824238966547355,1.7599325558564365
z060_i85,2013,7,2013-07-04,19.28515645512512,1.7508934964195768
z060_i85,2013,7,2013-07-05,3.996065795564503,2.0611132037677953
z060_i85,2013,7,2013-07-06,8.570155219153056,2.4262970006074696
z060_i85,2013,7,2013-07-07,12.516259180423864,2.8110088369415287
z060_i85,2013,7,2013-07-08,15.133924302042745,3.1427695293855673
z060_i85,2013,7,2013-07-09,17.010476458083936,3.3790123454090755
z060_i85,2013,7,2013-07-10,-0.8011022318784813,3.977698800674556
z060_i85,2013,7,2013-07-11,6.051227174459783,4.6824592903262445
z060_i85,2013,7,2013-07-12,4.449284726181424,5.512087793536389
z060_i85,2013,7,2013-07-13,3.1577578037527507,6.48870816803961
z060_i85,2013,7,2013-07-14,6.6934117588653,7.63836413116558
z060_i85,2013,7,2013-07-15,-4.875010936190703,8.991713772497208
z060_i85,2013,7,2013-07-16,6.497563954960018,10.584847118852721
z060_i85,2013,7,2013-07-17,10.871449192195403,12.306476794261702
z060_i85,2013,7,2013-07-18,13.094530006032382,14.354075370105157
z060_i85,2013,7,2013-07-19,3.300303042258168,16.897300911621027
z060_i85,2013,7,2013-07-20,9.150653855595898,19.891129922064575
z060_i85,2013,7,2013-07-21,12.652389965388325,23.10871416884658
z060_i85,2013,7,2013-07-22,16.139791448622486,25.207923285764867
z060_i85,2013,7,2013-07-23,19.010221600672807,26.441616970333754
z060_i85,2013,7,2013-07-24,5.775784351889298,27.976796349190124
z060_i85,2013,7,2013-07-25,8.805337353635075,27.976796349190124
z060_i85,2013,7,2013-07-26,13.755583532382383,27.976796349190124
z060_i85,2013,7,2013-07-27,15.773168810160415,27.976796349190124
z060_i85,2013,7,2013-07-28,16.96944001982133,27.976796349190124
z060_i85,2013,7,2013-07-29,-33.50489118403621,27.976796349190124
z060_i85,2013,7,2013-07-30,5.1620464844804035,27.976796349190124
z060_i85,2013,7,2013-07-31,11.454643747823946,27.976796349190124
z060_i85,2013,7,2013-08-01,14.378529576614511,27.976796349190124
z060_i85,2013,7,2013-08-02,-9.709615339037988,27.976796349190124
z060_i85,2013,7,2013-08-03,-13.741362744461236,27.976796349190124
z060_i85,2013,7,2013-08-04,3.914213636947329,27.976796349190124
z060_i85,2013,7,2013-08-05,9.75687240744694,27.976796349190124
z060_i85,2013,7,2013-08-06,13.258168018781916,27.976796349190124
z060_i85,2013,7,2013-08-07,-3.343319940874621,27.976796349190124
z060_i85,2013,7,2013-08-08,2.264637745583577,27.976796349190124
z060_i85,2013,7,2013-08-09,7.782312939250465,27.976796349190124
z060_i85,2013,7,2013-08-10,11.791319491239182,27.976796349190124
z060_i85,2013,7,2013-08-11,13.9959558675628,27.976796349190124
z060_i85,2013,7,2013-08-12,-7.674426191027118,27.976796349190124
z060_i85,2013,7,2013-08-13,2.2639297866009516,27.976796349190124
z060_i85,2013,7,2013-08-14,6.412741279810814,27.976796349190124
z060_i85,2013,7,2013-08-15,9.426725976703823,27.976796349190124
z060_i85,2013,7,2013-08-16,1.6644393732752674,27.976796349190124
z060_i85,2013,7,2013-08-17,7.080824774506988,27.976796349190124
z060_i85,2013,7,2013-08-18,11.185123404581349,27.976796349190124
z060_i85,2013,7,2013-08-19,14.797627087175597,27.976796349190124
z060_i85,2013,7,2013-08-20,17.804400623777784,27.976796349190124
z060_i85,2013,7,2013-08-21,-4.737511115677948,27.976796349190124
z060_i85,2013,7,2013-08-22,-3.621015842853596,27.976796349190124
z060_i85,2013,7,2013-08-23,4.610114155315996,27.976796349190124
z060_i85,2013,7,2013-08-24,9.617882675451256,27.976796349190124
z060_i85,2013,7,2013-08-25,12.833474061751028,27.976796349190124
z060_i85,2013,7,2013-08-26,-1.621353884401285,27.976796349190124
z060_i85,2013,7,2013-08-27,5.267029557239606,27.976796349190124
z060_i85,2013,7,2013-08-28,8.537199322797735,27.976796349190124
z060_i85,2013,7,2013-08-29,12.654787750385221,27.976796349190124
z060_i85,2013,7,2013-08-30,-7.075391820734959,27.798783344537885
z060_i85,2013,7,2013-08-31,3.3878935794710996,27.598116831292447
z060_i85,2013,7,2013-09-01,8.539232826346726,27.3719139782102
z060_i85,2013,7,2013-09-02,11.909941636175539,27.116925091848454
z060_i85,2013,7,2013-09-03,14.40760715588571,26.829486930560698
z060_i85,2013,7,2013-09-04,16.620187637458816,26.505470077342746
z060_i85,2013,7,2013-09-05,3.822834120583316,26.14021961547327
z060_i85,2013,7,2013-09-06,9.507127182007,25.72848825467851
z060_i85,2013,7,2013-09-07,12.904063508986626,25.264360947092822
z060_i85,2013,7,2013-09-08,15.591168907479984,24.741169910026994
z060_i85,2013,7,2013-09-09,-8.417864884241748,24.151398834737517
z060_i85,2013,7,2013-09-10,-1.3998121319849999,23.486574905033347
z060_i85,2013,7,2013-09-11,-3.341232759727593,22.737147074429156
z060_i85,2013,7,2013-09-12,-9.86556255955835,21.892348853140664
z060_i85,2013,7,2013-09-13,-9.230307985974799,20.940043633681682
z060_i85,2013,7,2013-09-14,-1.5855496583716537,19.866550332967055
z060_i85,2013,7,2013-09-15,-14.151363336204085,18.656446846047324
z060_i85,2013,7,2013-09-16,0.48347249299564676,17.292348487836353
z060_i85,2013,7,2013-09-17,4.838941112452001,15.75465823986395
z060_i85,2013,7,2013-09-18,7.219117298409637,14.021285214028431
z060_i85,2013,7,2013-09-19,8.831912193796377,12.067327288720616
z060_i85,2013,7,2013-09-20,10.386517627600485,9.864713357981245
z060_i85,2013,7,2013-09-21,11.812193187330081,7.38180005414288
z060_i85,2013,7,2013-09-22,9.849154629824929,4.582917150361318
z060_i85,2013,7,2013-09-23,-4.096130200773385,1.4278551121619079
z060_i85,2013,8,2013-05-15,4.849505633337308,0.0
z060_i85,2013,8,2013-05-16,6.871663515200866,0.0
z060_i85,2013,8,2013-05-17,8.384192902385255,0.0
z060_i85,2013,8,2013-05-18,9.351126452997839,0.0
z060_i85,2013,8,2013-05-19,10.520677388730238,0.0
z060_i85,2013,8,2013-05-20,10.58352135780396,0.4875
z060_i85,2013,8,2013-05-21,11.562471598010182,0.5738742470010385
z060_i85,2013,8,2013-05-22,12.239030995304748,0.6755521053764285
z060_i85,2013,8,2013-05-23,12.666168790292613,0.6693127862307413
z060_i85,2013,8,2013-05-24,13.26835245772357,0.6619209548482653
z060_i85,2013,8,2013-05-25,13.745202316103581,0.6531637219016666
z060_i85,2013,8,2013-05-26,13.799311113889088,0.6427888736519074
z060_i85,2013,8,2013-05-27,13.799311113889088,0.6304976080361702
z060_i85,2013,8,2013-05-28,13.799311113889088,0.6159359289831668
z060_i85,2013,8,2013-05-29,9.723540120154738,0.6143818734895483
z060_i85,2013,8,2013-05-30,13.360318860824833,0.5968433341676391
z060_i85,2013,8,2013-05-31,13.852423262732367,0.5760651174527448
z060_i85,2013,8,2013-06-01,13.852423262732367,0.5514487978193422
z060_i85,2013,8,2013-06-02,13.852423262732367,0.5222854099979289
z060_i85,2013,8,2013-06-03,13.852423262732367,0.4877350303356464
z060_i85,2013,8,2013-06-04,13.852423262732367,0.44725473740553867
z060_i85,2013,8,2013-06-05,13.852423262732367,0.3988448698282971
z060_i85,2013,8,2013-06-06,13.852423262732367,0.3414928463104251
z060_i85,2013,8,2013-06-07,1.3917409111625458,0.40199784622079293
z060_i85,2013,8,2013-06-08,5.490426824815214,0.4721406358098457
z060_i85,2013,8,2013-06-09,8.200791238752437,0.5173337768723395
z060_i85,2013,8,2013-06-10,10.247505919647782,0.5155092506178389
z060_i85,2013,8,2013-06-11,12.140054428314297,0.5105387605108681
z060_i85,2013,8,2013-06-12,13.297989019933249,0.5045010460812226
z060_i85,2013,8,2013-06-13,-1.159719295322515,0.5938875034484059
z060_i85,2013,8,2013-06-14,5.362360100660823,0.6991112694251909
z060_i85,2013,8,2013-06-15,7.906344152303288,0.7920608573505995
z060_i85,2013,8,2013-06-16,9.598459004640905,0.8604876887043955
z060_i85,2013,8,2013-06-17,10.990567304943061,0.8965201363325372
z060_i85,2013,8,2013-06-18,12.269718113057365,0.8939423913272758
z060_i85,2013,8,2013-06-19,13.553519735659684,0.8883152908780654
z060_i85,2013,8,2013-06-20,1.8138604248641381,1.0457051664659656
z060_i85,2013,8,2013-06-21,6.139397563343723,1.2309810563912853
z060_i85,2013,8,2013-06-22,8.622086539591162,1.4170365562508018
z060_i85,2013,8,2013-06-23,10.587273572535262,1.5865600403130662
z060_i85,2013,8,2013-06-24,13.41562634061143,1.7314393992446302
z060_i85,2013,8,2013-06-25,15.266710089761103,1.7299151279310914
z060_i85,2013,8,2013-06-26,10.916683998686526,2.036417931112123
z060_i85,2013,8,2013-06-27,14.655971510556348,2.186676924469674
z060_i85,2013,8,2013-06-28,16.562542714719676,2.1838385097191577
z060_i85,2013,8,2013-06-29,17.80815920279791,2.1781203300789302
z060_i85,2013,8,2013-06-30,18.862527318053527,2.164428680251141
z060_i85,2013,8,2013-07-01,13.503078955052835,2.5395286187950497
z060_i85,2013,8,2013-07-02,16.196691273224122,2.728767118182379
z060_i85,2013,8,2013-07-03,17.85105041477478,2.726096297393073
z060_i85,2013,8,2013-07-04,19.214196025683222,2.7175048235420234
z060_i85,2013,8,2013-07-05,3.921023377109812,3.198986737091012
z060_i85,2013,8,2013-07-06,8.456582847422291,3.765776625465464
z060_i85,2013,8,2013-07-07,12.564880984854236,4.37142732049297
z060_i85,2013,8,2013-07-08,15.315483156907293,4.912082275302086
z060_i85,2013,8,2013-07-09,17.329805090752743,5.3245649473211065
z060_i85,2013,8,2013-07-10,-0.4963152059353515,6.26796040974774
z060_i85,2013,8,2013-07-11,6.580592691521252,7.378504739233445
z060_i85,2013,8,2013-07-12,4.9557959385462,8.685813028146026
z060_i85,2013,8,2013-07-13,3.6515658183703112,10.224747509987921
z060_i85,2013,8,2013-07-14,7.30777370945703,12.036347237066789
z060_i85,2013,8,2013-07-15,-3.574798362595067,14.168922476543045
z060_i85,2013,8,2013-07-16,6.942733582643519,16.679343009317396
z060_i85,2013,8,2013-07-17,11.763157242189315,19.384567090753773
z060_i85,2013,8,2013-07-18,14.320943000723341,22.55007124780574
z060_i85,2013,8,2013-07-19,4.488544146480394,26.545446476213915
z060_i85,2013,8,2013-07-20,10.303244363136022,31.23434699056775
z060_i85,2013,8,2013-07-21,14.177603059393324,35.53947029531106
z060_i85,2013,8,2013-07-22,18.31919936523743,38.1849814901898
z060_i85,2013,8,2013-07-23,21.868910450039184,39.60677014206995
z060_i85,2013,8,2013-07-24,8.571032829156993,41.77631440979661
z060_i85,2013,8,2013-07-25,11.549330490893452,41.77631440979661
z060_i85,2013,8,2013-07-26,16.752732307793305,41.77631440979661
z060_i85,2013,8,2013-07-27,18.9419059603347,41.77631440979661
z060_i85,2013,8,2013-07-28,20.363077339557943,41.77631440979661
z060_i85,2013,8,2013-07-29,-30.149027446326176,41.77631440979661
z060_i85,2013,8,2013-07-30,4.938660506864791,41.77631440979661
z060_i85,2013,8,2013-07-31,11.69170357806299,41.77631440979661
z060_i85,2013,8,2013-08-01,15.469209614163017,41.77631440979661
z060_i85,2013,8,2013-08-02,-8.720323814837956,41.77631440979661
z060_i85,2013,8,2013-08-03,-13.84088415060479,41.77631440979661
z060_i85,2013,8,2013-08-04,3.8041957384526524,41.77631440979661
z060_i85,2013,8,2013-08-05,10.215769287456432,41.77631440979661
z060_i85,2013,8,2013-08-06,14.423912751523497,41.77631440979661
z060_i85,2013,8,2013-08-07,-2.3749517106702163,41.77631440979661
z060_i85,2013,8,2013-08-08,2.36022436564837,41.77631440979661
z060_i85,2013,8,2013-08-09,7.652339732273443,41.77631440979661
z060_i85,2013,8,2013-08-10,12.79862102233677,41.77631440979661
z060_i85,2013,8,2013-08-11,15.412961539638417,41.77631440979661
z060_i85,2013,8,2013-08-12,-6.367643373694271,41.77631440979661
z060_i85,2013,8,2013-08-13,2.366012099898243,41.77631440979661
z060_i85,2013,8,2013-08-14,6.746470200871244,41.77631440979661
z060_i85,2013,8,2013-08-15,10.186133605990058,41.77631440979661
z060_i85,2013,8,2013-08-16,5.412501809172316,41.77631440979661
z060_i85,2013,8,2013-08-17,10.716200593561435,41.77631440979661
z060_i85,2013,8,2013-08-18,14.15374863640204,41.77631440979661
z060_i85,2013,8,2013-08-19,17.86137791014505,41.77631440979661
z060_i85,2013,8,2013-08-20,21.2504302722177,41.77631440979661
z060_i85,2013,8,2013-08-21,3.680717581203503,41.77631440979661
z060_i85,2013,8,2013-08-22,0.9937337980601819,41.77631440979661
z060_i85,2013,8,2013-08-23,6.188736301390618,41.77631440979661
z060_i85,2013,8,2013-08-24,11.021527816795599,41.77631440979661
z060_i85,2013,8,2013-08-25,14.419751066097067,41.77631440979661
z060_i85,2013,8,2013-08-26,3.92111705761771,41.77631440979661
z060_i85,2013,8,2013-08-27,9.434723836354511,41.77631440979661
z060_i85,2013,8,2013-08-28,12.321994902232573,41.77631440979661
z060_i85,2013,8,2013-08-29,16.427204458837824,41.77631440979661
z060_i85,2013,8,2013-08-30,2.674722590789625,41.510496724363165
z060_i85,2013,8,2013-08-31,7.2568066698664815,41.210851716971106
z060_i85,2013,8,2013-09-01,11.646990015865473,40.87307460365161
z060_i85,2013,8,2013-09-02,15.468971221873796,40.49231278393881
z060_i85,2013,8,2013-09-03,18.117088274687557,40.06309612705455
z060_i85,2013,8,2013-09-04,20.58336502165242,39.579258386480014
z060_i85,2013,8,2013-09-05,10.583355963669,39.033848613933834
z060_i85,2013,8,2013-09-06,16.0487104845581,38.41903130010536
z060_i85,2013,8,2013-09-07,20.07450427912704,37.725973807536754
z060_i85,2013,8,2013-09-08,22.68963065511398,36.94471947848338
z060_i85,2013,8,2013-09-09,-1.5255285505984328,36.06404459478426
z060_i85,2013,8,2013-09-10,-0.8547478652802507,35.071297134788466
z060_i85,2013,8,2013-09-11,-3.431816195653797,33.952215010874056
z060_i85,2013,8,2013-09-12,-9.962850180775034,32.690721176309026
z060_i85,2013,8,2013-09-13,-9.420979867218268,31.268692657902182
z060_i85,2013,8,2013-09-14,-1.8810247488474352,29.665700196302385
z060_i85,2013,8,2013-09-15,-14.28313926131481,27.858714753545883
z060_i85,2013,8,2013-09-16,0.2464412027194639,25.82177667145705
z060_i85,2013,8,2013-09-17,4.270028505437856,23.52562272793976
z060_i85,2013,8,2013-09-18,6.479923019951712,20.9372657333455
z060_i85,2013,8,2013-09-19,7.902444360822006,18.01952062728243
z060_i85,2013,8,2013-09-20,9.45323024151551,14.730470267639307
z060_i85,2013,8,2013-09-21,10.919000656927347,11.022863237200271
z060_i85,2013,8,2013-09-22,8.642924248751818,6.8434350165717195
z060_i85,2013,8,2013-09-23,-5.615783266087081,2.1321427712018366
z060_i85,2013,9,2013-05-15,4.849505633337308,0.0
z060_i85,2013,9,2013-05-16,6.871663515200866,0.0
z060_i85,2013,9,2013-05-17,8.384192902385255,0.0
z060_i85,2013,9,2013-05-18,9.351126452997839,0.0
z060_i85,2013,9,2013-05-19,10.520677388730238,0.0
z060_i85,2013,9,2013-05-20,10.58352135780396,0.4875
z060_i85,2013,9,2013-05-21,11.562471598010182,0.5738742470010385
z060_i85,2013,9,2013-05-22,12.239030995304748,0.6755521053764285
z060_i85,2013,9,2013-05-23,12.666168790292613,0.6693127862307413
z060_i85,2013,9,2013-05-24,13.26835245772357,0.6619209548482653
z060_i85,2013,9,2013-05-25,13.745202316103581,0.6531637219016666
z060_i85,2013,9,2013-05-26,13.799311113889088,0.6427888736519074
z060_i85,2013,9,2013-05-27,13.799311113889088,0.6304976080361702
z060_i85,2013,9,2013-05-28,13.799311113889088,0.6159359289831668
z060_i85,2013,9,2013-05-29,9.723540120154738,0.6143818734895483
z060_i85,2013,9,2013-05-30,13.360318860824833,0.5968433341676391
z060_i85,2013,9,2013-05-31,13.852423262732367,0.5760651174527448
z060_i85,2013,9,2013-06-01,13.852423262732367,0.5514487978193422
z060_i85,2013,9,2013-06-02,13.852423262732367,0.5222854099979289
z060_i85,2013,9,2013-06-03,13.852423262732367,0.4877350303356464
z060_i85,2013,9,2013-06-04,13.852423262732367,0.44725473740553867
z060_i85,2013,9,2013-06-05,13.852423262732367,0.3988448698282971
z060_i85,2013,9,2013-06-06,13.852423262732367,0.3414928463104251
z060_i85,2013,9,2013-06-07,1.3102560684405908,0.40199784622079293
z060_i85,2013,9,2013-06-08,5.298842785402105,0.47236127012736134
z060_i85,2013,9,2013-06-09,7.984023722585157,0.5209725582269531
z060_i85,2013,9,2013-06-10,10.024017654448205,0.5196381550145993
z060_i85,2013,9,2013-06-11,11.931935546847964,0.514853842783164
z060_i85,2013,9,2013-06-12,13.166964253621982,0.5089124508899235
z060_i85,2013,9,2013-06-13,-1.1857559154010497,0.5990805118849393
z060_i85,2013,9,2013-06-14,5.4363574941769075,0.7052243644122383
z060_i85,2013,9,2013-06-15,7.983328231471302,0.7997359756189543
z060_i85,2013,9,2013-06-16,9.674284693906342,0.8685616450082395
z060_i85,2013,9,2013-06-17,11.06370763125715,0.9045601524174721
z060_i85,2013,9,2013-06-18,12.339560571830322,0.9019320681191986
z060_i85,2013,9,2013-06-19,13.620583873050732,0.8962288055554426
z060_i85,2013,9,2013-06-20,1.877513628336125,1.0550207813923482
z060_i85,2013,9,2013-06-21,6.200962137767795,1.2419471928040637
z060_i85,2013,9,2013-06-22,8.680157349190559,1.4293424925444875
z060_i85,2013,9,2013-06-23,10.641689784091506,1.600577354082861
z060_i85,2013,9,2013-06-24,13.46618825038717,1.7471063658199768
z060_i85,2013,9,2013-06-25,15.314654935790129,1.7456040698156163
z060_i85,2013,9,2013-06-26,10.960876384720303,2.05488660744079
z060_i85,2013,9,2013-06-27,14.697042848492105,2.207449270525866
z060_i85,2013,9,2013-06-28,16.60228201895695,2.2046634928262474
z060_i85,2013,9,2013-06-29,17.846981192372308,2.1990333401567335
z060_i85,2013,9,2013-06-30,18.900295520240864,2.1853870667111606
z060_i85,2013,9,2013-07-01,13.536905072308583,2.5634939389708804
z060_i85,2013,9,2013-07-02,16.18895264917918,2.75617555894398
z060_i85,2013,9,2013-07-03,17.872968516888303,2.8119418704843757
z060_i85,2013,9,2013-07-04,19.238199140846096,2.8032617117869596
z060_i85,2013,9,2013-07-05,4.444537283584197,3.299937854356068
z060_i85,2013,9,2013-07-06,9.02293944892584,3.8846140539873044
z060_i85,2013,9,2013-07-07,13.151392337828845,4.502029910080785
z060_i85,2013,9,2013-07-08,15.891468032441956,5.029727668152498
z060_i85,2013,9,2013-07-09,17.890994218059785,5.401009029755724
z060_i85,2013,9,2013-07-10,-0.03568946606339707,6.357948697429489
z060_i85,2013,9,2013-07-11,6.804252886102962,7.484436966581708
z060_i85,2013,9,2013-07-12,5.178559680443138,8.81051410958731
z060_i85,2013,9,2013-07-13,3.892022821821738,10.371542872474754
z060_i85,2013,9,2013-07-14,7.574766231190063,12.209151499857308
z060_i85,2013,9,2013-07-15,-4.488654172346159,14.372343843081456
z060_i85,2013,9,2013-07-16,6.8347962651901835,16.918806155053097
z060_i85,2013,9,2013-07-17,11.76295937283952,19.66413181724976
z060_i85,2013,9,2013-07-18,14.346074825920931,22.897050276923007
z060_i85,2013,9,2013-07-19,4.5124650140283915,26.953902535823822
z060_i85,2013,9,2013-07-20,10.32489843410043,31.713554820898853
z060_i85,2013,9,2013-07-21,14.211049387301804,36.020060891032465
z060_i85,2013,9,2013-07-22,18.37462499257422,38.66072890619138
z060_i85,2013,9,2013-07-23,21.94669339569792,40.07499056921859
z060_i85,2013,9,2013-07-24,8.64667346262681,42.24788249719551
z060_i85,2013,9,2013-07-25,11.623266781274957,42.24788249719551
z060_i85,2013,9,2013-07-26,16.82340929126321,42.24788249719551
z060_i85,2013,9,2013-07-27,19.01950172735619,42.24788249719551
z060_i85,2013,9,2013-07-28,20.4484674307085,42.24788249719551
z060_i85,2013,9,2013-07-29,-30.16490701681774,42.24788249719551
z060_i85,2013,9,2013-07-30,4.9298747650019665,42.24788249719551
z060_i85,2013,9,2013-07-31,11.685095488641942,42.24788249719551
z060_i85,2013,9,2013-08-01,15.524707932164318,42.24788249719551
z060_i85,2013,9,2013-08-02,-8.668343130571538,42.24788249719551
z060_i85,2013,9,2013-08-03,-13.847301586070904,42.24788249719551
z060_i85,2013,9,2013-08-04,3.7966953650385515,42.24788249719551
z060_i85,2013,9,2013-08-05,10.210725852848576,42.24788249719551
z060_i85,2013,9,2013-08-06,14.434613867125485,42.24788249719551
z060_i85,2013,9,2013-08-07,-2.367408432997528,42.24788249719551
z060_i85,2013,9,2013-08-08,2.3591359164920154,42.24788249719551
z060_i85,2013,9,2013-08-09,7.646655707068117,42.24788249719551
z060_i85,2013,9,2013-08-10,12.825028932055622,42.24788249719551
z060_i85,2013,9,2013-08-11,15.449373225049735,42.24788249719551
z060_i85,2013,9,2013-08-12,-6.335030609980224,42.24788249719551
z060_i85,2013,9,2013-08-13,2.4194694981446183,42.24788249719551
z060_i85,2013,9,2013-08-14,6.848216154273555,42.24788249719551
z060_i85,2013,9,2013-08-15,10.318612162321708,42.24788249719551
z060_i85,2013,9,2013-08-16,13.653690380065427,42.24788249719551
z060_i85,2013,9,2013-08-17,16.785815721491037,42.24788249719551
z060_i85,2013,9,2013-08-18,19.731897525880274,42.24788249719551
z060_i85,2013,9,2013-08-19,23.214606144896095,42.24788249719551
z060_i85,2013,9,2013-08-20,26.490137374982098,42.24788249719551
z060_i85,2013,9,2013-08-21,14.815827496246731,42.24788249719551
z060_i85,2013,9,2013-08-22,12.118930743085475,42.24788249719551
z060_i85,2013,9,2013-08-23,17.30954448071794,42.24788249719551
z060_i85,2013,9,2013-08-24,22.13818471713673,42.24788249719551
z060_i85,2013,9,2013-08-25,25.06022992440573,42.24788249719551
z060_i85,2013,9,2013-08-26,18.55653656940004,42.24788249719551
z060_i85,2013,9,2013-08-27,24.065172135952224,42.24788249719551
z060_i85,2013,9,2013-08-28,26.71289195087673,42.24788249719551
z060_i85,2013,9,2013-08-29,30.131927505695867,42.24788249719551
z060_i85,2013,9,2013-08-30,22.375122278234514,41.97906428049722
z060_i85,2013,9,2013-08-31,26.95254288162909,41.67603690141846
z060_i85,2013,9,2013-09-01,31.33803859675876,41.33444698389291
z060_i85,2013,9,2013-09-02,34.66553997221299,40.94938715164325
z060_i85,2013,9,2013-09-03,37.026193673234715,40.51532552744136
z060_i85,2013,9,2013-09-04,39.29160255780026,40.02602626061308
z060_i85,2013,9,2013-09-05,34.2846987246799,39.4744599410636
z060_i85,2013,9,2013-09-06,39.74234649074853,38.852702612806425
z060_i85,2013,9,2013-09-07,43.2560352599187,38.15182193619574
z060_i85,2013,9,2013-09-08,44.943833791613805,37.361748863437256
z060_i85,2013,9,2013-09-09,20.722217971055937,36.471132983831886
z060_i85,2013,9,2013-09-10,20.467308667479607,35.4671794606016
z060_i85,2013,9,2013-09-11,17.17757129121309,34.335465216686366
z060_i85,2013,9,2013-09-12,7.938945883282201,33.05973172878581
z060_i85,2013,9,2013-09-13,0.08882636631440999,31.621651452866946
z060_i85,2013,9,2013-09-14,-0.4428723810691484,30.000564525541517
z060_i85,2013,9,2013-09-15,-14.246352330714009,28.173181958691206
z060_i85,2013,9,2013-09-16,0.23610589581123892,26.113251063351832
z060_i85,2013,9,2013-09-17,4.251859270378777,23.791178296242393
z060_i85,2013,9,2013-09-18,6.458123905040475,21.17360411064671
z060_i85,2013,9,2013-09-19,7.8749684216304665,18.222923703836734
z060_i85,2013,9,2013-09-20,9.426959444799337,14.896746775960695
z060_i85,2013,9,2013-09-21,10.894791631076169,11.147288539141407
z060_i85,2013,9,2013-09-22,8.608354461896461,6.9206832278511525
z060_i85,2013,9,2013-09-23,-5.661374675469691,2.1562102482610683
z060_i85,2013,10,2013-05-15,4.849505633337308,0.0
z060_i85,2013,10,2013-05-16,6.871663515200866,0.0
z060_i85,2013,10,2013-05-17,8.384192902385255,0.0
z060_i85,2013,10,2013-05-18,9.351126452997839,0.0
z060_i85,2013,10,2013-05-19,10.520677388730238,0.0
z060_i85,2013,10,2013-05-20,10.58352135780396,0.4875
z060_i85,2013,10,2013-05-21,11.562471598010182,0.5738742470010385
z060_i85,2013,10,2013-05-22,12.239030995304748,0.6755521053764285
z060_i85,2013,10,2013-05-23,12.666168790292613,0.6693127862307413
z060_i85,2013,10,2013-05-24,13.26835245772357,0.6619209548482653
z060_i85,2013,10,2013-05-25,13.745202316103581,0.6531637219016666
z060_i85,2013,10,2013-05-26,13.799311113889088,0.6427888736519074
z060_i85,2013,10,2013-05-27,13.799311113889088,0.6304976080361702
z060_i85,2013,10,2013-05-28,13.799311113889088,0.6159359289831668
z060_i85,2013,10,2013-05-29,9.723540120154738,0.6143818734895483
z060_i85,2013,10,2013-05-30,13.360318860824833,0.5968433341676391
z060_i85,2013,10,2013-05-31,13.852423262732367,0.5760651174527448
z060_i85,2013,10,2013-06-01,13.852423262732367,0.5514487978193422
z060_i85,2013,10,2013-06-02,13.852423262732367,0.5222854099979289
z060_i85,2013,10,2013-06-03,13.852423262732367,0.4877350303356464
z060_i85,2013,10,2013-06-04,13.852423262732367,0.44725473740553867
z060_i85,2013,10,2013-06-05,13.852423262732367,0.3988448698282971
z060_i85,2013,10,2013-06-06,13.852423262732367,0.3414928463104251
z060_i85,2013,10,2013-06-07,1.1472863829966804,0.40199784622079293
z060_i85,2013,10,2013-06-08,5.221506611548957,0.47277693139347243
z060_i85,2013,10,2013-06-09,7.9352569009766025,0.5227854943769108
z060_i85,2013,10,2013-06-10,9.987476235019265,0.5215492692422319
z060_i85,2013,10,2013-06-11,11.906567801983602,0.5167875520139498
z060_i85,2013,10,2013-06-12,13.155423780693361,0.510852829396057
z060_i85,2013,10,2013-06-13,-1.4026480635025005,0.6013646826625892
z060_i85,2013,10,2013-06-14,5.300589147392218,0.7079132398687423
z060_i85,2013,10,2013-06-15,7.828274036555092,0.8047227625752844
z060_i85,2013,10,2013-06-16,9.510745573274967,0.8781346675436301
z060_i85,2013,10,2013-06-17,10.898246298401338,0.9218618277460446
z060_i85,2013,10,2013-06-18,12.173385752461051,0.9197066634636202
z060_i85,2013,10,2013-06-19,13.496580445272345,0.9144222556334789
z060_i85,2013,10,2013-06-20,1.6263327479950793,1.0764377095233926
z060_i85,2013,10,2013-06-21,5.931367885645667,1.2671587281974552
z060_i85,2013,10,2013-06-22,8.407104926630968,1.4618876636020564
z060_i85,2013,10,2013-06-23,10.368735129672409,1.6440978826391834
z060_i85,2013,10,2013-06-24,13.302615416063436,1.8052539545705077
z060_i85,2013,10,2013-06-25,15.185043065607005,1.8043884365280978
z060_i85,2013,10,2013-06-26,10.737103941920715,2.1240862673024474
z060_i85,2013,10,2013-06-27,14.565598559510635,2.294100606339478
z060_i85,2013,10,2013-06-28,16.487190854139463,2.2918169263098496
z060_i85,2013,10,2013-06-29,17.736751738808856,2.2866571784645755
z060_i85,2013,10,2013-06-30,18.79122611981468,2.27335103492635
z060_i85,2013,10,2013-07-01,13.31643194254488,2.6666801843235564
z060_i85,2013,10,2013-07-02,16.01955045009239,2.8805798019269413
z060_i85,2013,10,2013-07-03,17.73711735507144,2.9684443945010495
z060_i85,2013,10,2013-07-04,19.126323160509763,2.960031647366148
z060_i85,2013,10,2013-07-05,4.23187846689326,3.484483964577419
z060_i85,2013,10,2013-07-06,8.875546285804976,4.101857664326276
z060_i85,2013,10,2013-07-07,13.039411136737012,4.757134623640705
z060_i85,2013,10,2013-07-08,15.804794415958021,5.321566292989164
z060_i85,2013,10,2013-07-09,17.82880525797452,5.724392890993563
z060_i85,2013,10,2013-07-10,-0.10025512743365506,6.738629045860573
z060_i85,2013,10,2013-07-11,6.808001289373345,7.932565475923203
z060_i85,2013,10,2013-07-12,5.179469339373866,9.338041106219206
z060_i85,2013,10,2013-07-13,3.8868514861936805,10.992536017018038
z060_i85,2013,10,2013-07-14,7.573212282255718,12.9401709320985
z060_i85,2013,10,2013-07-15,-3.896932857442574,15.232883794303085
z060_i85,2013,10,2013-07-16,6.923205611959354,17.93181480432822
z060_i85,2013,10,2013-07-17,11.881945984019868,20.83883495946255
z060_i85,2013,10,2013-07-18,14.524595487476892,24.25692254853323
z060_i85,2013,10,2013-07-19,4.485154014099677,28.55471417867081
z060_i85,2013,10,2013-07-20,10.28869834588541,33.57941903918604
z060_i85,2013,10,2013-07-21,14.249812823912782,37.89376724106736
z060_i85,2013,10,2013-07-22,18.512862473667163,40.52717402566833
z060_i85,2013,10,2013-07-23,22.179010902811857,41.924606541690096
z060_i85,2013,10,2013-07-24,8.870618220648902,44.09460079023435
z060_i85,2013,10,2013-07-25,11.840566046866293,44.09460079023435
z060_i85,2013,10,2013-07-26,17.04129798767866,44.09460079023435
z060_i85,2013,10,2013-07-27,19.266694719393488,44.09460079023435
z060_i85,2013,10,2013-07-28,20.72664459451648,44.09460079023435
z060_i85,2013,10,2013-07-29,-29.89168856770074,44.09460079023435
z060_i85,2013,10,2013-07-30,4.910396867809595,44.09460079023435
z060_i85,2013,10,2013-07-31,11.660532401969869,44.09460079023435
z060_i85,2013,10,2013-08-01,15.744638163752773,44.09460079023435
z060_i85,2013,10,2013-08-02,-8.462332769610192,44.09460079023435
z060_i85,2013,10,2013-08-03,-13.856057802774094,44.09460079023435
z060_i85,2013,10,2013-08-04,3.7844869008434223,44.09460079023435
z060_i85,2013,10,2013-08-05,10.192070177126764,44.09460079023435
z060_i85,2013,10,2013-08-06,14.518427351783835,44.09460079023435
z060_i85,2013,10,2013-08-07,-2.2960658504897387,44.09460079023435
z060_i85,2013,10,2013-08-08,2.359536870260438,44.09460079023435
z060_i85,2013,10,2013-08-09,7.620610349242671,44.09460079023435
z060_i85,2013,10,2013-08-10,12.927969002043875,44.09460079023435
z060_i85,2013,10,2013-08-11,15.591179542480027,44.09460079023435
z060_i85,2013,10,2013-08-12,-6.2081234515828285,44.09460079023435
z060_i85,2013,10,2013-08-13,2.4247758035372087,44.09460079023435
z060_i85,2013,10,2013-08-14,6.877370108174922,44.09460079023435
z060_i85,2013,10,2013-08-15,10.398608047350802,44.09460079023435
z060_i85,2013,10,2013-08-16,13.800829357524618,44.09460079023435
z060_i85,2013,10,2013-08-17,17.00681918593981,44.09460079023435
z060_i85,2013,10,2013-08-18,20.010869919961007,44.09460079023435
z060_i85,2013,10,2013-08-19,23.570600097370352,44.09460079023435
z060_i85,2013,10,2013-08-20,26.92794217318463,44.09460079023435
z060_i85,2013,10,2013-08-21,18.235500076526456,44.09460079023435
z060_i85,2013,10,2013-08-22,15.52495687994558,44.09460079023435
z060_i85,2013,10,2013-08-23,20.698254632494994,44.09460079023435
z060_i85,2013,10,2013-08-24,25.510513269356007,44.09460079023435
z060_i85,2013,10,2013-08-25,28.403330456128927,44.09460079023435
z060_i85,2013,10,2013-08-26,23.779666022253913,44.09460079023435
z060_i85,2013,10,2013-08-27,29.268675546301687,44.09460079023435
z060_i85,2013,10,2013-08-28,31.977783176353352,44.09460079023435
z060_i85,2013,10,2013-08-29,35.42855685188721,44.09460079023435
z060_i85,2013,10,2013-08-30,37.96752291144374,43.814032126201525
z060_i85,2013,10,2013-08-31,40.561236610155646,43.49775896600525
z060_i85,2013,10,2013-09-01,42.77650812632841,43.14123764098362
z060_i85,2013,10,2013-09-02,44.75905058690199,42.73934626608382
z060_i85,2013,10,2013-09-03,46.31845338214605,42.28631115742924
z060_i85,2013,10,2013-09-04,47.61120780721517,41.77562388596232
z060_i85,2013,10,2013-09-05,48.844979581859256,41.199947775532706
z060_i85,2013,10,2013-09-06,49.90086551385986,40.55101250215604
z060_i85,2013,10,2013-09-07,50.69759128788191,39.81949528022689
z060_i85,2013,10,2013-09-08,51.388656803980496,38.99488692877373
z060_i85,2013,10,2013-09-09,27.141924590049268,38.065340893626306
z060_i85,2013,10,2013-09-10,26.870067279105083,37.01750305650566
z060_i85,2013,10,2013-09-11,23.568836420212133,35.83631988602661
z060_i85,2013,10,2013-09-12,14.321453518112106,34.504822174456265
z060_i85,2013,10,2013-09-13,6.450580367173977,33.00388125333053
z060_i85,2013,10,2013-09-14,5.886205900372116,31.31193418565377
z060_i85,2013,10,2013-09-15,-8.143457181886157,29.404673986716055
z060_i85,2013,10,2013-09-16,0.27287109121897,27.25470042315369
z060_i85,2013,10,2013-09-17,4.183007292231023,24.831126373534456
z060_i85,2013,10,2013-09-18,6.293004852575781,22.099134095333856
z060_i85,2013,10,2013-09-19,7.634315269908636,19.019475023509628
z060_i85,2013,10,2013-09-20,9.142543921032921,15.547905914640845
z060_i85,2013,10,2013-09-21,10.590953106806163,11.634553236120745
z060_i85,2013,10,2013-09-22,8.26415283535301,7.223196669040736
z060_i85,2013,10,2013-09-23,-6.038733579754615,2.2504614313675093
z060_i85,2013,11,2013-05-15,4.849505633337308,0.0
z060_i85,2013,11,2013-05-16,6.871663515200866,0.0
z060_i85,2013,11,2013-05-17,8.384192902385255,0.0
z060_i85,2013,11,2013-05-18,9.351126452997839,0.0
z060_i85,2013,11,2013-05-19,10.520677388730238,0.0
z060_i85,2013,11,2013-05-20,10.58352135780396,0.4875
z060_i85,2013,11,2013-05-21,11.562471598010182,0.5738742470010385
z060_i85,2013,11,2013-05-22,12.239030995304748,0.6755521053764285
z060_i85,2013,11,2013-05-23,12.666168790292613,0.6693127862307413
z060_i85,2013,11,2013-05-24,13.26835245772357,0.6619209548482653
z060_i85,2013,11,2013-05-25,13.745202316103581,0.6531637219016666
z060_i85,2013,11,2013-05-26,13.799311113889088,0.6427888736519074
z060_i85,2013,11,2013-05-27,13.799311113889088,0.6304976080361702
z060_i85,2013,11,2013-05-28,13.799311113889088,0.6159359289831668
z060_i85,2013,11,2013-05-29,9.723540120154738,0.6143818734895483
z060_i85,2013,11,2013-05-30,13.360318860824833,0.5968433341676391
z060_i85,2013,11,2013-05-31,13.852423262732367,0.5760651174527448
z060_i85,2013,11,2013-06-01,13.852423262732367,0.5514487978193422
z060_i85,2013,11,2013-06-02,13.852423262732367,0.5222854099979289
z060_i85,2013,11,2013-06-03,13.852423262732367,0.4877350303356464
z060_i85,2013,11,2013-06-04,13.852423262732367,0.44725473740553867
z060_i85,2013,11,2013-06-05,13.852423262732367,0.3988448698282971
z060_i85,2013,11,2013-06-06,13.852423262732367,0.3414928463104251
z060_i85,2013,11,2013-06-07,2.1251044956601404,0.40199784622079293
z060_i85,2013,11,2013-06-08,6.142933207941278,0.4697035459582482
z060_i85,2013,11,2013-06-09,8.802326220637566,0.5002146383819964
z060_i85,2013,11,2013-06-10,10.813952906767696,0.4971646719253846
z060_i85,2013,11,2013-06-11,12.626230329826901,0.4919892516731583
z060_i85,2013,11,2013-06-12,13.725272024574545,0.48584485517409964
z060_i85,2013,11,2013-06-13,0.16662910421751093,0.571925847020236
z060_i85,2013,11,2013-06-14,5.817599412834187,0.6732584918957313
z060_i85,2013,11,2013-06-15,8.416774314553047,0.7552997158503281
z060_i85,2013,11,2013-06-16,10.134000551799211,0.8029385541334338
z060_i85,2013,11,2013-06-17,11.53838121491484,0.8014931616021133
z060_i85,2013,11,2013-06-18,12.832828025579518,0.797414110218366
z060_i85,2013,11,2013-06-19,14.129456297249408,0.7898722849289721
z060_i85,2013,11,2013-06-20,2.3811793891393847,0.9298202312627766
z060_i85,2013,11,2013-06-21,6.667163224730325,1.094563866794374
z060_i85,2013,11,2013-06-22,9.146818471237857,1.2587060028058898
z060_i85,2013,11,2013-06-23,11.117581661503705,1.390370899708613
z060_i85,2013,11,2013-06-24,13.743201876590794,1.4933305389291103
z060_i85,2013,11,2013-06-25,15.577161269617257,1.4891539205056499
z060_i85,2013,11,2013-06-26,17.04677496933672,1.479470485444398
z060_i85,2013,11,2013-06-27,18.386563536676576,1.4644085612154472
z060_i85,2013,11,2013-06-28,19.365673708292956,1.4472142938332304
z060_i85,2013,11,2013-06-29,20.09689967087521,1.426168780619302
z060_i85,2013,11,2013-06-30,20.76788291803851,1.400154095039996
z060_i85,2013,11,2013-07-01,12.560259043305997,1.648230516874868
z060_i85,2013,11,2013-07-02,15.550946142446723,1.7845528464275613
z060_i85,2013,11,2013-07-03,17.517105813784564,1.7834977891972108
z060_i85,2013,11,2013-07-04,18.989341183824124,1.7759089817092177
z060_i85,2013,11,2013-07-05,8.200738297685586,2.0905608812733503
z060_i85,2013,11,2013-07-06,12.5967291907578,2.4530332771669237
z060_i85,2013,11,2013-07-07,15.370332186574124,2.7682616966135956
z060_i85,2013,11,2013-07-08,17.489695617500388,2.969318766693819
z060_i85,2013,11,2013-07-09,19.066393384371196,3.0530794508913965
z060_i85,2013,11,2013-07-10,7.357164875013382,3.5940177864915777
z060_i85,2013,11,2013-07-11,13.34742160931436,4.221834409044736
z060_i85,2013,11,2013-07-12,11.74157181528627,4.969850343494608
z060_i85,2013,11,2013-07-13,10.492545023661325,5.850398202217066
z060_i85,2013,11,2013-07-14,13.967515017245372,6.86198296252059
z060_i85,2013,11,2013-07-15,5.646099711703656,8.077774985744528
z060_i85,2013,11,2013-07-16,12.912253210022424,9.508978538231725
z060_i85,2013,11,2013-07-17,16.664432578448093,10.705160609504695
z060_i85,2013,11,2013-07-18,18.48366314398748,12.158706178870062
z060_i85,2013,11,2013-07-19,19.732030949098775,13.704750365695373
z060_i85,2013,11,2013-07-20,21.694881332467208,14.293764103528005
z060_i85,2013,11,2013-07-21,23.354067438603792,14.555974146190021
z060_i85,2013,11,2013-07-22,25.122223486759726,14.536878657163523
z060_i85,2013,11,2013-07-23,26.596218563911645,14.505215219494854
z060_i85,2013,11,2013-07-24,13.499969044295977,15.347376548577941
z060_i85,2013,11,2013-07-25,16.657999289675395,15.347376548577941
z060_i85,2013,11,2013-07-26,20.196145951353003,15.347376548577941
z060_i85,2013,11,2013-07-27,21.7088968149624,15.347376548577941
z060_i85,2013,11,2013-07-28,22.620218504839105,15.347376548577941
z060_i85,2013,11,2013-07-29,-35.84042367396756,15.347376548577941
z060_i85,2013,11,2013-07-30,5.505162185811037,15.347376548577941
z060_i85,2013,11,2013-07-31,10.991870052155292,15.347376548577941
z060_i85,2013,11,2013-08-01,13.416579024663019,15.347376548577941
z060_i85,2013,11,2013-08-02,-10.582703965766685,15.347376548577941
z060_i85,2013,11,2013-08-03,-13.676809672258486,15.347376548577941
z060_i85,2013,11,2013-08-04,3.827389997959557,15.347376548577941
z060_i85,2013,11,2013-08-05,8.25032137774309,15.347376548577941
z060_i85,2013,11,2013-08-06,10.95657848127805,15.347376548577941
z060_i85,2013,11,2013-08-07,-5.656668977921156,15.347376548577941
z060_i85,2013,11,2013-08-08,1.980566338280776,15.347376548577941
z060_i85,2013,11,2013-08-09,7.484599038426237,15.347376548577941
z060_i85,2013,11,2013-08-10,10.833926379754907,15.347376548577941
z060_i85,2013,11,2013-08-11,12.608158702145897,15.347376548577941
z060_i85,2013,11,2013-08-12,-8.963731780158215,15.347376548577941
z060_i85,2013,11,2013-08-13,2.0938757404998434,15.347376548577941
z060_i85,2013,11,2013-08-14,5.964327368360574,15.347376548577941
z060_i85,2013,11,2013-08-15,8.530508795208965,15.347376548577941
z060_i85,2013,11,2013-08-16,10.735161853451144,15.347376548577941
z060_i85,2013,11,2013-08-17,12.651911970318901,15.347376548577941
z060_i85,2013,11,2013-08-18,14.739881487931955,15.347376548577941
z060_i85,2013,11,2013-08-19,16.996285820813394,15.347376548577941
z060_i85,2013,11,2013-08-20,18.936430724111204,15.347376548577941
z060_i85,2013,11,2013-08-21,7.497348645145098,15.347376548577941
z060_i85,2013,11,2013-08-22,4.9769980494908435,15.347376548577941
z060_i85,2013,11,2013-08-23,10.362638004773222,15.347376548577941
z060_i85,2013,11,2013-08-24,13.627101043474841,15.347376548577941
z060_i85,2013,11,2013-08-25,15.865188063404894,15.347376548577941
z060_i85,2013,11,2013-08-26,9.517228054352438,15.347376548577941
z060_i85,2013,11,2013-08-27,14.190211621730475,15.347376548577941
z060_i85,2013,11,2013-08-28,15.95273530509487,15.347376548577941
z060_i85,2013,11,2013-08-29,18.282722865989037,15.347376548577941
z060_i85,2013,11,2013-08-30,10.746961134481868,15.249723029610218
z060_i85,2013,11,2013-08-31,15.339943177205367,15.139642357719527
z060_i85,2013,11,2013-09-01,17.275149163255136,15.01555308319055
z060_i85,2013,11,2013-09-02,19.04414045721184,14.875672504805115
z060_i85,2013,11,2013-09-03,20.488715714150516,14.717991059057958
z060_i85,2013,11,2013-09-04,21.816324789345515,14.540243450205484
z060_i85,2013,11,2013-09-05,17.305138190721962,14.339876106393614
z060_i85,2013,11,2013-09-06,21.322305145559497,14.114010494330476
z060_i85,2013,11,2013-09-07,22.70117385011958,13.859401765472162
z060_i85,2013,11,2013-09-08,24.047726727920747,13.572392139621176
z060_i85,2013,11,2013-09-09,0.22550841405353061,13.248858356233239
z060_i85,2013,11,2013-09-10,0.24844072440601828,12.884152438503293
z060_i85,2013,11,2013-09-11,-2.8503176016555747,12.473034919230958
z060_i85,2013,11,2013-09-12,-9.724984919433677,12.00959956916956
z060_i85,2013,11,2013-09-13,-9.04847354080886,11.487188546485173
z060_i85,2013,11,2013-09-14,-1.2918189131721152,10.898296748339027
z060_i85,2013,11,2013-09-15,-14.028177473035315,10.234463990481393
z060_i85,2013,11,2013-09-16,0.7076391483126112,9.486153465878857
z060_i85,2013,11,2013-09-17,5.441532210334754,8.642614736277613
z060_i85,2013,11,2013-09-18,8.057775349082442,7.691729288401239
z060_i85,2013,11,2013-09-19,9.676733060870289,6.619836436000176
z060_i85,2013,11,2013-09-20,11.140582939511557,5.411537066612975
z060_i85,2013,11,2013-09-21,12.473721476547354,4.049472413610481
z060_i85,2013,11,2013-09-22,10.81428385742368,2.514074675300239
z060_i85,2013,11,2013-09-23,-2.825992887085191,0.7832858984154308
z060_i85,2013,12,2013-05-15,4.849505633337308,0.0
z060_i85,2013,12,2013-05-16,6.871663515200866,0.0
z060_i85,2013,12,2013-05-17,8.384192902385255,0.0
z060_i85,2013,12,2013-05-18,9.351126452997839,0.0
z060_i85,2013,12,2013-05-19,10.520677388730238,0.0
z060_i85,2013,12,2013-05-20,10.58352135780396,0.4875
z060_i85,2013,12,2013-05-21,11.562471598010182,0.5738742470010385
z060_i85,2013,12,2013-05-22,12.239030995304748,0.6755521053764285
z060_i85,2013,12,2013-05-23,12.666168790292613,0.6693127862307413
z060_i85,2013,12,2013-05-24,13.26835245772357,0.6619209548482653
z060_i85,2013,12,2013-05-25,13.745202316103581,0.6531637219016666
z060_i85,2013,12,2013-05-26,13.799311113889088,0.6427888736519074
z060_i85,2013,12,2013-05-27,13.799311113889088,0.6304976080361702
z060_i85,2013,12,2013-05-28,13.799311113889088,0.6159359289831668
z060_i85,2013,12,2013-05-29,9.723540120154738,0.6143818734895483
z060_i85,2013,12,2013-05-30,13.360318860824833,0.5968433341676391
z060_i85,2013,12,2013-05-31,13.852423262732367,0.5760651174527448
z060_i85,2013,12,2013-06-01,13.852423262732367,0.5514487978193422
z060_i85,2013,12,2013-06-02,13.852423262732367,0.5222854099979289
z060_i85,2013,12,2013-06-03,13.852423262732367,0.4877350303356464
z060_i85,2013,12,2013-06-04,13.852423262732367,0.44725473740553867
z060_i85,2013,12,2013-06-05,13.852423262732367,0.3988448698282971
z060_i85,2013,12,2013-06-06,13.852423262732367,0.3414928463104251
z060_i85,2013,12,2013-06-07,-4.067743551208444,0.40199784622079293
z060_i85,2013,12,2013-06-08,3.8124791664309168,0.4732229975302499
z060_i85,2013,12,2013-06-09,6.709967591086504,0.5415236893745772
z060_i85,2013,12,2013-06-10,8.934620680736431,0.5744149007176365
z060_i85,2013,12,2013-06-11,10.930773133604774,0.5708764273799849
z060_i85,2013,12,2013-06-12,12.321651415238586,0.5654264536885859
z060_i85,2013,12,2013-06-13,-9.394850076714118,0.6656075494256509
z060_i85,2013,12,2013-06-14,2.335630793224823,0.7835385255894399
z060_i85,2013,12,2013-06-15,4.180715493876342,0.9171669290166844
z060_i85,2013,12,2013-06-16,5.483981394093129,1.067081487178045
z060_i85,2013,12,2013-06-17,6.625370653309797,1.2282889594715376
z060_i85,2013,12,2013-06-18,7.768358866173028,1.397358457287118
z060_i85,2013,12,2013-06-19,9.083517393845588,1.537312627704348
z060_i85,2013,12,2013-06-20,-2.9478407309731103,1.809690516162094
z060_i85,2013,12,2013-06-21,3.0490064450918073,2.1303277584973173
z060_i85,2013,12,2013-06-22,5.32501716746463,2.4991209539231973
z060_i85,2013,12,2013-06-23,7.151853770365318,2.9003335852468086
z060_i85,2013,12,2013-06-24,11.542009626433753,3.339557052771646
z060_i85,2013,12,2013-06-25,13.811034651161124,3.601918281329169
z060_i85,2013,12,2013-06-26,15.520719853109224,3.601735350028871
z060_i85,2013,12,2013-06-27,16.99202082141886,3.5858763038771
z060_i85,2013,12,2013-06-28,18.064762759277123,3.570528921579874
z060_i85,2013,12,2013-06-29,18.816973648653228,3.5501684560490188
z060_i85,2013,12,2013-06-30,19.56974345704337,3.5236739193961952
z060_i85,2013,12,2013-07-01,14.009733426861615,4.0830158407849915
z060_i85,2013,12,2013-07-02,16.25082791426534,4.421085767557993
z060_i85,2013,12,2013-07-03,17.779740979675218,4.534641653180327
z060_i85,2013,12,2013-07-04,19.096651032288644,4.5282887173460535
z060_i85,2013,12,2013-07-05,10.20858601052909,5.330601595631312
z060_i85,2013,12,2013-07-06,13.925003225684815,6.127611184414034
z060_i85,2013,12,2013-07-07,16.041483110378312,6.872622549155018
z060_i85,2013,12,2013-07-08,17.936387279710537,7.466507372465696
z060_i85,2013,12,2013-07-09,19.62029008090723,7.815264418952367
z060_i85,2013,12,2013-07-10,11.79230444977602,9.199956889313436
z060_i85,2013,12,2013-07-11,16.84124257181399,10.3470626908774
z060_i85,2013,12,2013-07-12,15.116171433403718,12.049811457077848
z060_i85,2013,12,2013-07-13,13.74512133244351,14.137878733269844
z060_i85,2013,12,2013-07-14,16.17010903953853,16.210249056140736
z060_i85,2013,12,2013-07-15,10.723706911903571,19.082347632393958
z060_i85,2013,12,2013-07-16,17.60131712446727,21.865287805059644
z060_i85,2013,12,2013-07-17,21.24711356132643,23.726392314959032
z060_i85,2013,12,2013-07-18,23.72186580660726,25.967299059719068
z060_i85,2013,12,2013-07-19,25.472125448017206,27.36897336414866
z060_i85,2013,12,2013-07-20,27.335593643835644,27.310046700795198
z060_i85,2013,12,2013-07-21,29.032151032466498,27.226983583578836
z060_i85,2013,12,2013-07-22,30.738441160696077,27.04148782671164
z060_i85,2013,12,2013-07-23,31.882160920802256,26.793906019498042
z060_i85,2013,12,2013-07-24,24.74599208119347,28.349539022059833
z060_i85,2013,12,2013-07-25,27.774124758041737,28.349539022059833
z060_i85,2013,12,2013-07-26,30.211883861055938,28.30470583087856
z060_i85,2013,12,2013-07-27,31.322589686839496,28.224347419729696
z060_i85,2013,12,2013-07-28,32.17851122406171,28.179571774075423
z060_i85,2013,12,2013-07-29,-26.401168362110226,28.179571774075423
z060_i85,2013,12,2013-07-30,5.082485085823202,28.179571774075423
z060_i85,2013,12,2013-07-31,11.428947123940008,28.179571774075423
z060_i85,2013,12,2013-08-01,14.358118561084407,28.179571774075423
z060_i85,2013,12,2013-08-02,-9.746807317799941,28.179571774075423
z060_i85,2013,12,2013-08-03,-13.808775986785136,28.179571774075423
z060_i85,2013,12,2013-08-04,3.84904693514809,28.179571774075423
z060_i85,2013,12,2013-08-05,9.73410013358055,28.179571774075423
z060_i85,2013,12,2013-08-06,13.238670163719855,28.179571774075423
z060_i85,2013,12,2013-08-07,-3.9721765084141194,28.179571774075423
z060_i85,2013,12,2013-08-08,2.1354120068532856,28.179571774075423
z060_i85,2013,12,2013-08-09,7.718148540188419,28.179571774075423
z060_i85,2013,12,2013-08-10,11.745451132794276,28.179571774075423
z060_i85,2013,12,2013-08-11,13.953619891437679,28.179571774075423
z060_i85,2013,12,2013-08-12,-7.728876093153081,28.179571774075423
z060_i85,2013,12,2013-08-13,2.2089314073078814,28.179571774075423
z060_i85,2013,12,2013-08-14,6.395271110734997,28.179571774075423
z060_i85,2013,12,2013-08-15,9.410663694435097,28.179571774075423
z060_i85,2013,12,2013-08-16,12.172712323407483,28.179571774075423
z060_i85,2013,12,2013-08-17,14.685654133531854,28.179571774075423
z060_i85,2013,12,2013-08-18,17.208796438122704,28.179571774075423
z060_i85,2013,12,2013-08-19,20.092815496691596,28.179571774075423
z060_i85,2013,12,2013-08-20,22.706544302506696,28.179571774075423
z060_i85,2013,12,2013-08-21,14.148912735099968,28.179571774075423
z060_i85,2013,12,2013-08-22,11.539871313229341,28.179571774075423
z060_i85,2013,12,2013-08-23,16.842016766147573,28.179571774075423
z060_i85,2013,12,2013-08-24,20.221444576971514,28.179571774075423
z060_i85,2013,12,2013-08-25,22.524001922789896,28.179571774075423
z060_i85,2013,12,2013-08-26,18.149110430359045,28.179571774075423
z060_i85,2013,12,2013-08-27,23.777548758722613,28.179571774075423
z060_i85,2013,12,2013-08-28,25.780579293934736,28.179571774075423
z060_i85,2013,12,2013-08-29,28.333065959006262,28.179571774075423
z060_i85,2013,12,2013-08-30,30.20765481784119,28.00026853367914
z060_i85,2013,12,2013-08-31,32.12009406194961,27.798147592379262
z060_i85,2013,12,2013-09-01,33.93281160111758,27.57030522421203
z060_i85,2013,12,2013-09-02,35.90106184861058,27.313468182002577
z060_i85,2013,12,2013-09-03,37.68117302353371,27.023946672980653
z060_i85,2013,12,2013-09-04,39.39115770612372,26.697581350185946
z060_i85,2013,12,2013-09-05,41.223673222474346,26.329683558126447
z060_i85,2013,12,2013-09-06,42.86990438760259,25.914967974242607
z060_i85,2013,12,2013-09-07,44.176334577144345,25.44747667848537
z060_i85,2013,12,2013-09-08,45.36045343434692,24.920493560170744
z060_i85,2013,12,2013-09-09,21.331648776176444,24.326447832455585
z060_i85,2013,12,2013-09-10,21.210411913666555,23.65680526829674
z060_i85,2013,12,2013-09-11,18.012319967676184,22.90194559535882
z060_i85,2013,12,2013-09-12,8.844975477373175,22.051024288491625
z060_i85,2013,12,2013-09-13,1.162955795201725,21.091816774249274
z060_i85,2013,12,2013-09-14,0.8983002992799216,20.010542809249614
z060_i85,2013,12,2013-09-15,-13.060882665803753,18.791668509344266
z060_i85,2013,12,2013-09-16,0.4464713243137912,17.417683185495083
z060_i85,2013,12,2013-09-17,4.8204442820988485,15.868847780318735
z060_i85,2013,12,2013-09-18,7.202853246722519,14.122911291268503
z060_i85,2013,12,2013-09-19,8.815399438762341,12.154791106509435
z060_i85,2013,12,2013-09-20,10.371530137031046,9.936212661102651
z060_i85,2013,12,2013-09-21,11.798650817499217,7.435303236698688
z060_i85,2013,12,2013-09-22,9.830634148353196,4.6161340691528725
z060_i85,2013,12,2013-09-23,-4.119509992176795,1.438204185852467
z060_i100,2012,1,2012-04-30,3.7992117659588165,0.0
z060_i100,2012,1,2012-05-01,5.396983051524822,0.0
z060_i100,2012,1,2012-05-02,6.860737969024848,0.0
z060_i100,2012,1,2012-05-03,8.264962904687456,0.0
z060_i100,2012,1,2012-05-04,9.565999613481369,0.0
z060_i100,2012,1,2012-05-05,11.014685633600665,0.4875
z060_i100,2012,1,2012-05-06,11.835360542347184,0.5738742470010385
z060_i100,2012,1,2012-05-07,9.833715849062798,0.6755521053764285
z060_i100,2012,1,2012-05-08,13.45370752995099,0.6693313701791065
z060_i100,2012,1,2012-05-09,14.502446835852503,0.661942971579503
z060_i100,2012,1,2012-05-10,15.405956295467853,0.6531898055112884
z060_i100,2012,1,2012-05-11,15.608405291815703,0.6428197753640442
z060_i100,2012,1,2012-05-12,16.45950914200107,0.6305342178392933
z060_i100,2012,1,2012-05-13,16.92807137652366,0.6159793012623072
z060_i100,2012,1,2012-05-14,17.04778479371845,0.598735835010472
z060_i100,2012,1,2012-05-15,17.10697356008825,0.5783071965634253
z060_i100,2012,1,2012-05-16,17.154152246181617,0.5541050284665241
z060_i100,2012,1,2012-05-17,17.193900338451645,0.5254322932713235
z060_i100,2012,1,2012-05-18,17.224311839594975,0.4914631984248431
z060_i100,2012,1,2012-05-19,17.241088069400334,0.4512194129319853
z060_i100,2012,1,2012-05-20,17.279218461246796,0.4035418908162331
z060_i100,2012,1,2012-05-21,17.31915225727216,0.34705748987682655
z060_i100,2012,1,2012-05-22,17.350642493394123,0.280139424341925
z060_i100,2012,1,2012-05-23,7.544126330253859,0.3297739511785161
z060_i100,2012,1,2012-05-24,11.216028406261847,0.35809089976423764
z060_i100,2012,1,2012-05-25,12.301820983489321,0.3568702278930667
z060_i100,2012,1,2012-05-26,14.067310595320283,0.3539939405341174
z060_i100,2012,1,2012-05-27,15.281516997665612,0.34994811735650233
z060_i100,2012,1,2012-05-28,16.160104631255397,0.345129477253682
z060_i100,2012,1,2012-05-29,16.829445614215356,0.3394194086136843
z060_i100,2012,1,2012-05-30,-1.679153601655988,0.39955704109890433
z060_i100,2012,1,2012-05-31,3.9430144907893556,0.4703497355786599
z060_i100,2012,1,2012-06-01,8.615070929303378,0.5483710054332483
z060_i100,2012,1,2012-06-02,10.790316337387408,0.6154328929749784
z060_i100,2012,1,2012-06-03,12.505898658629144,0.6548399445472914
z060_i100,2012,1,2012-06-04,14.661096749358034,0.6548372728504921
z060_i100,2012,1,2012-06-05,16.12730885114641,0.65234198576406
z060_i100,2012,1,2012-06-06,-5.274858891628884,0.7679225966513069
z060_i100,2012,1,2012-06-07,-7.024314079002041,0.9039815423761045
z060_i100,2012,1,2012-06-08,4.9260665404969,1.0641471321721525
z060_i100,2012,1,2012-06-09,7.887385461449424,1.239279745354905
z060_i100,2012,1,2012-06-10,10.129226737478836,1.413702875187721
z060_i100,2012,1,2012-06-11,11.653415950299326,1.58406883798693
z060_i100,2012,1,2012-06-12,12.80139552997955,1.7628418260295957
z060_i100,2012,1,2012-06-13,14.020667690874287,1.8994389511361935
z060_i100,2012,1,2012-06-14,-13.124217736838686,2.235977636528667
z060_i100,2012,1,2012-06-15,4.049230581189743,2.632143553792924
z060_i100,2012,1,2012-06-16,7.228623741382848,3.0861570290897418
z060_i100,2012,1,2012-06-17,9.53235735435851,3.574056201809129
z060_i100,2012,1,2012-06-18,13.327715133703714,4.078633604484688
z060_i100,2012,1,2012-06-19,-9.235554995740511,4.801277515008782
z060_i100,2012,1,2012-06-20,1.0598326504017939,5.651957986807551
z060_i100,2012,1,2012-06-21,4.297013503068664,6.635657984584251
z060_i100,2012,1,2012-06-22,9.155285464289692,7.794736899413282
z060_i100,2012,1,2012-06-23,12.88553508139039,8.93584360834929
z060_i100,2012,1,2012-06-24,15.565331857891517,10.010225780490483
z060_i100,2012,1,2012-06-25,-15.12832717564595,11.78381698890125
z060_i100,2012,1,2012-06-26,1.9338579915270946,13.87164943857179
z060_i100,2012,1,2012-06-27,7.192247491591046,16.329399746097984
z060_i100,2012,1,2012-06-28,10.990556205632632,19.061279302776594
z060_i100,2012,1,2012-06-29,-22.23036482130926,22.438517552322867
z060_i100,2012,1,2012-06-30,5.380811427940473,26.41412792647974
z060_i100,2012,1,2012-07-01,11.506894574933561,30.831835949207615
z060_i100,2012,1,2012-07-02,16.848214799719656,35.32127981803263
z060_i100,2012,1,2012-07-03,20.607167646829836,39.21003518975229
z060_i100,2012,1,2012-07-04,-15.941511587447103,44.93422962809512
z060_i100,2012,1,2012-07-05,5.580759223111872,49.72003031447713
z060_i100,2012,1,2012-07-06,7.8446089775337065,53.60424974779008
z060_i100,2012,1,2012-07-07,-12.850083615893242,56.66233460087129
z060_i100,2012,1,2012-07-08,-0.35592674413072023,58.95355153850209
z060_i100,2012,1,2012-07-09,6.268902371232157,60.505700741714584
z060_i100,2012,1,2012-07-10,12.833447731813777,60.505700741714584
z060_i100,2012,1,2012-07-11,17.89148888972081,60.505700741714584
z060_i100,2012,1,2012-07-12,22.923200159482747,60.505700741714584
z060_i100,2012,1,2012-07-13,-19.38988637321438,60.505700741714584
z060_i100,2012,1,2012-07-14,6.435535035856843,60.505700741714584
z060_i100,2012,1,2012-07-15,13.978630401513408,60.505700741714584
z060_i100,2012,1,2012-07-16,14.833710085087649,60.505700741714584
z060_i100,2012,1,2012-07-17,21.247187333341728,60.505700741714584
z060_i100,2012,1,2012-07-18,-3.732522725738248,60.505700741714584
z060_i100,2012,1,2012-07-19,5.795594874494334,60.505700741714584
z060_i100,2012,1,2012-07-20,13.394471978703143,60.505700741714584
z060_i100,2012,1,2012-07-21,19.820780855434688,60.505700741714584
z060_i100,2012,1,2012-07-22,25.25437398461569,60.505700741714584
z060_i100,2012,1,2012-07-23,-9.940758702117924,60.505700741714584
z060_i100,2012,1,2012-07-24,5.726385630648821,60.505700741714584
z060_i100,2012,1,2012-07-25,11.028827778801226,60.505700741714584
z060_i100,2012,1,2012-07-26,16.055515229732325,60.505700741714584
z060_i100,2012,1,2012-07-27,-7.57561684550545,60.505700741714584
z060_i100,2012,1,2012-07-28,4.993846040980574,60.505700741714584
z060_i100,2012,1,2012-07-29,11.026935831303275,60.505700741714584
z060_i100,2012,1,2012-07-30,15.1310856708499,60.505700741714584
z060_i100,2012,1,2012-07-31,19.73943240233936,60.505700741714584
z060_i100,2012,1,2012-08-01,-10.158996569000653,60.505700741714584
z060_i100,2012,1,2012-08-02,3.8967751756727784,60.505700741714584
z060_i100,2012,1,2012-08-03,10.105680903832074,60.505700741714584
z060_i100,2012,1,2012-08-04,14.77369139826994,60.505700741714584
z060_i100,2012,1,2012-08-05,19.004047098256216,60.505700741714584
z060_i100,2012,1,2012-08-06,-5.259140430359867,60.505700741714584
z060_i100,2012,1,2012-08-07,1.0787628648804621,60.505700741714584
z060_i100,2012,1,2012-08-08,7.481426364502947,60.505700741714584
z060_i100,2012,1,2012-08-09,13.519593402789221,60.505700741714584
z060_i100,2012,1,2012-08-10,-11.519678217459756,60.505700741714584
z060_i100,2012,1,2012-08-11,3.2476480536792334,60.505700741714584
z060_i100,2012,1,2012-08-12,9.772118352685245,60.505700741714584
z060_i100,2012,1,2012-08-13,12.94308630164163,60.505700741714584
z060_i100,2012,1,2012-08-14,16.80375204591003,60.505700741714584
z060_i100,2012,1,2012-08-15,-9.446951998665986,60.120710214093506
z060_i100,2012,1,2012-08-16,1.8182864282549114,59.68672671406124
z060_i100,2012,1,2012-08-17,6.45118509826354,59.19751551329726
z060_i100,2012,1,2012-08-18,10.945342280291719,58.64604846688851
z060_i100,2012,1,2012-08-19,14.562612496161323,58.02440304503417
z060_i100,2012,1,2012-08-20,16.012170675121556,57.323648515767104
z060_i100,2012,1,2012-08-21,-9.64452845490999,56.53371764356102
z060_i100,2012,1,2012-08-22,2.6314283962796616,55.643262060609764
z060_i100,2012,1,2012-08-23,7.696277107346367,54.63948923300186
z060_i100,2012,1,2012-08-24,10.751983882432715,53.507978679601095
z060_i100,2012,1,2012-08-25,14.30208840769248,52.232474803382004
z060_i100,2012,1,2012-08-26,17.217836591453757,50.79465335897721
z060_i100,2012,1,2012-08-27,19.65807314925725,49.17385820144438
z060_i100,2012,1,2012-08-28,-11.799561863445756,47.34680453431162
z060_i100,2012,1,2012-08-29,2.276169967583632,45.28724439368008
z060_i100,2012,1,2012-08-30,8.21887834794947,42.965589562634534
z060_i100,2012,1,2012-08-31,12.146022558218611,40.348486498645215
z060_i100,2012,1,2012-09-01,14.13035068297444,37.3983371672488
z060_i100,2012,1,2012-09-02,16.10225277237299,34.072758898171365
z060_i100,2012,1,2012-09-03,17.44637004638908,30.32397550403551
z060_i100,2012,1,2012-09-04,18.613932763476097,26.098130914292206
z060_i100,2012,1,2012-09-05,-23.304619156440513,21.334515463851044
z060_i100,2012,1,2012-09-06,1.7368510692244234,15.964693721054719
z060_i100,2012,1,2012-09-07,5.728318803995607,9.91152132513058
z060_i100,2012,1,2012-09-08,7.787587736953727,3.0880367087312384
z060_i100,2012,2,2012-04-30,3.7992117659588165,0.0
z060_i100,2012,2,2012-05-01,5.396983051524822,0.0
z060_i100,2012,2,2012-05-02,6.860737969024848,0.0
z060_i100,2012,2,2012-05-03,8.264962904687456,0.0
z060_i100,2012,2,2012-05-04,9.565999613481369,0.0
z060_i100,2012,2,2012-05-05,11.014685633600665,0.4875
z060_i100,2012,2,2012-05-06,11.835360542347184,0.5738742470010385
z060_i100,2012,2,2012-05-07,9.833715849062798,0.6755521053764285
z060_i100,2012,2,2012-05-08,13.45370752995099,0.6693313701791065
z060_i100,2012,2,2012-05-09,14.502446835852503,0.661942971579503
z060_i100,2012,2,2012-05-10,15.405956295467853,0.6531898055112884
z060_i100,2012,2,2012-05-11,15.608405291815703,0.6428197753640442
z060_i100,2012,2,2012-05-12,16.45950914200107,0.6305342178392933
z060_i100,2012,2,2012-05-13,16.92807137652366,0.6159793012623072
z060_i100,2012,2,2012-05-14,17.04778479371845,0.598735835010472
z060_i100,2012,2,2012-05-15,17.10697356008825,0.5783071965634253
z060_i100,2012,2,2012-05-16,17.154152246181617,0.5541050284665241
z060_i100,2012,2,2012-05-17,17.193900338451645,0.5254322932713235
z060_i100,2012,2,2012-05-18,17.224311839594975,0.4914631984248431
z060_i100,2012,2,2012-05-19,17.241088069400334,0.4512194129319853
z060_i100,2012,2,2012-05-20,17.279218461246796,0.4035418908162331
z060_i100,2012,2,2012-05-21,17.31915225727216,0.34705748987682655
z060_i100,2012,2,2012-05-22,17.350642493394123,0.280139424341925
z060_i100,2012,2,2012-05-23,7.544126330253859,0.3297739511785161
z060_i100,2012,2,2012-05-24,11.216028406261847,0.35809089976423764
z060_i100,2012,2,2012-05-25,12.301820983489321,0.3568702278930667
z060_i100,2012,2,2012-05-26,14.067310595320283,0.3539939405341174
z060_i100,2012,2,2012-05-27,15.281516997665612,0.34994811735650233
z060_i100,2012,2,2012-05-28,16.160104631255397,0.345129477253682
z060_i100,2012,2,2012-05-29,16.829445614215356,0.3394194086136843
z060_i100,2012,2,2012-05-30,-2.1970436365595334,0.39955704109890433
z060_i100,2012,2,2012-05-31,3.5918868121692182,0.4703497355786599
z060_i100,2012,2,2012-06-01,8.296201277228151,0.5494201718021174
z060_i100,2012,2,2012-06-02,10.478332295785728,0.6198428749941995
z060_i100,2012,2,2012-06-03,12.19960601437405,0.6655693807329005
z060_i100,2012,2,2012-06-04,14.44855632544479,0.6911310805920245
z060_i100,2012,2,2012-06-05,15.944824650559507,0.6888312004968435
z060_i100,2012,2,2012-06-06,-10.176782624902325,0.8108768953763026
z060_i100,2012,2,2012-06-07,-7.121969307843152,0.9545463953735702
z060_i100,2012,2,2012-06-08,4.927954755911892,1.1236709617898732
z060_i100,2012,2,2012-06-09,7.895496698963281,1.3085407139326324
z060_i100,2012,2,2012-06-10,10.143322543267589,1.4925875644316697
z060_i100,2012,2,2012-06-11,11.67308500498881,1.6720517815258227
z060_i100,2012,2,2012-06-12,12.827301407005967,1.860264349570555
z060_i100,2012,2,2012-06-13,14.0558860948081,2.0036511810187068
z060_i100,2012,2,2012-06-14,-2.017739032212858,2.358653974892004
z060_i100,2012,2,2012-06-15,4.520386903582052,2.7765554333890363
z060_i100,2012,2,2012-06-16,7.478354253530239,3.253666771016132
z060_i100,2012,2,2012-06-17,9.77917981236129,3.7639446101786564
z060_i100,2012,2,2012-06-18,13.46675307670033,4.287918865922974
z060_i100,2012,2,2012-06-19,-8.607120066391547,5.047643508478141
z060_i100,2012,2,2012-06-20,1.1324656913586626,5.941974600118098
z060_i100,2012,2,2012-06-21,4.426791811871001,6.975344462003445
z060_i100,2012,2,2012-06-22,9.237842264163413,8.191750727159992
z060_i100,2012,2,2012-06-23,12.980238133870106,9.386820917113981
z060_i100,2012,2,2012-06-24,15.693625150339047,10.507160020120931
z060_i100,2012,2,2012-06-25,-15.003421749125813,12.368797014700139
z060_i100,2012,2,2012-06-26,1.9956307875091743,14.560275021784076
z060_i100,2012,2,2012-06-27,7.252353232720066,17.14003459334228
z060_i100,2012,2,2012-06-28,11.088999411657102,20.004306731540467
z060_i100,2012,2,2012-06-29,-22.237477327076487,23.54862864069864
z060_i100,2012,2,2012-06-30,5.401778813742182,27.720926213513902
z060_i100,2012,2,2012-07-01,11.613645189060776,32.35563540703505
z060_i100,2012,2,2012-07-02,17.026222119442203,37.048690248111136
z060_i100,2012,2,2012-07-03,20.87383992761924,40.798520223020034
z060_i100,2012,2,2012-07-04,-15.877980389524373,46.393555630972486
z060_i100,2012,2,2012-07-05,5.573009024185117,51.050937226527694
z060_i100,2012,2,2012-07-06,7.83113637204546,54.8234553228077
z060_i100,2012,2,2012-07-07,-12.867834997429027,57.79359659476172
z060_i100,2012,2,2012-07-08,-0.3601400103134853,60.018923332376815
z060_i100,2012,2,2012-07-09,6.259518022556098,61.52643624656133
z060_i100,2012,2,2012-07-10,12.833838991058931,61.52643624656133
z060_i100,2012,2,2012-07-11,17.93190923612006,61.52643624656133
z060_i100,2012,2,2012-07-12,23.010246902423084,61.52643624656133
z060_i100,2012,2,2012-07-13,-25.50981553465371,61.52643624656133
z060_i100,2012,2,2012-07-14,6.562754604850026,61.52643624656133
z060_i100,2012,2,2012-07-15,14.049422026356648,61.52643624656133
z060_i100,2012,2,2012-07-16,14.89229178899742,61.52643624656133
z060_i100,2012,2,2012-07-17,21.297635697854773,61.52643624656133
z060_i100,2012,2,2012-07-18,-5.190840336461723,61.52643624656133
z060_i100,2012,2,2012-07-19,5.654969810056463,61.52643624656133
z060_i100,2012,2,2012-07-20,13.336853401474999,61.52643624656133
z060_i100,2012,2,2012-07-21,19.966358894161765,61.52643624656133
z060_i100,2012,2,2012-07-22,25.445624199627716,61.52643624656133
z060_i100,2012,2,2012-07-23,-9.760049507999991,61.52643624656133
z060_i100,2012,2,2012-07-24,5.720633094912342,61.52643624656133
z060_i100,2012,2,2012-07-25,11.025056285699383,61.52643624656133
z060_i100,2012,2,2012-07-26,16.08373802792738,61.52643624656133
z060_i100,2012,2,2012-07-27,-7.558276914627184,61.52643624656133
z060_i100,2012,2,2012-07-28,4.984284862110702,61.52643624656133
z060_i100,2012,2,2012-07-29,11.015521570663537,61.52643624656133
z060_i100,2012,2,2012-07-30,15.143990204797657,61.52643624656133
z060_i100,2012,2,2012-07-31,19.787196333779008,61.52643624656133
z060_i100,2012,2,2012-08-01,-11.219625722587146,61.52643624656133
z060_i100,2012,2,2012-08-02,3.8677998201613994,61.52643624656133
z060_i100,2012,2,2012-08-03,10.123300267503168,61.52643624656133
z060_i100,2012,2,2012-08-04,14.809121120869404,61.52643624656133
z060_i100,2012,2,2012-08-05,19.069915016827387,61.52643624656133
z060_i100,2012,2,2012-08-06,-5.305353075370606,61.52643624656133
z060_i100,2012,2,2012-08-07,1.0627209793144852,61.52643624656133
z060_i100,2012,2,2012-08-08,7.457983597163459,61.52643624656133
z060_i100,2012,2,2012-08-09,13.51962311887509,61.52643624656133
z060_i100,2012,2,2012-08-10,6.467260794371739,61.52643624656133
z060_i100,2012,2,2012-08-11,11.36377475756465,61.52643624656133
z060_i100,2012,2,2012-08-12,16.764266391645503,61.52643624656133
z060_i100,2012,2,2012-08-13,19.711258209185043,61.52643624656133
z060_i100,2012,2,2012-08-14,23.398269702208374,61.52643624656133
z060_i100,2012,2,2012-08-15,27.921512316776017,61.1349509011668
z060_i100,2012,2,2012-08-16,30.24516346332865,60.693646068407695
z060_i100,2012,2,2012-08-17,33.08686481723492,60.19618183965021
z060_i100,2012,2,2012-08-18,36.581806351730066,59.63541150467324
z060_i100,2012,2,2012-08-19,39.69358049082953,59.00327888003083
z060_i100,2012,2,2012-08-20,41.05243173206608,58.290702571667964
z060_i100,2012,2,2012-08-21,30.381845126810273,57.48744550907402
z060_i100,2012,2,2012-08-22,34.59523417751164,56.58196787666518
z060_i100,2012,2,2012-08-23,38.598187299306964,55.561261329566726
z060_i100,2012,2,2012-08-24,41.10619643607341,54.41066211209288
z060_i100,2012,2,2012-08-25,43.715422209206615,53.113640394132155
z060_i100,2012,2,2012-08-26,45.765043728390026,51.65156279898548
z060_i100,2012,2,2012-08-27,47.34770875776991,50.00342471106599
z060_i100,2012,2,2012-08-28,34.97048331143737,48.145548517717664
z060_i100,2012,2,2012-08-29,38.83129427226661,46.05124345001084
z060_i100,2012,2,2012-08-30,43.59322863963518,43.69042213569186
z060_i100,2012,2,2012-08-31,46.06215999581196,41.02916835557977
z060_i100,2012,2,2012-09-01,47.06607329342884,38.0292497936771
z060_i100,2012,2,2012-09-02,47.96220237292164,34.64756878102707
z060_i100,2012,2,2012-09-03,48.57920593929998,30.835543142549493
z060_i100,2012,2,2012-09-04,49.06918806674131,26.538408251928125
z060_i100,2012,2,2012-09-05,49.42820126097809,21.694430267674516
z060_i100,2012,2,2012-09-06,49.6724924145592,16.234019247498065
z060_i100,2012,2,2012-09-07,49.807901806212364,10.078729399734943
z060_i100,2012,2,2012-09-08,49.91720426301763,3.1401321091683894
z060_i100,2012,3,2012-04-30,3.7992117659588165,0.0
z060_i100,2012,3,2012-05-01,5.396983051524822,0.0
z060_i100,2012,3,2012-05-02,6.860737969024848,0.0
z060_i100,2012,3,2012-05-03,8.264962904687456,0.0
z060_i100,2012,3,2012-05-04,9.565999613481369,0.0
z060_i100,2012,3,2012-05-05,11.014685633600665,0.4875
z060_i100,2012,3,2012-05-06,11.835360542347184,0.5738742470010385
z060_i100,2012,3,2012-05-07,9.833715849062798,0.6755521053764285
z060_i100,2012,3,2012-05-08,13.45370752995099,0.6693313701791065
z060_i100,2012,3,2012-05-09,14.502446835852503,0.661942971579503
z060_i100,2012,3,2012-05-10,15.405956295467853,0.6531898055112884
z060_i100,2012,3,2012-05-11,15.608405291815703,0.6428197753640442
z060_i100,2012,3,2012-05-12,16.45950914200107,0.6305342178392933
z060_i100,2012,3,2012-05-13,16.92807137652366,0.6159793012623072
z060_i100,2012,3,2012-05-14,17.04778479371845,0.598735835010472
z060_i100,2012,3,2012-05-15,17.10697356008825,0.5783071965634253
z060_i100,2012,3,2012-05-16,17.154152246181617,0.5541050284665241
z060_i100,2012,3,2012-05-17,17.193900338451645,0.5254322932713235
z060_i100,2012,3,2012-05-18,17.224311839594975,0.4914631984248431
z060_i100,2012,3,2012-05-19,17.241088069400334,0.4512194129319853
z060_i100,2012,3,2012-05-20,17.279218461246796,0.4035418908162331
z060_i100,2012,3,2012-05-21,17.31915225727216,0.34705748987682655
z060_i100,2012,3,2012-05-22,17.350642493394123,0.280139424341925
z060_i100,2012,3,2012-05-23,7.544126330253859,0.3297739511785161
z060_i100,2012,3,2012-05-24,11.216028406261847,0.35809089976423764
z060_i100,2012,3,2012-05-25,12.301820983489321,0.3568702278930667
z060_i100,2012,3,2012-05-26,14.067310595320283,0.3539939405341174
z060_i100,2012,3,2012-05-27,15.281516997665612,0.34994811735650233
z060_i100,2012,3,2012-05-28,16.160104631255397,0.345129477253682
z060_i100,2012,3,2012-05-29,16.829445614215356,0.3394194086136843
z060_i100,2012,3,2012-05-30,-2.287703757155687,0.39955704109890433
z060_i100,2012,3,2012-05-31,3.5751572811727446,0.4703497355786599
z060_i100,2012,3,2012-06-01,8.290734872097287,0.5494470504695044
z060_i100,2012,3,2012-06-02,10.47248436510699,0.6199613239216215
z060_i100,2012,3,2012-06-03,12.191568898194014,0.6658778687554762
z060_i100,2012,3,2012-06-04,14.438494093080449,0.6916764631130619
z060_i100,2012,3,2012-06-05,15.931567665331526,0.6893891944784167
z060_i100,2012,3,2012-06-06,-5.920524707146995,0.8115337535834951
z060_i100,2012,3,2012-06-07,-7.052808587185676,0.9553196343664709
z060_i100,2012,3,2012-06-08,4.928802700582233,1.124581201676648
z060_i100,2012,3,2012-06-09,7.895443039939967,1.3096007092442432
z060_i100,2012,3,2012-06-10,10.143340479424475,1.4937966485691523
z060_i100,2012,3,2012-06-11,11.673222457860371,1.6734062422852902
z060_i100,2012,3,2012-06-12,12.827566964312672,1.861771273633296
z060_i100,2012,3,2012-06-13,14.056313753747496,2.0052742568889252
z060_i100,2012,3,2012-06-14,-1.8876212171793807,2.3605646240055362
z060_i100,2012,3,2012-06-15,4.529131733833638,2.7788046073814696
z060_i100,2012,3,2012-06-16,7.477875908429155,3.2563024333888015
z060_i100,2012,3,2012-06-17,9.778434652689068,3.766993627757911
z060_i100,2012,3,2012-06-18,13.466687947042148,4.291392333615686
z060_i100,2012,3,2012-06-19,-9.620706947107433,5.051732398030217
z060_i100,2012,3,2012-06-20,1.0351839299566596,5.946787950708391
z060_i100,2012,3,2012-06-21,4.282404696951438,6.981935654827898
z060_i100,2012,3,2012-06-22,9.002857500101042,8.201653213148779
z060_i100,2012,3,2012-06-23,12.740365400133163,9.410003338029043
z060_i100,2012,3,2012-06-24,15.467950234242947,10.554977673936103
z060_i100,2012,3,2012-06-25,-7.235211294225224,12.425086902036625
z060_i100,2012,3,2012-06-26,2.623118614910071,14.626538235546125
z060_i100,2012,3,2012-06-27,7.683546339027369,17.21803818698652
z060_i100,2012,3,2012-06-28,11.469943765723013,20.071851430655244
z060_i100,2012,3,2012-06-29,-13.758121869668852,23.62814077063384
z060_i100,2012,3,2012-06-30,5.425833546227329,27.814526139040076
z060_i100,2012,3,2012-07-01,11.623274203713606,32.46410122801401
z060_i100,2012,3,2012-07-02,17.03900308151811,37.17104243218552
z060_i100,2012,3,2012-07-03,20.892907475299463,40.91234929865742
z060_i100,2012,3,2012-07-04,1.3408585320564284,46.497801556692885
z060_i100,2012,3,2012-07-05,8.241002698457969,51.14579049234479
z060_i100,2012,3,2012-07-06,9.687412323957162,54.91034767376459
z060_i100,2012,3,2012-07-07,-11.145232009632323,57.87422123773538
z060_i100,2012,3,2012-07-08,-0.3572051197794627,60.09485200405431
z060_i100,2012,3,2012-07-09,6.259268365161156,61.59918370567623
z060_i100,2012,3,2012-07-10,12.833905066528514,61.59918370567623
z060_i100,2012,3,2012-07-11,17.934541926648087,61.59918370567623
z060_i100,2012,3,2012-07-12,23.01617437954761,61.59918370567623
z060_i100,2012,3,2012-07-13,-8.504386031396233,61.59918370567623
z060_i100,2012,3,2012-07-14,6.5770125607089085,61.59918370567623
z060_i100,2012,3,2012-07-15,13.939498153365008,61.59918370567623
z060_i100,2012,3,2012-07-16,14.770012520464842,61.59918370567623
z060_i100,2012,3,2012-07-17,21.173647430528806,61.59918370567623
z060_i100,2012,3,2012-07-18,2.2844527042667075,61.59918370567623
z060_i100,2012,3,2012-07-19,9.037645547242377,61.59918370567623
z060_i100,2012,3,2012-07-20,16.323559410266917,61.59918370567623
z060_i100,2012,3,2012-07-21,22.917553965613312,61.59918370567623
z060_i100,2012,3,2012-07-22,28.345775641417145,61.59918370567623
z060_i100,2012,3,2012-07-23,-14.960723709335259,61.59918370567623
z060_i100,2012,3,2012-07-24,5.583507721453002,61.59918370567623
z060_i100,2012,3,2012-07-25,11.023546400593863,61.59918370567623
z060_i100,2012,3,2012-07-26,16.09626378597617,61.59918370567623
z060_i100,2012,3,2012-07-27,-7.545355784992075,61.59918370567623
z060_i100,2012,3,2012-07-28,4.984554078728629,61.59918370567623
z060_i100,2012,3,2012-07-29,11.014758185825567,61.59918370567623
z060_i100,2012,3,2012-07-30,15.144871274672028,61.59918370567623
z060_i100,2012,3,2012-07-31,19.790544272519057,61.59918370567623
z060_i100,2012,3,2012-08-01,-11.116877327546982,61.59918370567623
z060_i100,2012,3,2012-08-02,3.8700864246292794,61.59918370567623
z060_i100,2012,3,2012-08-03,10.124946020198895,61.59918370567623
z060_i100,2012,3,2012-08-04,14.811731284935433,61.59918370567623
z060_i100,2012,3,2012-08-05,19.074649999220537,61.59918370567623
z060_i100,2012,3,2012-08-06,-5.3014850837831995,61.59918370567623
z060_i100,2012,3,2012-08-07,1.0622994615161439,61.59918370567623
z060_i100,2012,3,2012-08-08,7.4563739818631944,61.59918370567623
z060_i100,2012,3,2012-08-09,13.519642951152482,61.59918370567623
z060_i100,2012,3,2012-08-10,-2.233660092277177,61.59918370567623
z060_i100,2012,3,2012-08-11,4.3683041540967995,61.59918370567623
z060_i100,2012,3,2012-08-12,10.075648113821346,61.59918370567623
z060_i100,2012,3,2012-08-13,13.175841691328507,61.59918370567623
z060_i100,2012,3,2012-08-14,17.03827086768197,61.59918370567623
z060_i100,2012,3,2012-08-15,0.7712868350185552,61.207235476911634
z060_i100,2012,3,2012-08-16,4.125079939803715,60.76540885535348
z060_i100,2012,3,2012-08-17,7.70992522075639,60.26735643620418
z060_i100,2012,3,2012-08-18,12.042093414441531,59.70592305913498
z060_i100,2012,3,2012-08-19,15.627311712144683,59.073043015251805
z060_i100,2012,3,2012-08-20,17.079229705122287,58.35962417286582
z060_i100,2012,3,2012-08-21,-2.692342736359656,57.55541735738704
z060_i100,2012,3,2012-08-22,3.44479578887756,56.64886910881608
z060_i100,2012,3,2012-08-23,7.7982630189360505,55.62695570150704
z060_i100,2012,3,2012-08-24,10.78244724937051,54.47499604168294
z060_i100,2012,3,2012-08-25,14.335377173734432,53.17644075473701
z060_i100,2012,3,2012-08-26,17.26948394530478,51.71263443228929
z060_i100,2012,3,2012-08-27,19.728214280134566,50.06254762337308
z060_i100,2012,3,2012-08-28,-4.650398882836762,48.2024747194616
z060_i100,2012,3,2012-08-29,2.7450279901505965,46.10569339306692
z060_i100,2012,3,2012-08-30,8.099925150855167,43.742080697310676
z060_i100,2012,3,2012-08-31,12.052744771195792,41.077680311245544
z060_i100,2012,3,2012-09-01,14.050450608028662,38.07421471385302
z060_i100,2012,3,2012-09-02,16.03984537882296,34.68853527847262
z060_i100,2012,3,2012-09-03,17.39612643742232,30.872002387565082
z060_i100,2012,3,2012-09-04,18.574326076632037,26.569786662365285
z060_i100,2012,3,2012-09-05,-14.381591202964334,21.720081268694518
z060_i100,2012,3,2012-09-06,1.8199615625978152,16.253213982696828
z060_i100,2012,3,2012-09-07,5.689879923916745,10.090646260188178
z060_i100,2012,3,2012-09-08,7.741289276674734,3.14384492996808
z060_i100,2012,4,2012-04-30,3.7992117659588165,0.0
z060_i100,2012,4,2012-05-01,5.396983051524822,0.0
z060_i100,2012,4,2012-05-02,6.860737969024848,0.0
z060_i100,2012,4,2012-05-03,8.264962904687456,0.0
z060_i100,2012,4,2012-05-04,9.565999613481369,0.0
z060_i100,2012,4,2012-05-05,11.014685633600665,0.4875
z060_i100,2012,4,2012-05-06,11.835360542347184,0.5738742470010385
z060_i100,2012,4,2012-05-07,9.833715849062798,0.6755521053764285
z060_i100,2012,4,2012-05-08,13.45370752995099,0.6693313701791065
z060_i100,2012,4,2012-05-09,14.502446835852503,0.661942971579503
z060_i100,2012,4,2012-05-10,15.405956295467853,0.6531898055112884
z060_i100,2012,4,2012-05-11,15.608405291815703,0.6428197753640442
z060_i100,2012,4,2012-05-12,16.45950914200107,0.6305342178392933
z060_i100,2012,4,2012-05-13,16.92807137652366,0.6159793012623072
z060_i100,2012,4,2012-05-14,17.04778479371845,0.598735835010472
z060_i100,2012,4,2012-05-15,17.10697356008825,0.5783071965634253
z060_i100,2012,4,2012-05-16,17.154152246181617,0.5541050284665241
z060_i100,2012,4,2012-05-17,17.193900338451645,0.5254322932713235
z060_i100,2012,4,2012-05-18,17.224311839594975,0.4914631984248431
z060_i100,2012,4,2012-05-19,17.241088069400334,0.4512194129319853
z060_i100,2012,4,2012-05-20,17.279218461246796,0.4035418908162331
z060_i100,2012,4,2012-05-21,17.31915225727216,0.34705748987682655
z060_i100,2012,4,2012-05-22,17.350642493394123,0.280139424341925
z060_i100,2012,4,2012-05-23,7.544126330253859,0.3297739511785161
z060_i100,2012,4,2012-05-24,11.216028406261847,0.35809089976423764
z060_i100,2012,4,2012-05-25,12.301820983489321,0.3568702278930667
z060_i100,2012,4,2012-05-26,14.067310595320283,0.3539939405341174
z060_i100,2012,4,2012-05-27,15.281516997665612,0.34994811735650233
z060_i100,2012,4,2012-05-28,16.160104631255397,0.345129477253682
z060_i100,2012,4,2012-05-29,16.829445614215356,0.3394194086136843
z060_i100,2012,4,2012-05-30,-2.7758132440055396,0.39955704109890433
z060_i100,2012,4,2012-05-31,3.360361034471008,0.4703497355786599
z060_i100,2012,4,2012-06-01,8.030495385272037,0.5500701039519721
z060_i100,2012,4,2012-06-02,10.199506902960268,0.6232072505078174
z060_i100,2012,4,2012-06-03,11.912876830429218,0.6742920116906972
z060_i100,2012,4,2012-06-04,14.24666408564167,0.7074623496685228
z060_i100,2012,4,2012-06-05,15.764833372265734,0.7054161929114229
z060_i100,2012,4,2012-06-06,-6.0921189038698165,0.8304003826243735
z060_i100,2012,4,2012-06-07,-7.062907985513,0.9775290139239726
z060_i100,2012,4,2012-06-08,4.9299261142438375,1.1507255934098202
z060_i100,2012,4,2012-06-09,7.898908606344694,1.340046455541153
z060_i100,2012,4,2012-06-10,10.149441250276368,1.5285246030215873
z060_i100,2012,4,2012-06-11,11.681812805034555,1.7123097810086967
z060_i100,2012,4,2012-06-12,12.838995060168697,1.9048023944457502
z060_i100,2012,4,2012-06-13,14.071794220836024,2.0512324267090536
z060_i100,2012,4,2012-06-14,-1.7844724188853558,2.414665567798505
z060_i100,2012,4,2012-06-15,4.53862124727225,2.8424910450865677
z060_i100,2012,4,2012-06-16,7.484782124310773,3.330932474494282
z060_i100,2012,4,2012-06-17,9.791016111990462,3.8533280193061437
z060_i100,2012,4,2012-06-18,13.482509753161908,4.389435395133265
z060_i100,2012,4,2012-06-19,-9.604036345245861,5.1671465274703765
z060_i100,2012,4,2012-06-20,1.0444293088756385,6.0826509181458315
z060_i100,2012,4,2012-06-21,4.308561133366232,7.141311245880538
z060_i100,2012,4,2012-06-22,9.19100375381291,8.38855821977088
z060_i100,2012,4,2012-06-23,12.974176025559283,9.614474860901652
z060_i100,2012,4,2012-06-24,15.717611874149473,10.762930849895277
z060_i100,2012,4,2012-06-25,-6.884122912440061,12.66988479386236
z060_i100,2012,4,2012-06-26,2.7157496189831463,14.914708914190086
z060_i100,2012,4,2012-06-27,7.73840217290687,17.55726635358054
z060_i100,2012,4,2012-06-28,11.531738577507634,20.464353772827014
z060_i100,2012,4,2012-06-29,-13.698753258062698,24.090185870244035
z060_i100,2012,4,2012-06-30,5.50688016271958,28.358435438772013
z060_i100,2012,4,2012-07-01,11.794657329971562,33.092506005083465
z060_i100,2012,4,2012-07-02,17.208503660571495,37.856797620584146
z060_i100,2012,4,2012-07-03,21.084923403629737,41.50366733139946
z060_i100,2012,4,2012-07-04,1.5316579150131195,47.03867084599097
z060_i100,2012,4,2012-07-05,8.429218942485068,51.6374788224018
z060_i100,2012,4,2012-07-06,9.87322330718226,55.36076922297195
z060_i100,2012,4,2012-07-07,-10.96102368287733,58.29215303716977
z060_i100,2012,4,2012-07-08,-0.3571753662445994,60.488441423026565
z060_i100,2012,4,2012-07-09,6.2558912652760625,61.9762827584077
z060_i100,2012,4,2012-07-10,12.83385568627143,61.9762827584077
z060_i100,2012,4,2012-07-11,17.94909359371866,61.9762827584077
z060_i100,2012,4,2012-07-12,23.047776032482126,61.9762827584077
z060_i100,2012,4,2012-07-13,-8.475361907047077,61.9762827584077
z060_i100,2012,4,2012-07-14,6.57437825298349,61.9762827584077
z060_i100,2012,4,2012-07-15,13.934026882891276,61.9762827584077
z060_i100,2012,4,2012-07-16,14.761552247690034,61.9762827584077
z060_i100,2012,4,2012-07-17,21.162313781595007,61.9762827584077
z060_i100,2012,4,2012-07-18,2.069870108109644,61.9762827584077
z060_i100,2012,4,2012-07-19,8.819835959289428,61.9762827584077
z060_i100,2012,4,2012-07-20,16.10216276350292,61.9762827584077
z060_i100,2012,4,2012-07-21,22.77483978005652,61.9762827584077
z060_i100,2012,4,2012-07-22,28.225404380010648,61.9762827584077
z060_i100,2012,4,2012-07-23,-15.085004366765482,61.9762827584077
z060_i100,2012,4,2012-07-24,5.578427693535993,61.9762827584077
z060_i100,2012,4,2012-07-25,11.02256398120015,61.9762827584077
z060_i100,2012,4,2012-07-26,16.107228092666286,61.9762827584077
z060_i100,2012,4,2012-07-27,-7.438388327721751,61.9762827584077
z060_i100,2012,4,2012-07-28,4.989096610657566,61.9762827584077
z060_i100,2012,4,2012-07-29,11.010957847878462,61.9762827584077
z060_i100,2012,4,2012-07-30,15.149323334384029,61.9762827584077
z060_i100,2012,4,2012-07-31,19.8077413174376,61.9762827584077
z060_i100,2012,4,2012-08-01,-11.20279118527889,61.9762827584077
z060_i100,2012,4,2012-08-02,3.865652184532979,61.9762827584077
z060_i100,2012,4,2012-08-03,10.131776376794013,61.9762827584077
z060_i100,2012,4,2012-08-04,14.82466077430536,61.9762827584077
z060_i100,2012,4,2012-08-05,19.098689736995542,61.9762827584077
z060_i100,2012,4,2012-08-06,-5.1819280220892745,61.9762827584077
z060_i100,2012,4,2012-08-07,1.070162064565182,61.9762827584077
z060_i100,2012,4,2012-08-08,7.448921487899027,61.9762827584077
z060_i100,2012,4,2012-08-09,13.519850891861426,61.9762827584077
z060_i100,2012,4,2012-08-10,3.161591043991701,61.9762827584077
z060_i100,2012,4,2012-08-11,8.053302422469063,61.9762827584077
z060_i100,2012,4,2012-08-12,13.447920996454295,61.9762827584077
z060_i100,2012,4,2012-08-13,16.427122825030157,61.9762827584077
z060_i100,2012,4,2012-08-14,20.186143315996258,61.9762827584077
z060_i100,2012,4,2012-08-15,11.013505374862342,61.58193509353218
z060_i100,2012,4,2012-08-16,14.362547750774938,61.13740368937077
z060_i100,2012,4,2012-08-17,17.4910559818637,60.636302283462676
z060_i100,2012,4,2012-08-18,21.152786868200717,60.07143191288271
z060_i100,2012,4,2012-08-19,24.34444122304986,59.43467749192693
z060_i100,2012,4,2012-08-20,25.724502499239627,58.716891228522016
z060_i100,2012,4,2012-08-21,11.047820501349578,57.90776120448633
z060_i100,2012,4,2012-08-22,15.255421899586315,56.99566323162967
z060_i100,2012,4,2012-08-23,19.252620339865913,55.96749385541509
z060_i100,2012,4,2012-08-24,21.853023917592395,54.808482107066894
z060_i100,2012,4,2012-08-25,24.91191071115134,53.50197729970253
z060_i100,2012,4,2012-08-26,27.622299793628606,52.029209819908715
z060_i100,2012,4,2012-08-27,29.94117979613507,50.369021478226415
z060_i100,2012,4,2012-08-28,12.655376966048351,48.497561544684345
z060_i100,2012,4,2012-08-29,16.508069400376908,46.38794410254267
z060_i100,2012,4,2012-08-30,21.25903770105628,44.009861797694626
z060_i100,2012,4,2012-08-31,24.622300628472843,41.32915043474247
z060_i100,2012,4,2012-09-01,26.227372769747035,38.30729816461255
z060_i100,2012,4,2012-09-02,27.847017279859614,34.900892212562134
z060_i100,2012,4,2012-09-03,28.951843474145846,31.060995198117546
z060_i100,2012,4,2012-09-04,29.898351501149833,26.732442086981433
z060_i100,2012,4,2012-09-05,30.60102239789697,21.853047674723697
z060_i100,2012,4,2012-09-06,31.050746651354498,16.352713216745155
z060_i100,2012,4,2012-09-07,31.25661443429267,10.152419370110326
z060_i100,2012,4,2012-09-08,31.394535431717088,3.163090979569811
z060_i100,2012,5,2012-04-30,3.7992117659588165,0.0
z060_i100,2012,5,2012-05-01,5.396983051524822,0.0
z060_i100,2012,5,2012-05-02,6.860737969024848,0.0
z060_i100,2012,5,2012-05-03,8.264962904687456,0.0
z060_i100,2012,5,2012-05-04,9.565999613481369,0.0
z060_i100,2012,5,2012-05-05,11.014685633600665,0.4875
z060_i100,2012,5,2012-05-06,11.835360542347184,0.5738742470010385
z060_i100,2012,5,2012-05-07,9.833715849062798,0.6755521053764285
z060_i100,2012,5,2012-05-08,13.45370752995099,0.6693313701791065
z060_i100,2012,5,2012-05-09,14.502446835852503,0.661942971579503
z060_i100,2012,5,2012-05-10,15.405956295467853,0.6531898055112884
z060_i100,2012,5,2012-05-11,15.608405291815703,0.6428197753640442
z060_i100,2012,5,2012-05-12,16.45950914200107,0.6305342178392933
z060_i100,2012,5,2012-05-13,16.92807137652366,0.6159793012623072
z060_i100,2012,5,2012-05-14,17.04778479371845,0.598735835010472
z060_i100,2012,5,2012-05-15,17.10697356008825,0.5783071965634253
z060_i100,2012,5,2012-05-16,17.154152246181617,0.5541050284665241
z060_i100,2012,5,2012-05-17,17.193900338451645,0.5254322932713235
z060_i100,2012,5,2012-05-18,17.224311839594975,0.4914631984248431
z060_i100,2012,5,2012-05-19,17.241088069400334,0.4512194129319853
z060_i100,2012,5,2012-05-20,17.279218461246796,0.4035418908162331
z060_i100,2012,5,2012-05-21,17.31915225727216,0.34705748987682655
z060_i100,2012,5,2012-05-22,17.350642493394123,0.280139424341925
z060_i100,2012,5,2012-05-23,7.544126330253859,0.3297739511785161
z060_i100,2012,5,2012-05-24,11.216028406261847,0.35809089976423764
z060_i100,2012,5,2012-05-25,12.301820983489321,0.3568702278930667
z060_i100,2012,5,2012-05-26,14.067310595320283,0.3539939405341174
z060_i100,2012,5,2012-05-27,15.281516997665612,0.34994811735650233
z060_i100,2012,5,2012-05-28,16.160104631255397,0.345129477253682
z060_i100,2012,5,2012-05-29,16.829445614215356,0.3394194086136843
z060_i100,2012,5,2012-05-30,-2.3793876715972013,0.39955704109890433
z060_i100,2012,5,2012-05-31,3.55835680390829,0.4703497355786599
z060_i100,2012,5,2012-06-01,8.285304228005927,0.5495272372820391
z060_i100,2012,5,2012-06-02,10.466660615375465,0.6202273928355506
z060_i100,2012,5,2012-06-03,12.183774405100863,0.6663445847772007
z060_i100,2012,5,2012-06-04,14.4286156977877,0.6928340576353264
z060_i100,2012,5,2012-06-05,15.91839868688703,0.6905574102301323
z060_i100,2012,5,2012-06-06,-5.8527125185061335,0.8129089513985731
z060_i100,2012,5,2012-06-07,-7.051705695983186,0.9569384869010461
z060_i100,2012,5,2012-06-08,4.928920040378492,1.1264868791726173
z060_i100,2012,5,2012-06-09,7.895687445380684,1.3118199145773848
z060_i100,2012,5,2012-06-10,10.14377619557911,1.496327986148411
z060_i100,2012,5,2012-06-11,11.673841147310311,1.6762419402435902
z060_i100,2012,5,2012-06-12,12.828396300668459,1.8649261686408902
z060_i100,2012,5,2012-06-13,14.057444239166358,2.008672327227378
z060_i100,2012,5,2012-06-14,-1.7981522158123309,2.364564757455252
z060_i100,2012,5,2012-06-15,4.535356604639157,2.7835134762457967
z060_i100,2012,5,2012-06-16,7.477912988434383,3.2618204540156155
z060_i100,2012,5,2012-06-17,9.77858406105697,3.773377048513275
z060_i100,2012,5,2012-06-18,13.467449557050134,4.2986643827877264
z060_i100,2012,5,2012-06-19,-9.103052071806424,5.060292893912801
z060_i100,2012,5,2012-06-20,1.0825278837231767,5.956865177638799
z060_i100,2012,5,2012-06-21,4.355576543173479,6.993364403330289
z060_i100,2012,5,2012-06-22,9.204694161630405,8.214001819029027
z060_i100,2012,5,2012-06-23,12.962741629841949,9.413887084488886
z060_i100,2012,5,2012-06-24,15.683804742984831,10.539307560087531
z060_i100,2012,5,2012-06-25,-6.917092841356528,12.406640389656586
z060_i100,2012,5,2012-06-26,2.689321108844688,14.604823408055069
z060_i100,2012,5,2012-06-27,7.71280254875154,17.192475971037418
z060_i100,2012,5,2012-06-28,11.4882843232902,20.040898902848717
z060_i100,2012,5,2012-06-29,-13.739723217951859,23.591704137633318
z060_i100,2012,5,2012-06-30,5.425326254035468,27.771633738370483
z060_i100,2012,5,2012-07-01,11.61981900014234,32.41403878113682
z060_i100,2012,5,2012-07-02,17.033164929879135,37.11372147559836
z060_i100,2012,5,2012-07-03,20.88403601196719,40.8571437309228
z060_i100,2012,5,2012-07-04,1.3320929832627066,46.44724894095765
z060_i100,2012,5,2012-07-05,8.232479033094315,51.099796247044225
z060_i100,2012,5,2012-07-06,9.679113820942739,54.868213667410394
z060_i100,2012,5,2012-07-07,-11.153380515590033,57.835126436156784
z060_i100,2012,5,2012-07-08,-0.3571344438784389,60.058034273843354
z060_i100,2012,5,2012-07-09,6.2595881797826705,61.563908541972566
z060_i100,2012,5,2012-07-10,12.833911545916223,61.563908541972566
z060_i100,2012,5,2012-07-11,17.933178561048443,61.563908541972566
z060_i100,2012,5,2012-07-12,23.01321591822963,61.563908541972566
z060_i100,2012,5,2012-07-13,-8.507103389463449,61.563908541972566
z060_i100,2012,5,2012-07-14,6.57722938662124,61.563908541972566
z060_i100,2012,5,2012-07-15,13.940008526343343,61.563908541972566
z060_i100,2012,5,2012-07-16,14.77080499004413,61.563908541972566
z060_i100,2012,5,2012-07-17,21.174708851372102,61.563908541972566
z060_i100,2012,5,2012-07-18,2.785817968734952,61.563908541972566
z060_i100,2012,5,2012-07-19,9.53931257298693,61.563908541972566
z060_i100,2012,5,2012-07-20,16.82556185228657,61.563908541972566
z060_i100,2012,5,2012-07-21,23.407715039677,61.563908541972566
z060_i100,2012,5,2012-07-22,28.823893941394054,61.563908541972566
z060_i100,2012,5,2012-07-23,-14.48223989279858,61.563908541972566
z060_i100,2012,5,2012-07-24,5.592302107204538,61.563908541972566
z060_i100,2012,5,2012-07-25,11.02440218751075,61.563908541972566
z060_i100,2012,5,2012-07-26,16.095305096739203,61.563908541972566
z060_i100,2012,5,2012-07-27,-7.446006811980167,61.563908541972566
z060_i100,2012,5,2012-07-28,4.9928176809896945,61.563908541972566
z060_i100,2012,5,2012-07-29,11.015689141594123,61.563908541972566
z060_i100,2012,5,2012-07-30,15.144363223939349,61.563908541972566
z060_i100,2012,5,2012-07-31,19.788792686774165,61.563908541972566
z060_i100,2012,5,2012-08-01,-10.618339756783802,61.563908541972566
z060_i100,2012,5,2012-08-02,3.8813443583633522,61.563908541972566
z060_i100,2012,5,2012-08-03,10.125137815100581,61.563908541972566
z060_i100,2012,5,2012-08-04,14.810818052644766,61.563908541972566
z060_i100,2012,5,2012-08-05,19.072633939732334,61.563908541972566
z060_i100,2012,5,2012-08-06,-5.303090633597463,61.563908541972566
z060_i100,2012,5,2012-08-07,1.062521133428736,61.563908541972566
z060_i100,2012,5,2012-08-08,7.457155677882162,61.563908541972566
z060_i100,2012,5,2012-08-09,13.519633227299888,61.563908541972566
z060_i100,2012,5,2012-08-10,6.0667862795548055,61.563908541972566
z060_i100,2012,5,2012-08-11,10.962901133510888,61.563908541972566
z060_i100,2012,5,2012-08-12,16.36290391981773,61.563908541972566
z060_i100,2012,5,2012-08-13,19.31687993309437,61.563908541972566
z060_i100,2012,5,2012-08-14,23.02080918609881,61.563908541972566
z060_i100,2012,5,2012-08-15,27.558172950626766,61.172184764850044
z060_i100,2012,5,2012-08-16,29.884053767742344,60.730611158112325
z060_i100,2012,5,2012-08-17,32.727765217791855,60.232843951843485
z060_i100,2012,5,2012-08-18,36.225308460790494,59.671732083162766
z060_i100,2012,5,2012-08-19,39.34081813731507,59.0392144620555
z060_i100,2012,5,2012-08-20,40.701699899702966,58.32620416349982
z060_i100,2012,5,2012-08-21,30.130605483624258,57.522457882160616
z060_i100,2012,5,2012-08-22,34.34351226141417,56.61642877420079
z060_i100,2012,5,2012-08-23,38.345985752159706,55.5951005720936
z060_i100,2012,5,2012-08-24,40.858106609331834,54.44380058928363
z060_i100,2012,5,2012-08-25,43.509927660793714,53.14598892826859
z060_i100,2012,5,2012-08-26,45.59186562328153,51.6830208638066
z060_i100,2012,5,2012-08-27,47.198323662252136,50.03387898757954
z060_i100,2012,5,2012-08-28,34.82038245757637,48.17487126622794
z060_i100,2012,5,2012-08-29,38.680515794207764,46.07929067497438
z060_i100,2012,5,2012-08-30,43.4415346739643,43.7170315170373
z060_i100,2012,5,2012-08-31,45.939296961110855,41.05415691677217
z060_i100,2012,5,2012-09-01,46.95873298089688,38.05241127302601
z060_i100,2012,5,2012-09-02,47.86914091720816,34.668670668473325
z060_i100,2012,5,2012-09-03,48.49652183093805,30.85432333936071
z060_i100,2012,5,2012-09-04,48.996030460431996,26.554571305315022
z060_i100,2012,5,2012-09-05,49.36257569843679,21.707643126233535
z060_i100,2012,5,2012-09-06,49.61265605691689,16.243906476501806
z060_i100,2012,5,2012-09-07,49.752261394593035,10.084867787531767
z060_i100,2012,5,2012-09-08,49.86572994877912,3.1420445872055636
z060_i100,2012,6,2012-04-30,3.7992117659588165,0.0
z060_i100,2012,6,2012-05-01,5.396983051524822,0.0
z060_i100,2012,6,2012-05-02,6.860737969024848,0.0
z060_i100,2012,6,2012-05-03,8.264962904687456,0.0
z060_i100,2012,6,2012-05-04,9.565999613481369,0.0
z060_i100,2012,6,2012-05-05,11.014685633600665,0.4875
z060_i100,2012,6,2012-05-06,11.835360542347184,0.5738742470010385
z060_i100,2012,6,2012-05-07,9.833715849062798,0.6755521053764285
z060_i100,2012,6,2012-05-08,13.45370752995099,0.6693313701791065
z060_i100,2012,6,2012-05-09,14.502446835852503,0.661942971579503
z060_i100,2012,6,2012-05-10,15.405956295467853,0.6531898055112884
z060_i100,2012,6,2012-05-11,15.608405291815703,0.6428197753640442
z060_i100,2012,6,2012-05-12,16.45950914200107,0.6305342178392933
z060_i100,2012,6,2012-05-13,16.92807137652366,0.6159793012623072
z060_i100,2012,6,2012-05-14,17.04778479371845,0.598735835010472
z060_i100,2012,6,2012-05-15,17.10697356008825,0.5783071965634253
z060_i100,2012,6,2012-05-16,17.154152246181617,0.5541050284665241
z060_i100,2012,6,2012-05-17,17.193900338451645,0.5254322932713235
z060_i100,2012,6,2012-05-18,17.224311839594975,0.4914631984248431
z060_i100,2012,6,2012-05-19,17.241088069400334,0.4512194129319853
z060_i100,2012,6,2012-05-20,17.279218461246796,0.4035418908162331
z060_i100,2012,6,2012-05-21,17.31915225727216,0.34705748987682655
z060_i100,2012,6,2012-05-22,17.350642493394123,0.280139424341925
z060_i100,2012,6,2012-05-23,7.544126330253859,0.3297739511785161
z060_i100,2012,6,2012-05-24,11.216028406261847,0.35809089976423764
z060_i100,2012,6,2012-05-25,12.301820983489321,0.3568702278930667
z060_i100,2012,6,2012-05-26,14.067310595320283,0.3539939405341174
z060_i100,2012,6,2012-05-27,15.281516997665612,0.34994811735650233
z060_i100,2012,6,2012-05-28,16.160104631255397,0.345129477253682
z060_i100,2012,6,2012-05-29,16.829445614215356,0.3394194086136843
z060_i100,2012,6,2012-05-30,-1.1921738810258784,0.39955704109890433
z060_i100,2012,6,2012-05-31,4.162132684876771,0.4703497355786599
z060_i100,2012,6,2012-06-01,8.876902730191413,0.5476302251083537
z060_i100,2012,6,2012-06-02,11.063343560055849,0.6115984872060417
z060_i100,2012,6,2012-06-03,12.782945702696619,0.6449534916933899
z060_i100,2012,6,2012-06-04,14.85914831497508,0.6446052270036955
z060_i100,2012,6,2012-06-05,16.299672999318037,0.6418329527211939
z060_i100,2012,6,2012-06-06,-5.406994917971663,0.7555515947555453
z060_i100,2012,6,2012-06-07,-7.022880306360937,0.8894186718169689
z060_i100,2012,6,2012-06-08,4.925434126940093,1.0470040421694908
z060_i100,2012,6,2012-06-09,7.8851535153886285,1.2193153216668677
z060_i100,2012,6,2012-06-10,10.12525168908935,1.3909285473775286
z060_i100,2012,6,2012-06-11,11.647803228125326,1.5585499657943316
z060_i100,2012,6,2012-06-12,12.793812605413606,1.734442974808341
z060_i100,2012,6,2012-06-13,14.010504198328073,1.8691925924497668
z060_i100,2012,6,2012-06-14,-1.8429691763985563,2.2003722902400593
z060_i100,2012,6,2012-06-15,4.524635973992121,2.590229725504543
z060_i100,2012,6,2012-06-16,7.45536797764519,3.0354019398563237
z060_i100,2012,6,2012-06-17,9.737854776433124,3.511957045727337
z060_i100,2012,6,2012-06-18,13.418226850342203,4.001977468299922
z060_i100,2012,6,2012-06-19,-9.154538239938981,4.711039602329724
z060_i100,2012,6,2012-06-20,1.054375606807154,5.545731906418549
z060_i100,2012,6,2012-06-21,4.276692003087778,6.510943692625667
z060_i100,2012,6,2012-06-22,8.971212371002421,7.648523047623132
z060_i100,2012,6,2012-06-23,12.658156968656648,8.776792702181947
z060_i100,2012,6,2012-06-24,15.325860345261066,9.851370133477488
z060_i100,2012,6,2012-06-25,-7.279867925578992,11.59681562518546
z060_i100,2012,6,2012-06-26,2.542121412259396,13.651515557975763
z060_i100,2012,6,2012-06-27,7.603266114870975,16.070262997448822
z060_i100,2012,6,2012-06-28,11.333095057735568,18.73811897222547
z060_i100,2012,6,2012-06-29,-13.887094413097836,22.058100339285662
z060_i100,2012,6,2012-06-30,5.39497929478417,25.966309174319825
z060_i100,2012,6,2012-07-01,11.471818249745434,30.309120441052144
z060_i100,2012,6,2012-07-02,16.787071825726414,34.72923590807102
z060_i100,2012,6,2012-07-03,20.514667815050892,38.656904173920346
z060_i100,2012,6,2012-07-04,0.9670306036627817,44.42395286862264
z060_i100,2012,6,2012-07-05,7.8771626802182535,49.253243090182764
z060_i100,2012,6,2012-07-06,9.332860914446751,53.176639385973104
z060_i100,2012,6,2012-07-07,-11.493600076903387,56.26556857516616
z060_i100,2012,6,2012-07-08,-0.3530331457737166,58.57989509566489
z060_i100,2012,6,2012-07-09,6.272443553035022,60.147699525602505
z060_i100,2012,6,2012-07-10,12.833296208441874,60.147699525602505
z060_i100,2012,6,2012-07-11,17.876900548798673,60.147699525602505
z060_i100,2012,6,2012-07-12,22.892062530655156,60.147699525602505
z060_i100,2012,6,2012-07-13,-8.4185782400517,60.147699525602505
z060_i100,2012,6,2012-07-14,6.594154565282984,60.147699525602505
z060_i100,2012,6,2012-07-15,13.96139681404512,60.147699525602505
z060_i100,2012,6,2012-07-16,14.802841412194455,60.147699525602505
z060_i100,2012,6,2012-07-17,21.217470388323907,60.147699525602505
z060_i100,2012,6,2012-07-18,3.240762608143068,60.147699525602505
z060_i100,2012,6,2012-07-19,10.006357163915261,60.147699525602505
z060_i100,2012,6,2012-07-20,17.306054157545766,60.147699525602505
z060_i100,2012,6,2012-07-21,23.587350873999956,60.147699525602505
z060_i100,2012,6,2012-07-22,28.927437138677313,60.147699525602505
z060_i100,2012,6,2012-07-23,-14.264047935323102,60.147699525602505
z060_i100,2012,6,2012-07-24,5.608109222452326,60.147699525602505
z060_i100,2012,6,2012-07-25,11.026242579297003,60.147699525602505
z060_i100,2012,6,2012-07-26,16.05179881505757,60.147699525602505
z060_i100,2012,6,2012-07-27,-7.57451845572487,60.147699525602505
z060_i100,2012,6,2012-07-28,4.9979309309290505,60.147699525602505
z060_i100,2012,6,2012-07-29,11.030875502468989,60.147699525602505
z060_i100,2012,6,2012-07-30,15.126336272837001,60.147699525602505
z060_i100,2012,6,2012-07-31,19.722373878082813,60.147699525602505
z060_i100,2012,6,2012-08-01,-9.973119040748516,60.147699525602505
z060_i100,2012,6,2012-08-02,3.903565579880878,60.147699525602505
z060_i100,2012,6,2012-08-03,10.099005223977858,60.147699525602505
z060_i100,2012,6,2012-08-04,14.76084555941593,60.147699525602505
z060_i100,2012,6,2012-08-05,18.98046747523004,60.147699525602505
z060_i100,2012,6,2012-08-06,-5.37849216778662,60.147699525602505
z060_i100,2012,6,2012-08-07,1.0709773841107129,60.147699525602505
z060_i100,2012,6,2012-08-08,7.488440850969042,60.147699525602505
z060_i100,2012,6,2012-08-09,13.519553451164173,60.147699525602505
z060_i100,2012,6,2012-08-10,6.584958279493504,60.147699525602505
z060_i100,2012,6,2012-08-11,11.496108873432034,60.147699525602505
z060_i100,2012,6,2012-08-12,16.914545473140507,60.147699525602505
z060_i100,2012,6,2012-08-13,19.82864234981765,60.147699525602505
z060_i100,2012,6,2012-08-14,23.469120892374807,60.147699525602505
z060_i100,2012,6,2012-08-15,27.935015773839204,59.76498691684512
z060_i100,2012,6,2012-08-16,30.229202437727906,59.33357121817502
z060_i100,2012,6,2012-08-17,33.03520566687369,58.84725459102415
z060_i100,2012,6,2012-08-18,36.48580293019515,58.299050474733384
z060_i100,2012,6,2012-08-19,39.55793804619332,57.68108321566843
z060_i100,2012,6,2012-08-20,40.899316544943716,56.98447492337736
z060_i100,2012,6,2012-08-21,33.34742225479466,56.199217928333724
z060_i100,2012,6,2012-08-22,37.57857632946863,55.31403100895766
z060_i100,2012,6,2012-08-23,41.59921059534651,54.31619732243198
z060_i100,2012,6,2012-08-24,43.91067346278004,53.19138171098208
z060_i100,2012,6,2012-08-25,46.05798395599569,51.92342475899068
z060_i100,2012,6,2012-08-26,47.75043050770429,50.49411064231434
z060_i100,2012,6,2012-08-27,49.05830529783548,48.882905434659826
z060_i100,2012,6,2012-08-28,39.80757568211977,47.066662111456935
z060_i100,2012,6,2012-08-29,43.69349063040962,45.0192880132307
z060_i100,2012,6,2012-08-30,47.509846434205436,42.71136999115883
z060_i100,2012,6,2012-08-31,49.32577464824048,40.10975184955059
z060_i100,2012,6,2012-09-01,50.04882247622391,37.17705801466781
z060_i100,2012,6,2012-09-02,50.69795762345143,33.87115658678074
z060_i100,2012,6,2012-09-03,51.14816276038479,30.14455406151492
z060_i100,2012,6,2012-09-04,51.51214879480714,25.94371302488617
z060_i100,2012,6,2012-09-05,51.78604088457757,21.208283019840092
z060_i100,2012,6,2012-09-06,51.95906060263526,15.870233534709744
z060_i100,2012,6,2012-09-07,52.06867015488389,9.85287665786094
z060_i100,2012,6,2012-09-08,52.16776695357383,3.0697653577085346
z060_i100,2012,7,2012-04-30,3.7992117659588165,0.0
z060_i100,2012,7,2012-05-01,5.396983051524822,0.0
z060_i100,2012,7,2012-05-02,6.860737969024848,0.0
z060_i100,2012,7,2012-05-03,8.264962904687456,0.0
z060_i100,2012,7,2012-05-04,9.565999613481369,0.0
z060_i100,2012,7,2012-05-05,11.014685633600665,0.4875
z060_i100,2012,7,2012-05-06,11.835360542347184,0.5738742470010385
z060_i100,2012,7,2012-05-07,9.833715849062798,0.6755521053764285
z060_i100,2012,7,2012-05-08,13.45370752995099,0.6693313701791065
z060_i100,2012,7,2012-05-09,14.502446835852503,0.661942971579503
z060_i100,2012,7,2012-05-10,15.405956295467853,0.6531898055112884
z060_i100,2012,7,2012-05-11,15.608405291815703,0.6428197753640442
z060_i100,2012,7,2012-05-12,16.45950914200107,0.6305342178392933
z060_i100,2012,7,2012-05-13,16.92807137652366,0.6159793012623072
z060_i100,2012,7,2012-05-14,17.04778479371845,0.598735835010472
z060_i100,2012,7,2012-05-15,17.10697356008825,0.5783071965634253
z060_i100,2012,7,2012-05-16,17.154152246181617,0.5541050284665241
z060_i100,2012,7,2012-05-17,17.193900338451645,0.5254322932713235
z060_i100,2012,7,2012-05-18,17.224311839594975,0.4914631984248431
z060_i100,2012,7,2012-05-19,17.241088069400334,0.4512194129319853
z060_i100,2012,7,2012-05-20,17.279218461246796,0.4035418908162331
z060_i100,2012,7,2012-05-21,17.31915225727216,0.34705748987682655
z060_i100,2012,7,2012-05-22,17.350642493394123,0.280139424341925
z060_i100,2012,7,2012-05-23,7.544126330253859,0.3297739511785161
z060_i100,2012,7,2012-05-24,11.216028406261847,0.35809089976423764
z060_i100,2012,7,2012-05-25,12.301820983489321,0.3568702278930667
z060_i100,2012,7,2012-05-26,14.067310595320283,0.3539939405341174
z060_i100,2012,7,2012-05-27,15.281516997665612,0.34994811735650233
z060_i100,2012,7,2012-05-28,16.160104631255397,0.345129477253682
z060_i100,2012,7,2012-05-29,16.829445614215356,0.3394194086136843
z060_i100,2012,7,2012-05-30,-2.287703757155687,0.39955704109890433
z060_i100,2012,7,2012-05-31,3.5751572811727446,0.4703497355786599
z060_i100,2012,7,2012-06-01,8.290734872097287,0.5494470504695044
z060_i100,2012,7,2012-06-02,10.47248436510699,0.6199613239216215
z060_i100,2012,7,2012-06-03,12.191568898194014,0.6658778687554762
z060_i100,2012,7,2012-06-04,14.438494093080449,0.6916764631130619
z060_i100,2012,7,2012-06-05,15.931567665331526,0.6893891944784167
z060_i100,2012,7,2012-06-06,-6.005589670264421,0.8115337535834951
z060_i100,2012,7,2012-06-07,-7.055363082748031,0.9553196343664709
z060_i100,2012,7,2012-06-08,4.928750299305443,1.124581201676648
z060_i100,2012,7,2012-06-09,7.895454180733266,1.3096007092442432
z060_i100,2012,7,2012-06-10,10.143352954955418,1.4937966485691523
z060_i100,2012,7,2012-06-11,11.67323282913523,1.6734062422852902
z060_i100,2012,7,2012-06-12,12.827575752810011,1.861771273633296
z060_i100,2012,7,2012-06-13,14.056321123468265,2.0052742568889252
z060_i100,2012,7,2012-06-14,2.7055391530603554,2.3605646240055362
z060_i100,2012,7,2012-06-15,7.283783019747551,2.7779504331502576
z060_i100,2012,7,2012-06-16,9.900494479526252,3.227679966899462
z060_i100,2012,7,2012-06-17,12.03477219477015,3.6801012999145497
z060_i100,2012,7,2012-06-18,14.791636450066681,4.11202448470819
z060_i100,2012,7,2012-06-19,0.7705508602822414,4.840584522690761
z060_i100,2012,7,2012-06-20,4.431060536110637,5.698229329239059
z060_i100,2012,7,2012-06-21,8.169828662152984,6.643788633742218
z060_i100,2012,7,2012-06-22,12.323356177538168,7.7279468771182485
z060_i100,2012,7,2012-06-23,15.619469990779548,8.66273057616193
z060_i100,2012,7,2012-06-24,18.154299948296515,9.425474359209709
z060_i100,2012,7,2012-06-25,1.4441797281859843,11.095460513885268
z060_i100,2012,7,2012-06-26,6.282645403305369,13.06133137956033
z060_i100,2012,7,2012-06-27,10.752938708165786,15.325571227976608
z060_i100,2012,7,2012-06-28,14.238252566109296,17.671718687270253
z060_i100,2012,7,2012-06-29,-5.080123636534585,20.80275744589004
z060_i100,2012,7,2012-06-30,5.64233488408215,24.488547209857224
z060_i100,2012,7,2012-07-01,11.369317116367792,28.584892724339156
z060_i100,2012,7,2012-07-02,16.56980464975814,32.77412573551594
z060_i100,2012,7,2012-07-03,20.207049960392446,36.763635598406104
z060_i100,2012,7,2012-07-04,5.569026816820973,42.63302738330181
z060_i100,2012,7,2012-07-05,12.487910038555903,47.608642569346046
z060_i100,2012,7,2012-07-06,13.952116571196903,51.59684833315769
z060_i100,2012,7,2012-07-07,-7.064985226876777,54.799730809199254
z060_i100,2012,7,2012-07-08,-0.1811643924806306,57.199434849770036
z060_i100,2012,7,2012-07-09,6.2989963645059905,58.82507694997607
z060_i100,2012,7,2012-07-10,12.738216006173218,58.82507694997607
z060_i100,2012,7,2012-07-11,17.714444695494194,58.82507694997607
z060_i100,2012,7,2012-07-12,22.662862024233295,58.82507694997607
z060_i100,2012,7,2012-07-13,0.2612570008085341,58.82507694997607
z060_i100,2012,7,2012-07-14,8.159762240792812,58.82507694997607
z060_i100,2012,7,2012-07-15,15.145664746393258,58.82507694997607
z060_i100,2012,7,2012-07-16,15.961416730893136,58.82507694997607
z060_i100,2012,7,2012-07-17,22.382704817956736,58.82507694997607
z060_i100,2012,7,2012-07-18,8.417269000219457,58.82507694997607
z060_i100,2012,7,2012-07-19,15.194129621059048,58.82507694997607
z060_i100,2012,7,2012-07-20,22.506352356468806,58.82507694997607
z060_i100,2012,7,2012-07-21,28.4320725730308,58.82507694997607
z060_i100,2012,7,2012-07-22,33.63487127068817,58.82507694997607
z060_i100,2012,7,2012-07-23,-14.742978841348068,58.82507694997607
z060_i100,2012,7,2012-07-24,5.605102598238088,58.82507694997607
z060_i100,2012,7,2012-07-25,11.0662054132514,58.82507694997607
z060_i100,2012,7,2012-07-26,16.051458874042357,58.82507694997607
z060_i100,2012,7,2012-07-27,-7.560774659094257,58.82507694997607
z060_i100,2012,7,2012-07-28,5.0133446147522776,58.82507694997607
z060_i100,2012,7,2012-07-29,11.044916072435614,58.82507694997607
z060_i100,2012,7,2012-07-30,15.10783958634756,58.82507694997607
z060_i100,2012,7,2012-07-31,19.658086888207222,58.82507694997607
z060_i100,2012,7,2012-08-01,-11.326591923024168,58.82507694997607
z060_i100,2012,7,2012-08-02,3.8773131120595243,58.82507694997607
z060_i100,2012,7,2012-08-03,10.068172272496264,58.82507694997607
z060_i100,2012,7,2012-08-04,14.711033497429693,58.82507694997607
z060_i100,2012,7,2012-08-05,18.891066506218973,58.82507694997607
z060_i100,2012,7,2012-08-06,-5.452285527148732,58.82507694997607
z060_i100,2012,7,2012-08-07,1.0780517591380467,58.82507694997607
z060_i100,2012,7,2012-08-08,7.516714397490388,58.82507694997607
z060_i100,2012,7,2012-08-09,12.902815536028927,58.82507694997607
z060_i100,2012,7,2012-08-10,-2.314832541749764,58.82507694997607
z060_i100,2012,7,2012-08-11,4.3802046452548975,58.82507694997607
z060_i100,2012,7,2012-08-12,10.134058216039419,58.82507694997607
z060_i100,2012,7,2012-08-13,13.204424069600401,58.82507694997607
z060_i100,2012,7,2012-08-14,16.99815725828912,58.82507694997607
z060_i100,2012,7,2012-08-15,9.971264528849696,58.450780030269335
z060_i100,2012,7,2012-08-16,13.3599980058278,58.02885098108111
z060_i100,2012,7,2012-08-17,16.414840730655552,57.55322825170265
z060_i100,2012,7,2012-08-18,19.97786206964495,57.01707891300066
z060_i100,2012,7,2012-08-19,23.13719570281226,56.41270049364668
z060_i100,2012,7,2012-08-20,24.491538935097367,55.731410324260054
z060_i100,2012,7,2012-08-21,4.857591548044748,54.963420799751525
z060_i100,2012,7,2012-08-22,9.105825816824975,54.09769876785164
z060_i100,2012,7,2012-08-23,13.143484480559898,53.121807023759814
z060_i100,2012,7,2012-08-24,15.855616617184378,52.02172563378229
z060_i100,2012,7,2012-08-25,19.06872677416682,50.78165052104416
z060_i100,2012,7,2012-08-26,21.81288563323705,49.38376641970154
z060_i100,2012,7,2012-08-27,24.1354548901465,47.80799093585056
z060_i100,2012,7,2012-08-28,-0.2895599191552868,46.031686038240764
z060_i100,2012,7,2012-08-29,3.6207553061019526,44.029332833987624
z060_i100,2012,7,2012-08-30,8.44966232988511,41.77216495702127
z060_i100,2012,7,2012-08-31,12.201048351798667,39.22775530242733
z060_i100,2012,7,2012-09-01,14.171197827184786,36.35955016958984
z060_i100,2012,7,2012-09-02,16.134030270111193,33.12634412150625
z060_i100,2012,7,2012-09-03,17.470898181310876,29.48168801595688
z060_i100,2012,7,2012-09-04,18.632909476405587,25.373221704138633
z060_i100,2012,7,2012-09-05,-14.327500790762736,20.74192181012543
z060_i100,2012,7,2012-09-06,1.9092769228945023,15.521253784544342
z060_i100,2012,7,2012-09-07,5.814115795148367,9.636216050633486
z060_i100,2012,7,2012-09-08,7.862511780967573,3.0022625106170837
z060_i100,2012,8,2012-04-30,3.7992117659588165,0.0
z060_i100,2012,8,2012-05-01,5.396983051524822,0.0
z060_i100,2012,8,2012-05-02,6.860737969024848,0.0
z060_i100,2012,8,2012-05-03,8.264962904687456,0.0
z060_i100,2012,8,2012-05-04,9.565999613481369,0.0
z060_i100,2012,8,2012-05-05,11.014685633600665,0.4875
z060_i100,2012,8,2012-05-06,11.835360542347184,0.5738742470010385
z060_i100,2012,8,2012-05-07,9.833715849062798,0.6755521053764285
z060_i100,2012,8,2012-05-08,13.45370752995099,0.6693313701791065
z060_i100,2012,8,2012-05-09,14.502446835852503,0.661942971579503
z060_i100,2012,8,2012-05-10,15.405956295467853,0.6531898055112884
z060_i100,2012,8,2012-05-11,15.608405291815703,0.6428197753640442
z060_i100,2012,8,2012-05-12,16.45950914200107,0.6305342178392933
z060_i100,2012,8,2012-05-13,16.92807137652366,0.6159793012623072
z060_i100,2012,8,2012-05-14,17.04778479371845,0.598735835010472
z060_i100,2012,8,2012-05-15,17.10697356008825,0.5783071965634253
z060_i100,2012,8,2012-05-16,17.154152246181617,0.5541050284665241
z060_i100,2012,8,2012-05-17,17.193900338451645,0.5254322932713235
z060_i100,2012,8,2012-05-18,17.224311839594975,0.4914631984248431
z060_i100,2012,8,2012-05-19,17.241088069400334,0.4512194129319853
z060_i100,2012,8,2012-05-20,17.279218461246796,0.4035418908162331
z060_i100,2012,8,2012-05-21,17.31915225727216,0.34705748987682655
z060_i100,2012,8,2012-05-22,17.350642493394123,0.280139424341925
z060_i100,2012,8,2012-05-23,7.544126330253859,0.3297739511785161
z060_i100,2012,8,2012-05-24,11.216028406261847,0.35809089976423764
z060_i100,2012,8,2012-05-25,12.301820983489321,0.3568702278930667
z060_i100,2012,8,2012-05-26,14.067310595320283,0.3539939405341174
z060_i100,2012,8,2012-05-27,15.281516997665612,0.34994811735650233
z060_i100,2012,8,2012-05-28,16.160104631255397,0.345129477253682
z060_i100,2012,8,2012-05-29,16.829445614215356,0.3394194086136843
z060_i100,2012,8,2012-05-30,-1.9832930842928889,0.39955704109890433
z060_i100,2012,8,2012-05-31,3.7579728804320136,0.4703497355786599
z060_i100,2012,8,2012-06-01,8.362894040094194,0.5489515573066206
z060_i100,2012,8,2012-06-02,10.527841326450494,0.6186015495672693
z060_i100,2012,8,2012-06-03,12.243709801392084,0.6633253840545769
z060_i100,2012,8,2012-06-04,14.487189748697912,0.6874459244966425
z060_i100,2012,8,2012-06-05,15.9863475471505,0.6850865010454363
z060_i100,2012,8,2012-06-06,-5.770691405630259,0.8064687177805661
z060_i100,2012,8,2012-06-07,-7.044886402991078,0.9493571859409546
z060_i100,2012,8,2012-06-08,4.928623971148069,1.1175623389064415
z060_i100,2012,8,2012-06-09,7.894491127452336,1.3014270818990177
z060_i100,2012,8,2012-06-10,10.141677076996325,1.484473396795719
z060_i100,2012,8,2012-06-11,11.670914655846797,1.663165166483382
z060_i100,2012,8,2012-06-12,12.824505547674315,1.8503774230205148
z060_i100,2012,8,2012-06-13,14.052179021257075,1.9930021826313502
z060_i100,2012,8,2012-06-14,2.701585677257351,2.346118208879984
z060_i100,2012,8,2012-06-15,7.280250221199916,2.761053217072654
z060_i100,2012,8,2012-06-16,9.896243979919612,3.2081801511153634
z060_i100,2012,8,2012-06-17,12.029190689743503,3.6581401524470745
z060_i100,2012,8,2012-06-18,14.785127081863749,4.088325011108254
z060_i100,2012,8,2012-06-19,0.8417323474894796,4.812686025118484
z060_i100,2012,8,2012-06-20,4.4860299999327555,5.665387833266236
z060_i100,2012,8,2012-06-21,8.212829967137324,6.604499539038492
z060_i100,2012,8,2012-06-22,12.357849054835839,7.6811855182718505
z060_i100,2012,8,2012-06-23,15.647307534963,8.60800135480488
z060_i100,2012,8,2012-06-24,18.175030938053883,9.362276995759707
z060_i100,2012,8,2012-06-25,1.464769783036951,11.021065971603585
z060_i100,2012,8,2012-06-26,6.293841012478185,12.973755765339023
z060_i100,2012,8,2012-06-27,10.760720341533624,15.222219863385344
z060_i100,2012,8,2012-06-28,14.239512414419051,17.551754667582014
z060_i100,2012,8,2012-06-29,-4.978141713945333,20.66153844801146
z060_i100,2012,8,2012-06-30,5.648237491391518,24.32230732048325
z060_i100,2012,8,2012-07-01,11.356357048999344,28.390844896040534
z060_i100,2012,8,2012-07-02,16.545357709149418,32.55319681409311
z060_i100,2012,8,2012-07-03,20.171996744600534,36.54392233073536
z060_i100,2012,8,2012-07-04,5.63519583720124,42.41832761990111
z060_i100,2012,8,2012-07-05,12.555133954822969,47.41078604563007
z060_i100,2012,8,2012-07-06,14.02033114920101,51.413383956261704
z060_i100,2012,8,2012-07-07,-6.9961126031648675,54.629500061351656
z060_i100,2012,8,2012-07-08,-0.1763383641184461,57.03911916853396
z060_i100,2012,8,2012-07-09,6.300825686568739,58.67147807607853
z060_i100,2012,8,2012-07-10,12.737515965028457,58.67147807607853
z060_i100,2012,8,2012-07-11,17.707489740253383,58.67147807607853
z060_i100,2012,8,2012-07-12,22.648670896496466,58.67147807607853
z060_i100,2012,8,2012-07-13,0.1481152192105702,58.67147807607853
z060_i100,2012,8,2012-07-14,8.047920989551823,58.67147807607853
z060_i100,2012,8,2012-07-15,15.035013118786894,58.67147807607853
z060_i100,2012,8,2012-07-16,15.851981133610874,58.67147807607853
z060_i100,2012,8,2012-07-17,22.27443531345391,58.67147807607853
z060_i100,2012,8,2012-07-18,8.710316881474688,58.67147807607853
z060_i100,2012,8,2012-07-19,15.488485182929155,58.67147807607853
z060_i100,2012,8,2012-07-20,22.802160608505883,58.67147807607853
z060_i100,2012,8,2012-07-21,28.68903783082826,58.67147807607853
z060_i100,2012,8,2012-07-22,33.87805098618432,58.67147807607853
z060_i100,2012,8,2012-07-23,-14.398218556943668,58.67147807607853
z060_i100,2012,8,2012-07-24,5.61193267477313,58.67147807607853
z060_i100,2012,8,2012-07-25,11.073861954130846,58.67147807607853
z060_i100,2012,8,2012-07-26,16.05384940217355,58.67147807607853
z060_i100,2012,8,2012-07-27,-7.456809364877688,58.67147807607853
z060_i100,2012,8,2012-07-28,5.022928001837695,58.67147807607853
z060_i100,2012,8,2012-07-29,11.046649892840497,58.67147807607853
z060_i100,2012,8,2012-07-30,15.10515319443335,58.67147807607853
z060_i100,2012,8,2012-07-31,19.649974430906997,58.67147807607853
z060_i100,2012,8,2012-08-01,-11.13345360544219,58.67147807607853
z060_i100,2012,8,2012-08-02,3.88317453235924,58.67147807607853
z060_i100,2012,8,2012-08-03,10.065488727443778,58.67147807607853
z060_i100,2012,8,2012-08-04,14.705400614411433,58.67147807607853
z060_i100,2012,8,2012-08-05,18.880723814375052,58.67147807607853
z060_i100,2012,8,2012-08-06,-5.360830333432575,58.67147807607853
z060_i100,2012,8,2012-08-07,1.0886733959177373,58.67147807607853
z060_i100,2012,8,2012-08-08,7.520597122563514,58.67147807607853
z060_i100,2012,8,2012-08-09,12.901996145219142,58.67147807607853
z060_i100,2012,8,2012-08-10,3.2862371064701037,58.67147807607853
z060_i100,2012,8,2012-08-11,8.212949995081823,58.67147807607853
z060_i100,2012,8,2012-08-12,13.650509651226637,58.67147807607853
z060_i100,2012,8,2012-08-13,16.560007990000017,58.67147807607853
z060_i100,2012,8,2012-08-14,20.218624950991565,58.67147807607853
z060_i100,2012,8,2012-08-15,11.19376340674414,58.29815848761132
z060_i100,2012,8,2012-08-16,14.584420850514524,57.87733114249524
z060_i100,2012,8,2012-08-17,17.6495530144278,57.402950317410316
z060_i100,2012,8,2012-08-18,21.216125704770306,56.868200924767656
z060_i100,2012,8,2012-08-19,24.333647373875763,56.265400605255344
z060_i100,2012,8,2012-08-20,25.67597668126009,55.58588936091634
z060_i100,2012,8,2012-08-21,11.044114503541469,54.81990514319611
z060_i100,2012,8,2012-08-22,15.294334796793066,53.956443608623275
z060_i100,2012,8,2012-08-23,19.333974590543455,52.98310002733393
z060_i100,2012,8,2012-08-24,21.87936038925724,51.885891073253774
z060_i100,2012,8,2012-08-25,24.863355613356553,50.649053935725206
z060_i100,2012,8,2012-08-26,27.496418537489763,49.2548198665617
z060_i100,2012,8,2012-08-27,29.744247266194222,47.68315890924233
z060_i100,2012,8,2012-08-28,12.52223787467836,45.91149214295539
z060_i100,2012,8,2012-08-29,16.435407176337765,43.91436730750795
z060_i100,2012,8,2012-08-30,21.26818074572458,41.66309314903846
z060_i100,2012,8,2012-08-31,24.237973520376865,39.12532723344061
z060_i100,2012,8,2012-09-01,25.817513552014088,36.26461130591066
z060_i100,2012,8,2012-09-02,27.393845732598823,33.039847521463834
z060_i100,2012,8,2012-09-03,28.47300348362606,29.40470802180062
z060_i100,2012,8,2012-09-04,29.39985761698329,25.30696937633932
z060_i100,2012,8,2012-09-05,30.09226809885429,20.68776232580862
z060_i100,2012,8,2012-09-06,30.541147765586974,15.480726050006677
z060_i100,2012,8,2012-09-07,30.753225191300928,9.611054809700994
z060_i100,2012,8,2012-09-08,30.90074397971859,2.994423266459874
z060_i100,2012,9,2012-04-30,3.7992117659588165,0.0
z060_i100,2012,9,2012-05-01,5.396983051524822,0.0
z060_i100,2012,9,2012-05-02,6.860737969024848,0.0
z060_i100,2012,9,2012-05-03,8.264962904687456,0.0
z060_i100,2012,9,2012-05-04,9.565999613481369,0.0
z060_i100,2012,9,2012-05-05,11.014685633600665,0.4875
z060_i100,2012,9,2012-05-06,11.835360542347184,0.5738742470010385
z060_i100,2012,9,2012-05-07,9.833715849062798,0.6755521053764285
z060_i100,2012,9,2012-05-08,13.45370752995099,0.6693313701791065
z060_i100,2012,9,2012-05-09,14.502446835852503,0.661942971579503
z060_i100,2012,9,2012-05-10,15.405956295467853,0.6531898055112884
z060_i100,2012,9,2012-05-11,15.608405291815703,0.6428197753640442
z060_i100,2012,9,2012-05-12,16.45950914200107,0.6305342178392933
z060_i100,2012,9,2012-05-13,16.92807137652366,0.6159793012623072
z060_i100,2012,9,2012-05-14,17.04778479371845,0.598735835010472
z060_i100,2012,9,2012-05-15,17.10697356008825,0.5783071965634253
z060_i100,2012,9,2012-05-16,17.154152246181617,0.5541050284665241
z060_i100,2012,9,2012-05-17,17.193900338451645,0.5254322932713235
z060_i100,2012,9,2012-05-18,17.224311839594975,0.4914631984248431
z060_i100,2012,9,2012-05-19,17.241088069400334,0.4512194129319853
z060_i100,2012,9,2012-05-20,17.279218461246796,0.4035418908162331
z060_i100,2012,9,2012-05-21,17.31915225727216,0.34705748987682655
z060_i100,2012,9,2012-05-22,17.350642493394123,0.280139424341925
z060_i100,2012,9,2012-05-23,7.544126330253859,0.3297739511785161
z060_i100,2012,9,2012-05-24,11.216028406261847,0.35809089976423764
z060_i100,2012,9,2012-05-25,12.301820983489321,0.3568702278930667
z060_i100,2012,9,2012-05-26,14.067310595320283,0.3539939405341174
z060_i100,2012,9,2012-05-27,15.281516997665612,0.34994811735650233
z060_i100,2012,9,2012-05-28,16.160104631255397,0.345129477253682
z060_i100,2012,9,2012-05-29,16.829445614215356,0.3394194086136843
z060_i100,2012,9,2012-05-30,-1.892277243191955,0.39955704109890433
z060_i100,2012,9,2012-05-31,3.774431414780717,0.4703497355786599
z060_i100,2012,9,2012-06-01,8.367708068422889,0.548866526607083
z060_i100,2012,9,2012-06-02,10.53329439527617,0.6184156200034139
z060_i100,2012,9,2012-06-03,12.251469211130795,0.6629425252001904
z060_i100,2012,9,2012-06-04,14.497101410892634,0.6868217926291639
z060_i100,2012,9,2012-06-05,15.99949823271536,0.6844501442686257
z060_i100,2012,9,2012-06-06,-5.753923712164127,0.8057196126193019
z060_i100,2012,9,2012-06-07,-7.043357265603495,0.9484753558684519
z060_i100,2012,9,2012-06-08,4.928609503523429,1.1165242679959997
z060_i100,2012,9,2012-06-09,7.894349189980435,1.300218224416309
z060_i100,2012,9,2012-06-10,10.141442238537271,1.4832181750072966
z060_i100,2012,9,2012-06-11,11.670592554508573,1.6617588488227073
z060_i100,2012,9,2012-06-12,12.824077957961332,1.8488128048446726
z060_i100,2012,9,2012-06-13,14.05160756611863,1.9913169656585084
z060_i100,2012,9,2012-06-14,2.7877106775466642,2.3441344086311164
z060_i100,2012,9,2012-06-15,7.319822787510167,2.7582498380538087
z060_i100,2012,9,2012-06-16,9.921987373215668,3.2043901604296874
z060_i100,2012,9,2012-06-17,12.047407876477374,3.6530023339185598
z060_i100,2012,9,2012-06-18,14.79529544757933,4.08174498895399
z060_i100,2012,9,2012-06-19,3.1727285004504844,4.8049401681768895
z060_i100,2012,9,2012-06-20,6.766831962174813,5.656269581328321
z060_i100,2012,9,2012-06-21,10.347300066214068,6.538932026350865
z060_i100,2012,9,2012-06-22,13.524974878613842,7.537969172033583
z060_i100,2012,9,2012-06-23,16.406274185121674,8.350979420315964
z060_i100,2012,9,2012-06-24,18.727944182747763,8.989459378482206
z060_i100,2012,9,2012-06-25,1.9983095901689616,10.58219329594441
z060_i100,2012,9,2012-06-26,6.796678048028751,12.457124531958023
z060_i100,2012,9,2012-06-27,11.124673134553447,14.60121642633195
z060_i100,2012,9,2012-06-28,14.521470896224704,16.806861205895057
z060_i100,2012,9,2012-06-29,-4.691677155317419,19.78466629535178
z060_i100,2012,9,2012-06-30,5.64613182439127,23.290072763921703
z060_i100,2012,9,2012-07-01,11.263685441341803,27.18724623111085
z060_i100,2012,9,2012-07-02,16.386452968605067,31.187948531686498
z060_i100,2012,9,2012-07-03,19.945716880137084,35.14322630650767
z060_i100,2012,9,2012-07-04,5.4169478585983635,41.01445975894281
z060_i100,2012,9,2012-07-05,12.343826248888288,46.113059651520004
z060_i100,2012,9,2012-07-06,13.815500137179527,50.21657267711541
z060_i100,2012,9,2012-07-07,-7.19664410478182,53.519017020837325
z060_i100,2012,9,2012-07-08,-0.18448591448397397,55.99331606073965
z060_i100,2012,9,2012-07-09,6.30643884374039,57.669491380596114
z060_i100,2012,9,2012-07-10,11.942488204012147,57.669491380596114
z060_i100,2012,9,2012-07-11,16.73536354735129,57.669491380596114
z060_i100,2012,9,2012-07-12,21.567148758716748,57.669491380596114
z060_i100,2012,9,2012-07-13,-0.9265617545134444,57.669491380596114
z060_i100,2012,9,2012-07-14,7.28216398967683,57.669491380596114
z060_i100,2012,9,2012-07-15,14.308737250698751,57.669491380596114
z060_i100,2012,9,2012-07-16,15.136584446354794,57.669491380596114
z060_i100,2012,9,2012-07-17,21.566914901850012,57.669491380596114
z060_i100,2012,9,2012-07-18,8.0113871384335,57.669491380596114
z060_i100,2012,9,2012-07-19,14.798077972216939,57.669491380596114
z060_i100,2012,9,2012-07-20,22.121219411264093,57.669491380596114
z060_i100,2012,9,2012-07-21,27.77787354632636,57.669491380596114
z060_i100,2012,9,2012-07-22,32.91477595642532,57.669491380596114
z060_i100,2012,9,2012-07-23,-15.351197764982789,57.669491380596114
z060_i100,2012,9,2012-07-24,5.60464983962942,57.669491380596114
z060_i100,2012,9,2012-07-25,11.182687237411432,57.669491380596114
z060_i100,2012,9,2012-07-26,16.157643743289235,57.669491380596114
z060_i100,2012,9,2012-07-27,-7.3423460776889735,57.669491380596114
z060_i100,2012,9,2012-07-28,5.048029425285373,57.669491380596114
z060_i100,2012,9,2012-07-29,11.061035100901568,57.669491380596114
z060_i100,2012,9,2012-07-30,15.09329793207141,57.669491380596114
z060_i100,2012,9,2012-07-31,19.6032085271307,57.669491380596114
z060_i100,2012,9,2012-08-01,-11.272069323593321,57.669491380596114
z060_i100,2012,9,2012-08-02,3.8830075555102734,57.669491380596114
z060_i100,2012,9,2012-08-03,10.042744603108988,57.669491380596114
z060_i100,2012,9,2012-08-04,14.666669812184509,57.669491380596114
z060_i100,2012,9,2012-08-05,18.811454465998352,57.669491380596114
z060_i100,2012,9,2012-08-06,-5.5183594246264,57.669491380596114
z060_i100,2012,9,2012-08-07,1.0843269877251775,57.669491380596114
z060_i100,2012,9,2012-08-08,7.539230586835387,57.669491380596114
z060_i100,2012,9,2012-08-09,12.895455273477769,57.669491380596114
z060_i100,2012,9,2012-08-10,5.7925270046490285,57.669491380596114
z060_i100,2012,9,2012-08-11,10.729752055279,57.669491380596114
z060_i100,2012,9,2012-08-12,16.180238667726275,57.669491380596114
z060_i100,2012,9,2012-08-13,19.052559240072256,57.669491380596114
z060_i100,2012,9,2012-08-14,22.64917813789261,57.669491380596114
z060_i100,2012,9,2012-08-15,16.63866876689127,57.30254731347373
z060_i100,2012,9,2012-08-16,20.041998526471286,56.888906823278106
z060_i100,2012,9,2012-08-17,22.900131179815205,56.422627435056796
z060_i100,2012,9,2012-08-18,26.320196739650104,55.897010448728324
z060_i100,2012,9,2012-08-19,29.3344024893454,55.30450470368371
z060_i100,2012,9,2012-08-20,30.65124113216609,54.63659809670147
z060_i100,2012,9,2012-08-21,20.13298680284919,53.883695294692465
z060_i100,2012,9,2012-08-22,24.396175499879817,53.034979885461496
z060_i100,2012,9,2012-08-23,28.44875995379485,52.078258986104956
z060_i100,2012,9,2012-08-24,30.879050094424784,50.999788076645494
z060_i100,2012,9,2012-08-25,33.69022219864707,49.78407354241449
z060_i100,2012,9,2012-08-26,36.26720506779337,48.41365008845106
z060_i100,2012,9,2012-08-27,38.495840214416525,46.8688298281907
z060_i100,2012,9,2012-08-28,26.393534964242257,45.12741944178132
z060_i100,2012,9,2012-08-29,30.32542790354231,43.16440134064421
z060_i100,2012,9,2012-08-30,35.18358129838376,40.95157425780055
z060_i100,2012,9,2012-08-31,37.8239049482179,38.45714810058378
z060_i100,2012,9,2012-09-01,39.267614760091824,35.64528724527858
z060_i100,2012,9,2012-09-02,40.715556269017064,32.47559571252958
z060_i100,2012,9,2012-09-03,41.70936111915139,28.902536827405555
z060_i100,2012,9,2012-09-04,42.48485788203218,24.874779026793455
z060_i100,2012,9,2012-09-05,43.03492789339499,20.33445841580856
z060_i100,2012,9,2012-09-06,43.38631702963451,15.216347478899284
z060_i100,2012,9,2012-09-07,43.55803034283832,9.446918003118695
z060_i100,2012,9,2012-09-08,43.677458371507676,2.9432847512559066
z060_i100,2012,10,2012-04-30,3.7992117659588165,0.0
z060_i100,2012,10,2012-05-01,5.396983051524822,0.0
z060_i100,2012,10,2012-05-02,6.860737969024848,0.0
z060_i100,2012,10,2012-05-03,8.264962904687456,0.0
z060_i100,2012,10,2012-05-04,9.565999613481369,0.0
z060_i100,2012,10,2012-05-05,11.014685633600665,0.4875
z060_i100,2012,10,2012-05-06,11.835360542347184,0.5738742470010385
z060_i100,2012,10,2012-05-07,9.833715849062798,0.6755521053764285
z060_i100,2012,10,2012-05-08,13.45370752995099,0.6693313701791065
z060_i100,2012,10,2012-05-09,14.502446835852503,0.661942971579503
z060_i100,2012,10,2012-05-10,15.405956295467853,0.6531898055112884
z060_i100,2012,10,2012-05-11,15.608405291815703,0.6428197753640442
z060_i100,2012,10,2012-05-12,16.45950914200107,0.6305342178392933
z060_i100,2012,10,2012-05-13,16.92807137652366,0.6159793012623072
z060_i100,2012,10,2012-05-14,17.04778479371845,0.598735835010472
z060_i100,2012,10,2012-05-15,17.10697356008825,0.5783071965634253
z060_i100,2012,10,2012-05-16,17.154152246181617,0.5541050284665241
z060_i100,2012,10,2012-05-17,17.193900338451645,0.5254322932713235
z060_i100,2012,10,2012-05-18,17.224311839594975,0.4914631984248431
z060_i100,2012,10,2012-05-19,17.241088069400334,0.4512194129319853
z060_i100,2012,10,2012-05-20,17.279218461246796,0.4035418908162331
z060_i100,2012,10,2012-05-21,17.31915225727216,0.34705748987682655
z060_i100,2012,10,2012-05-22,17.350642493394123,0.280139424341925
z060_i100,2012,10,2012-05-23,7.544126330253859,0.3297739511785161
z060_i100,2012,10,2012-05-24,11.216028406261847,0.35809089976423764
z060_i100,2012,10,2012-05-25,12.301820983489321,0.3568702278930667
z060_i100,2012,10,2012-05-26,14.067310595320283,0.3539939405341174
z060_i100,2012,10,2012-05-27,15.281516997665612,0.34994811735650233
z060_i100,2012,10,2012-05-28,16.160104631255397,0.345129477253682
z060_i100,2012,10,2012-05-29,16.829445614215356,0.3394194086136843
z060_i100,2012,10,2012-05-30,-1.8017954265122,0.39955704109890433
z060_i100,2012,10,2012-05-31,3.7909109979767206,0.4703497355786599
z060_i100,2012,10,2012-06-01,8.37258794318687,0.54883802443673
z060_i100,2012,10,2012-06-02,10.538777768723982,0.6182025931091583
z060_i100,2012,10,2012-06-03,12.259102566862328,0.6625302935836094
z060_i100,2012,10,2012-06-04,14.506900028316,0.6861670288263371
z060_i100,2012,10,2012-06-05,16.012523704934868,0.6837832815343581
z060_i100,2012,10,2012-06-06,-5.737308179656953,0.8049345965178029
z060_i100,2012,10,2012-06-07,-7.0418248946795305,0.947551252229208
z060_i100,2012,10,2012-06-08,4.92859285180926,1.1154364335752367
z060_i100,2012,10,2012-06-09,7.894200741425559,1.2989514161797426
z060_i100,2012,10,2012-06-10,10.141182955461806,1.4817730691278066
z060_i100,2012,10,2012-06-11,11.670230546758653,1.6601397899929327
z060_i100,2012,10,2012-06-12,12.823594128980119,1.8470114985369588
z060_i100,2012,10,2012-06-13,14.050955900294833,1.989376816930904
z060_i100,2012,10,2012-06-14,2.700418358485139,2.3418505083436822
z060_i100,2012,10,2012-06-15,7.279205223554054,2.7560307300339972
z060_i100,2012,10,2012-06-16,9.894981938621463,3.202344318931101
z060_i100,2012,10,2012-06-17,12.027521356187794,3.6514858216331483
z060_i100,2012,10,2012-06-18,14.783144780286175,4.080888153589123
z060_i100,2012,10,2012-06-19,3.2400068032431864,4.803931520484958
z060_i100,2012,10,2012-06-20,6.807247839122798,5.654664540741922
z060_i100,2012,10,2012-06-21,10.372894395566492,6.535934885552249
z060_i100,2012,10,2012-06-22,13.53950879651224,7.533407952729782
z060_i100,2012,10,2012-06-23,16.415250824431507,8.345030370466528
z060_i100,2012,10,2012-06-24,18.733805012065776,8.98174889773138
z060_i100,2012,10,2012-06-25,2.0032667234039185,10.573116688077956
z060_i100,2012,10,2012-06-26,6.799837666315217,12.446439749384307
z060_i100,2012,10,2012-06-27,11.12693230979176,14.58869260332393
z060_i100,2012,10,2012-06-28,14.522829906671406,16.793245176794
z060_i100,2012,10,2012-06-29,-4.59023541572834,19.768637806228668
z060_i100,2012,10,2012-06-30,5.655237843333335,23.27120438007331
z060_i100,2012,10,2012-07-01,11.263563303205334,27.16522056365719
z060_i100,2012,10,2012-07-02,16.384198682397525,31.16268170704816
z060_i100,2012,10,2012-07-03,19.942025437876676,35.115895202077816
z060_i100,2012,10,2012-07-04,5.413414906324078,40.98645324155808
z060_i100,2012,10,2012-07-05,12.340432287397231,46.087097319929185
z060_i100,2012,10,2012-07-06,13.812236314755532,50.192567393448286
z060_i100,2012,10,2012-07-07,-7.199821569141476,53.49674328323177
z060_i100,2012,10,2012-07-08,-0.1845861091192835,55.97233965393268
z060_i100,2012,10,2012-07-09,6.306551732150517,57.649393830318274
z060_i100,2012,10,2012-07-10,11.941988062546361,57.649393830318274
z060_i100,2012,10,2012-07-11,16.733998502653016,57.649393830318274
z060_i100,2012,10,2012-07-12,21.5648181275172,57.649393830318274
z060_i100,2012,10,2012-07-13,-0.9287550963235728,57.649393830318274
z060_i100,2012,10,2012-07-14,7.282108233255124,57.649393830318274
z060_i100,2012,10,2012-07-15,14.30904077633976,57.649393830318274
z060_i100,2012,10,2012-07-16,15.13706584005039,57.649393830318274
z060_i100,2012,10,2012-07-17,21.567550429107936,57.649393830318274
z060_i100,2012,10,2012-07-18,8.112194787245015,57.649393830318274
z060_i100,2012,10,2012-07-19,14.899056408328514,57.649393830318274
z060_i100,2012,10,2012-07-20,22.22238752634172,57.649393830318274
z060_i100,2012,10,2012-07-21,27.874250050431353,57.649393830318274
z060_i100,2012,10,2012-07-22,33.00860768693674,57.649393830318274
z060_i100,2012,10,2012-07-23,-15.257159788637578,57.649393830318274
z060_i100,2012,10,2012-07-24,5.605821301000539,57.649393830318274
z060_i100,2012,10,2012-07-25,11.183787294003086,57.649393830318274
z060_i100,2012,10,2012-07-26,16.158009706077067,57.649393830318274
z060_i100,2012,10,2012-07-27,-7.4417773075938785,57.649393830318274
z060_i100,2012,10,2012-07-28,5.041328908379248,57.649393830318274
z060_i100,2012,10,2012-07-29,11.061656094995739,57.649393830318274
z060_i100,2012,10,2012-07-30,15.093935635909741,57.649393830318274
z060_i100,2012,10,2012-07-31,19.603251366656476,57.649393830318274
z060_i100,2012,10,2012-08-01,-10.771861752894313,57.649393830318274
z060_i100,2012,10,2012-08-02,3.895488219554762,57.649393830318274
z060_i100,2012,10,2012-08-03,10.043482029086624,57.649393830318274
z060_i100,2012,10,2012-08-04,14.666274219089996,57.649393830318274
z060_i100,2012,10,2012-08-05,18.81035130629236,57.649393830318274
z060_i100,2012,10,2012-08-06,-5.519238363129566,57.649393830318274
z060_i100,2012,10,2012-08-07,1.0844673354948544,57.649393830318274
z060_i100,2012,10,2012-08-08,7.539619989805507,57.649393830318274
z060_i100,2012,10,2012-08-09,12.895314627330011,57.649393830318274
z060_i100,2012,10,2012-08-10,6.492641400110711,57.649393830318274
z060_i100,2012,10,2012-08-11,11.43007662572153,57.649393830318274
z060_i100,2012,10,2012-08-12,16.880822058598277,57.649393830318274
z060_i100,2012,10,2012-08-13,19.737741724835768,57.649393830318274
z060_i100,2012,10,2012-08-14,23.302852774636637,57.649393830318274
z060_i100,2012,10,2012-08-15,27.670371274876626,57.28257764150142
z060_i100,2012,10,2012-08-16,29.911379101781108,56.86908130309818
z060_i100,2012,10,2012-08-17,32.65076486394505,56.40296441108108
z060_i100,2012,10,2012-08-18,36.019217875137684,55.87753059983456
z060_i100,2012,10,2012-08-19,39.01946669616229,55.285231340294075
z060_i100,2012,10,2012-08-20,40.32947593553458,54.61755749566666
z060_i100,2012,10,2012-08-21,32.81149464130383,53.86491707679223
z060_i100,2012,10,2012-08-22,37.07494368279596,53.016497440945066
z060_i100,2012,10,2012-08-23,41.12778815090467,52.06010995438473
z060_i100,2012,10,2012-08-24,43.45882954091795,50.98201488703532
z060_i100,2012,10,2012-08-25,45.64741333925353,49.76672402368107
z060_i100,2012,10,2012-08-26,47.3799956474518,48.39677815593539
z060_i100,2012,10,2012-08-27,48.724386015970815,46.85249625837092
z060_i100,2012,10,2012-08-28,39.62247774369125,45.11169274540464
z060_i100,2012,10,2012-08-29,43.554748114340676,43.14935874697139
z060_i100,2012,10,2012-08-30,47.460455965988864,40.937302824103114
z060_i100,2012,10,2012-08-31,49.00748015651629,38.4437459628331
z060_i100,2012,10,2012-09-01,49.74819176658569,35.63286502799471
z060_i100,2012,10,2012-09-02,50.41707493177036,32.464278118043985
z060_i100,2012,10,2012-09-03,50.88241850435969,28.892464427369763
z060_i100,2012,10,2012-09-04,51.261374808015056,24.866110281670633
z060_i100,2012,10,2012-09-05,51.549343131603514,20.32737195136086
z060_i100,2012,10,2012-09-06,51.75669519675842,15.211044652375547
z060_i100,2012,10,2012-09-07,51.876676733816716,9.443625796008954
z060_i100,2012,10,2012-09-08,51.98618734000508,2.942259030170886
z060_i100,2012,11,2012-04-30,3.7992117659588165,0.0
z060_i100,2012,11,2012-05-01,5.396983051524822,0.0
z060_i100,2012,11,2012-05-02,6.860737969024848,0.0
z060_i100,2012,11,2012-05-03,8.264962904687456,0.0
z060_i100,2012,11,2012-05-04,9.565999613481369,0.0
z060_i100,2012,11,2012-05-05,11.014685633600665,0.4875
z060_i100,2012,11,2012-05-06,11.835360542347184,0.5738742470010385
z060_i100,2012,11,2012-05-07,9.833715849062798,0.6755521053764285
z060_i100,2012,11,2012-05-08,13.45370752995099,0.6693313701791065
z060_i100,2012,11,2012-05-09,14.502446835852503,0.661942971579503
z060_i100,2012,11,2012-05-10,15.405956295467853,0.6531898055112884
z060_i100,2012,11,2012-05-11,15.608405291815703,0.6428197753640442
z060_i100,2012,11,2012-05-12,16.45950914200107,0.6305342178392933
z060_i100,2012,11,2012-05-13,16.92807137652366,0.6159793012623072
z060_i100,2012,11,2012-05-14,17.04778479371845,0.598735835010472
z060_i100,2012,11,2012-05-15,17.10697356008825,0.5783071965634253
z060_i100,2012,11,2012-05-16,17.154152246181617,0.5541050284665241
z060_i100,2012,11,2012-05-17,17.193900338451645,0.5254322932713235
z060_i100,2012,11,2012-05-18,17.224311839594975,0.4914631984248431
z060_i100,2012,11,2012-05-19,17.241088069400334,0.4512194129319853
z060_i100,2012,11,2012-05-20,17.279218461246796,0.4035418908162331
z060_i100,2012,11,2012-05-21,17.31915225727216,0.34705748987682655
z060_i100,2012,11,2012-05-22,17.350642493394123,0.280139424341925
z060_i100,2012,11,2012-05-23,7.544126330253859,0.3297739511785161
z060_i100,2012,11,2012-05-24,11.216028406261847,0.35809089976423764
z060_i100,2012,11,2012-05-25,12.301820983489321,0.3568702278930667
z060_i100,2012,11,2012-05-26,14.067310595320283,0.3539939405341174
z060_i100,2012,11,2012-05-27,15.281516997665612,0.34994811735650233
z060_i100,2012,11,2012-05-28,16.160104631255397,0.345129477253682
z060_i100,2012,11,2012-05-29,16.829445614215356,0.3394194086136843
z060_i100,2012,11,2012-05-30,-2.106384151001552,0.39955704109890433
z060_i100,2012,11,2012-05-31,3.6087322842544536,0.4703497355786599
z060_i100,2012,11,2012-06-01,8.301751120299285,0.5493390837246267
z060_i100,2012,11,2012-06-02,10.48423098919542,0.6196630567269147
z060_i100,2012,11,2012-06-03,12.207700503438254,0.6653762970698798
z060_i100,2012,11,2012-06-04,14.45865290163227,0.6907052339188612
z060_i100,2012,11,2012-06-05,15.95810227747295,0.6883923587596595
z060_i100,2012,11,2012-06-06,-7.592304420766986,0.810360300563012
z060_i100,2012,11,2012-06-07,-7.093370316188105,0.9539382713541206
z060_i100,2012,11,2012-06-08,4.92792852392404,1.1229550916078326
z060_i100,2012,11,2012-06-09,7.89540385396281,1.3077070666186548
z060_i100,2012,11,2012-06-10,10.143156861031471,1.4916366642413155
z060_i100,2012,11,2012-06-11,11.672850870784758,1.6709865479708719
z060_i100,2012,11,2012-06-12,12.826983785223351,1.859079209236903
z060_i100,2012,11,2012-06-13,14.055460198535384,2.0023746915618488
z060_i100,2012,11,2012-06-14,7.07123236812751,2.3571513196594727
z060_i100,2012,11,2012-06-15,11.498541149228393,2.7387578989075676
z060_i100,2012,11,2012-06-16,13.80982222555984,3.0996524044458873
z060_i100,2012,11,2012-06-17,15.68314112328466,3.3881517057670605
z060_i100,2012,11,2012-06-18,17.33831752006176,3.5958470715530377
z060_i100,2012,11,2012-06-19,9.969022139287231,4.2329518574736165
z060_i100,2012,11,2012-06-20,13.019474070898678,4.881529788707869
z060_i100,2012,11,2012-06-21,15.900985689194668,5.387711985819614
z060_i100,2012,11,2012-06-22,17.498892130377993,5.945295291944864
z060_i100,2012,11,2012-06-23,19.34476926842221,6.211864928825634
z060_i100,2012,11,2012-06-24,20.862910340015915,6.210378018818601
z060_i100,2012,11,2012-06-25,10.052904758632597,7.31072001875144
z060_i100,2012,11,2012-06-26,14.30368064187191,8.393660118427901
z060_i100,2012,11,2012-06-27,16.550687752384697,9.550544746641144
z060_i100,2012,11,2012-06-28,18.68921724453014,10.564694779418172
z060_i100,2012,11,2012-06-29,5.515393067445334,12.436525664275702
z060_i100,2012,11,2012-06-30,11.446488074016772,14.640003694144225
z060_i100,2012,11,2012-07-01,15.678867685272214,16.770309339327756
z060_i100,2012,11,2012-07-02,19.35486099289322,18.70705069628343
z060_i100,2012,11,2012-07-03,21.731341661979055,20.55267325785099
z060_i100,2012,11,2012-07-04,11.203218443476777,24.19415361991306
z060_i100,2012,11,2012-07-05,17.13176724003509,27.981242278709157
z060_i100,2012,11,2012-07-06,18.706960292786597,31.70910824724692
z060_i100,2012,11,2012-07-07,-2.4295533227651167,35.690529262271106
z060_i100,2012,11,2012-07-08,0.18537588221080017,38.81153405355834
z060_i100,2012,11,2012-07-09,6.308023974800172,40.971311092202626
z060_i100,2012,11,2012-07-10,11.282908806871651,40.971311092202626
z060_i100,2012,11,2012-07-11,15.315276740537989,40.971311092202626
z060_i100,2012,11,2012-07-12,19.25323664353904,40.971311092202626
z060_i100,2012,11,2012-07-13,7.873502342847065,40.971311092202626
z060_i100,2012,11,2012-07-14,15.92258186468101,40.971311092202626
z060_i100,2012,11,2012-07-15,20.669935112643977,40.971311092202626
z060_i100,2012,11,2012-07-16,21.625705071109895,40.971311092202626
z060_i100,2012,11,2012-07-17,28.0075020145995,40.971311092202626
z060_i100,2012,11,2012-07-18,19.093015690104128,40.971311092202626
z060_i100,2012,11,2012-07-19,26.019378158485477,40.971311092202626
z060_i100,2012,11,2012-07-20,30.407239799452807,40.971311092202626
z060_i100,2012,11,2012-07-21,34.09368888329337,40.9414483485147
z060_i100,2012,11,2012-07-22,37.00585453141201,40.778437121208896
z060_i100,2012,11,2012-07-23,-16.16437782067507,40.778437121208896
z060_i100,2012,11,2012-07-24,5.890267008736203,40.778437121208896
z060_i100,2012,11,2012-07-25,11.490275882490591,40.778437121208896
z060_i100,2012,11,2012-07-26,15.863913973416867,40.778437121208896
z060_i100,2012,11,2012-07-27,-7.582078168871683,40.778437121208896
z060_i100,2012,11,2012-07-28,5.176920932772994,40.778437121208896
z060_i100,2012,11,2012-07-29,11.05355933968915,40.778437121208896
z060_i100,2012,11,2012-07-30,14.593832691388036,40.778437121208896
z060_i100,2012,11,2012-07-31,18.433327208009427,40.778437121208896
z060_i100,2012,11,2012-08-01,-12.22205917958804,40.778437121208896
z060_i100,2012,11,2012-08-02,3.8153752182465386,40.778437121208896
z060_i100,2012,11,2012-08-03,9.468287133080636,40.778437121208896
z060_i100,2012,11,2012-08-04,13.80206905329458,40.778437121208896
z060_i100,2012,11,2012-08-05,17.379176981003113,40.778437121208896
z060_i100,2012,11,2012-08-06,-6.777638382086844,40.778437121208896
z060_i100,2012,11,2012-08-07,1.1361777506052746,40.778437121208896
z060_i100,2012,11,2012-08-08,7.561643818066239,40.778437121208896
z060_i100,2012,11,2012-08-09,12.299120756410877,40.778437121208896
z060_i100,2012,11,2012-08-10,2.385020174657199,40.778437121208896
z060_i100,2012,11,2012-08-11,7.477574755365847,40.778437121208896
z060_i100,2012,11,2012-08-12,12.680758602897813,40.778437121208896
z060_i100,2012,11,2012-08-13,15.208306783455061,40.778437121208896
z060_i100,2012,11,2012-08-14,18.351245719158328,40.778437121208896
z060_i100,2012,11,2012-08-15,12.455417603909757,40.51896880945636
z060_i100,2012,11,2012-08-16,16.068044991194384,40.22648118183176
z060_i100,2012,11,2012-08-17,18.58988672209786,39.89677227928547
z060_i100,2012,11,2012-08-18,21.4707713424924,39.5251054115238
z060_i100,2012,11,2012-08-19,24.00629501823587,39.106141108391654
z060_i100,2012,11,2012-08-20,25.0898078594474,38.633860411551154
z060_i100,2012,11,2012-08-21,14.790356165819759,38.101478404443036
z060_i100,2012,11,2012-08-22,19.264977289039543,37.501346738278016
z060_i100,2012,11,2012-08-23,23.404623511867527,36.824843753719286
z060_i100,2012,11,2012-08-24,25.379698566517796,36.06225061971355
z060_i100,2012,11,2012-08-25,27.677222301817068,35.20261171004633
z060_i100,2012,11,2012-08-26,29.78046203914831,34.233577211752134
z060_i100,2012,11,2012-08-27,31.59541756943775,33.14122570424789
z060_i100,2012,11,2012-08-28,19.143505446493062,31.909864160311884
z060_i100,2012,11,2012-08-29,23.412717314097485,30.521802495666307
z060_i100,2012,11,2012-08-30,27.125521241339335,28.957099428279626
z060_i100,2012,11,2012-08-31,29.244054169409548,27.193275996332588
z060_i100,2012,11,2012-09-01,30.553321444100288,25.20499261916668
z060_i100,2012,11,2012-09-02,31.835209808211616,22.963685061782478
z060_i100,2012,11,2012-09-03,32.73825662924767,20.437154073051893
z060_i100,2012,11,2012-09-04,33.527333130660885,17.589102802272315
z060_i100,2012,11,2012-09-05,34.13374117290065,14.378615348459386
z060_i100,2012,11,2012-09-06,34.5487972437378,10.759568951071703
z060_i100,2012,11,2012-09-07,34.76955646619085,6.679971377535127
z060_i100,2012,11,2012-09-08,34.940201559988914,2.0812139882905836
z060_i100,2012,12,2012-04-30,3.7992117659588165,0.0
z060_i100,2012,12,2012-05-01,5.396983051524822,0.0
z060_i100,2012,12,2012-05-02,6.860737969024848,0.0
z060_i100,2012,12,2012-05-03,8.264962904687456,0.0
z060_i100,2012,12,2012-05-04,9.565999613481369,0.0
z060_i100,2012,12,2012-05-05,11.014685633600665,0.4875
z060_i100,2012,12,2012-05-06,11.835360542347184,0.5738742470010385
z060_i100,2012,12,2012-05-07,9.833715849062798,0.6755521053764285
z060_i100,2012,12,2012-05-08,13.45370752995099,0.6693313701791065
z060_i100,2012,12,2012-05-09,14.502446835852503,0.661942971579503
z060_i100,2012,12,2012-05-10,15.405956295467853,0.6531898055112884
z060_i100,2012,12,2012-05-11,15.608405291815703,0.6428197753640442
z060_i100,2012,12,2012-05-12,16.45950914200107,0.6305342178392933
z060_i100,2012,12,2012-05-13,16.92807137652366,0.6159793012623072
z060_i100,2012,12,2012-05-14,17.04778479371845,0.598735835010472
z060_i100,2012,12,2012-05-15,17.10697356008825,0.5783071965634253
z060_i100,2012,12,2012-05-16,17.154152246181617,0.5541050284665241
z060_i100,2012,12,2012-05-17,17.193900338451645,0.5254322932713235
z060_i100,2012,12,2012-05-18,17.224311839594975,0.4914631984248431
z060_i100,2012,12,2012-05-19,17.241088069400334,0.4512194129319853
z060_i100,2012,12,2012-05-20,17.279218461246796,0.4035418908162331
z060_i100,2012,12,2012-05-21,17.31915225727216,0.34705748987682655
z060_i100,2012,12,2012-05-22,17.350642493394123,0.280139424341925
z060_i100,2012,12,2012-05-23,7.544126330253859,0.3297739511785161
z060_i100,2012,12,2012-05-24,11.216028406261847,0.35809089976423764
z060_i100,2012,12,2012-05-25,12.301820983489321,0.3568702278930667
z060_i100,2012,12,2012-05-26,14.067310595320283,0.3539939405341174
z060_i100,2012,12,2012-05-27,15.281516997665612,0.34994811735650233
z060_i100,2012,12,2012-05-28,16.160104631255397,0.345129477253682
z060_i100,2012,12,2012-05-29,16.829445614215356,0.3394194086136843
z060_i100,2012,12,2012-05-30,-1.9832930842928889,0.39955704109890433
z060_i100,2012,12,2012-05-31,3.7579728804320136,0.4703497355786599
z060_i100,2012,12,2012-06-01,8.362894040094194,0.5489515573066206
z060_i100,2012,12,2012-06-02,10.527841326450494,0.6186015495672693
z060_i100,2012,12,2012-06-03,12.243709801392084,0.6633253840545769
z060_i100,2012,12,2012-06-04,14.487189748697912,0.6874459244966425
z060_i100,2012,12,2012-06-05,15.9863475471505,0.6850865010454363
z060_i100,2012,12,2012-06-06,-8.125035303908962,0.8064687177805661
z060_i100,2012,12,2012-06-07,-7.102322930560199,0.9493571859409546
z060_i100,2012,12,2012-06-08,4.9276541733007155,1.1175623389064415
z060_i100,2012,12,2012-06-09,7.89469750225992,1.3014270818990177
z060_i100,2012,12,2012-06-10,10.141908094008713,1.484473396795719
z060_i100,2012,12,2012-06-11,11.671106686345833,1.663165166483382
z060_i100,2012,12,2012-06-12,12.824668257573114,1.8503774230205148
z060_i100,2012,12,2012-06-13,14.05231545087631,1.9930021826313502
z060_i100,2012,12,2012-06-14,9.901273380192702,2.3422779710854806
z060_i100,2012,12,2012-06-15,12.824797149353959,2.6776169545207997
z060_i100,2012,12,2012-06-16,14.728398944298402,2.989755230738573
z060_i100,2012,12,2012-06-17,16.370181077912303,3.219307184480697
z060_i100,2012,12,2012-06-18,17.850906736241836,3.369834534586877
z060_i100,2012,12,2012-06-19,12.771445437300647,3.92890338667952
z060_i100,2012,12,2012-06-20,14.871769101598877,4.448603020272098
z060_i100,2012,12,2012-06-21,17.221380772456264,4.788452720333366
z060_i100,2012,12,2012-06-22,18.554407815447092,5.1916788501368725
z060_i100,2012,12,2012-06-23,20.049073438958175,5.190685122109021
z060_i100,2012,12,2012-06-24,21.326167492294726,5.185176808567171
z060_i100,2012,12,2012-06-25,13.923903129786543,6.100612805905672
z060_i100,2012,12,2012-06-26,16.946409187214165,6.816555594027883
z060_i100,2012,12,2012-06-27,18.475046528228916,7.590225999844394
z060_i100,2012,12,2012-06-28,20.113722548988942,8.198859344017388
z060_i100,2012,12,2012-06-29,10.855556700718049,9.65151637398032
z060_i100,2012,12,2012-06-30,15.600749837779116,11.137638770080919
z060_i100,2012,12,2012-07-01,18.90678644471604,12.413662180026497
z060_i100,2012,12,2012-07-02,21.449015821675374,13.278757132103417
z060_i100,2012,12,2012-07-03,23.23719823627151,13.937084647821946
z060_i100,2012,12,2012-07-04,16.858652671608482,16.40642863109447
z060_i100,2012,12,2012-07-05,20.84951126119259,18.22268417982874
z060_i100,2012,12,2012-07-06,22.493002312452887,20.10843870155245
z060_i100,2012,12,2012-07-07,1.4094734529033777,22.893751801015462
z060_i100,2012,12,2012-07-08,2.2985749738200165,25.068960578197537
z060_i100,2012,12,2012-07-09,7.684278564820919,26.524444612029164
z060_i100,2012,12,2012-07-10,11.889893558770815,26.524444612029164
z060_i100,2012,12,2012-07-11,15.130030193874477,26.524444612029164
z060_i100,2012,12,2012-07-12,18.12360946924547,26.524444612029164
z060_i100,2012,12,2012-07-13,12.841914670489027,26.524444612029164
z060_i100,2012,12,2012-07-14,19.172436508337494,26.524444612029164
z060_i100,2012,12,2012-07-15,22.439837008993642,26.524444612029164
z060_i100,2012,12,2012-07-16,23.50613710349893,26.524444612029164
z060_i100,2012,12,2012-07-17,27.74629840598022,26.524444612029164
z060_i100,2012,12,2012-07-18,22.949645517301526,26.524444612029164
z060_i100,2012,12,2012-07-19,28.12123623405413,26.524444612029164
z060_i100,2012,12,2012-07-20,31.193622958513195,26.524444612029164
z060_i100,2012,12,2012-07-21,33.821221189121175,26.488426140047892
z060_i100,2012,12,2012-07-22,36.00760933167579,26.38332387120078
z060_i100,2012,12,2012-07-23,-16.968446063339407,26.38332387120078
z060_i100,2012,12,2012-07-24,5.68232293368383,26.38332387120078
z060_i100,2012,12,2012-07-25,10.990799576711133,26.38332387120078
z060_i100,2012,12,2012-07-26,14.76343784532563,26.38332387120078
z060_i100,2012,12,2012-07-27,-8.442420861705052,26.38332387120078
z060_i100,2012,12,2012-07-28,5.088005588474762,26.38332387120078
z060_i100,2012,12,2012-07-29,10.772683282534532,26.38332387120078
z060_i100,2012,12,2012-07-30,13.835377929145766,26.38332387120078
z060_i100,2012,12,2012-07-31,16.97403093245836,26.38332387120078
z060_i100,2012,12,2012-08-01,-13.175702653464985,26.38332387120078
z060_i100,2012,12,2012-08-02,3.6227666534787892,26.38332387120078
z060_i100,2012,12,2012-08-03,8.7301342444317,26.38332387120078
z060_i100,2012,12,2012-08-04,12.85291769467868,26.38332387120078
z060_i100,2012,12,2012-08-05,15.91349116314512,26.38332387120078
z060_i100,2012,12,2012-08-06,-7.994357463725274,26.38332387120078
z060_i100,2012,12,2012-08-07,1.1812030250594354,26.38332387120078
z060_i100,2012,12,2012-08-08,6.448912648286126,26.38332387120078
z060_i100,2012,12,2012-08-09,10.30728504386,26.38332387120078
z060_i100,2012,12,2012-08-10,3.6530955115902954,26.38332387120078
z060_i100,2012,12,2012-08-11,8.867212580618858,26.38332387120078
z060_i100,2012,12,2012-08-12,12.84347169272238,26.38332387120078
z060_i100,2012,12,2012-08-13,14.919531480939801,26.38332387120078
z060_i100,2012,12,2012-08-14,17.45604983933156,26.38332387120078
z060_i100,2012,12,2012-08-15,20.387741290371633,26.215449941090778
z060_i100,2012,12,2012-08-16,21.85132303345088,26.026212776728595
z060_i100,2012,12,2012-08-17,23.567647693594818,25.81289374409278
z060_i100,2012,12,2012-08-18,25.62927879683261,25.572428242307993
z060_i100,2012,12,2012-08-19,27.44873065088082,25.301361676731883
z060_i100,2012,12,2012-08-20,28.22838674375788,24.995799829282397
z060_i100,2012,12,2012-08-21,21.13007174666837,24.651352913011838
z060_i100,2012,12,2012-08-22,25.802107452108345,24.263072507200008
z060_i100,2012,12,2012-08-23,27.790512835310548,23.82538046695838
z060_i100,2012,12,2012-08-24,29.221410654099692,23.331988786040746
z060_i100,2012,12,2012-08-25,30.922020790722772,22.775809261587117
z060_i100,2012,12,2012-08-26,32.47754905684301,22.148851663019283
z060_i100,2012,12,2012-08-27,33.81783233622602,21.442108942153958
z060_i100,2012,12,2012-08-28,24.8220905313462,20.64542783542982
z060_i100,2012,12,2012-08-29,29.1230371174224,19.747362999283975
z060_i100,2012,12,2012-08-30,31.012066867700845,18.7350125831457
z060_i100,2012,12,2012-08-31,32.51114913375678,17.593832877843347
z060_i100,2012,12,2012-09-01,33.44142629910813,16.30742937661133
z060_i100,2012,12,2012-09-02,34.412891500550906,14.857321247021382
z060_i100,2012,12,2012-09-03,35.10446752608325,13.222675830175943
z060_i100,2012,12,2012-09-04,35.71985394900135,11.38000935290476
z060_i100,2012,12,2012-09-05,36.206492923325186,9.30284955331257
z060_i100,2012,12,2012-09-06,36.555892462903685,6.961355372861952
z060_i100,2012,12,2012-09-07,36.7582121687728,4.3218882513817
z060_i100,2012,12,2012-09-08,36.924623424280966,1.346528866104732
z060_i100,2013,1,2013-05-15,3.4670577679065073,0.0
z060_i100,2013,1,2013-05-16,5.6231336678676165,0.0
z060_i100,2013,1,2013-05-17,7.267662207480288,0.0
z060_i100,2013,1,2013-05-18,8.330154070062376,0.0
z060_i100,2013,1,2013-05-19,10.109239416869256,0.0
z060_i100,2013,1,2013-05-20,10.198882207797393,0.4875
z060_i100,2013,1,2013-05-21,11.528561702351489,0.5738742470010385
z060_i100,2013,1,2013-05-22,12.386943905422065,0.6755521053764285
z060_i100,2013,1,2013-05-23,12.909958388313015,0.6693127862307413
z060_i100,2013,1,2013-05-24,13.627751669102606,0.6619209548482653
z060_i100,2013,1,2013-05-25,13.91278186450429,0.6531637219016666
z060_i100,2013,1,2013-05-26,13.91278186450429,0.6427888736519074
z060_i100,2013,1,2013-05-27,13.91278186450429,0.6304976080361702
z060_i100,2013,1,2013-05-28,13.91278186450429,0.6159359289831668
z060_i100,2013,1,2013-05-29,9.803496096722329,0.6143818734895483
z060_i100,2013,1,2013-05-30,13.505768464230105,0.5968433341676391
z060_i100,2013,1,2013-05-31,13.96589401334757,0.5760651174527448
z060_i100,2013,1,2013-06-01,13.96589401334757,0.5514487978193422
z060_i100,2013,1,2013-06-02,13.96589401334757,0.5222854099979289
z060_i100,2013,1,2013-06-03,13.96589401334757,0.4877350303356464
z060_i100,2013,1,2013-06-04,13.96589401334757,0.44725473740553867
z060_i100,2013,1,2013-06-05,13.96589401334757,0.3988448698282971
z060_i100,2013,1,2013-06-06,13.96589401334757,0.3414928463104251
z060_i100,2013,1,2013-06-07,2.7997306200721046,0.40199784622079293
z060_i100,2013,1,2013-06-08,6.880009360607678,0.46666984190687333
z060_i100,2013,1,2013-06-09,9.566577363633304,0.46663351698872896
z060_i100,2013,1,2013-06-10,11.569573676595118,0.4627235128809549
z060_i100,2013,1,2013-06-11,13.214604387083055,0.457679464363531
z060_i100,2013,1,2013-06-12,14.297993966110866,0.4517027665332009
z060_i100,2013,1,2013-06-13,1.3300845606825111,0.5317345333590289
z060_i100,2013,1,2013-06-14,6.788289502712793,0.6227920341456676
z060_i100,2013,1,2013-06-15,9.259815918838477,0.6804198156408539
z060_i100,2013,1,2013-06-16,10.869509231023187,0.680369404105263
z060_i100,2013,1,2013-06-17,12.179316553092386,0.6772448977983184
z060_i100,2013,1,2013-06-18,13.358447267600047,0.6721437652755309
z060_i100,2013,1,2013-06-19,14.574787196639097,0.6645900416011891
z060_i100,2013,1,2013-06-20,2.732294122070482,0.7823407378220949
z060_i100,2013,1,2013-06-21,6.911072030424407,0.9202694221939854
z060_i100,2013,1,2013-06-22,9.302987869742559,1.0482832769613657
z060_i100,2013,1,2013-06-23,11.190796013083954,1.1511205868788157
z060_i100,2013,1,2013-06-24,13.649464070625143,1.2309758263392618
z060_i100,2013,1,2013-06-25,15.351767207583304,1.2273767116839596
z060_i100,2013,1,2013-06-26,3.258782029313861,1.444840792213832
z060_i100,2013,1,2013-06-27,8.830308068702767,1.6997286304571135
z060_i100,2013,1,2013-06-28,13.440578312586675,1.9153556837258519
z060_i100,2013,1,2013-06-29,15.493338913738064,2.0307533679968257
z060_i100,2013,1,2013-06-30,16.98423241746336,2.0279987044823233
z060_i100,2013,1,2013-07-01,3.5303457236772373,2.387315342469487
z060_i100,2013,1,2013-07-02,8.751392690224268,2.810294963105032
z060_i100,2013,1,2013-07-03,11.725815619953755,3.2106096472613137
z060_i100,2013,1,2013-07-04,13.859629167560826,3.544498291342003
z060_i100,2013,1,2013-07-05,-10.222814116650524,4.172505206031507
z060_i100,2013,1,2013-07-06,3.996166095188005,4.911781093783064
z060_i100,2013,1,2013-07-07,8.636954609608749,5.772525818061699
z060_i100,2013,1,2013-07-08,11.582939057468307,6.658793801322112
z060_i100,2013,1,2013-07-09,13.777966397596135,7.543244546603549
z060_i100,2013,1,2013-07-10,-19.248011877135006,8.87974109564472
z060_i100,2013,1,2013-07-11,5.884984817828955,10.453035353491877
z060_i100,2013,1,2013-07-12,4.702674544137411,12.30508265099566
z060_i100,2013,1,2013-07-13,3.3806198752384296,14.485271878206518
z060_i100,2013,1,2013-07-14,7.147192408073995,17.05174254709966
z060_i100,2013,1,2013-07-15,2.997585181763383,20.07293520876387
z060_i100,2013,1,2013-07-16,-15.137752342409293,23.62941657031795
z060_i100,2013,1,2013-07-17,6.338951753473635,27.816027982287327
z060_i100,2013,1,2013-07-18,10.303480514525383,32.71616473821916
z060_i100,2013,1,2013-07-19,-10.710815817813069,38.432910220873474
z060_i100,2013,1,2013-07-20,4.583134524538619,43.70663990839373
z060_i100,2013,1,2013-07-21,9.978425136923939,48.05177002572567
z060_i100,2013,1,2013-07-22,15.05813360292812,51.00506797680158
z060_i100,2013,1,2013-07-23,19.224405820526407,52.7141909798555
z060_i100,2013,1,2013-07-24,-16.230570633736445,54.52775305587615
z060_i100,2013,1,2013-07-25,1.786021790342293,54.52775305587615
z060_i100,2013,1,2013-07-26,8.016697579262615,54.52775305587615
z060_i100,2013,1,2013-07-27,10.880036651969776,54.52775305587615
z060_i100,2013,1,2013-07-28,12.602731447469372,54.52775305587615
z060_i100,2013,1,2013-07-29,-15.842645923459147,54.52775305587615
z060_i100,2013,1,2013-07-30,4.577300006895957,54.52775305587615
z060_i100,2013,1,2013-07-31,11.424369624064827,54.52775305587615
z060_i100,2013,1,2013-08-01,16.214770933636476,54.52775305587615
z060_i100,2013,1,2013-08-02,-3.071481261331921,54.52775305587615
z060_i100,2013,1,2013-08-03,-13.544727729701929,54.52775305587615
z060_i100,2013,1,2013-08-04,3.743632189454286,54.52775305587615
z060_i100,2013,1,2013-08-05,10.05506745308357,54.52775305587615
z060_i100,2013,1,2013-08-06,15.597525517843971,54.52775305587615
z060_i100,2013,1,2013-08-07,-1.2869091163525304,54.52775305587615
z060_i100,2013,1,2013-08-08,2.3413374445055624,54.52775305587615
z060_i100,2013,1,2013-08-09,7.3559829887739445,54.52775305587615
z060_i100,2013,1,2013-08-10,12.751454906499772,54.52775305587615
z060_i100,2013,1,2013-08-11,16.627537282493083,54.52775305587615
z060_i100,2013,1,2013-08-12,-10.356391757025081,54.52775305587615
z060_i100,2013,1,2013-08-13,2.236786178694938,54.52775305587615
z060_i100,2013,1,2013-08-14,6.926542254143078,54.52775305587615
z060_i100,2013,1,2013-08-15,10.706613082627934,54.52775305587615
z060_i100,2013,1,2013-08-16,-9.477006167184193,54.52775305587615
z060_i100,2013,1,2013-08-17,3.7353489821279884,54.52775305587615
z060_i100,2013,1,2013-08-18,9.048991107247494,54.52775305587615
z060_i100,2013,1,2013-08-19,13.740089792405469,54.52775305587615
z060_i100,2013,1,2013-08-20,17.748999636724033,54.52775305587615
z060_i100,2013,1,2013-08-21,-12.148997064679431,54.52775305587615
z060_i100,2013,1,2013-08-22,-4.297011521455342,54.52775305587615
z060_i100,2013,1,2013-08-23,4.317400198614991,54.52775305587615
z060_i100,2013,1,2013-08-24,9.494163126068486,54.52775305587615
z060_i100,2013,1,2013-08-25,13.281192769997046,54.52775305587615
z060_i100,2013,1,2013-08-26,-5.455428076183538,54.52775305587615
z060_i100,2013,1,2013-08-27,4.274596222503197,54.52775305587615
z060_i100,2013,1,2013-08-28,7.85686548351134,54.52775305587615
z060_i100,2013,1,2013-08-29,13.19753606525269,54.52775305587615
z060_i100,2013,1,2013-08-30,-12.869778416486424,54.18079949345752
z060_i100,2013,1,2013-08-31,2.817100893984674,53.789693451712765
z060_i100,2013,1,2013-09-01,8.200562198026192,53.34881619187739
z060_i100,2013,1,2013-09-02,12.97896843008569,52.85183394794978
z060_i100,2013,1,2013-09-03,16.042851639495506,52.29160693403768
z060_i100,2013,1,2013-09-04,18.910336403449065,51.66008677219749
z060_i100,2013,1,2013-09-05,-1.475229840039926,50.948200867186074
z060_i100,2013,1,2013-09-06,4.666207229111167,50.14572206702043
z060_i100,2013,1,2013-09-07,9.393355562725185,49.2411217368524
z060_i100,2013,1,2013-09-08,13.714991207052929,48.221404135376595
z060_i100,2013,1,2013-09-09,-10.627438093108362,47.07191971437662
z060_i100,2013,1,2013-09-10,-1.7681389366959106,45.77615465921884
z060_i100,2013,1,2013-09-11,-3.5670459578069376,44.31549364677346
z060_i100,2013,1,2013-09-12,-10.035704761133402,42.6689524124768
z060_i100,2013,1,2013-09-13,-9.552242369106787,40.81287628451853
z060_i100,2013,1,2013-09-14,-2.095877150961313,38.720600354211776
z060_i100,2013,1,2013-09-15,-14.382314323563625,36.36206640045821
z060_i100,2013,1,2013-09-16,0.09059625851866804,33.70339106493834
z060_i100,2013,1,2013-09-17,3.8232950439983657,30.706379074310792
z060_i100,2013,1,2013-09-18,5.770093872403931,27.327974516234505
z060_i100,2013,1,2013-09-19,6.930321703042059,23.5196422860919
z060_i100,2013,1,2013-09-20,8.398334867484321,19.226670818103724
z060_i100,2013,1,2013-09-21,9.849929241097367,14.387386083675343
z060_i100,2013,1,2013-09-22,7.3013356683800925,8.932265565055555
z060_i100,2013,1,2013-09-23,-7.196232686739928,2.7829394754053225
z060_i100,2013,2,2013-05-15,3.4670577679065073,0.0
z060_i100,2013,2,2013-05-16,5.6231336678676165,0.0
z060_i100,2013,2,2013-05-17,7.267662207480288,0.0
z060_i100,2013,2,2013-05-18,8.330154070062376,0.0
z060_i100,2013,2,2013-05-19,10.109239416869256,0.0
z060_i100,2013,2,2013-05-20,10.198882207797393,0.4875
z060_i100,2013,2,2013-05-21,11.528561702351489,0.5738742470010385
z060_i100,2013,2,2013-05-22,12.386943905422065,0.6755521053764285
z060_i100,2013,2,2013-05-23,12.909958388313015,0.6693127862307413
z060_i100,2013,2,2013-05-24,13.627751669102606,0.6619209548482653
z060_i100,2013,2,2013-05-25,13.91278186450429,0.6531637219016666
z060_i100,2013,2,2013-05-26,13.91278186450429,0.6427888736519074
z060_i100,2013,2,2013-05-27,13.91278186450429,0.6304976080361702
z060_i100,2013,2,2013-05-28,13.91278186450429,0.6159359289831668
z060_i100,2013,2,2013-05-29,9.803496096722329,0.6143818734895483
z060_i100,2013,2,2013-05-30,13.505768464230105,0.5968433341676391
z060_i100,2013,2,2013-05-31,13.96589401334757,0.5760651174527448
z060_i100,2013,2,2013-06-01,13.96589401334757,0.5514487978193422
z060_i100,2013,2,2013-06-02,13.96589401334757,0.5222854099979289
z060_i100,2013,2,2013-06-03,13.96589401334757,0.4877350303356464
z060_i100,2013,2,2013-06-04,13.96589401334757,0.44725473740553867
z060_i100,2013,2,2013-06-05,13.96589401334757,0.3988448698282971
z060_i100,2013,2,2013-06-06,13.96589401334757,0.3414928463104251
z060_i100,2013,2,2013-06-07,2.7997306200721046,0.40199784622079293
z060_i100,2013,2,2013-06-08,6.880009360607678,0.46666984190687333
z060_i100,2013,2,2013-06-09,9.566577363633304,0.46663351698872896
z060_i100,2013,2,2013-06-10,11.569573676595118,0.4627235128809549
z060_i100,2013,2,2013-06-11,13.214604387083055,0.457679464363531
z060_i100,2013,2,2013-06-12,14.297993966110866,0.4517027665332009
z060_i100,2013,2,2013-06-13,1.3300845606825111,0.5317345333590289
z060_i100,2013,2,2013-06-14,6.788289502712793,0.6227920341456676
z060_i100,2013,2,2013-06-15,9.259815918838477,0.6804198156408539
z060_i100,2013,2,2013-06-16,10.869509231023187,0.680369404105263
z060_i100,2013,2,2013-06-17,12.179316553092386,0.6772448977983184
z060_i100,2013,2,2013-06-18,13.358447267600047,0.6721437652755309
z060_i100,2013,2,2013-06-19,14.574787196639097,0.6645900416011891
z060_i100,2013,2,2013-06-20,2.732294122070482,0.7823407378220949
z060_i100,2013,2,2013-06-21,6.911072030424407,0.9202694221939854
z060_i100,2013,2,2013-06-22,9.302987869742559,1.0482832769613657
z060_i100,2013,2,2013-06-23,11.190796013083954,1.1511205868788157
z060_i100,2013,2,2013-06-24,13.649464070625143,1.2309758263392618
z060_i100,2013,2,2013-06-25,15.351767207583304,1.2273767116839596
z060_i100,2013,2,2013-06-26,3.168771846818807,1.444840792213832
z060_i100,2013,2,2013-06-27,8.794056313356574,1.7003074264378737
z060_i100,2013,2,2013-06-28,13.427306305259618,1.9168722290130387
z060_i100,2013,2,2013-06-29,15.484746861730057,2.032874171859629
z060_i100,2013,2,2013-06-30,16.97780712507732,2.0301568304578255
z060_i100,2013,2,2013-07-01,3.523905149884975,2.389855840765127
z060_i100,2013,2,2013-07-02,8.747363426255024,2.8132855816617868
z060_i100,2013,2,2013-07-03,11.722299683446593,3.2142783334914293
z060_i100,2013,2,2013-07-04,13.856695629925639,3.5490608306412077
z060_i100,2013,2,2013-07-05,-10.22577390343741,4.177876126656621
z060_i100,2013,2,2013-07-06,3.99644260880082,4.918103623074222
z060_i100,2013,2,2013-07-07,8.637433944624863,5.779956312799107
z060_i100,2013,2,2013-07-08,11.583864340416465,6.667365115484691
z060_i100,2013,2,2013-07-09,13.779496101962103,7.5529543410112465
z060_i100,2013,2,2013-07-10,-19.24655157174844,8.891171251448313
z060_i100,2013,2,2013-07-11,5.88587384878127,10.466490680783965
z060_i100,2013,2,2013-07-12,4.70348689759745,12.320921965493918
z060_i100,2013,2,2013-07-13,3.381348190579051,14.503917569859231
z060_i100,2013,2,2013-07-14,7.148144072878225,17.07369184403713
z060_i100,2013,2,2013-07-15,6.498441792066208,20.098773436973502
z060_i100,2013,2,2013-07-16,-15.23708721821406,23.659832762641308
z060_i100,2013,2,2013-07-17,6.339333388057566,27.851833252987234
z060_i100,2013,2,2013-07-18,10.304471273029987,32.75827754941783
z060_i100,2013,2,2013-07-19,-10.709924893807647,38.47936087380779
z060_i100,2013,2,2013-07-20,4.582936181028183,43.75019239180348
z060_i100,2013,2,2013-07-21,9.978663162689196,48.092274350103345
z060_i100,2013,2,2013-07-22,15.05978248585806,51.04307749921768
z060_i100,2013,2,2013-07-23,19.227577991598366,52.749250656935075
z060_i100,2013,2,2013-07-24,-16.227547880080433,54.56134382427204
z060_i100,2013,2,2013-07-25,1.7859397018399152,54.56134382427204
z060_i100,2013,2,2013-07-26,8.016771028918376,54.56134382427204
z060_i100,2013,2,2013-07-27,10.880130167862758,54.56134382427204
z060_i100,2013,2,2013-07-28,12.603162508807905,54.56134382427204
z060_i100,2013,2,2013-07-29,-15.74230280982822,54.56134382427204
z060_i100,2013,2,2013-07-30,4.565538285482852,54.56134382427204
z060_i100,2013,2,2013-07-31,11.417108485686638,54.56134382427204
z060_i100,2013,2,2013-08-01,16.207741518711018,54.56134382427204
z060_i100,2013,2,2013-08-02,-3.1787802705317674,54.56134382427204
z060_i100,2013,2,2013-08-03,-13.557648408225692,54.56134382427204
z060_i100,2013,2,2013-08-04,3.7434022116319556,54.56134382427204
z060_i100,2013,2,2013-08-05,10.054611672031069,54.56134382427204
z060_i100,2013,2,2013-08-06,15.601367836242163,54.56134382427204
z060_i100,2013,2,2013-08-07,-1.2832881632456747,54.56134382427204
z060_i100,2013,2,2013-08-08,2.3410837871263945,54.56134382427204
z060_i100,2013,2,2013-08-09,7.354839382017127,54.56134382427204
z060_i100,2013,2,2013-08-10,12.749985246735621,54.56134382427204
z060_i100,2013,2,2013-08-11,16.625863005680454,54.56134382427204
z060_i100,2013,2,2013-08-12,-5.258339505408668,54.56134382427204
z060_i100,2013,2,2013-08-13,2.4774449625818242,54.56134382427204
z060_i100,2013,2,2013-08-14,7.003505072715477,54.56134382427204
z060_i100,2013,2,2013-08-15,10.785679775958991,54.56134382427204
z060_i100,2013,2,2013-08-16,14.542265527034763,54.56134382427204
z060_i100,2013,2,2013-08-17,18.139911531566685,54.56134382427204
z060_i100,2013,2,2013-08-18,21.46435222183971,54.56134382427204
z060_i100,2013,2,2013-08-19,25.444765097996278,54.56134382427204
z060_i100,2013,2,2013-08-20,29.234704733928382,54.56134382427204
z060_i100,2013,2,2013-08-21,17.435933390001725,54.56134382427204
z060_i100,2013,2,2013-08-22,14.645301108521286,54.56134382427204
z060_i100,2013,2,2013-08-23,19.71689407527836,54.56134382427204
z060_i100,2013,2,2013-08-24,24.432863044762176,54.56134382427204
z060_i100,2013,2,2013-08-25,27.76911352924375,54.56134382427204
z060_i100,2013,2,2013-08-26,21.127891147856705,54.56134382427204
z060_i100,2013,2,2013-08-27,26.501294219905972,54.56134382427204
z060_i100,2013,2,2013-08-28,29.42219889610047,54.56134382427204
z060_i100,2013,2,2013-08-29,33.53454376431999,54.56134382427204
z060_i100,2013,2,2013-08-30,25.660643493706516,54.214176527816974
z060_i100,2013,2,2013-08-31,30.112526268099774,53.822829552754214
z060_i100,2013,2,2013-09-01,34.3726428552239,53.38168069900389
z060_i100,2013,2,2013-09-02,39.04759618690571,52.88439229877022
z060_i100,2013,2,2013-09-03,41.611555241461545,52.32382016783388
z060_i100,2013,2,2013-09-04,43.66574056850072,51.69191097020357
z060_i100,2013,2,2013-09-05,38.57963373385698,50.9795865216392
z060_i100,2013,2,2013-09-06,43.07981284557384,50.17661336991846
z060_i100,2013,2,2013-09-07,46.40484449991794,49.27145577820051
z060_i100,2013,2,2013-09-08,48.62382988833557,48.251109999404704
z060_i100,2013,2,2013-09-09,24.239566170072756,47.100917460743595
z060_i100,2013,2,2013-09-10,23.876070811302064,45.804354174567244
z060_i100,2013,2,2013-09-11,20.51305688543674,44.34279335013577
z060_i100,2013,2,2013-09-12,11.169912212517815,42.6952377959349
z060_i100,2013,2,2013-09-13,3.1884872050288333,40.83801826815095
z060_i100,2013,2,2013-09-14,2.450862994539445,38.744453431695376
z060_i100,2013,2,2013-09-15,-11.618567756893226,36.38446654868369
z060_i100,2013,2,2013-09-16,0.11355520090415917,33.72415338760838
z060_i100,2013,2,2013-09-17,3.8222028989648833,30.72529514566816
z060_i100,2013,2,2013-09-18,5.768691120203704,27.344809386759305
z060_i100,2013,2,2013-09-19,6.9284368559839065,23.534131107151097
z060_i100,2013,2,2013-09-20,8.396460617127953,19.23851503706159
z060_i100,2013,2,2013-09-21,9.848147811756606,14.396249154802865
z060_i100,2013,2,2013-09-22,7.298857082650583,8.937768114620342
z060_i100,2013,2,2013-09-23,-7.199480499251143,2.7846538514824433
z060_i100,2013,3,2013-05-15,3.4670577679065073,0.0
z060_i100,2013,3,2013-05-16,5.6231336678676165,0.0
z060_i100,2013,3,2013-05-17,7.267662207480288,0.0
z060_i100,2013,3,2013-05-18,8.330154070062376,0.0
z060_i100,2013,3,2013-05-19,10.109239416869256,0.0
z060_i100,2013,3,2013-05-20,10.198882207797393,0.4875
z060_i100,2013,3,2013-05-21,11.528561702351489,0.5738742470010385
z060_i100,2013,3,2013-05-22,12.386943905422065,0.6755521053764285
z060_i100,2013,3,2013-05-23,12.909958388313015,0.6693127862307413
z060_i100,2013,3,2013-05-24,13.627751669102606,0.6619209548482653
z060_i100,2013,3,2013-05-25,13.91278186450429,0.6531637219016666
z060_i100,2013,3,2013-05-26,13.91278186450429,0.6427888736519074
z060_i100,2013,3,2013-05-27,13.91278186450429,0.6304976080361702
z060_i100,2013,3,2013-05-28,13.91278186450429,0.6159359289831668
z060_i100,2013,3,2013-05-29,9.803496096722329,0.6143818734895483
z060_i100,2013,3,2013-05-30,13.505768464230105,0.5968433341676391
z060_i100,2013,3,2013-05-31,13.96589401334757,0.5760651174527448
z060_i100,2013,3,2013-06-01,13.96589401334757,0.5514487978193422
z060_i100,2013,3,2013-06-02,13.96589401334757,0.5222854099979289
z060_i100,2013,3,2013-06-03,13.96589401334757,0.4877350303356464
z060_i100,2013,3,2013-06-04,13.96589401334757,0.44725473740553867
z060_i100,2013,3,2013-06-05,13.96589401334757,0.3988448698282971
z060_i100,2013,3,2013-06-06,13.96589401334757,0.3414928463104251
z060_i100,2013,3,2013-06-07,2.7997306200721046,0.40199784622079293
z060_i100,2013,3,2013-06-08,6.880009360607678,0.46666984190687333
z060_i100,2013,3,2013-06-09,9.566577363633304,0.46663351698872896
z060_i100,2013,3,2013-06-10,11.569573676595118,0.4627235128809549
z060_i100,2013,3,2013-06-11,13.214604387083055,0.457679464363531
z060_i100,2013,3,2013-06-12,14.297993966110866,0.4517027665332009
z060_i100,2013,3,2013-06-13,1.3300845606825111,0.5317345333590289
z060_i100,2013,3,2013-06-14,6.788289502712793,0.6227920341456676
z060_i100,2013,3,2013-06-15,9.259815918838477,0.6804198156408539
z060_i100,2013,3,2013-06-16,10.869509231023187,0.680369404105263
z060_i100,2013,3,2013-06-17,12.179316553092386,0.6772448977983184
z060_i100,2013,3,2013-06-18,13.358447267600047,0.6721437652755309
z060_i100,2013,3,2013-06-19,14.574787196639097,0.6645900416011891
z060_i100,2013,3,2013-06-20,2.732294122070482,0.7823407378220949
z060_i100,2013,3,2013-06-21,6.911072030424407,0.9202694221939854
z060_i100,2013,3,2013-06-22,9.302987869742559,1.0482832769613657
z060_i100,2013,3,2013-06-23,11.190796013083954,1.1511205868788157
z060_i100,2013,3,2013-06-24,13.649464070625143,1.2309758263392618
z060_i100,2013,3,2013-06-25,15.351767207583304,1.2273767116839596
z060_i100,2013,3,2013-06-26,8.245484172841005,1.444840792213832
z060_i100,2013,3,2013-06-27,13.264665883499687,1.6143868102199679
z060_i100,2013,3,2013-06-28,15.617679369164449,1.6736225013788832
z060_i100,2013,3,2013-06-29,16.989441016012577,1.670396063381656
z060_i100,2013,3,2013-06-30,18.130629840619285,1.6623749237642087
z060_i100,2013,3,2013-07-01,9.779807639744504,1.9569110925304494
z060_i100,2013,3,2013-07-02,14.055785138457201,2.210524563848372
z060_i100,2013,3,2013-07-03,16.46644120974111,2.342518483921973
z060_i100,2013,3,2013-07-04,18.043024799244957,2.3378131616206685
z060_i100,2013,3,2013-07-05,-1.3324177807133415,2.7520220877008787
z060_i100,2013,3,2013-07-06,4.079889043044723,3.2396196990965493
z060_i100,2013,3,2013-07-07,8.497195196866038,3.8081110062879278
z060_i100,2013,3,2013-07-08,11.319231358629974,4.396557404321435
z060_i100,2013,3,2013-07-09,13.35926054396627,4.9914882407473815
z060_i100,2013,3,2013-07-10,-11.548185505136374,5.875869857586549
z060_i100,2013,3,2013-07-11,5.487169340402556,6.916944389740676
z060_i100,2013,3,2013-07-12,4.306980751457921,8.142474365559977
z060_i100,2013,3,2013-07-13,3.0056975874358547,9.585141221048183
z060_i100,2013,3,2013-07-14,6.650939433054006,11.283416821800289
z060_i100,2013,3,2013-07-15,9.318239733889952,13.245937262017696
z060_i100,2013,3,2013-07-16,-8.664879115551447,15.592825173463392
z060_i100,2013,3,2013-07-17,5.665629823558545,18.355529856492602
z060_i100,2013,3,2013-07-18,9.477023565155273,21.607724871179013
z060_i100,2013,3,2013-07-19,-3.299073243340286,25.436137107391733
z060_i100,2013,3,2013-07-20,5.228454957235184,29.942859546911997
z060_i100,2013,3,2013-07-21,10.122707558738817,34.69263055342084
z060_i100,2013,3,2013-07-22,14.656856443965612,38.06596223627348
z060_i100,2013,3,2013-07-23,18.252149923301577,40.12862517133486
z060_i100,2013,3,2013-07-24,-9.14803168719342,42.301790606147
z060_i100,2013,3,2013-07-25,1.798245495405634,42.301790606147
z060_i100,2013,3,2013-07-26,7.814381141889291,42.301790606147
z060_i100,2013,3,2013-07-27,10.687344057234762,42.301790606147
z060_i100,2013,3,2013-07-28,12.283780489542165,42.301790606147
z060_i100,2013,3,2013-07-29,-22.129186562711013,42.301790606147
z060_i100,2013,3,2013-07-30,4.8210887876410125,42.301790606147
z060_i100,2013,3,2013-07-31,11.674895277091046,42.301790606147
z060_i100,2013,3,2013-08-01,15.530210834231669,42.301790606147
z060_i100,2013,3,2013-08-02,-3.6624621202191507,42.301790606147
z060_i100,2013,3,2013-08-03,-13.517536577325892,42.301790606147
z060_i100,2013,3,2013-08-04,3.8195942559948444,42.301790606147
z060_i100,2013,3,2013-08-05,10.212329480782337,42.301790606147
z060_i100,2013,3,2013-08-06,14.436041387212981,42.301790606147
z060_i100,2013,3,2013-08-07,-2.266534185010754,42.301790606147
z060_i100,2013,3,2013-08-08,2.382930132958649,42.301790606147
z060_i100,2013,3,2013-08-09,7.655345716913563,42.301790606147
z060_i100,2013,3,2013-08-10,12.835162570817877,42.301790606147
z060_i100,2013,3,2013-08-11,15.459802065373403,42.301790606147
z060_i100,2013,3,2013-08-12,-6.225045025604006,42.301790606147
z060_i100,2013,3,2013-08-13,2.442631674400199,42.301790606147
z060_i100,2013,3,2013-08-14,6.851240077306097,42.301790606147
z060_i100,2013,3,2013-08-15,10.32112182110841,42.301790606147
z060_i100,2013,3,2013-08-16,2.442893914076352,42.301790606147
z060_i100,2013,3,2013-08-17,7.742084108942989,42.301790606147
z060_i100,2013,3,2013-08-18,11.831430482985901,42.301790606147
z060_i100,2013,3,2013-08-19,15.888051915375609,42.301790606147
z060_i100,2013,3,2013-08-20,19.475388208511713,42.301790606147
z060_i100,2013,3,2013-08-21,-3.199448071989315,42.301790606147
z060_i100,2013,3,2013-08-22,-3.5265308086395315,42.301790606147
z060_i100,2013,3,2013-08-23,4.4722080525460735,42.301790606147
z060_i100,2013,3,2013-08-24,9.729157237912812,42.301790606147
z060_i100,2013,3,2013-08-25,13.277762946862985,42.301790606147
z060_i100,2013,3,2013-08-26,-1.3224596719939417,42.301790606147
z060_i100,2013,3,2013-08-27,5.191393885948939,42.301790606147
z060_i100,2013,3,2013-08-28,8.385011156044305,42.301790606147
z060_i100,2013,3,2013-08-29,12.926878676911285,42.301790606147
z060_i100,2013,3,2013-08-30,-6.928617774918038,42.03262937860752
z060_i100,2013,3,2013-08-31,3.2647308073268335,41.7292153379495
z060_i100,2013,3,2013-09-01,8.458765975552337,41.38718955321824
z060_i100,2013,3,2013-09-02,12.663789914265378,41.00163838634629
z060_i100,2013,3,2013-09-03,15.468428941244452,40.567022901454926
z060_i100,2013,3,2013-09-04,18.048484382957096,40.077099290952425
z060_i100,2013,3,2013-09-05,5.040829915729965,39.524829175248186
z060_i100,2013,3,2013-09-06,10.497600568370007,38.902278487423345
z060_i100,2013,3,2013-09-07,14.83599817772092,38.200503490206664
z060_i100,2013,3,2013-09-08,17.87789568969292,37.40942228774395
z060_i100,2013,3,2013-09-09,-6.342786215978908,36.51766998626289
z060_i100,2013,3,2013-09-10,-1.4129681664475398,35.512435422830976
z060_i100,2013,3,2013-09-11,-3.456904681154708,34.379277116606424
z060_i100,2013,3,2013-09-12,-9.963064214842587,33.101915798485884
z060_i100,2013,3,2013-09-13,-9.417311726512676,31.662000538572254
z060_i100,2013,3,2013-09-14,-1.8815974026271125,30.038845111584056
z060_i100,2013,3,2013-09-15,-14.285621381125837,28.2091308127584
z060_i100,2013,3,2013-09-16,0.2527814711928114,26.14657145481748
z060_i100,2013,3,2013-09-17,4.251521797457784,23.821535733251523
z060_i100,2013,3,2013-09-18,6.455793439610126,21.200621534712134
z060_i100,2013,3,2013-09-19,7.797976030528732,18.246176072911254
z060_i100,2013,3,2013-09-20,9.287332098184491,14.915754958164253
z060_i100,2013,3,2013-09-21,10.717619461669514,11.161512429418549
z060_i100,2013,3,2013-09-22,8.429999170252831,6.929513988670739
z060_i100,2013,3,2013-09-23,-5.840989396300203,2.1589615628859917
z060_i100,2013,4,2013-05-15,3.4670577679065073,0.0
z060_i100,2013,4,2013-05-16,5.6231336678676165,0.0
z060_i100,2013,4,2013-05-17,7.267662207480288,0.0
z060_i100,2013,4,2013-05-18,8.330154070062376,0.0
z060_i100,2013,4,2013-05-19,10.109239416869256,0.0
z060_i100,2013,4,2013-05-20,10.198882207797393,0.4875
z060_i100,2013,4,2013-05-21,11.528561702351489,0.5738742470010385
z060_i100,2013,4,2013-05-22,12.386943905422065,0.6755521053764285
z060_i100,2013,4,2013-05-23,12.909958388313015,0.6693127862307413
z060_i100,2013,4,2013-05-24,13.627751669102606,0.6619209548482653
z060_i100,2013,4,2013-05-25,13.91278186450429,0.6531637219016666
z060_i100,2013,4,2013-05-26,13.91278186450429,0.6427888736519074
z060_i100,2013,4,2013-05-27,13.91278186450429,0.6304976080361702
z060_i100,2013,4,2013-05-28,13.91278186450429,0.6159359289831668
z060_i100,2013,4,2013-05-29,9.803496096722329,0.6143818734895483
z060_i100,2013,4,2013-05-30,13.505768464230105,0.5968433341676391
z060_i100,2013,4,2013-05-31,13.96589401334757,0.5760651174527448
z060_i100,2013,4,2013-06-01,13.96589401334757,0.5514487978193422
z060_i100,2013,4,2013-06-02,13.96589401334757,0.5222854099979289
z060_i100,2013,4,2013-06-03,13.96589401334757,0.4877350303356464
z060_i100,2013,4,2013-06-04,13.96589401334757,0.44725473740553867
z060_i100,2013,4,2013-06-05,13.96589401334757,0.3988448698282971
z060_i100,2013,4,2013-06-06,13.96589401334757,0.3414928463104251
z060_i100,2013,4,2013-06-07,2.7997306200721046,0.40199784622079293
z060_i100,2013,4,2013-06-08,6.880009360607678,0.46666984190687333
z060_i100,2013,4,2013-06-09,9.566577363633304,0.46663351698872896
z060_i100,2013,4,2013-06-10,11.569573676595118,0.4627235128809549
z060_i100,2013,4,2013-06-11,13.214604387083055,0.457679464363531
z060_i100,2013,4,2013-06-12,14.297993966110866,0.4517027665332009
z060_i100,2013,4,2013-06-13,1.4415464851873825,0.5317345333590289
z060_i100,2013,4,2013-06-14,7.020334131528482,0.6223978370623612
z060_i100,2013,4,2013-06-15,9.492668516034787,0.6750669759528612
z060_i100,2013,4,2013-06-16,11.094968864653108,0.6745691624457033
z060_i100,2013,4,2013-06-17,12.39535070746015,0.6709057519658748
z060_i100,2013,4,2013-06-18,13.56360315275789,0.6652966148116214
z060_i100,2013,4,2013-06-19,14.764664302515124,0.6574150700655511
z060_i100,2013,4,2013-06-20,2.9355543997509477,0.7738945195918013
z060_i100,2013,4,2013-06-21,7.146631862222378,0.9094171586519163
z060_i100,2013,4,2013-06-22,9.53397186546396,1.0320853463447588
z060_i100,2013,4,2013-06-23,11.411093558434716,1.1266386728671287
z060_i100,2013,4,2013-06-24,13.768875326999854,1.1970041739100572
z060_i100,2013,4,2013-06-25,15.425571650336085,1.1930860223341924
z060_i100,2013,4,2013-06-26,8.303179638942595,1.4044745490758948
z060_i100,2013,4,2013-06-27,13.258297217539706,1.5673232317194947
z060_i100,2013,4,2013-06-28,15.583543691675308,1.6099666333736655
z060_i100,2013,4,2013-06-29,16.95037512567503,1.6068954803671032
z060_i100,2013,4,2013-06-30,18.07814488042026,1.5975404964658917
z060_i100,2013,4,2013-07-01,9.723272938771434,1.8805894347959566
z060_i100,2013,4,2013-07-02,13.995420185128243,2.124763886026884
z060_i100,2013,4,2013-07-03,16.40132744396413,2.252662315233588
z060_i100,2013,4,2013-07-04,18.012627340183506,2.248257307699288
z060_i100,2013,4,2013-07-05,-1.4622910108211116,2.6465989118369455
z060_i100,2013,4,2013-07-06,4.071593251104025,3.1155178618342467
z060_i100,2013,4,2013-07-07,8.486862529316443,3.6623056992905765
z060_i100,2013,4,2013-07-08,11.30031828839202,4.228445346334474
z060_i100,2013,4,2013-07-09,13.328688329579002,4.801389907650582
z060_i100,2013,4,2013-07-10,-11.677348348018215,5.652090292946385
z060_i100,2013,4,2013-07-11,5.471356400498392,6.6535160222492
z060_i100,2013,4,2013-07-12,4.289201270412954,7.8323723019027796
z060_i100,2013,4,2013-07-13,2.9893498417926727,9.220095911766665
z060_i100,2013,4,2013-07-14,6.629695757452847,10.853693535676813
z060_i100,2013,4,2013-07-15,9.282454293002774,12.735105221691342
z060_i100,2013,4,2013-07-16,-8.896624220746311,14.991484963235107
z060_i100,2013,4,2013-07-17,5.628670565871691,17.64764542503372
z060_i100,2013,4,2013-07-18,9.43995555530157,20.77441893257958
z060_i100,2013,4,2013-07-19,-3.432195831726204,24.45518773706303
z060_i100,2013,4,2013-07-20,5.215182960912986,28.78810758538682
z060_i100,2013,4,2013-07-21,10.100051569585206,33.47107018992659
z060_i100,2013,4,2013-07-22,14.582580316095964,36.830780626454555
z060_i100,2013,4,2013-07-23,18.116891731503387,38.889148638351635
z060_i100,2013,4,2013-07-24,-9.27759785481863,41.05011210855764
z060_i100,2013,4,2013-07-25,1.8004491457444527,41.05011210855764
z060_i100,2013,4,2013-07-26,7.79983945847899,41.05011210855764
z060_i100,2013,4,2013-07-27,10.672471831402689,41.05011210855764
z060_i100,2013,4,2013-07-28,12.254776031389227,41.05011210855764
z060_i100,2013,4,2013-07-29,-22.154816499782672,41.05011210855764
z060_i100,2013,4,2013-07-30,4.8317311940542815,41.05011210855764
z060_i100,2013,4,2013-07-31,11.691287076046134,41.05011210855764
z060_i100,2013,4,2013-08-01,15.38333280082035,41.05011210855764
z060_i100,2013,4,2013-08-02,-3.6999146987804528,41.05011210855764
z060_i100,2013,4,2013-08-03,-13.510964639710409,41.05011210855764
z060_i100,2013,4,2013-08-04,3.8295685570453646,41.05011210855764
z060_i100,2013,4,2013-08-05,10.224509470994786,41.05011210855764
z060_i100,2013,4,2013-08-06,14.407032410287995,41.05011210855764
z060_i100,2013,4,2013-08-07,-2.2870815786327023,41.05011210855764
z060_i100,2013,4,2013-08-08,2.38333041827148,41.05011210855764
z060_i100,2013,4,2013-08-09,7.669598546238609,41.05011210855764
z060_i100,2013,4,2013-08-10,12.765126466218577,41.05011210855764
z060_i100,2013,4,2013-08-11,15.36314251113041,41.05011210855764
z060_i100,2013,4,2013-08-12,-6.611622537025906,41.05011210855764
z060_i100,2013,4,2013-08-13,2.361196643723584,41.05011210855764
z060_i100,2013,4,2013-08-14,6.7329465844751555,41.05011210855764
z060_i100,2013,4,2013-08-15,10.151677948754317,41.05011210855764
z060_i100,2013,4,2013-08-16,5.2841283041938585,41.05011210855764
z060_i100,2013,4,2013-08-17,10.594013043167653,41.05011210855764
z060_i100,2013,4,2013-08-18,14.033387254599326,41.05011210855764
z060_i100,2013,4,2013-08-19,17.720660175051883,41.05011210855764
z060_i100,2013,4,2013-08-20,21.08335888203914,41.05011210855764
z060_i100,2013,4,2013-08-21,3.5206989229640113,41.05011210855764
z060_i100,2013,4,2013-08-22,0.8390216890388043,41.05011210855764
z060_i100,2013,4,2013-08-23,6.040755971340568,41.05011210855764
z060_i100,2013,4,2013-08-24,10.879914450399554,41.05011210855764
z060_i100,2013,4,2013-08-25,14.270079237915617,41.05011210855764
z060_i100,2013,4,2013-08-26,3.6792036670078994,41.05011210855764
z060_i100,2013,4,2013-08-27,9.200433138902822,41.05011210855764
z060_i100,2013,4,2013-08-28,12.090739836026968,41.05011210855764
z060_i100,2013,4,2013-08-29,16.198907858488678,41.05011210855764
z060_i100,2013,4,2013-08-30,2.3530583684417685,40.78891516139656
z060_i100,2013,4,2013-08-31,6.9423011923632565,40.49447891636177
z060_i100,2013,4,2013-09-01,11.3396851993421,40.16257342002103
z060_i100,2013,4,2013-09-02,15.112797313833102,39.78843042519993
z060_i100,2013,4,2013-09-03,17.756155387812996,39.36667488900961
z060_i100,2013,4,2013-09-04,20.213008679990498,38.891247753477565
z060_i100,2013,4,2013-09-05,10.22362173353278,38.35531889942639
z060_i100,2013,4,2013-09-06,15.700858468586112,37.751189023071795
z060_i100,2013,4,2013-09-07,19.64747058407344,37.07017902567133
z060_i100,2013,4,2013-09-08,22.255253130567475,36.302505327164866
z060_i100,2013,4,2013-09-09,-1.949928423470773,35.43713931252758
z060_i100,2013,4,2013-09-10,-0.9057026510557515,34.46164889160246
z060_i100,2013,4,2013-09-11,-3.4263336766938735,33.36201989621658
z060_i100,2013,4,2013-09-12,-9.95431567855663,32.12245474872225
z060_i100,2013,4,2013-09-13,-9.401156714885092,30.725145509578876
z060_i100,2013,4,2013-09-14,-1.8567057590256744,29.15001804351372
z060_i100,2013,4,2013-09-15,-14.274608482127004,27.374443628881025
z060_i100,2013,4,2013-09-16,0.27268169125027947,25.372913867118978
z060_i100,2013,4,2013-09-17,4.299155362275352,23.116674221962818
z060_i100,2013,4,2013-09-18,6.513650670330396,20.573310923735928
z060_i100,2013,4,2013-09-19,7.944548418543659,17.70628530407051
z060_i100,2013,4,2013-09-20,9.49348466415576,14.474408871180087
z060_i100,2013,4,2013-09-21,10.956092850093258,10.831251584468657
z060_i100,2013,4,2013-09-22,8.69601466360222,6.7244748275836805
z060_i100,2013,4,2013-09-23,-5.545703365174882,2.0950794972177214
z060_i100,2013,5,2013-05-15,3.4670577679065073,0.0
z060_i100,2013,5,2013-05-16,5.6231336678676165,0.0
z060_i100,2013,5,2013-05-17,7.267662207480288,0.0
z060_i100,2013,5,2013-05-18,8.330154070062376,0.0
z060_i100,2013,5,2013-05-19,10.109239416869256,0.0
z060_i100,2013,5,2013-05-20,10.198882207797393,0.4875
z060_i100,2013,5,2013-05-21,11.528561702351489,0.5738742470010385
z060_i100,2013,5,2013-05-22,12.386943905422065,0.6755521053764285
z060_i100,2013,5,2013-05-23,12.909958388313015,0.6693127862307413
z060_i100,2013,5,2013-05-24,13.627751669102606,0.6619209548482653
z060_i100,2013,5,2013-05-25,13.91278186450429,0.6531637219016666
z060_i100,2013,5,2013-05-26,13.91278186450429,0.6427888736519074
z060_i100,2013,5,2013-05-27,13.91278186450429,0.6304976080361702
z060_i100,2013,5,2013-05-28,13.91278186450429,0.6159359289831668
z060_i100,2013,5,2013-05-29,9.803496096722329,0.6143818734895483
z060_i100,2013,5,2013-05-30,13.505768464230105,0.5968433341676391
z060_i100,2013,5,2013-05-31,13.96589401334757,0.5760651174527448
z060_i100,2013,5,2013-06-01,13.96589401334757,0.5514487978193422
z060_i100,2013,5,2013-06-02,13.96589401334757,0.5222854099979289
z060_i100,2013,5,2013-06-03,13.96589401334757,0.4877350303356464
z060_i100,2013,5,2013-06-04,13.96589401334757,0.44725473740553867
z060_i100,2013,5,2013-06-05,13.96589401334757,0.3988448698282971
z060_i100,2013,5,2013-06-06,13.96589401334757,0.3414928463104251
z060_i100,2013,5,2013-06-07,2.2246643959930887,0.40199784622079293
z060_i100,2013,5,2013-06-08,6.301341927647061,0.4693748429688633
z060_i100,2013,5,2013-06-09,9.010927895404727,0.49714020772360534
z060_i100,2013,5,2013-06-10,11.057934684548023,0.4938180717358053
z060_i100,2013,5,2013-06-11,12.813733479168159,0.4886124614006683
z060_i100,2013,5,2013-06-12,13.932166145756538,0.4824404961301159
z060_i100,2013,5,2013-06-13,0.9728409426222411,0.5679183106450825
z060_i100,2013,5,2013-06-14,6.5383262919723695,0.6667346891437534
z060_i100,2013,5,2013-06-15,9.055695391451689,0.7357218896092631
z060_i100,2013,5,2013-06-16,10.69523131520451,0.7641533064698834
z060_i100,2013,5,2013-06-17,12.02769166149949,0.7614018919196043
z060_i100,2013,5,2013-06-18,13.251774976343834,0.7563419325325789
z060_i100,2013,5,2013-06-19,14.48352057211593,0.7482948772719149
z060_i100,2013,5,2013-06-20,2.7036894674348297,0.8808762240598045
z060_i100,2013,5,2013-06-21,6.96898250339291,1.0367887290256843
z060_i100,2013,5,2013-06-22,9.392519508141419,1.1820812805256664
z060_i100,2013,5,2013-06-23,11.301366300052194,1.2988652336164588
z060_i100,2013,5,2013-06-24,13.776925279682544,1.3896969486874082
z060_i100,2013,5,2013-06-25,15.48413710743409,1.3856710560348613
z060_i100,2013,5,2013-06-26,8.378935580254602,1.6311814028166969
z060_i100,2013,5,2013-06-27,13.413436697839733,1.8223428240086306
z060_i100,2013,5,2013-06-28,15.774194296532213,1.8881081414149525
z060_i100,2013,5,2013-06-29,17.15146643105812,1.8843931673660188
z060_i100,2013,5,2013-06-30,18.299346148304956,1.875259646486022
z060_i100,2013,5,2013-07-01,9.846785988309936,2.2075142924278963
z060_i100,2013,5,2013-07-02,14.188911559050323,2.4962385428073666
z060_i100,2013,5,2013-07-03,16.51801924275209,2.645895772168582
z060_i100,2013,5,2013-07-04,18.11759259943136,2.6441060725029186
z060_i100,2013,5,2013-07-05,-0.8596380282844951,3.1125833463558683
z060_i100,2013,5,2013-07-06,4.2677537110051,3.6640644597291203
z060_i100,2013,5,2013-07-07,8.611608353524584,4.305443018372144
z060_i100,2013,5,2013-07-08,11.434186330678003,4.977319065640724
z060_i100,2013,5,2013-07-09,13.501427831532872,5.645390832571988
z060_i100,2013,5,2013-07-10,-11.510837608836871,6.645629565269366
z060_i100,2013,5,2013-07-11,5.716380992194903,7.823088538701119
z060_i100,2013,5,2013-07-12,4.540745644028571,9.20916727050166
z060_i100,2013,5,2013-07-13,3.234426243632227,10.840828580237433
z060_i100,2013,5,2013-07-14,6.831144289399347,12.761584283797117
z060_i100,2013,5,2013-07-15,9.51881566226676,14.9757350413784
z060_i100,2013,5,2013-07-16,-8.477845153205694,17.629104964426865
z060_i100,2013,5,2013-07-17,5.912972035635879,20.752593511308177
z060_i100,2013,5,2013-07-18,9.777658820337535,24.426743905757345
z060_i100,2013,5,2013-07-19,-3.0101244169063484,28.75462413457169
z060_i100,2013,5,2013-07-20,5.250759398569027,33.82512899993342
z060_i100,2013,5,2013-07-21,10.183259283317115,38.62132358643816
z060_i100,2013,5,2013-07-22,14.877461734642027,41.96055035415929
z060_i100,2013,5,2013-07-23,18.657094777154082,43.97418055511992
z060_i100,2013,5,2013-07-24,-8.76034380044188,46.11389539879444
z060_i100,2013,5,2013-07-25,1.7934502134573231,46.11389539879444
z060_i100,2013,5,2013-07-26,7.852422792944832,46.11389539879444
z060_i100,2013,5,2013-07-27,10.726297832285502,46.11389539879444
z060_i100,2013,5,2013-07-28,12.364752268119991,46.11389539879444
z060_i100,2013,5,2013-07-29,-22.058431639403857,46.11389539879444
z060_i100,2013,5,2013-07-30,4.786348109172419,46.11389539879444
z060_i100,2013,5,2013-07-31,11.624622866176356,46.11389539879444
z060_i100,2013,5,2013-08-01,15.98816799555135,46.11389539879444
z060_i100,2013,5,2013-08-02,-3.2333371525388226,46.11389539879444
z060_i100,2013,5,2013-08-03,-13.501132125083606,46.11389539879444
z060_i100,2013,5,2013-08-04,3.7874099920454336,46.11389539879444
z060_i100,2013,5,2013-08-05,10.166801072238032,46.11389539879444
z060_i100,2013,5,2013-08-06,14.706584183641777,46.11389539879444
z060_i100,2013,5,2013-08-07,-2.1216379503229765,46.11389539879444
z060_i100,2013,5,2013-08-08,2.3643727359144973,46.11389539879444
z060_i100,2013,5,2013-08-09,7.581103375374923,46.11389539879444
z060_i100,2013,5,2013-08-10,13.034612981652705,46.11389539879444
z060_i100,2013,5,2013-08-11,15.74020175538923,46.11389539879444
z060_i100,2013,5,2013-08-12,-6.075428691111676,46.11389539879444
z060_i100,2013,5,2013-08-13,2.4385193223001465,46.11389539879444
z060_i100,2013,5,2013-08-14,6.907545754238434,46.11389539879444
z060_i100,2013,5,2013-08-15,10.481994263519951,46.11389539879444
z060_i100,2013,5,2013-08-16,13.95597499942686,46.11389539879444
z060_i100,2013,5,2013-08-17,17.241097334556024,46.11389539879444
z060_i100,2013,5,2013-08-18,20.308204157287985,46.11389539879444
z060_i100,2013,5,2013-08-19,23.95115110055334,46.11389539879444
z060_i100,2013,5,2013-08-20,27.39601280780988,46.11389539879444
z060_i100,2013,5,2013-08-21,15.683515917933752,46.11389539879444
z060_i100,2013,5,2013-08-22,12.957875212101275,46.11389539879444
z060_i100,2013,5,2013-08-23,18.112010660921555,46.11389539879444
z060_i100,2013,5,2013-08-24,22.90613637480001,46.11389539879444
z060_i100,2013,5,2013-08-25,25.96227376324369,46.11389539879444
z060_i100,2013,5,2013-08-26,19.3164924103291,46.11389539879444
z060_i100,2013,5,2013-08-27,24.78376207395508,46.11389539879444
z060_i100,2013,5,2013-08-28,27.57864639669276,46.11389539879444
z060_i100,2013,5,2013-08-29,31.18565115499722,46.11389539879444
z060_i100,2013,5,2013-08-30,23.392928409017262,45.82047820499927
z060_i100,2013,5,2013-08-31,27.9316919081303,45.48972144191803
z060_i100,2013,5,2013-09-01,32.27842073565922,45.1168733653996
z060_i100,2013,5,2013-09-02,36.296499978938456,44.69657753571354
z060_i100,2013,5,2013-09-03,38.79023867336847,44.22279586543916
z060_i100,2013,5,2013-09-04,41.07064807562876,43.68872187461314
z060_i100,2013,5,2013-09-05,36.107305721535376,43.08668290693491
z060_i100,2013,5,2013-09-06,41.15218629196143,42.408029902240806
z060_i100,2013,5,2013-09-07,44.81291365898563,41.643013141687014
z060_i100,2013,5,2013-09-08,46.22057066142178,40.78064218056234
z060_i100,2013,5,2013-09-09,21.9466770272025,39.808527956486046
z060_i100,2013,5,2013-09-10,21.656564971508757,38.71270480467327
z060_i100,2013,5,2013-09-11,18.34297710705698,37.47742982328937
z060_i100,2013,5,2013-09-12,9.0862069782805,36.084956706519776
z060_i100,2013,5,2013-09-13,1.1930835936425055,34.51528079617814
z060_i100,2013,5,2013-09-14,0.5937268503073572,32.745851689192705
z060_i100,2013,5,2013-09-15,-13.444005625792869,30.75124927220981
z060_i100,2013,5,2013-09-16,0.1996868182547234,28.50281852913693
z060_i100,2013,5,2013-09-17,4.110551044591398,25.968257875168476
z060_i100,2013,5,2013-09-18,6.204149578835957,23.111155103185617
z060_i100,2013,5,2013-09-19,7.521865339966651,19.890464275806526
z060_i100,2013,5,2013-09-20,9.032784675839004,16.259916047971874
z060_i100,2013,5,2013-09-21,10.488271933385072,12.167352948594985
z060_i100,2013,5,2013-09-22,8.117719753577582,7.5539800717468895
z060_i100,2013,5,2013-09-23,-6.232125905052425,2.353520412596298
z060_i100,2013,6,2013-05-15,3.4670577679065073,0.0
z060_i100,2013,6,2013-05-16,5.6231336678676165,0.0
z060_i100,2013,6,2013-05-17,7.267662207480288,0.0
z060_i100,2013,6,2013-05-18,8.330154070062376,0.0
z060_i100,2013,6,2013-05-19,10.109239416869256,0.0
z060_i100,2013,6,2013-05-20,10.198882207797393,0.4875
z060_i100,2013,6,2013-05-21,11.528561702351489,0.5738742470010385
z060_i100,2013,6,2013-05-22,12.386943905422065,0.6755521053764285
z060_i100,2013,6,2013-05-23,12.909958388313015,0.6693127862307413
z060_i100,2013,6,2013-05-24,13.627751669102606,0.6619209548482653
z060_i100,2013,6,2013-05-25,13.91278186450429,0.6531637219016666
z060_i100,2013,6,2013-05-26,13.91278186450429,0.6427888736519074
z060_i100,2013,6,2013-05-27,13.91278186450429,0.6304976080361702
z060_i100,2013,6,2013-05-28,13.91278186450429,0.6159359289831668
z060_i100,2013,6,2013-05-29,9.803496096722329,0.6143818734895483
z060_i100,2013,6,2013-05-30,13.505768464230105,0.5968433341676391
z060_i100,2013,6,2013-05-31,13.96589401334757,0.5760651174527448
z060_i100,2013,6,2013-06-01,13.96589401334757,0.5514487978193422
z060_i100,2013,6,2013-06-02,13.96589401334757,0.5222854099979289
z060_i100,2013,6,2013-06-03,13.96589401334757,0.4877350303356464
z060_i100,2013,6,2013-06-04,13.96589401334757,0.44725473740553867
z060_i100,2013,6,2013-06-05,13.96589401334757,0.3988448698282971
z060_i100,2013,6,2013-06-06,13.96589401334757,0.3414928463104251
z060_i100,2013,6,2013-06-07,2.2246643959930887,0.40199784622079293
z060_i100,2013,6,2013-06-08,6.301341927647061,0.4693748429688633
z060_i100,2013,6,2013-06-09,9.010927895404727,0.49714020772360534
z060_i100,2013,6,2013-06-10,11.057934684548023,0.4938180717358053
z060_i100,2013,6,2013-06-11,12.813733479168159,0.4886124614006683
z060_i100,2013,6,2013-06-12,13.932166145756538,0.4824404961301159
z060_i100,2013,6,2013-06-13,0.9728409426222411,0.5679183106450825
z060_i100,2013,6,2013-06-14,6.5383262919723695,0.6667346891437534
z060_i100,2013,6,2013-06-15,9.055695391451689,0.7357218896092631
z060_i100,2013,6,2013-06-16,10.69523131520451,0.7641533064698834
z060_i100,2013,6,2013-06-17,12.02769166149949,0.7614018919196043
z060_i100,2013,6,2013-06-18,13.251774976343834,0.7563419325325789
z060_i100,2013,6,2013-06-19,14.48352057211593,0.7482948772719149
z060_i100,2013,6,2013-06-20,2.7817183305306905,0.8808762240598045
z060_i100,2013,6,2013-06-21,7.008193411908402,1.0364725634213618
z060_i100,2013,6,2013-06-22,9.419553483172942,1.181188587107372
z060_i100,2013,6,2013-06-23,11.32164797962314,1.2973381230427155
z060_i100,2013,6,2013-06-24,13.788718195855164,1.3873367275830477
z060_i100,2013,6,2013-06-25,15.492309034870456,1.3832832783646747
z060_i100,2013,6,2013-06-26,8.385895492909155,1.6283705636116013
z060_i100,2013,6,2013-06-27,13.415496036220995,1.8189515973465193
z060_i100,2013,6,2013-06-28,15.775154762420762,1.8845945310306946
z060_i100,2013,6,2013-06-29,17.151995065988768,1.8808864127104596
z060_i100,2013,6,2013-06-30,18.29954099224415,1.871769738188211
z060_i100,2013,6,2013-07-01,9.946977563946962,2.2034060493581342
z060_i100,2013,6,2013-07-02,14.231372221608009,2.489097637574813
z060_i100,2013,6,2013-07-03,16.54316745174129,2.6359157770501893
z060_i100,2013,6,2013-07-04,18.134164092645808,2.634010592705371
z060_i100,2013,6,2013-07-05,-0.743007720939814,3.100699170218572
z060_i100,2013,6,2013-07-06,4.270206684176398,3.650074669714724
z060_i100,2013,6,2013-07-07,8.611614664561012,4.289004376419206
z060_i100,2013,6,2013-07-08,11.432791220355954,4.95831512907567
z060_i100,2013,6,2013-07-09,13.498511737205634,5.623836126544052
z060_i100,2013,6,2013-07-10,-11.513595448727173,6.62025584077478
z060_i100,2013,6,2013-07-11,5.7142784192899985,7.793219149905339
z060_i100,2013,6,2013-07-12,4.538795274520077,9.174005684853336
z060_i100,2013,6,2013-07-13,3.2326680926983538,10.799437137186569
z060_i100,2013,6,2013-07-14,6.828792485015369,12.712859190026654
z060_i100,2013,6,2013-07-15,9.51482448586343,14.918556083190646
z060_i100,2013,6,2013-07-16,-8.581392099044253,17.561795156069323
z060_i100,2013,6,2013-07-17,5.906027843321319,20.673357889591312
z060_i100,2013,6,2013-07-18,9.773636872342202,24.33347998484854
z060_i100,2013,6,2013-07-19,-3.0134642222233534,28.644835904040626
z060_i100,2013,6,2013-07-20,5.250837540179448,33.69948291156042
z060_i100,2013,6,2013-07-21,10.181770232496433,38.49762831520979
z060_i100,2013,6,2013-07-22,14.871012426468862,41.839257333613816
z060_i100,2013,6,2013-07-23,18.645026008657588,43.85445969290199
z060_i100,2013,6,2013-07-24,-8.771883602414938,45.99665835481472
z060_i100,2013,6,2013-07-25,1.7934034092516447,45.99665835481472
z060_i100,2013,6,2013-07-26,7.851377001688818,45.99665835481472
z060_i100,2013,6,2013-07-27,10.725246679514628,45.99665835481472
z060_i100,2013,6,2013-07-28,12.362434119736529,45.99665835481472
z060_i100,2013,6,2013-07-29,-22.060436762010262,45.99665835481472
z060_i100,2013,6,2013-07-30,4.787050866093926,45.99665835481472
z060_i100,2013,6,2013-07-31,11.626138951369864,45.99665835481472
z060_i100,2013,6,2013-08-01,15.973882111857321,45.99665835481472
z060_i100,2013,6,2013-08-02,-3.0467305288483284,45.99665835481472
z060_i100,2013,6,2013-08-03,-13.477508703873248,45.99665835481472
z060_i100,2013,6,2013-08-04,3.7881798596192873,45.99665835481472
z060_i100,2013,6,2013-08-05,10.16835913454094,45.99665835481472
z060_i100,2013,6,2013-08-06,14.695358163482195,45.99665835481472
z060_i100,2013,6,2013-08-07,-2.032078240979526,45.99665835481472
z060_i100,2013,6,2013-08-08,2.3837022666893226,45.99665835481472
z060_i100,2013,6,2013-08-09,7.591636855373987,45.99665835481472
z060_i100,2013,6,2013-08-10,13.035342949281286,45.99665835481472
z060_i100,2013,6,2013-08-11,15.737777892942377,45.99665835481472
z060_i100,2013,6,2013-08-12,-5.976908641844833,45.99665835481472
z060_i100,2013,6,2013-08-13,2.4470587816376224,45.99665835481472
z060_i100,2013,6,2013-08-14,6.906524108571871,45.99665835481472
z060_i100,2013,6,2013-08-15,10.477259336405773,45.99665835481472
z060_i100,2013,6,2013-08-16,13.947061402722872,45.99665835481472
z060_i100,2013,6,2013-08-17,17.22763313164314,45.99665835481472
z060_i100,2013,6,2013-08-18,20.291094476262757,45.99665835481472
z060_i100,2013,6,2013-08-19,23.92924399892461,45.99665835481472
z060_i100,2013,6,2013-08-20,27.369092459423666,45.99665835481472
z060_i100,2013,6,2013-08-21,18.85776626284943,45.99665835481472
z060_i100,2013,6,2013-08-22,16.133006984326414,45.99665835481472
z060_i100,2013,6,2013-08-23,21.288261312367144,45.99665835481472
z060_i100,2013,6,2013-08-24,26.083445928352933,45.99665835481472
z060_i100,2013,6,2013-08-25,29.047383613224998,45.99665835481472
z060_i100,2013,6,2013-08-26,24.602894112011217,45.99665835481472
z060_i100,2013,6,2013-08-27,30.07143374273899,45.99665835481472
z060_i100,2013,6,2013-08-28,32.85552811275225,45.99665835481472
z060_i100,2013,6,2013-08-29,36.391919993645416,45.99665835481472
z060_i100,2013,6,2013-08-30,38.993129744049796,45.70398712629
z060_i100,2013,6,2013-08-31,41.46541807083557,45.37407125823281
z060_i100,2013,6,2013-09-01,43.45736237285948,45.002171087025054
z060_i100,2013,6,2013-09-02,45.22320460704531,44.582943790809075
z060_i100,2013,6,2013-09-03,46.59890566569608,44.11036663301483
z060_i100,2013,6,2013-09-04,47.73038302852288,43.57765043804207
z060_i100,2013,6,2013-09-05,48.80239815588786,42.977142056065205
z060_i100,2013,6,2013-09-06,49.71146039511926,42.30021441574273
z060_i100,2013,6,2013-09-07,50.390423161508735,41.5371425852979
z060_i100,2013,6,2013-09-08,50.975136583233066,40.67696406142932
z060_i100,2013,6,2013-09-09,26.702811395569533,39.70732127892298
z060_i100,2013,6,2013-09-10,26.413751387422543,38.61428407841474
z060_i100,2013,6,2013-09-11,23.10087502782803,37.38214958182544
z060_i100,2013,6,2013-09-12,13.818790139080498,35.993216600423274
z060_i100,2013,6,2013-09-13,5.926946102971651,34.42753133459656
z060_i100,2013,6,2013-09-14,5.32959933784388,32.66260071198857
z060_i100,2013,6,2013-09-15,-8.707669991614326,30.67306924573017
z060_i100,2013,6,2013-09-16,0.24714859283682988,28.430354770424987
z060_i100,2013,6,2013-09-17,4.114771273373595,25.902237822768683
z060_i100,2013,6,2013-09-18,6.209297995522342,23.052398767729187
z060_i100,2013,6,2013-09-19,7.528457731300057,19.83989602051356
z060_i100,2013,6,2013-09-20,9.039215455900205,16.218577868311783
z060_i100,2013,6,2013-09-21,10.494287311660639,12.136419441884819
z060_i100,2013,6,2013-09-22,8.126264385724452,7.534775311744868
z060_i100,2013,6,2013-09-23,-6.220859106849578,2.3475369715156718
z060_i100,2013,7,2013-05-15,3.4670577679065073,0.0
z060_i100,2013,7,2013-05-16,5.6231336678676165,0.0
z060_i100,2013,7,2013-05-17,7.267662207480288,0.0
z060_i100,2013,7,2013-05-18,8.330154070062376,0.0
z060_i100,2013,7,2013-05-19,10.109239416869256,0.0
z060_i100,2013,7,2013-05-20,10.198882207797393,0.4875
z060_i100,2013,7,2013-05-21,11.528561702351489,0.5738742470010385
z060_i100,2013,7,2013-05-22,12.386943905422065,0.6755521053764285
z060_i100,2013,7,2013-05-23,12.909958388313015,0.6693127862307413
z060_i100,2013,7,2013-05-24,13.627751669102606,0.6619209548482653
z060_i100,2013,7,2013-05-25,13.91278186450429,0.6531637219016666
z060_i100,2013,7,2013-05-26,13.91278186450429,0.6427888736519074
z060_i100,2013,7,2013-05-27,13.91278186450429,0.6304976080361702
z060_i100,2013,7,2013-05-28,13.91278186450429,0.6159359289831668
z060_i100,2013,7,2013-05-29,9.803496096722329,0.6143818734895483
z060_i100,2013,7,2013-05-30,13.505768464230105,0.5968433341676391
z060_i100,2013,7,2013-05-31,13.96589401334757,0.5760651174527448
z060_i100,2013,7,2013-06-01,13.96589401334757,0.5514487978193422
z060_i100,2013,7,2013-06-02,13.96589401334757,0.5222854099979289
z060_i100,2013,7,2013-06-03,13.96589401334757,0.4877350303356464
z060_i100,2013,7,2013-06-04,13.96589401334757,0.44725473740553867
z060_i100,2013,7,2013-06-05,13.96589401334757,0.3988448698282971
z060_i100,2013,7,2013-06-06,13.96589401334757,0.3414928463104251
z060_i100,2013,7,2013-06-07,2.8818829377976787,0.40199784622079293
z060_i100,2013,7,2013-06-08,6.916797649374763,0.46621857159356067
z060_i100,2013,7,2013-06-09,9.589672711334316,0.46611603139271623
z060_i100,2013,7,2013-06-10,11.58506016210254,0.46217023832196036
z060_i100,2013,7,2013-06-11,13.221492808940154,0.4571114893387667
z060_i100,2013,7,2013-06-12,14.302037489415028,0.45111737194329093
z060_i100,2013,7,2013-06-13,1.3335967421953334,0.5310454197600892
z060_i100,2013,7,2013-06-14,6.785967681053224,0.6219533692275592
z060_i100,2013,7,2013-06-15,9.256315326899955,0.6795035479340156
z060_i100,2013,7,2013-06-16,10.865480842694502,0.6794532040826781
z060_i100,2013,7,2013-06-17,12.174963507841548,0.6763328922815569
z060_i100,2013,7,2013-06-18,13.353840546858567,0.6712386055818376
z060_i100,2013,7,2013-06-19,14.569969759278193,0.6636950147249766
z060_i100,2013,7,2013-06-20,2.881227370665522,0.7812871319254135
z060_i100,2013,7,2013-06-21,7.132123925257964,0.9184317635808308
z060_i100,2013,7,2013-06-22,9.532492847939547,1.0434792436728473
z060_i100,2013,7,2013-06-23,11.417304439378862,1.1398508588084115
z060_i100,2013,7,2013-06-24,13.783250555021075,1.2113784159645635
z060_i100,2013,7,2013-06-25,15.443835325104274,1.2074134687254023
z060_i100,2013,7,2013-06-26,11.03555310030072,1.4213405029409274
z060_i100,2013,7,2013-06-27,14.543131955007873,1.5054409187601
z060_i100,2013,7,2013-06-28,16.392852986661342,1.5030411153888559
z060_i100,2013,7,2013-06-29,17.590555480210945,1.4974221437127118
z060_i100,2013,7,2013-06-30,18.60426790774538,1.4859253771423566
z060_i100,2013,7,2013-07-01,13.250009408625846,1.7438479635117354
z060_i100,2013,7,2013-07-02,15.832690913888698,1.8645952768035718
z060_i100,2013,7,2013-07-03,17.605880647542566,1.863020362479529
z060_i100,2013,7,2013-07-04,18.882785360478895,1.8550543311448695
z060_i100,2013,7,2013-07-05,3.5101763531402828,2.1837290408856966
z060_i100,2013,7,2013-07-06,7.941893942693145,2.570637659471957
z060_i100,2013,7,2013-07-07,11.946798720286694,2.990623404779905
z060_i100,2013,7,2013-07-08,14.538932651566437,3.3665649606964427
z060_i100,2013,7,2013-07-09,16.373211233240134,3.6931428447305437
z060_i100,2013,7,2013-07-10,-1.5245562443204856,4.347486295563107
z060_i100,2013,7,2013-07-11,5.743072026310615,5.117764972745869
z060_i100,2013,7,2013-07-12,4.15684800673195,6.0245200411545135
z060_i100,2013,7,2013-07-13,2.8290617967621814,7.091932106995304
z060_i100,2013,7,2013-07-14,6.332531101801623,8.348466046532142
z060_i100,2013,7,2013-07-15,-5.277997297000513,9.82763008424076
z060_i100,2013,7,2013-07-16,6.536814588541151,11.568869362868547
z060_i100,2013,7,2013-07-17,10.99037173240207,13.448336218294314
z060_i100,2013,7,2013-07-18,13.269139467656593,15.681027466407302
z060_i100,2013,7,2013-07-19,3.46907391474238,18.45935965022993
z060_i100,2013,7,2013-07-20,9.313976894671363,21.729951014147808
z060_i100,2013,7,2013-07-21,12.84053438019441,25.22849271713241
z060_i100,2013,7,2013-07-22,16.4326157988378,27.570973659953875
z060_i100,2013,7,2013-07-23,19.4249741909064,28.86628793460502
z060_i100,2013,7,2013-07-24,6.17863797707528,30.54224179291314
z060_i100,2013,7,2013-07-25,9.19845617413731,30.54224179291314
z060_i100,2013,7,2013-07-26,14.26343803883754,30.54224179291314
z060_i100,2013,7,2013-07-27,16.292069248225623,30.54224179291314
z060_i100,2013,7,2013-07-28,17.52437508642556,30.54224179291314
z060_i100,2013,7,2013-07-29,-32.957068046939646,30.54224179291314
z060_i100,2013,7,2013-07-30,5.115541961962535,30.54224179291314
z060_i100,2013,7,2013-07-31,11.52853795220941,30.54224179291314
z060_i100,2013,7,2013-08-01,14.5360436856716,30.54224179291314
z060_i100,2013,7,2013-08-02,-9.570610930948506,30.54224179291314
z060_i100,2013,7,2013-08-03,-13.764727759992821,30.54224179291314
z060_i100,2013,7,2013-08-04,3.889811457975124,30.54224179291314
z060_i100,2013,7,2013-08-05,9.909061684381486,30.54224179291314
z060_i100,2013,7,2013-08-06,13.54336345726404,30.54224179291314
z060_i100,2013,7,2013-08-07,-3.0757974133825665,30.54224179291314
z060_i100,2013,7,2013-08-08,2.295744966223861,30.54224179291314
z060_i100,2013,7,2013-08-09,7.7709947374498505,30.54224179291314
z060_i100,2013,7,2013-08-10,12.294827238896358,30.54224179291314
z060_i100,2013,7,2013-08-11,14.645046378955655,30.54224179291314
z060_i100,2013,7,2013-08-12,-7.04565125906245,30.54224179291314
z060_i100,2013,7,2013-08-13,2.3061069795403193,30.54224179291314
z060_i100,2013,7,2013-08-14,6.486473591830577,30.54224179291314
z060_i100,2013,7,2013-08-15,9.58404852665294,30.54224179291314
z060_i100,2013,7,2013-08-16,1.8017880652114062,30.54224179291314
z060_i100,2013,7,2013-08-17,7.198067158070736,30.54224179291314
z060_i100,2013,7,2013-08-18,11.300127985948507,30.54224179291314
z060_i100,2013,7,2013-08-19,14.997829896344186,30.54224179291314
z060_i100,2013,7,2013-08-20,18.116493347220285,30.54224179291314
z060_i100,2013,7,2013-08-21,-4.448100440391522,30.54224179291314
z060_i100,2013,7,2013-08-22,-3.6057635406823696,30.54224179291314
z060_i100,2013,7,2013-08-23,4.584741076635892,30.54224179291314
z060_i100,2013,7,2013-08-24,9.718436651501142,30.54224179291314
z060_i100,2013,7,2013-08-25,12.984993500459446,30.54224179291314
z060_i100,2013,7,2013-08-26,-1.4944811105970757,30.54224179291314
z060_i100,2013,7,2013-08-27,5.271230194649369,30.54224179291314
z060_i100,2013,7,2013-08-28,8.534413753056324,30.54224179291314
z060_i100,2013,7,2013-08-29,12.746267899250235,30.54224179291314
z060_i100,2013,7,2013-08-30,-7.005371574454648,30.347905166141746
z060_i100,2013,7,2013-08-31,3.3688165542339643,30.12883772572481
z060_i100,2013,7,2013-09-01,8.595668525864406,29.88189228755334
z060_i100,2013,7,2013-09-02,12.094907629719083,29.6035211644068
z060_i100,2013,7,2013-09-03,14.642437762639435,29.28972519888643
z060_i100,2013,7,2013-09-04,16.920154008533164,28.93599631040174
z060_i100,2013,7,2013-09-05,4.0850273318742865,28.537252730824097
z060_i100,2013,7,2013-09-06,9.736114438251672,28.087765998384747
z060_i100,2013,7,2013-09-07,13.565368766226232,27.58107866099109
z060_i100,2013,7,2013-09-08,16.422910396741102,27.009911506664203
z060_i100,2013,7,2013-09-09,-7.631317085061398,26.366058988344005
z060_i100,2013,7,2013-09-10,-1.39284263227429,25.640271340705524
z060_i100,2013,7,2013-09-11,-3.3610273356622153,24.822121695443723
z060_i100,2013,7,2013-09-12,-9.885298608976006,23.899856285967598
z060_i100,2013,7,2013-09-13,-9.270118649906824,22.860225589502548
z060_i100,2013,7,2013-09-14,-1.6460337119582968,21.68829398074107
z060_i100,2013,7,2013-09-15,-14.177908668043287,20.367225162473048
z060_i100,2013,7,2013-09-16,0.43329098062181104,18.878040290631876
z060_i100,2013,7,2013-09-17,4.7258967482199035,17.199345318913387
z060_i100,2013,7,2013-09-18,7.0976075467915924,15.307023645924023
z060_i100,2013,7,2013-09-19,8.690672268845567,13.173889649341271
z060_i100,2013,7,2013-09-20,10.253513501164132,10.76929812966113
z060_i100,2013,7,2013-09-21,11.691299139890376,8.058704052692518
z060_i100,2013,7,2013-09-22,9.668607333289016,5.003166265935826
z060_i100,2013,7,2013-09-23,-4.337884625993206,1.5587880590966692
z060_i100,2013,8,2013-05-15,3.4670577679065073,0.0
z060_i100,2013,8,2013-05-16,5.6231336678676165,0.0
z060_i100,2013,8,2013-05-17,7.267662207480288,0.0
z060_i100,2013,8,2013-05-18,8.330154070062376,0.0
z060_i100,2013,8,2013-05-19,10.109239416869256,0.0
z060_i100,2013,8,2013-05-20,10.198882207797393,0.4875
z060_i100,2013,8,2013-05-21,11.528561702351489,0.5738742470010385
z060_i100,2013,8,2013-05-22,12.386943905422065,0.6755521053764285
z060_i100,2013,8,2013-05-23,12.909958388313015,0.6693127862307413
z060_i100,2013,8,2013-05-24,13.627751669102606,0.6619209548482653
z060_i100,2013,8,2013-05-25,13.91278186450429,0.6531637219016666
z060_i100,2013,8,2013-05-26,13.91278186450429,0.6427888736519074
z060_i100,2013,8,2013-05-27,13.91278186450429,0.6304976080361702
z060_i100,2013,8,2013-05-28,13.91278186450429,0.6159359289831668
z060_i100,2013,8,2013-05-29,9.803496096722329,0.6143818734895483
z060_i100,2013,8,2013-05-30,13.505768464230105,0.5968433341676391
z060_i100,2013,8,2013-05-31,13.96589401334757,0.5760651174527448
z060_i100,2013,8,2013-06-01,13.96589401334757,0.5514487978193422
z060_i100,2013,8,2013-06-02,13.96589401334757,0.5222854099979289
z060_i100,2013,8,2013-06-03,13.96589401334757,0.4877350303356464
z060_i100,2013,8,2013-06-04,13.96589401334757,0.44725473740553867
z060_i100,2013,8,2013-06-05,13.96589401334757,0.3988448698282971
z060_i100,2013,8,2013-06-06,13.96589401334757,0.3414928463104251
z060_i100,2013,8,2013-06-07,1.4031412187373484,0.40199784622079293
z060_i100,2013,8,2013-06-08,5.449699971409596,0.4721406358098457
z060_i100,2013,8,2013-06-09,8.184417290340699,0.5187955432115788
z060_i100,2013,8,2013-06-10,10.262557477235072,0.5171344778030762
z060_i100,2013,8,2013-06-11,12.117423049175345,0.5122042281180262
z060_i100,2013,8,2013-06-12,13.309763935244424,0.5061906999245757
z060_i100,2013,8,2013-06-13,-1.143506160847932,0.5958765266833734
z060_i100,2013,8,2013-06-14,5.396653484446463,0.7014527037046464
z060_i100,2013,8,2013-06-15,7.9290969852554545,0.7967891303580202
z060_i100,2013,8,2013-06-16,9.595908887794128,0.8671870131959072
z060_i100,2013,8,2013-06-17,10.96059337766892,0.9082381241443048
z060_i100,2013,8,2013-06-18,12.210694137101324,0.905926357355021
z060_i100,2013,8,2013-06-19,13.467054689821563,0.9006523931332169
z060_i100,2013,8,2013-06-20,1.6643921870687906,1.0602281311159139
z060_i100,2013,8,2013-06-21,5.927429594816731,1.2480771700378737
z060_i100,2013,8,2013-06-22,8.37278078003752,1.4397582408296086
z060_i100,2013,8,2013-06-23,10.305076457388376,1.6205456577457114
z060_i100,2013,8,2013-06-24,13.212515233915017,1.7811325875748745
z060_i100,2013,8,2013-06-25,15.068587380171655,1.7806587576658812
z060_i100,2013,8,2013-06-26,10.685110016983,2.0961522127616665
z060_i100,2013,8,2013-06-27,14.440964736168386,2.266650691316719
z060_i100,2013,8,2013-06-28,16.324255832130913,2.2648274494031853
z060_i100,2013,8,2013-06-29,17.545497410620833,2.260611959645967
z060_i100,2013,8,2013-06-30,18.57408991791129,2.2485298126359776
z060_i100,2013,8,2013-07-01,13.176316291043351,2.631845918328876
z060_i100,2013,8,2013-07-02,15.80764977700506,2.850440183934263
z060_i100,2013,8,2013-07-03,17.433540721509488,2.966431247899542
z060_i100,2013,8,2013-07-04,18.738540984064507,2.9599531710334577
z060_i100,2013,8,2013-07-05,3.3594744304729334,3.484391583969562
z060_i100,2013,8,2013-07-06,7.90400769482487,4.1017489159123866
z060_i100,2013,8,2013-07-07,11.977237108413222,4.772633424624568
z060_i100,2013,8,2013-07-08,14.683304431950223,5.3981423483576725
z060_i100,2013,8,2013-07-09,16.657451652767286,5.910121871632495
z060_i100,2013,8,2013-07-10,-1.2567831879745395,6.957265105164036
z060_i100,2013,8,2013-07-11,6.168957143414339,8.189939022384843
z060_i100,2013,8,2013-07-12,4.543403694131134,9.641015568113893
z060_i100,2013,8,2013-07-13,3.1933527609153565,11.349190870721335
z060_i100,2013,8,2013-07-14,6.818325448319343,13.360017158987208
z060_i100,2013,8,2013-07-15,-4.11536611835728,15.727117511866135
z060_i100,2013,8,2013-07-16,7.111179151981565,18.51361583511595
z060_i100,2013,8,2013-07-17,12.114367268398059,21.505142722411833
z060_i100,2013,8,2013-07-18,14.776375339062355,25.014925023880462
z060_i100,2013,8,2013-07-19,4.933635878464277,29.44701797306018
z060_i100,2013,8,2013-07-20,10.732501770411597,34.56601010116555
z060_i100,2013,8,2013-07-21,14.620637224184367,38.80616813356354
z060_i100,2013,8,2013-07-22,18.87554982394369,41.34915200302232
z060_i100,2013,8,2013-07-23,22.55444659673043,42.66132841345761
z060_i100,2013,8,2013-07-24,9.242756487801705,44.8235160937116
z060_i100,2013,8,2013-07-25,12.210093843778877,44.8235160937116
z060_i100,2013,8,2013-07-26,17.365439903767424,44.8235160937116
z060_i100,2013,8,2013-07-27,19.59449416106635,44.8235160937116
z060_i100,2013,8,2013-07-28,21.064405244769485,44.8235160937116
z060_i100,2013,8,2013-07-29,-29.455879301898843,44.8235160937116
z060_i100,2013,8,2013-07-30,4.897491277032154,44.8235160937116
z060_i100,2013,8,2013-07-31,11.650359542828559,44.8235160937116
z060_i100,2013,8,2013-08-01,15.832377790176668,44.8235160937116
z060_i100,2013,8,2013-08-02,-8.380062345025294,44.8235160937116
z060_i100,2013,8,2013-08-03,-13.857207461343716,44.8235160937116
z060_i100,2013,8,2013-08-04,3.7820355811920083,44.8235160937116
z060_i100,2013,8,2013-08-05,10.182640477682845,44.8235160937116
z060_i100,2013,8,2013-08-06,14.584987328756192,44.8235160937116
z060_i100,2013,8,2013-08-07,-2.2344350803621507,44.8235160937116
z060_i100,2013,8,2013-08-08,2.3610094886778152,44.8235160937116
z060_i100,2013,8,2013-08-09,7.606725648500995,44.8235160937116
z060_i100,2013,8,2013-08-10,12.96625336939805,44.8235160937116
z060_i100,2013,8,2013-08-11,15.644858026024353,44.8235160937116
z060_i100,2013,8,2013-08-12,-6.160334968366059,44.8235160937116
z060_i100,2013,8,2013-08-13,2.428014029547233,44.8235160937116
z060_i100,2013,8,2013-08-14,6.888375162393084,44.8235160937116
z060_i100,2013,8,2013-08-15,10.429183207936054,44.8235160937116
z060_i100,2013,8,2013-08-16,5.629662307373089,44.8235160937116
z060_i100,2013,8,2013-08-17,10.907121646807093,44.8235160937116
z060_i100,2013,8,2013-08-18,14.392277495664226,44.8235160937116
z060_i100,2013,8,2013-08-19,18.232294525484825,44.8235160937116
z060_i100,2013,8,2013-08-20,21.757073101504865,44.8235160937116
z060_i100,2013,8,2013-08-21,4.157418702557178,44.8235160937116
z060_i100,2013,8,2013-08-22,1.4443368333305153,44.8235160937116
z060_i100,2013,8,2013-08-23,6.610744457078828,44.8235160937116
z060_i100,2013,8,2013-08-24,11.416483639888275,44.8235160937116
z060_i100,2013,8,2013-08-25,14.863407007005774,44.8235160937116
z060_i100,2013,8,2013-08-26,4.331791989104502,44.8235160937116
z060_i100,2013,8,2013-08-27,9.812987066143235,44.8235160937116
z060_i100,2013,8,2013-08-28,12.72367581721266,44.8235160937116
z060_i100,2013,8,2013-08-29,16.904189823663863,44.8235160937116
z060_i100,2013,8,2013-08-30,3.123547323077869,44.538309428898074
z060_i100,2013,8,2013-08-31,7.675295963635218,44.21680804705075
z060_i100,2013,8,2013-09-01,12.035029401441076,43.85439316941345
z060_i100,2013,8,2013-09-02,16.149614447751244,43.445858242508415
z060_i100,2013,8,2013-09-03,18.84848834527391,42.985334139333126
z060_i100,2013,8,2013-09-04,21.37612842651988,42.46620484184052
z060_i100,2013,8,2013-09-05,11.331606485515842,41.88101239337364
z060_i100,2013,8,2013-09-06,16.747286947665177,41.22134975557472
z060_i100,2013,8,2013-09-07,21.131741355695226,40.47774003052126
z060_i100,2013,8,2013-09-08,23.80067697982991,39.639500312960294
z060_i100,2013,8,2013-09-09,-0.45589586462148546,38.694588216704176
z060_i100,2013,8,2013-09-10,-0.7251965513080998,37.62942887034314
z060_i100,2013,8,2013-09-11,-3.452057247029962,36.42871989684644
z060_i100,2013,8,2013-09-12,-9.982498070835918,35.075211575334855
z060_i100,2013,8,2013-09-13,-9.458403614182284,33.54945902676684
z060_i100,2013,8,2013-09-14,-1.9393962473014776,31.829542863368577
z060_i100,2013,8,2013-09-15,-14.309239141394588,29.890754288579767
z060_i100,2013,8,2013-09-16,0.20067109859884402,27.70524012357263
z060_i100,2013,8,2013-09-17,4.156428371636675,25.24160266069602
z060_i100,2013,8,2013-09-18,6.260842634376855,22.46444859522728
z060_i100,2013,8,2013-09-19,7.593901052975887,19.333880555259235
z060_i100,2013,8,2013-09-20,9.103103852455156,15.804923924898361
z060_i100,2013,8,2013-09-21,10.554065457143855,11.826880726356407
z060_i100,2013,8,2013-09-22,8.211425783678365,7.342601278624068
z060_i100,2013,8,2013-09-23,-6.108429528814019,2.287663169172388
z060_i100,2013,9,2013-05-15,3.4670577679065073,0.0
z060_i100,2013,9,2013-05-16,5.6231336678676165,0.0
z060_i100,2013,9,2013-05-17,7.267662207480288,0.0
z060_i100,2013,9,2013-05-18,8.330154070062376,0.0
z060_i100,2013,9,2013-05-19,10.109239416869256,0.0
z060_i100,2013,9,2013-05-20,10.198882207797393,0.4875
z060_i100,2013,9,2013-05-21,11.528561702351489,0.5738742470010385
z060_i100,2013,9,2013-05-22,12.386943905422065,0.6755521053764285
z060_i100,2013,9,2013-05-23,12.909958388313015,0.6693127862307413
z060_i100,2013,9,2013-05-24,13.627751669102606,0.6619209548482653
z060_i100,2013,9,2013-05-25,13.91278186450429,0.6531637219016666
z060_i100,2013,9,2013-05-26,13.91278186450429,0.6427888736519074
z060_i100,2013,9,2013-05-27,13.91278186450429,0.6304976080361702
z060_i100,2013,9,2013-05-28,13.91278186450429,0.6159359289831668
z060_i100,2013,9,2013-05-29,9.803496096722329,0.6143818734895483
z060_i100,2013,9,2013-05-30,13.505768464230105,0.5968433341676391
z060_i100,2013,9,2013-05-31,13.96589401334757,0.5760651174527448
z060_i100,2013,9,2013-06-01,13.96589401334757,0.5514487978193422
z060_i100,2013,9,2013-06-02,13.96589401334757,0.5222854099979289
z060_i100,2013,9,2013-06-03,13.96589401334757,0.4877350303356464
z060_i100,2013,9,2013-06-04,13.96589401334757,0.44725473740553867
z060_i100,2013,9,2013-06-05,13.96589401334757,0.3988448698282971
z060_i100,2013,9,2013-06-06,13.96589401334757,0.3414928463104251
z060_i100,2013,9,2013-06-07,1.3209889010117744,0.40199784622079293
z060_i100,2013,9,2013-06-08,5.411051829629379,0.47236127012736134
z060_i100,2013,9,2013-06-09,8.159998016204547,0.5197515323789602
z060_i100,2013,9,2013-06-10,10.244370415054979,0.5181503915486464
z060_i100,2013,9,2013-06-11,12.104948292940556,0.5132326190297518
z060_i100,2013,9,2013-06-12,13.303052167284442,0.5072236658979992
z060_i100,2013,9,2013-06-13,-1.053823001495622,0.5970925114427089
z060_i100,2013,9,2013-06-14,5.387590815216021,0.7028841341418328
z060_i100,2013,9,2013-06-15,7.918068078861014,0.7984151105662222
z060_i100,2013,9,2013-06-16,9.586327340334268,0.8692148070250516
z060_i100,2013,9,2013-06-17,10.953422660073649,0.9103619101737404
z060_i100,2013,9,2013-06-18,12.20628796926723,0.9080447595862908
z060_i100,2013,9,2013-06-19,13.465407591580426,0.902758516807714
z060_i100,2013,9,2013-06-20,1.6654081181120162,1.0627074134498486
z060_i100,2013,9,2013-06-21,5.930311847021632,1.2509957265147758
z060_i100,2013,9,2013-06-22,8.379137940463135,1.443125032434986
z060_i100,2013,9,2013-06-23,10.315236646117501,1.6241134415487604
z060_i100,2013,9,2013-06-24,13.225442455611393,1.7847068540681996
z060_i100,2013,9,2013-06-25,15.085306621147724,1.7841978148203395
z060_i100,2013,9,2013-06-26,10.705927126757908,2.1003183127813756
z060_i100,2013,9,2013-06-27,14.464908522755286,2.2702506448251856
z060_i100,2013,9,2013-06-28,16.351859516610432,2.268346188459808
z060_i100,2013,9,2013-06-29,17.576377700910225,2.263985795497263
z060_i100,2013,9,2013-06-30,18.60814145778419,2.251707228810019
z060_i100,2013,9,2013-07-01,13.213835459112804,2.636198760709738
z060_i100,2013,9,2013-07-02,15.846061288783533,2.853030718706487
z060_i100,2013,9,2013-07-03,17.47041219014786,2.9661295964951897
z060_i100,2013,9,2013-07-04,18.773926146739505,2.959446592929171
z060_i100,2013,9,2013-07-05,3.89486253133195,3.4837952513990094
z060_i100,2013,9,2013-07-06,8.46555329432552,4.101046926363897
z060_i100,2013,9,2013-07-07,12.551275563588968,4.760825770346762
z060_i100,2013,9,2013-07-08,15.236946657502978,5.3563895630713425
z060_i100,2013,9,2013-07-09,17.18515040442232,5.815401002635177
z060_i100,2013,9,2013-07-10,-0.8283911887457611,6.8457617874796854
z060_i100,2013,9,2013-07-11,6.192907047589414,8.058679776283876
z060_i100,2013,9,2013-07-12,4.526913491395422,9.486500078845959
z060_i100,2013,9,2013-07-13,3.173868746241267,11.167298644970291
z060_i100,2013,9,2013-07-14,6.800577143050929,13.145897642908807
z060_i100,2013,9,2013-07-15,-5.332183560793726,15.475060740465677
z060_i100,2013,9,2013-07-16,6.8785464193745405,18.21690016354887
z060_i100,2013,9,2013-07-17,11.898993726681917,21.170136995256737
z060_i100,2013,9,2013-07-18,14.563721639346854,24.64033888878102
z060_i100,2013,9,2013-07-19,4.722784439888398,29.00606343722997
z060_i100,2013,9,2013-07-20,10.52396528408958,34.08090643437312
z060_i100,2013,9,2013-07-21,14.444384073109278,38.35712540798699
z060_i100,2013,9,2013-07-22,18.701811896940814,40.944910109277146
z060_i100,2013,9,2013-07-23,22.373799947085047,42.29903531501831
z060_i100,2013,9,2013-07-24,9.06372884424663,44.46551068776888
z060_i100,2013,9,2013-07-25,12.03234744607362,44.46551068776888
z060_i100,2013,9,2013-07-26,17.208966107638933,44.46551068776888
z060_i100,2013,9,2013-07-27,19.436062580336824,44.46551068776888
z060_i100,2013,9,2013-07-28,20.901036918451595,44.46551068776888
z060_i100,2013,9,2013-07-29,-29.71828962221305,44.46551068776888
z060_i100,2013,9,2013-07-30,4.9061066716880495,44.46551068776888
z060_i100,2013,9,2013-07-31,11.655560763215291,44.46551068776888
z060_i100,2013,9,2013-08-01,15.789239970055146,44.46551068776888
z060_i100,2013,9,2013-08-02,-8.420530036719288,44.46551068776888
z060_i100,2013,9,2013-08-03,-13.855971515244823,44.46551068776888
z060_i100,2013,9,2013-08-04,3.783995577136578,44.46551068776888
z060_i100,2013,9,2013-08-05,10.187342479444071,44.46551068776888
z060_i100,2013,9,2013-08-06,14.552111289951306,44.46551068776888
z060_i100,2013,9,2013-08-07,-2.2648966378502995,44.46551068776888
z060_i100,2013,9,2013-08-08,2.360474767646616,44.46551068776888
z060_i100,2013,9,2013-08-09,7.613650282896199,44.46551068776888
z060_i100,2013,9,2013-08-10,12.947442315718057,44.46551068776888
z060_i100,2013,9,2013-08-11,15.618495848620322,44.46551068776888
z060_i100,2013,9,2013-08-12,-6.183803948324179,44.46551068776888
z060_i100,2013,9,2013-08-13,2.4269500584907937,44.46551068776888
z060_i100,2013,9,2013-08-14,6.883071031823565,44.46551068776888
z060_i100,2013,9,2013-08-15,10.414241512400958,44.46551068776888
z060_i100,2013,9,2013-08-16,13.829771341470032,44.46551068776888
z060_i100,2013,9,2013-08-17,17.050424747290677,44.46551068776888
z060_i100,2013,9,2013-08-18,20.066087846827497,44.46551068776888
z060_i100,2013,9,2013-08-19,23.64118499021221,44.46551068776888
z060_i100,2013,9,2013-08-20,27.014766010776835,44.46551068776888
z060_i100,2013,9,2013-08-21,15.318657774371905,44.46551068776888
z060_i100,2013,9,2013-08-22,12.605354975176038,44.46551068776888
z060_i100,2013,9,2013-08-23,17.775150527197255,44.46551068776888
z060_i100,2013,9,2013-08-24,22.58409545247872,44.46551068776888
z060_i100,2013,9,2013-08-25,25.583441619718926,44.46551068776888
z060_i100,2013,9,2013-08-26,19.05573623952666,44.46551068776888
z060_i100,2013,9,2013-08-27,24.540774094685663,44.46551068776888
z060_i100,2013,9,2013-08-28,27.273133203460205,44.46551068776888
z060_i100,2013,9,2013-08-29,30.80795216144825,44.46551068776888
z060_i100,2013,9,2013-08-30,23.030645171113527,44.18258196847843
z060_i100,2013,9,2013-08-31,27.58598204697185,43.86364841804528
z060_i100,2013,9,2013-09-01,31.94931213086676,43.504128147897426
z060_i100,2013,9,2013-09-02,35.67788659332253,43.09885618929775
z060_i100,2013,9,2013-09-03,38.117534648422286,42.642010291958854
z060_i100,2013,9,2013-09-04,40.458324045761515,42.12702727996731
z060_i100,2013,9,2013-09-05,35.41902679220239,41.54650876336311
z060_i100,2013,9,2013-09-06,40.721410604048025,40.89211485080067
z060_i100,2013,9,2013-09-07,44.379218641948036,40.154444336337555
z060_i100,2013,9,2013-09-08,45.962490493627755,39.32289963908101
z060_i100,2013,9,2013-09-09,21.710745736676323,38.38553455537726
z060_i100,2013,9,2013-09-10,21.435513837388193,37.3288826363093
z060_i100,2013,9,2013-09-11,18.13199686584435,36.13776372492591
z060_i100,2013,9,2013-09-12,8.882875044578963,34.79506587386196
z060_i100,2013,9,2013-09-13,1.0078805242718953,33.28149951031737
z060_i100,2013,9,2013-09-14,0.4370223961411923,31.575320316660104
z060_i100,2013,9,2013-09-15,-13.594137641644025,29.652016845478585
z060_i100,2013,9,2013-09-16,0.21176777169972366,27.48395838127371
z060_i100,2013,9,2013-09-17,4.16951332265002,25.039997989873353
z060_i100,2013,9,2013-09-18,6.276635060714033,22.28502505286619
z060_i100,2013,9,2013-09-19,7.6138268302571195,19.179460858639207
z060_i100,2013,9,2013-09-20,9.122538040382313,15.67869000353894
z060_i100,2013,9,2013-09-21,10.572236344573406,11.73241943450633
z060_i100,2013,9,2013-09-22,8.237369647591137,7.283955925012503
z060_i100,2013,9,2013-09-23,-6.0741539333565155,2.2693916043128426
z060_i100,2013,10,2013-05-15,3.4670577679065073,0.0
z060_i100,2013,10,2013-05-16,5.6231336678676165,0.0
z060_i100,2013,10,2013-05-17,7.267662207480288,0.0
z060_i100,2013,10,2013-05-18,8.330154070062376,0.0
z060_i100,2013,10,2013-05-19,10.109239416869256,0.0
z060_i100,2013,10,2013-05-20,10.198882207797393,0.4875
z060_i100,2013,10,2013-05-21,11.528561702351489,0.5738742470010385
z060_i100,2013,10,2013-05-22,12.386943905422065,0.6755521053764285
z060_i100,2013,10,2013-05-23,12.909958388313015,0.6693127862307413
z060_i100,2013,10,2013-05-24,13.627751669102606,0.6619209548482653
z060_i100,2013,10,2013-05-25,13.91278186450429,0.6531637219016666
z060_i100,2013,10,2013-05-26,13.91278186450429,0.6427888736519074
z060_i100,2013,10,2013-05-27,13.91278186450429,0.6304976080361702
z060_i100,2013,10,2013-05-28,13.91278186450429,0.6159359289831668
z060_i100,2013,10,2013-05-29,9.803496096722329,0.6143818734895483
z060_i100,2013,10,2013-05-30,13.505768464230105,0.5968433341676391
z060_i100,2013,10,2013-05-31,13.96589401334757,0.5760651174527448
z060_i100,2013,10,2013-06-01,13.96589401334757,0.5514487978193422
z060_i100,2013,10,2013-06-02,13.96589401334757,0.5222854099979289
z060_i100,2013,10,2013-06-03,13.96589401334757,0.4877350303356464
z060_i100,2013,10,2013-06-04,13.96589401334757,0.44725473740553867
z060_i100,2013,10,2013-06-05,13.96589401334757,0.3988448698282971
z060_i100,2013,10,2013-06-06,13.96589401334757,0.3414928463104251
z060_i100,2013,10,2013-06-07,1.1566842655606264,0.40199784622079293
z060_i100,2013,10,2013-06-08,5.330655940970281,0.47277693139347243
z060_i100,2013,10,2013-06-09,8.109318988742682,0.5216027444812227
z060_i100,2013,10,2013-06-10,10.206559885928558,0.5201007084297182
z060_i100,2013,10,2013-06-11,12.079115297804353,0.5152059513001134
z060_i100,2013,10,2013-06-12,13.291542595482849,0.5092057223514659
z060_i100,2013,10,2013-06-13,-1.2708774131943184,0.599425744580651
z060_i100,2013,10,2013-06-14,5.2531366071534205,0.705630764726683
z060_i100,2013,10,2013-06-15,7.764069377288154,0.8034005105206731
z060_i100,2013,10,2013-06-16,9.423677279283996,0.8789376375089551
z060_i100,2013,10,2013-06-17,10.78873927526726,0.9272644452987727
z060_i100,2013,10,2013-06-18,12.040731987320006,0.9254214302581936
z060_i100,2013,10,2013-06-19,13.298299023797343,0.9205473593829591
z060_i100,2013,10,2013-06-20,1.3815702891917145,1.08364804655321
z060_i100,2013,10,2013-06-21,5.641456498353157,1.2756465779074249
z060_i100,2013,10,2013-06-22,8.09591358945902,1.4749729736077837
z060_i100,2013,10,2013-06-23,10.038855710367454,1.6665264968639932
z060_i100,2013,10,2013-06-24,13.070488263993473,1.8413166491488546
z060_i100,2013,10,2013-06-25,14.971224127018901,1.8883583980822387
z060_i100,2013,10,2013-06-26,10.504311116706344,2.2229338538821164
z060_i100,2013,10,2013-06-27,14.363685866505651,2.4131245014783227
z060_i100,2013,10,2013-06-28,16.271491399935616,2.411555791802367
z060_i100,2013,10,2013-06-29,17.505716042466013,2.407416624485565
z060_i100,2013,10,2013-06-30,18.543260263945562,2.394909347706024
z060_i100,2013,10,2013-07-01,13.040846464887434,2.8045648382637016
z060_i100,2013,10,2013-07-02,15.722588736686765,3.045833386402623
z060_i100,2013,10,2013-07-03,17.38332690265637,3.176899339944064
z060_i100,2013,10,2013-07-04,18.713051850213454,3.1701871970074986
z060_i100,2013,10,2013-07-05,3.7327676993712453,3.731874442123099
z060_i100,2013,10,2013-07-06,8.357537211218695,4.393080277693979
z060_i100,2013,10,2013-07-07,12.474217668104554,5.108996172875401
z060_i100,2013,10,2013-07-08,15.188160711337233,5.751950346368322
z060_i100,2013,10,2013-07-09,17.16662027745168,6.249750480627257
z060_i100,2013,10,2013-07-10,-0.8500927495712354,7.3570684123371155
z060_i100,2013,10,2013-07-11,6.408893571047405,8.660578656954028
z060_i100,2013,10,2013-07-12,4.741897790799645,10.19504216482617
z060_i100,2013,10,2013-07-13,3.385209063203514,12.001378759966062
z060_i100,2013,10,2013-07-14,7.081085877216864,14.127758356614939
z060_i100,2013,10,2013-07-15,-4.456078537465932,16.630885515312873
z060_i100,2013,10,2013-07-16,7.102615305702172,19.57751159397057
z060_i100,2013,10,2013-07-17,12.210466040968935,22.73944927126856
z060_i100,2013,10,2013-07-18,14.944507374229415,26.442397543154744
z060_i100,2013,10,2013-07-19,4.895921118308837,31.12740713636931
z060_i100,2013,10,2013-07-20,10.686088583756403,36.41815278870722
z060_i100,2013,10,2013-07-21,14.648007894775295,40.62851517098956
z060_i100,2013,10,2013-07-22,18.99819890649986,43.1390069939242
z060_i100,2013,10,2013-07-23,22.76546713810117,44.41767838114888
z060_i100,2013,10,2013-07-24,9.445994874075808,46.547462350382055
z060_i100,2013,10,2013-07-25,12.407186124825056,46.547462350382055
z060_i100,2013,10,2013-07-26,17.56734455803462,46.547462350382055
z060_i100,2013,10,2013-07-27,19.824318778553284,46.547462350382055
z060_i100,2013,10,2013-07-28,21.322999839877184,46.547462350382055
z060_i100,2013,10,2013-07-29,-29.30188681121148,46.547462350382055
z060_i100,2013,10,2013-07-30,4.881862819334213,46.547462350382055
z060_i100,2013,10,2013-07-31,11.62759936397335,46.547462350382055
z060_i100,2013,10,2013-08-01,16.041870889294135,46.547462350382055
z060_i100,2013,10,2013-08-02,-8.183644893766047,46.547462350382055
z060_i100,2013,10,2013-08-03,-13.864856692208534,46.547462350382055
z060_i100,2013,10,2013-08-04,3.7702863358587377,46.547462350382055
z060_i100,2013,10,2013-08-05,10.159731669073524,46.547462350382055
z060_i100,2013,10,2013-08-06,14.748300552267757,46.547462350382055
z060_i100,2013,10,2013-08-07,-2.0827101220622724,46.547462350382055
z060_i100,2013,10,2013-08-08,2.3624307245537377,46.547462350382055
z060_i100,2013,10,2013-08-09,7.571592275575165,46.547462350382055
z060_i100,2013,10,2013-08-10,13.042045259330232,46.547462350382055
z060_i100,2013,10,2013-08-11,15.78043340073151,46.547462350382055
z060_i100,2013,10,2013-08-12,-6.038703679289822,46.547462350382055
z060_i100,2013,10,2013-08-13,2.431884975319679,46.547462350382055
z060_i100,2013,10,2013-08-14,6.912591021497321,46.547462350382055
z060_i100,2013,10,2013-08-15,10.499239563117552,46.547462350382055
z060_i100,2013,10,2013-08-16,13.988502947080114,46.547462350382055
z060_i100,2013,10,2013-08-17,17.290401503396332,46.547462350382055
z060_i100,2013,10,2013-08-18,20.37098999889886,46.547462350382055
z060_i100,2013,10,2013-08-19,24.031658991756768,46.547462350382055
z060_i100,2013,10,2013-08-20,27.495045243537692,46.547462350382055
z060_i100,2013,10,2013-08-21,18.77821220712221,46.547462350382055
z060_i100,2013,10,2013-08-22,16.049306651743866,46.547462350382055
z060_i100,2013,10,2013-08-23,21.199297570854018,46.547462350382055
z060_i100,2013,10,2013-08-24,25.989500786614176,46.547462350382055
z060_i100,2013,10,2013-08-25,28.97753971047707,46.547462350382055
z060_i100,2013,10,2013-08-26,24.32697263032587,46.547462350382055
z060_i100,2013,10,2013-08-27,29.789537492909886,46.547462350382055
z060_i100,2013,10,2013-08-28,32.59544429278086,46.547462350382055
z060_i100,2013,10,2013-08-29,36.16036734935098,46.547462350382055
z060_i100,2013,10,2013-08-30,38.783425908798115,46.25128642199816
z060_i100,2013,10,2013-08-31,41.44685512997663,45.917419854372206
z060_i100,2013,10,2013-09-01,43.599066207441425,45.54106622703132
z060_i100,2013,10,2013-09-02,45.51356990036747,45.116818738521694
z060_i100,2013,10,2013-09-03,47.00895253977025,44.63858253078692
z060_i100,2013,10,2013-09-04,48.24156729140246,44.09948712873284
z060_i100,2013,10,2013-09-05,49.41051813230798,43.491787737061024
z060_i100,2013,10,2013-09-06,50.403656461650655,42.80675397637382
z060_i100,2013,10,2013-09-07,51.14806217676279,42.034544460102516
z060_i100,2013,10,2013-09-08,51.79115423003755,41.16406541039588
z060_i100,2013,10,2013-09-09,27.51146917106735,40.18281128180527
z060_i100,2013,10,2013-09-10,27.21747468807621,39.07668510312172
z060_i100,2013,10,2013-09-11,23.901261811047164,37.82979595634538
z060_i100,2013,10,2013-09-12,14.642501397298483,36.424230683313894
z060_i100,2013,10,2013-09-13,6.744659936753398,34.83979654026296
z060_i100,2013,10,2013-09-14,6.137892197439596,33.05373110322275
z060_i100,2013,10,2013-09-15,-7.901547410923661,31.040375256669833
z060_i100,2013,10,2013-09-16,0.24262287194662135,28.7708045674983
z060_i100,2013,10,2013-09-17,4.09401047948695,26.212413748525314
z060_i100,2013,10,2013-09-18,6.185036532957014,23.328448241817725
z060_i100,2013,10,2013-09-19,7.497471043248842,20.077476192434787
z060_i100,2013,10,2013-09-20,9.008985178153983,16.412793226814024
z060_i100,2013,10,2013-09-21,10.466002781642224,12.28175148468032
z060_i100,2013,10,2013-09-22,8.086108615467733,7.625003265162637
z060_i100,2013,10,2013-09-23,-6.27379966461461,2.375648421127438
z060_i100,2013,11,2013-05-15,3.4670577679065073,0.0
z060_i100,2013,11,2013-05-16,5.6231336678676165,0.0
z060_i100,2013,11,2013-05-17,7.267662207480288,0.0
z060_i100,2013,11,2013-05-18,8.330154070062376,0.0
z060_i100,2013,11,2013-05-19,10.109239416869256,0.0
z060_i100,2013,11,2013-05-20,10.198882207797393,0.4875
z060_i100,2013,11,2013-05-21,11.528561702351489,0.5738742470010385
z060_i100,2013,11,2013-05-22,12.386943905422065,0.6755521053764285
z060_i100,2013,11,2013-05-23,12.909958388313015,0.6693127862307413
z060_i100,2013,11,2013-05-24,13.627751669102606,0.6619209548482653
z060_i100,2013,11,2013-05-25,13.91278186450429,0.6531637219016666
z060_i100,2013,11,2013-05-26,13.91278186450429,0.6427888736519074
z060_i100,2013,11,2013-05-27,13.91278186450429,0.6304976080361702
z060_i100,2013,11,2013-05-28,13.91278186450429,0.6159359289831668
z060_i100,2013,11,2013-05-29,9.803496096722329,0.6143818734895483
z060_i100,2013,11,2013-05-30,13.505768464230105,0.5968433341676391
z060_i100,2013,11,2013-05-31,13.96589401334757,0.5760651174527448
z060_i100,2013,11,2013-06-01,13.96589401334757,0.5514487978193422
z060_i100,2013,11,2013-06-02,13.96589401334757,0.5222854099979289
z060_i100,2013,11,2013-06-03,13.96589401334757,0.4877350303356464
z060_i100,2013,11,2013-06-04,13.96589401334757,0.44725473740553867
z060_i100,2013,11,2013-06-05,13.96589401334757,0.3988448698282971
z060_i100,2013,11,2013-06-06,13.96589401334757,0.3414928463104251
z060_i100,2013,11,2013-06-07,2.1425120782675124,0.40199784622079293
z060_i100,2013,11,2013-06-08,6.263088680620104,0.4697035459582482
z060_i100,2013,11,2013-06-09,8.986908559154747,0.49849336737108585
z060_i100,2013,11,2013-06-10,11.040526201551335,0.4952153130636105
z060_i100,2013,11,2013-06-11,12.803096745294551,0.49000568614848367
z060_i100,2013,11,2013-06-12,13.92446926534492,0.48382865927567087
z060_i100,2013,11,2013-06-13,0.36073436569509004,0.5695524256807132
z060_i100,2013,11,2013-06-14,5.930634819216214,0.6703631681195841
z060_i100,2013,11,2013-06-15,8.491873269481152,0.7506250062877602
z060_i100,2013,11,2013-06-16,10.171175008446559,0.797968997732984
z060_i100,2013,11,2013-06-17,11.537516228284185,0.79653251942463
z060_i100,2013,11,2013-06-18,12.796576450333076,0.7926559450021492
z060_i100,2013,11,2013-06-19,14.061436570043373,0.7852715449369071
z060_i100,2013,11,2013-06-20,2.3246116354698714,0.9244043416246354
z060_i100,2013,11,2013-06-21,6.650918782403803,1.0881884009729812
z060_i100,2013,11,2013-06-22,9.11025572446641,1.2453338329911552
z060_i100,2013,11,2013-06-23,11.048633162244856,1.377203992468997
z060_i100,2013,11,2013-06-24,13.6500444750787,1.484315996592452
z060_i100,2013,11,2013-06-25,15.411014322512045,1.4806007438025137
z060_i100,2013,11,2013-06-26,16.862482908527323,1.4718276254693416
z060_i100,2013,11,2013-06-27,18.182940484433548,1.4574377879847489
z060_i100,2013,11,2013-06-28,19.14775961741521,1.441301002592883
z060_i100,2013,11,2013-06-29,19.865422472243445,1.421441156552315
z060_i100,2013,11,2013-06-30,20.538544222808095,1.3969771760129446
z060_i100,2013,11,2013-07-01,12.355053488952848,1.6444907178709043
z060_i100,2013,11,2013-07-02,15.320346269795994,1.7913213679545732
z060_i100,2013,11,2013-07-03,17.260534235561124,1.8267498243255935
z060_i100,2013,11,2013-07-04,18.605815815581913,1.820409159346011
z060_i100,2013,11,2013-07-05,7.733410884877879,2.1429455088276628
z060_i100,2013,11,2013-07-06,12.07417038880832,2.5111956235986144
z060_i100,2013,11,2013-07-07,14.776549784376922,2.851031611106615
z060_i100,2013,11,2013-07-08,16.823730030795055,3.0934719178524848
z060_i100,2013,11,2013-07-09,18.361988920976938,3.2638679097492256
z060_i100,2013,11,2013-07-10,6.567468923893272,3.8421533108065424
z060_i100,2013,11,2013-07-11,12.483624110589833,4.507169162870006
z060_i100,2013,11,2013-07-12,10.792884354710992,5.3057401219452816
z060_i100,2013,11,2013-07-13,9.459138079200056,6.245800240542657
z060_i100,2013,11,2013-07-14,12.853141799295054,7.313051337733382
z060_i100,2013,11,2013-07-15,4.447457305341196,8.608762727634222
z060_i100,2013,11,2013-07-16,11.563126590729656,10.13404559575732
z060_i100,2013,11,2013-07-17,15.271944384797411,11.525458191137973
z060_i100,2013,11,2013-07-18,17.099116595576277,13.212826338865776
z060_i100,2013,11,2013-07-19,18.338193900525255,15.05336921062607
z060_i100,2013,11,2013-07-20,20.351850074585062,16.130349418822256
z060_i100,2013,11,2013-07-21,22.070715861753428,16.72583565684347
z060_i100,2013,11,2013-07-22,24.14679203814941,16.85631444133999
z060_i100,2013,11,2013-07-23,25.82305735531603,16.843573257412828
z060_i100,2013,11,2013-07-24,12.636109394003597,17.821497805675072
z060_i100,2013,11,2013-07-25,15.705132299810732,17.821497805675072
z060_i100,2013,11,2013-07-26,19.160723219695385,17.821497805675072
z060_i100,2013,11,2013-07-27,20.623927860442684,17.821497805675072
z060_i100,2013,11,2013-07-28,21.499056555919207,17.821497805675072
z060_i100,2013,11,2013-07-29,-37.04675274833676,17.821497805675072
z060_i100,2013,11,2013-07-30,5.484933738456746,17.821497805675072
z060_i100,2013,11,2013-07-31,11.209093722593842,17.821497805675072
z060_i100,2013,11,2013-08-01,13.755912218231465,17.821497805675072
z060_i100,2013,11,2013-08-02,-10.260467713575334,17.821497805675072
z060_i100,2013,11,2013-08-03,-13.699590980279964,17.821497805675072
z060_i100,2013,11,2013-08-04,3.895944046609499,17.821497805675072
z060_i100,2013,11,2013-08-05,8.498552005217027,17.821497805675072
z060_i100,2013,11,2013-08-06,11.34064014115278,17.821497805675072
z060_i100,2013,11,2013-08-07,-5.289929731156403,17.821497805675072
z060_i100,2013,11,2013-08-08,2.0132460180211758,17.821497805675072
z060_i100,2013,11,2013-08-09,7.51658657770881,17.821497805675072
z060_i100,2013,11,2013-08-10,10.962475261540494,17.821497805675072
z060_i100,2013,11,2013-08-11,12.815276857550085,17.821497805675072
z060_i100,2013,11,2013-08-12,-8.775577215663892,17.821497805675072
z060_i100,2013,11,2013-08-13,2.1250922536030687,17.821497805675072
z060_i100,2013,11,2013-08-14,6.063686978101071,17.821497805675072
z060_i100,2013,11,2013-08-15,8.722201289136393,17.821497805675072
z060_i100,2013,11,2013-08-16,11.039833803331554,17.821497805675072
z060_i100,2013,11,2013-08-17,13.075978991508283,17.821497805675072
z060_i100,2013,11,2013-08-18,15.210621215301877,17.821497805675072
z060_i100,2013,11,2013-08-19,17.56372887588428,17.821497805675072
z060_i100,2013,11,2013-08-20,19.62287641550519,17.821497805675072
z060_i100,2013,11,2013-08-21,8.164925547254013,17.821497805675072
z060_i100,2013,11,2013-08-22,5.630463038869102,17.821497805675072
z060_i100,2013,11,2013-08-23,11.012803612600292,17.821497805675072
z060_i100,2013,11,2013-08-24,14.334776423567854,17.821497805675072
z060_i100,2013,11,2013-08-25,16.605425941271275,17.821497805675072
z060_i100,2013,11,2013-08-26,10.237293629312454,17.821497805675072
z060_i100,2013,11,2013-08-27,15.029039460400877,17.821497805675072
z060_i100,2013,11,2013-08-28,16.83969028188074,17.821497805675072
z060_i100,2013,11,2013-08-29,19.225868746507842,17.821497805675072
z060_i100,2013,11,2013-08-30,11.672387299251016,17.708101749450663
z060_i100,2013,11,2013-08-31,16.45858954102493,17.58027518271871
z060_i100,2013,11,2013-09-01,18.371170861217397,17.436181713276152
z060_i100,2013,11,2013-09-02,20.173098062251746,17.273751254046715
z060_i100,2013,11,2013-09-03,21.677431474327424,17.090650283631092
z060_i100,2013,11,2013-09-04,23.071758806962556,16.884248322285984
z060_i100,2013,11,2013-09-05,18.524097982016105,16.651580141716515
z060_i100,2013,11,2013-09-06,22.80852867694892,16.38930316577735
z060_i100,2013,11,2013-09-07,24.24997638429078,16.093649450089078
z060_i100,2013,11,2013-09-08,25.669537791611088,15.760371550695588
z060_i100,2013,11,2013-09-09,1.8077244418796141,15.384681504096442
z060_i100,2013,11,2013-09-10,1.802441442940883,14.961182042024326
z060_i100,2013,11,2013-09-11,-1.3159101895851375,14.48378905277983
z060_i100,2013,11,2013-09-12,-9.504051490013683,13.945644175181402
z060_i100,2013,11,2013-09-13,-9.080069979900097,13.33901626943077
z060_i100,2013,11,2013-09-14,-1.356472257934829,12.655190349396634
z060_i100,2013,11,2013-09-15,-14.052793446405992,11.884342380686878
z060_i100,2013,11,2013-09-16,0.6550020591303876,11.015398145823276
z060_i100,2013,11,2013-09-17,5.316066275908952,10.03587414893643
z060_i100,2013,11,2013-09-18,7.934730308090924,8.931698274373204
z060_i100,2013,11,2013-09-19,9.54371078845967,7.68700762274817
z060_i100,2013,11,2013-09-20,11.017555037223392,6.283920620095077
z060_i100,2013,11,2013-09-21,12.363452725481503,4.70228012617492
z060_i100,2013,11,2013-09-22,10.643222959262564,2.9193638513624656
z060_i100,2013,11,2013-09-23,-3.057290509276542,0.9095579218795067
z060_i100,2013,12,2013-05-15,3.4670577679065073,0.0
z060_i100,2013,12,2013-05-16,5.6231336678676165,0.0
z060_i100,2013,12,2013-05-17,7.267662207480288,0.0
z060_i100,2013,12,2013-05-18,8.330154070062376,0.0
z060_i100,2013,12,2013-05-19,10.109239416869256,0.0
z060_i100,2013,12,2013-05-20,10.198882207797393,0.4875
z060_i100,2013,12,2013-05-21,11.528561702351489,0.5738742470010385
z060_i100,2013,12,2013-05-22,12.386943905422065,0.6755521053764285
z060_i100,2013,12,2013-05-23,12.909958388313015,0.6693127862307413
z060_i100,2013,12,2013-05-24,13.627751669102606,0.6619209548482653
z060_i100,2013,12,2013-05-25,13.91278186450429,0.6531637219016666
z060_i100,2013,12,2013-05-26,13.91278186450429,0.6427888736519074
z060_i100,2013,12,2013-05-27,13.91278186450429,0.6304976080361702
z060_i100,2013,12,2013-05-28,13.91278186450429,0.6159359289831668
z060_i100,2013,12,2013-05-29,9.803496096722329,0.6143818734895483
z060_i100,2013,12,2013-05-30,13.505768464230105,0.5968433341676391
z060_i100,2013,12,2013-05-31,13.96589401334757,0.5760651174527448
z060_i100,2013,12,2013-06-01,13.96589401334757,0.5514487978193422
z060_i100,2013,12,2013-06-02,13.96589401334757,0.5222854099979289
z060_i100,2013,12,2013-06-03,13.96589401334757,0.4877350303356464
z060_i100,2013,12,2013-06-04,13.96589401334757,0.44725473740553867
z060_i100,2013,12,2013-06-05,13.96589401334757,0.3988448698282971
z060_i100,2013,12,2013-06-06,13.96589401334757,0.3414928463104251
z060_i100,2013,12,2013-06-07,-4.101064068876104,0.40199784622079293
z060_i100,2013,12,2013-06-08,3.8779231781950196,0.4732229975302499
z060_i100,2013,12,2013-06-09,6.825802761312622,0.5411586720494722
z060_i100,2013,12,2013-06-10,9.087451490827812,0.5721737413499921
z060_i100,2013,12,2013-06-11,11.01397190399648,0.5684858486335824
z060_i100,2013,12,2013-06-12,12.39125539076153,0.5630005008816391
z060_i100,2013,12,2013-06-13,-9.354898496044212,0.6627517712916066
z060_i100,2013,12,2013-06-14,2.2628429032852946,0.7801767665611798
z060_i100,2013,12,2013-06-15,4.080947294046136,0.9135479379148435
z060_i100,2013,12,2013-06-16,5.368795016433409,1.0635647695250237
z060_i100,2013,12,2013-06-17,6.499837063801029,1.2255601325502865
z060_i100,2013,12,2013-06-18,7.635366266881635,1.3964644646646127
z060_i100,2013,12,2013-06-19,8.94532117605492,1.5404314984821794
z060_i100,2013,12,2013-06-20,-3.0624015424895217,1.813361982047471
z060_i100,2013,12,2013-06-21,3.0412846421769175,2.1346497271544678
z060_i100,2013,12,2013-06-22,5.3226179401206855,2.5042731706268033
z060_i100,2013,12,2013-06-23,7.15074128154369,2.906485848107004
z060_i100,2013,12,2013-06-24,11.542059127843597,3.346888173073017
z060_i100,2013,12,2013-06-25,13.812770941106228,3.6098253467929
z060_i100,2013,12,2013-06-26,15.524075541636083,3.60964202015015
z060_i100,2013,12,2013-06-27,16.997299312843808,3.5937487235494587
z060_i100,2013,12,2013-06-28,18.071417199165126,3.5783682375053827
z060_i100,2013,12,2013-06-29,18.825856707149892,3.557963913353169
z060_i100,2013,12,2013-06-30,19.58064873653318,3.5314123951899576
z060_i100,2013,12,2013-07-01,14.012330931316356,4.091982708881252
z060_i100,2013,12,2013-07-02,16.254480294733014,4.430795084020582
z060_i100,2013,12,2013-07-03,17.783845930926713,4.5446003540900115
z060_i100,2013,12,2013-07-04,19.101285486405708,4.5382337415913145
z060_i100,2013,12,2013-07-05,10.21316402554856,5.3423086588111195
z060_i100,2013,12,2013-07-06,13.929483053099103,6.1407077568582515
z060_i100,2013,12,2013-07-07,16.04652299792009,6.886605727884013
z060_i100,2013,12,2013-07-08,17.94213245414029,7.480571313901893
z060_i100,2013,12,2013-07-09,19.627016642313237,7.829985280476174
z060_i100,2013,12,2013-07-10,11.798926178259087,9.21728596279483
z060_i100,2013,12,2013-07-11,16.848928309008645,10.365682768111215
z060_i100,2013,12,2013-07-12,15.123750632499197,12.071605186504284
z060_i100,2013,12,2013-07-13,13.752584376340726,14.163538965643879
z060_i100,2013,12,2013-07-14,16.17822101122853,16.238735324910824
z060_i100,2013,12,2013-07-15,10.731694442233847,19.11588103965613
z060_i100,2013,12,2013-07-16,17.612617964208543,21.903711672761695
z060_i100,2013,12,2013-07-17,21.259966591796175,23.759159389897697
z060_i100,2013,12,2013-07-18,23.73670037196044,25.99817185465909
z060_i100,2013,12,2013-07-19,25.487870530600794,27.390110041879613
z060_i100,2013,12,2013-07-20,27.355668698982594,27.330788546531377
z060_i100,2013,12,2013-07-21,29.05560625033658,27.24726712908449
z060_i100,2013,12,2013-07-22,30.75126713826531,27.061246293171926
z060_i100,2013,12,2013-07-23,31.895000612066987,26.81333086860998
z060_i100,2013,12,2013-07-24,24.758736321435798,28.37009166255561
z060_i100,2013,12,2013-07-25,27.786790741698447,28.37009166255561
z060_i100,2013,12,2013-07-26,30.223013634638903,28.324920195521326
z060_i100,2013,12,2013-07-27,31.333926548871307,28.244493320009482
z060_i100,2013,12,2013-07-28,32.190293321475025,28.19967967237293
z060_i100,2013,12,2013-07-29,-26.389454054466814,28.19967967237293
z060_i100,2013,12,2013-07-30,5.079459895997923,28.19967967237293
z060_i100,2013,12,2013-07-31,11.429203046157522,28.19967967237293
z060_i100,2013,12,2013-08-01,14.359238790474093,28.19967967237293
z060_i100,2013,12,2013-08-02,-9.745851272347704,28.19967967237293
z060_i100,2013,12,2013-08-03,-13.809944484845747,28.19967967237293
z060_i100,2013,12,2013-08-04,3.847896426462592,28.19967967237293
z060_i100,2013,12,2013-08-05,9.73427560754464,28.19967967237293
z060_i100,2013,12,2013-08-06,13.23969599819226,28.19967967237293
z060_i100,2013,12,2013-08-07,-3.971303178360259,28.19967967237293
z060_i100,2013,12,2013-08-08,2.135111520336823,28.19967967237293
z060_i100,2013,12,2013-08-09,7.717874483698741,28.19967967237293
z060_i100,2013,12,2013-08-10,11.745892132248102,28.19967967237293
z060_i100,2013,12,2013-08-11,13.954653426160283,28.19967967237293
z060_i100,2013,12,2013-08-12,-7.728027401775097,28.19967967237293
z060_i100,2013,12,2013-08-13,2.2082351487078005,28.19967967237293
z060_i100,2013,12,2013-08-14,6.39573517320376,28.19967967237293
z060_i100,2013,12,2013-08-15,9.41184755317437,28.19967967237293
z060_i100,2013,12,2013-08-16,12.174724399130035,28.19967967237293
z060_i100,2013,12,2013-08-17,14.68855725110159,28.19967967237293
z060_i100,2013,12,2013-08-18,17.21224952202642,28.19967967237293
z060_i100,2013,12,2013-08-19,20.097101393445442,28.19967967237293
z060_i100,2013,12,2013-08-20,22.711760446237598,28.19967967237293
z060_i100,2013,12,2013-08-21,14.153918142516856,28.19967967237293
z060_i100,2013,12,2013-08-22,11.544718918840314,28.19967967237293
z060_i100,2013,12,2013-08-23,16.84666511896174,28.19967967237293
z060_i100,2013,12,2013-08-24,20.22839572767976,28.19967967237293
z060_i100,2013,12,2013-08-25,22.53159214299775,28.19967967237293
z060_i100,2013,12,2013-08-26,18.156474033263436,28.19967967237293
z060_i100,2013,12,2013-08-27,23.78732354803805,28.19967967237293
z060_i100,2013,12,2013-08-28,25.79067517997925,28.19967967237293
z060_i100,2013,12,2013-08-29,28.34373928927635,28.19967967237293
z060_i100,2013,12,2013-08-30,30.21880193889975,28.020248487827914
z060_i100,2013,12,2013-08-31,32.131761791041285,27.817983320513388
z060_i100,2013,12,2013-09-01,33.94504625459545,27.589978372474338
z060_i100,2013,12,2013-09-02,35.91395234560646,27.332958060867984
z060_i100,2013,12,2013-09-03,37.69473374491016,27.04322996002469
z060_i100,2013,12,2013-09-04,39.405350607206614,26.716631755028246
z060_i100,2013,12,2013-09-05,41.23744742306397,26.348471444735832
z060_i100,2013,12,2013-09-06,42.88317710825972,25.933459935177538
z060_i100,2013,12,2013-09-07,44.19006224053719,25.465635054953317
z060_i100,2013,12,2013-09-08,45.37358671527996,24.93827590101144
z060_i100,2013,12,2013-09-09,21.34446339659477,24.3438062842758
z060_i100,2013,12,2013-09-10,21.223008407318353,23.67368588799503
z060_i100,2013,12,2013-09-11,18.02476732472877,22.918287575163856
z060_i100,2013,12,2013-09-12,8.85730829608822,22.066759082380745
z060_i100,2013,12,2013-09-13,1.1750158175112526,21.10686711319716
z060_i100,2013,12,2013-09-14,0.9099290236388409,20.024821591159863
z060_i100,2013,12,2013-09-15,-13.049353185863826,18.805077547716312
z060_i100,2013,12,2013-09-16,0.4454862153648283,17.430111798849477
z060_i100,2013,12,2013-09-17,4.819460083931259,15.880171202116038
z060_i100,2013,12,2013-09-18,7.201879776980484,14.13298887747834
z060_i100,2013,12,2013-09-19,8.814283697268772,12.163464315078985
z060_i100,2013,12,2013-09-20,10.370482126255464,9.94330277429718
z060_i100,2013,12,2013-09-21,11.797699164358137,7.440608793592644
z060_i100,2013,12,2013-09-22,9.829212120205211,4.6194279713858215
z060_i100,2013,12,2013-09-23,-4.121412616400248,1.439230435070605
z105_i85,2012,1,2012-04-30,5.165139429896866,0.0
z105_i85,2012,1,2012-05-01,6.662037354503614,0.0
z105_i85,2012,1,2012-05-02,8.011901314416566,0.0
z105_i85,2012,1,2012-05-03,9.722906380740195,0.0
z105_i85,2012,1,2012-05-04,12.90011283689596,0.0
z105_i85,2012,1,2012-05-05,13.97556765884318,0.4875
z105_i85,2012,1,2012-05-06,14.706651593332987,0.5738742470010385
z105_i85,2012,1,2012-05-07,12.605472043241456,0.6755521053764285
z105_i85,2012,1,2012-05-08,15.60434353636543,0.6748890291739561
z105_i85,2012,1,2012-05-09,16.651671909092673,0.6700068128743807
z105_i85,2012,1,2012-05-10,17.63388079854854,0.6654181536732429
z105_i85,2012,1,2012-05-11,18.033972477928565,0.664848953836679
z105_i85,2012,1,2012-05-12,18.314574995603913,0.6648425042316971
z105_i85,2012,1,2012-05-13,18.917242880909075,0.6639781048256803
z105_i85,2012,1,2012-05-14,19.655541768819756,0.6630122544890452
z105_i85,2012,1,2012-05-15,20.473640449679678,0.6612824149595397
z105_i85,2012,1,2012-05-16,21.203506033034458,0.6603850706306951
z105_i85,2012,1,2012-05-17,21.869622918695182,0.6602078290604388
z105_i85,2012,1,2012-05-18,22.43824575605432,0.6602007065032947
z105_i85,2012,1,2012-05-19,22.81526933530622,0.6601935829133965
z105_i85,2012,1,2012-05-20,23.430812683892697,0.6601864582905946
z105_i85,2012,1,2012-05-21,24.093692995958527,0.6601793326347393
z105_i85,2012,1,2012-05-22,24.678438440347758,0.6601722059456805
z105_i85,2012,1,2012-05-23,15.055846798533238,0.7759280070281537
z105_i85,2012,1,2012-05-24,18.524565341207953,0.891432455795655
z105_i85,2012,1,2012-05-25,19.492124396707062,1.0253415388655283
z105_i85,2012,1,2012-05-26,21.194735475709578,1.143829060922632
z105_i85,2012,1,2012-05-27,22.423888750090175,1.2718914336542204
z105_i85,2012,1,2012-05-28,23.42925295038334,1.4090403636964892
z105_i85,2012,1,2012-05-29,24.346941512188565,1.5572377529988068
z105_i85,2012,1,2012-05-30,6.026978367587292,1.8331459341615983
z105_i85,2012,1,2012-05-31,9.792989188524396,2.157938959200005
z105_i85,2012,1,2012-06-01,14.540373036563155,2.52204753786198
z105_i85,2012,1,2012-06-02,16.88887521537978,2.933182558846471
z105_i85,2012,1,2012-06-03,18.855406769295513,3.3864210118817626
z105_i85,2012,1,2012-06-04,21.34608959400556,3.8517668663103333
z105_i85,2012,1,2012-06-05,23.364946939746083,4.34473985279527
z105_i85,2012,1,2012-06-06,2.0982677852700045,5.11453192089905
z105_i85,2012,1,2012-06-07,-4.163331838544652,6.020714163833267
z105_i85,2012,1,2012-06-08,4.816912216247961,7.087451912160623
z105_i85,2012,1,2012-06-09,8.777718904986154,8.338315761719917
z105_i85,2012,1,2012-06-10,11.719390316290967,9.749784767111754
z105_i85,2012,1,2012-06-11,13.908365951826452,11.381703461176826
z105_i85,2012,1,2012-06-12,15.923407951198943,13.276693518445729
z105_i85,2012,1,2012-06-13,18.438042473798014,15.367234852045877
z105_i85,2012,1,2012-06-14,-8.759610807524732,18.089969906063477
z105_i85,2012,1,2012-06-15,3.9978822533754688,21.295113555104876
z105_i85,2012,1,2012-06-16,9.073135844882517,25.068137961512644
z105_i85,2012,1,2012-06-17,13.182594908947415,29.399033875753567
z105_i85,2012,1,2012-06-18,18.284235836914576,34.225461717874964
z105_i85,2012,1,2012-06-19,-4.3512027113628005,40.28945860842742
z105_i85,2012,1,2012-06-20,4.821750141049865,47.42515875338333
z105_i85,2012,1,2012-06-21,14.080871236098128,54.278869535556794
z105_i85,2012,1,2012-06-22,19.388068617152907,60.043440992251405
z105_i85,2012,1,2012-06-23,26.384965162250683,64.47967033319915
z105_i85,2012,1,2012-06-24,33.48125363385726,67.85510873801259
z105_i85,2012,1,2012-06-25,2.4874036541554156,71.77969235663878
z105_i85,2012,1,2012-06-26,10.34259420382281,75.10952483268906
z105_i85,2012,1,2012-06-27,15.693463686631343,77.93038901383056
z105_i85,2012,1,2012-06-28,21.72626321216176,80.21133641044031
z105_i85,2012,1,2012-06-29,-11.731630162016378,82.25211126304063
z105_i85,2012,1,2012-06-30,4.64511063614748,83.97733078809115
z105_i85,2012,1,2012-07-01,13.753127187167566,85.41526686875109
z105_i85,2012,1,2012-07-02,21.455185457625763,86.56121616411104
z105_i85,2012,1,2012-07-03,27.167240372176742,87.50655848185257
z105_i85,2012,1,2012-07-04,-9.60917880466088,88.37682234280705
z105_i85,2012,1,2012-07-05,4.82733471185234,89.09302024687695
z105_i85,2012,1,2012-07-06,7.067539200624936,89.67271433840034
z105_i85,2012,1,2012-07-07,-13.104925765914048,90.12911330121494
z105_i85,2012,1,2012-07-08,-1.3944302957203059,90.47106229352768
z105_i85,2012,1,2012-07-09,5.891901337920386,90.70271030871142
z105_i85,2012,1,2012-07-10,12.533797325291475,90.70271030871142
z105_i85,2012,1,2012-07-11,18.728310307188245,90.70271030871142
z105_i85,2012,1,2012-07-12,25.106307504829324,90.70271030871142
z105_i85,2012,1,2012-07-13,-17.41502175094169,90.70271030871142
z105_i85,2012,1,2012-07-14,5.122549120004341,90.70271030871142
z105_i85,2012,1,2012-07-15,13.476949589283372,90.70271030871142
z105_i85,2012,1,2012-07-16,14.187349994915284,90.70271030871142
z105_i85,2012,1,2012-07-17,20.374890741928755,90.70271030871142
z105_i85,2012,1,2012-07-18,-4.870145869995364,90.70271030871142
z105_i85,2012,1,2012-07-19,5.188691723219214,90.70271030871142
z105_i85,2012,1,2012-07-20,12.725838611861489,90.70271030871142
z105_i85,2012,1,2012-07-21,19.54131966527973,90.70271030871142
z105_i85,2012,1,2012-07-22,26.454171988429195,90.70271030871142
z105_i85,2012,1,2012-07-23,-9.064813785723324,90.70271030871142
z105_i85,2012,1,2012-07-24,4.863273635966453,90.70271030871142
z105_i85,2012,1,2012-07-25,10.51731260728351,90.70271030871142
z105_i85,2012,1,2012-07-26,16.44037887648619,90.70271030871142
z105_i85,2012,1,2012-07-27,-7.5204473421629245,90.70271030871142
z105_i85,2012,1,2012-07-28,4.190190152053711,90.70271030871142
z105_i85,2012,1,2012-07-29,10.033110766101641,90.70271030871142
z105_i85,2012,1,2012-07-30,14.83415104497211,90.70271030871142
z105_i85,2012,1,2012-07-31,20.558343863528716,90.70271030871142
z105_i85,2012,1,2012-08-01,-9.601025871428124,90.70271030871142
z105_i85,2012,1,2012-08-02,2.8477884686139996,90.70271030871142
z105_i85,2012,1,2012-08-03,10.006101556422825,90.70271030871142
z105_i85,2012,1,2012-08-04,15.087607099492761,90.70271030871142
z105_i85,2012,1,2012-08-05,20.11267749585601,90.70271030871142
z105_i85,2012,1,2012-08-06,-4.529157491959841,90.70271030871142
z105_i85,2012,1,2012-08-07,0.4356941693474764,90.70271030871142
z105_i85,2012,1,2012-08-08,6.677741154529089,90.70271030871142
z105_i85,2012,1,2012-08-09,12.740839426744524,90.70271030871142
z105_i85,2012,1,2012-08-10,-12.708327113560221,90.70271030871142
z105_i85,2012,1,2012-08-11,2.1220651847047796,90.70271030871142
z105_i85,2012,1,2012-08-12,8.969978852117258,90.70271030871142
z105_i85,2012,1,2012-08-13,12.139235229303335,90.70271030871142
z105_i85,2012,1,2012-08-14,16.70103823658476,90.70271030871142
z105_i85,2012,1,2012-08-15,-10.012039762357253,90.12557982562726
z105_i85,2012,1,2012-08-16,0.8060883795112712,89.47500509961553
z105_i85,2012,1,2012-08-17,5.6066749768463815,88.74163979223583
z105_i85,2012,1,2012-08-18,9.854963800462986,87.91494817240424
z105_i85,2012,1,2012-08-19,13.8920399405819,86.98305375713441
z105_i85,2012,1,2012-08-20,15.566429173501707,85.93256869066185
z105_i85,2012,1,2012-08-21,-10.49769091384188,84.74840141076423
z105_i85,2012,1,2012-08-22,1.5452399976945181,83.41353983915832
z105_i85,2012,1,2012-08-23,6.840275189388607,81.90880698122601
z105_i85,2012,1,2012-08-24,9.760937800504829,80.21258542394717
z105_i85,2012,1,2012-08-25,13.741877602536613,78.30050677409895
z105_i85,2012,1,2012-08-26,17.093439706476463,76.14510157510438
z105_i85,2012,1,2012-08-27,19.96171350753142,73.71540467313777
z105_i85,2012,1,2012-08-28,-12.01159442282779,70.9765103630656
z105_i85,2012,1,2012-08-29,1.043320309946202,67.88907092332566
z105_i85,2012,1,2012-08-30,7.007620540091007,64.40873133555581
z105_i85,2012,1,2012-08-31,11.089972735726814,60.485492067996894
z105_i85,2012,1,2012-09-01,13.901725625685442,56.062990768237434
z105_i85,2012,1,2012-09-02,17.044341997060812,51.07769254589797
z105_i85,2012,1,2012-09-03,19.012003615720726,45.457977212628734
z105_i85,2012,1,2012-09-04,20.234520210012267,39.123110366456224
z105_i85,2012,1,2012-09-05,-22.58955910246955,31.982083538787737
z105_i85,2012,1,2012-09-06,-0.46774565194168427,23.932306741301883
z105_i85,2012,1,2012-09-07,4.185757933748298,14.85813462948848
z105_i85,2012,1,2012-09-08,6.748586411567566,4.629205109289939
z105_i85,2012,2,2012-04-30,5.165139429896866,0.0
z105_i85,2012,2,2012-05-01,6.662037354503614,0.0
z105_i85,2012,2,2012-05-02,8.011901314416566,0.0
z105_i85,2012,2,2012-05-03,9.722906380740195,0.0
z105_i85,2012,2,2012-05-04,12.90011283689596,0.0
z105_i85,2012,2,2012-05-05,13.97556765884318,0.4875
z105_i85,2012,2,2012-05-06,14.706651593332987,0.5738742470010385
z105_i85,2012,2,2012-05-07,12.605472043241456,0.6755521053764285
z105_i85,2012,2,2012-05-08,15.60434353636543,0.6748890291739561
z105_i85,2012,2,2012-05-09,16.651671909092673,0.6700068128743807
z105_i85,2012,2,2012-05-10,17.63388079854854,0.6654181536732429
z105_i85,2012,2,2012-05-11,18.033972477928565,0.664848953836679
z105_i85,2012,2,2012-05-12,18.314574995603913,0.6648425042316971
z105_i85,2012,2,2012-05-13,18.917242880909075,0.6639781048256803
z105_i85,2012,2,2012-05-14,19.655541768819756,0.6630122544890452
z105_i85,2012,2,2012-05-15,20.473640449679678,0.6612824149595397
z105_i85,2012,2,2012-05-16,21.203506033034458,0.6603850706306951
z105_i85,2012,2,2012-05-17,21.869622918695182,0.6602078290604388
z105_i85,2012,2,2012-05-18,22.43824575605432,0.6602007065032947
z105_i85,2012,2,2012-05-19,22.81526933530622,0.6601935829133965
z105_i85,2012,2,2012-05-20,23.430812683892697,0.6601864582905946
z105_i85,2012,2,2012-05-21,24.093692995958527,0.6601793326347393
z105_i85,2012,2,2012-05-22,24.678438440347758,0.6601722059456805
z105_i85,2012,2,2012-05-23,15.055846798533238,0.7759280070281537
z105_i85,2012,2,2012-05-24,18.524565341207953,0.891432455795655
z105_i85,2012,2,2012-05-25,19.492124396707062,1.0253415388655283
z105_i85,2012,2,2012-05-26,21.194735475709578,1.143829060922632
z105_i85,2012,2,2012-05-27,22.423888750090175,1.2718914336542204
z105_i85,2012,2,2012-05-28,23.42925295038334,1.4090403636964892
z105_i85,2012,2,2012-05-29,24.346941512188565,1.5572377529988068
z105_i85,2012,2,2012-05-30,5.513597431957676,1.8331459341615983
z105_i85,2012,2,2012-05-31,9.14596481472076,2.157938959200005
z105_i85,2012,2,2012-06-01,13.946466366996557,2.524565107727849
z105_i85,2012,2,2012-06-02,16.324968177894135,2.9396434312090403
z105_i85,2012,2,2012-06-03,18.316896506979933,3.398881211129242
z105_i85,2012,2,2012-06-04,20.91083166338267,3.873767598476231
z105_i85,2012,2,2012-06-05,22.98224734145694,4.377741126916564
z105_i85,2012,2,2012-06-06,-3.094510204570372,5.153380292871223
z105_i85,2012,2,2012-06-07,-7.734380682031083,6.066445610423518
z105_i85,2012,2,2012-06-08,4.756258404197192,7.1412859623683085
z105_i85,2012,2,2012-06-09,8.78310146418156,8.401581747302691
z105_i85,2012,2,2012-06-10,11.732078471927734,9.823760106993102
z105_i85,2012,2,2012-06-11,13.926955901107476,11.467902807469036
z105_i85,2012,2,2012-06-12,15.949144771736872,13.376861128939968
z105_i85,2012,2,2012-06-13,18.474322736415594,15.482877179173943
z105_i85,2012,2,2012-06-14,2.375853349743176,18.226101502785667
z105_i85,2012,2,2012-06-15,7.912692851353601,21.455364668052542
z105_i85,2012,2,2012-06-16,11.788464269346974,25.232415022554083
z105_i85,2012,2,2012-06-17,15.745977569508527,29.514683650262857
z105_i85,2012,2,2012-06-18,20.59028117201978,34.227767534725345
z105_i85,2012,2,2012-06-19,-1.545677129030675,40.29217296516329
z105_i85,2012,2,2012-06-20,5.303080865838947,47.428306712503215
z105_i85,2012,2,2012-06-21,14.13310011115167,54.27964306768882
z105_i85,2012,2,2012-06-22,19.40724732649092,60.043305271612766
z105_i85,2012,2,2012-06-23,26.4013971335713,64.47827314774935
z105_i85,2012,2,2012-06-24,33.49705823601331,67.85215790871536
z105_i85,2012,2,2012-06-25,2.5031983271062503,71.77715299726742
z105_i85,2012,2,2012-06-26,10.358393846287179,75.10733458702128
z105_i85,2012,2,2012-06-27,15.709218475434193,77.9282442763297
z105_i85,2012,2,2012-06-28,21.741928249367906,80.209117104597
z105_i85,2012,2,2012-06-29,-11.815959245302274,82.25017881514
z105_i85,2012,2,2012-06-30,4.638869167392257,83.97564084265132
z105_i85,2012,2,2012-07-01,13.752613583105802,85.41377904427786
z105_i85,2012,2,2012-07-02,21.455094649101007,86.55988941799338
z105_i85,2012,2,2012-07-03,27.1671503664724,87.50536461612201
z105_i85,2012,2,2012-07-04,-9.809260192940924,88.37575080419182
z105_i85,2012,2,2012-07-05,4.811246452225772,89.09204937936566
z105_i85,2012,2,2012-07-06,7.068419592056876,89.67182495457368
z105_i85,2012,2,2012-07-07,-13.102560132484731,90.12828807030911
z105_i85,2012,2,2012-07-08,-1.3943025269125842,90.47028512808303
z105_i85,2012,2,2012-07-09,5.891911856974404,90.70196570446429
z105_i85,2012,2,2012-07-10,12.533802593765934,90.70196570446429
z105_i85,2012,2,2012-07-11,18.72831928967124,90.70196570446429
z105_i85,2012,2,2012-07-12,25.106321409481325,90.70196570446429
z105_i85,2012,2,2012-07-13,-23.615002611620397,90.70196570446429
z105_i85,2012,2,2012-07-14,4.849991233632037,90.70196570446429
z105_i85,2012,2,2012-07-15,13.455922659881631,90.70196570446429
z105_i85,2012,2,2012-07-16,14.185421345170964,90.70196570446429
z105_i85,2012,2,2012-07-17,20.37473194745361,90.70196570446429
z105_i85,2012,2,2012-07-18,-6.370134062117272,90.70196570446429
z105_i85,2012,2,2012-07-19,4.966698837446316,90.70196570446429
z105_i85,2012,2,2012-07-20,12.67434674492231,90.70196570446429
z105_i85,2012,2,2012-07-21,19.506593300536867,90.70196570446429
z105_i85,2012,2,2012-07-22,26.421014650230028,90.70196570446429
z105_i85,2012,2,2012-07-23,-9.097854587335764,90.70196570446429
z105_i85,2012,2,2012-07-24,4.860077688948426,90.70196570446429
z105_i85,2012,2,2012-07-25,10.517455247718901,90.70196570446429
z105_i85,2012,2,2012-07-26,16.44083123340138,90.70196570446429
z105_i85,2012,2,2012-07-27,-7.5199587889396176,90.70196570446429
z105_i85,2012,2,2012-07-28,4.190270133945045,90.70196570446429
z105_i85,2012,2,2012-07-29,10.03314413157136,90.70196570446429
z105_i85,2012,2,2012-07-30,14.834185969051523,90.70196570446429
z105_i85,2012,2,2012-07-31,20.558386907683165,90.70196570446429
z105_i85,2012,2,2012-08-01,-10.700976062405545,90.70196570446429
z105_i85,2012,2,2012-08-02,2.7457525981154607,90.70196570446429
z105_i85,2012,2,2012-08-03,10.010455598067379,90.70196570446429
z105_i85,2012,2,2012-08-04,15.101027761748671,90.70196570446429
z105_i85,2012,2,2012-08-05,20.126811182856216,90.70196570446429
z105_i85,2012,2,2012-08-06,-4.614953787910159,90.70196570446429
z105_i85,2012,2,2012-08-07,0.42164425705055725,90.70196570446429
z105_i85,2012,2,2012-08-08,6.6764591610733355,90.70196570446429
z105_i85,2012,2,2012-08-09,12.740432884272018,90.70196570446429
z105_i85,2012,2,2012-08-10,5.291348832600279,90.70196570446429
z105_i85,2012,2,2012-08-11,9.857774927854752,90.70196570446429
z105_i85,2012,2,2012-08-12,14.859603923669615,90.70196570446429
z105_i85,2012,2,2012-08-13,17.814411076415027,90.70196570446429
z105_i85,2012,2,2012-08-14,22.355122009448696,90.70196570446429
z105_i85,2012,2,2012-08-15,28.04036577234351,90.12483995920776
z105_i85,2012,2,2012-08-16,30.93274760369713,89.47427057394829
z105_i85,2012,2,2012-08-17,34.127633991293834,88.74091128697218
z105_i85,2012,2,2012-08-18,38.176557725177105,87.91422645368631
z105_i85,2012,2,2012-08-19,42.11835492975202,86.98233968860177
z105_i85,2012,2,2012-08-20,43.76175947666334,85.93186324585875
z105_i85,2012,2,2012-08-21,32.69750410323679,84.74770568712584
z105_i85,2012,2,2012-08-22,36.5420134812209,83.41285507377675
z105_i85,2012,2,2012-08-23,40.18337281609519,81.90813456862281
z105_i85,2012,2,2012-08-24,42.90084156694187,80.21192693610732
z105_i85,2012,2,2012-08-25,46.710115344997675,78.29986398305445
z105_i85,2012,2,2012-08-26,49.943589962337306,76.14447647839184
z105_i85,2012,2,2012-08-27,52.74528499103625,73.7147995224955
z105_i85,2012,2,2012-08-28,39.871974796057124,70.97592769678272
z105_i85,2012,2,2012-08-29,43.271133032570646,67.88851360270786
z105_i85,2012,2,2012-08-30,47.419226197556306,64.40820258603178
z105_i85,2012,2,2012-08-31,51.286652123762316,60.484995525455545
z105_i85,2012,2,2012-09-01,54.07721304354726,56.06253053126227
z105_i85,2012,2,2012-09-02,57.21816378183866,51.077273234648345
z105_i85,2012,2,2012-09-03,59.1291609430282,45.45760403521448
z105_i85,2012,2,2012-09-04,60.227978984084295,39.12278919375875
z105_i85,2012,2,2012-09-05,61.01706986832209,31.98182098880269
z105_i85,2012,2,2012-09-06,61.48458782444367,23.93211027421526
z105_i85,2012,2,2012-09-07,61.65303740494365,14.858012654851649
z105_i85,2012,2,2012-09-08,61.72649517592593,4.629167106833684
z105_i85,2012,3,2012-04-30,5.165139429896866,0.0
z105_i85,2012,3,2012-05-01,6.662037354503614,0.0
z105_i85,2012,3,2012-05-02,8.011901314416566,0.0
z105_i85,2012,3,2012-05-03,9.722906380740195,0.0
z105_i85,2012,3,2012-05-04,12.90011283689596,0.0
z105_i85,2012,3,2012-05-05,13.97556765884318,0.4875
z105_i85,2012,3,2012-05-06,14.706651593332987,0.5738742470010385
z105_i85,2012,3,2012-05-07,12.605472043241456,0.6755521053764285
z105_i85,2012,3,2012-05-08,15.60434353636543,0.6748890291739561
z105_i85,2012,3,2012-05-09,16.651671909092673,0.6700068128743807
z105_i85,2012,3,2012-05-10,17.63388079854854,0.6654181536732429
z105_i85,2012,3,2012-05-11,18.033972477928565,0.664848953836679
z105_i85,2012,3,2012-05-12,18.314574995603913,0.6648425042316971
z105_i85,2012,3,2012-05-13,18.917242880909075,0.6639781048256803
z105_i85,2012,3,2012-05-14,19.655541768819756,0.6630122544890452
z105_i85,2012,3,2012-05-15,20.473640449679678,0.6612824149595397
z105_i85,2012,3,2012-05-16,21.203506033034458,0.6603850706306951
z105_i85,2012,3,2012-05-17,21.869622918695182,0.6602078290604388
z105_i85,2012,3,2012-05-18,22.43824575605432,0.6602007065032947
z105_i85,2012,3,2012-05-19,22.81526933530622,0.6601935829133965
z105_i85,2012,3,2012-05-20,23.430812683892697,0.6601864582905946
z105_i85,2012,3,2012-05-21,24.093692995958527,0.6601793326347393
z105_i85,2012,3,2012-05-22,24.678438440347758,0.6601722059456805
z105_i85,2012,3,2012-05-23,15.055846798533238,0.7759280070281537
z105_i85,2012,3,2012-05-24,18.524565341207953,0.891432455795655
z105_i85,2012,3,2012-05-25,19.492124396707062,1.0253415388655283
z105_i85,2012,3,2012-05-26,21.194735475709578,1.143829060922632
z105_i85,2012,3,2012-05-27,22.423888750090175,1.2718914336542204
z105_i85,2012,3,2012-05-28,23.42925295038334,1.4090403636964892
z105_i85,2012,3,2012-05-29,24.346941512188565,1.5572377529988068
z105_i85,2012,3,2012-05-30,5.420688334267469,1.8331459341615983
z105_i85,2012,3,2012-05-31,9.072553083751487,2.157938959200005
z105_i85,2012,3,2012-06-01,13.89005691901908,2.5248272399513856
z105_i85,2012,3,2012-06-02,16.272574142251237,2.94023425240366
z105_i85,2012,3,2012-06-03,18.266747032017587,3.3999059036853025
z105_i85,2012,3,2012-06-04,20.86304334362895,3.87549127057523
z105_i85,2012,3,2012-06-05,22.93585643960879,4.380622896329445
z105_i85,2012,3,2012-06-06,1.2552214216902444,5.156772648259627
z105_i85,2012,3,2012-06-07,-5.0066388777972115,6.07043901636009
z105_i85,2012,3,2012-06-08,4.798357036191747,7.145986911752557
z105_i85,2012,3,2012-06-09,8.78449260056129,8.407181598943056
z105_i85,2012,3,2012-06-10,11.73261570187048,9.830307873926083
z105_i85,2012,3,2012-06-11,13.927982315955614,11.475546434143089
z105_i85,2012,3,2012-06-12,15.950866742520658,13.385777121188672
z105_i85,2012,3,2012-06-13,18.477012251845608,15.492898847229297
z105_i85,2012,3,2012-06-14,2.4784721137986145,18.23789878936815
z105_i85,2012,3,2012-06-15,7.994240145350652,21.46925217359959
z105_i85,2012,3,2012-06-16,11.863918965286977,25.247217044571297
z105_i85,2012,3,2012-06-17,15.81914371765829,29.52972028074449
z105_i85,2012,3,2012-06-18,20.66102948088732,34.24124861833675
z105_i85,2012,3,2012-06-19,-2.4750141947164765,40.30804259943253
z105_i85,2012,3,2012-06-20,5.127919126791516,47.44670327302878
z105_i85,2012,3,2012-06-21,14.111193636339635,54.29660608602356
z105_i85,2012,3,2012-06-22,19.398002074257686,60.05792485104071
z105_i85,2012,3,2012-06-23,26.394128805636324,64.49108952013576
z105_i85,2012,3,2012-06-24,33.49083995190087,67.8644540577128
z105_i85,2012,3,2012-06-25,10.49694783502465,71.7877345450437
z105_i85,2012,3,2012-06-26,18.35211572640898,75.11646137287003
z105_i85,2012,3,2012-06-27,23.686714976661147,77.8053406268327
z105_i85,2012,3,2012-06-28,29.693034281300562,79.92201604264177
z105_i85,2012,3,2012-06-29,4.235908070384111,82.00018720352361
z105_i85,2012,3,2012-06-30,10.853683119243307,83.75702062323276
z105_i85,2012,3,2012-07-01,18.850777363225976,85.17738537546923
z105_i85,2012,3,2012-07-02,26.439070406998518,86.29064278101545
z105_i85,2012,3,2012-07-03,32.13067301966296,87.2033082575398
z105_i85,2012,3,2012-07-04,12.354983462314882,88.10464405917722
z105_i85,2012,3,2012-07-05,19.06728234694791,88.846413125961
z105_i85,2012,3,2012-07-06,20.335827323258385,89.44680464183374
z105_i85,2012,3,2012-07-07,-0.4268886238083535,89.91949889408477
z105_i85,2012,3,2012-07-08,0.20732134582859205,90.2736568488541
z105_i85,2012,3,2012-07-09,6.01462343791884,90.51357563536368
z105_i85,2012,3,2012-07-10,12.547081017730928,90.51357563536368
z105_i85,2012,3,2012-07-11,18.733020083223806,90.51357563536368
z105_i85,2012,3,2012-07-12,25.111391945955774,90.51357563536368
z105_i85,2012,3,2012-07-13,-6.608674151690235,90.51357563536368
z105_i85,2012,3,2012-07-14,5.991699532118486,90.51357563536368
z105_i85,2012,3,2012-07-15,13.480162452758588,90.51357563536368
z105_i85,2012,3,2012-07-16,14.117072922010832,90.51357563536368
z105_i85,2012,3,2012-07-17,20.299257526189276,90.51357563536368
z105_i85,2012,3,2012-07-18,1.1553074881552163,90.51357563536368
z105_i85,2012,3,2012-07-19,7.6542878397825715,90.51357563536368
z105_i85,2012,3,2012-07-20,14.656900698324426,90.51357563536368
z105_i85,2012,3,2012-07-21,21.419426483287733,90.51357563536368
z105_i85,2012,3,2012-07-22,28.329151879477077,90.51357563536368
z105_i85,2012,3,2012-07-23,-15.288066013179462,90.51357563536368
z105_i85,2012,3,2012-07-24,4.358635407601919,90.51357563536368
z105_i85,2012,3,2012-07-25,10.550921357548306,90.51357563536368
z105_i85,2012,3,2012-07-26,16.522142412077443,90.51357563536368
z105_i85,2012,3,2012-07-27,-7.432289990759627,90.51357563536368
z105_i85,2012,3,2012-07-28,4.205185982020675,90.51357563536368
z105_i85,2012,3,2012-07-29,10.040276159667371,90.51357563536368
z105_i85,2012,3,2012-07-30,14.842103140961889,90.51357563536368
z105_i85,2012,3,2012-07-31,20.568394016464254,90.51357563536368
z105_i85,2012,3,2012-08-01,-10.589255426683195,90.51357563536368
z105_i85,2012,3,2012-08-02,2.757597310299254,90.51357563536368
z105_i85,2012,3,2012-08-03,10.014091520829423,90.51357563536368
z105_i85,2012,3,2012-08-04,15.105963208103184,90.51357563536368
z105_i85,2012,3,2012-08-05,20.12177336101357,90.51357563536368
z105_i85,2012,3,2012-08-06,-4.617491614886713,90.51357563536368
z105_i85,2012,3,2012-08-07,0.4235147276340594,90.51357563536368
z105_i85,2012,3,2012-08-08,6.685281396254284,90.51357563536368
z105_i85,2012,3,2012-08-09,12.752525340521533,90.51357563536368
z105_i85,2012,3,2012-08-10,-3.39378147698634,90.51357563536368
z105_i85,2012,3,2012-08-11,3.5248485704592416,90.51357563536368
z105_i85,2012,3,2012-08-12,9.134201802717525,90.51357563536368
z105_i85,2012,3,2012-08-13,12.1758697058521,90.51357563536368
z105_i85,2012,3,2012-08-14,16.728065376020737,90.51357563536368
z105_i85,2012,3,2012-08-15,0.017079807708045618,89.93764859355514
z105_i85,2012,3,2012-08-16,3.014009824588534,89.2884304558733
z105_i85,2012,3,2012-08-17,6.21162870046362,88.55659437300501
z105_i85,2012,3,2012-08-18,10.263292958515525,87.73162658313335
z105_i85,2012,3,2012-08-19,14.272767989801268,86.8016753682952
z105_i85,2012,3,2012-08-20,15.942679436605458,85.75338078928688
z105_i85,2012,3,2012-08-21,-4.2190289193415005,84.57168275304153
z105_i85,2012,3,2012-08-22,2.586195270205985,83.23960465512069
z105_i85,2012,3,2012-08-23,6.981107843906019,81.73800948906764
z105_i85,2012,3,2012-08-24,9.805392821636618,80.04532491882114
z105_i85,2012,3,2012-08-25,13.773100002316557,78.13723336450316
z105_i85,2012,3,2012-08-26,17.12101072798592,75.9863226492661
z105_i85,2012,3,2012-08-27,19.98664261743782,73.56169218829474
z105_i85,2012,3,2012-08-28,-4.883800538454156,70.82850906236366
z105_i85,2012,3,2012-08-29,1.9677455487730897,67.74750759837912
z105_i85,2012,3,2012-08-30,6.977468356130317,64.27442526773899
z105_i85,2012,3,2012-08-31,10.966606601831081,60.35936679846942
z105_i85,2012,3,2012-09-01,13.772469873824654,55.94608736579492
z105_i85,2012,3,2012-09-02,16.917999555283547,50.97118456325727
z105_i85,2012,3,2012-09-03,18.858260417391705,45.36318754601465
z105_i85,2012,3,2012-09-04,20.08589979104234,39.041530260698416
z105_i85,2012,3,2012-09-05,-13.73327772550333,31.915394010961023
z105_i85,2012,3,2012-09-06,0.1014246374011302,23.88240273068781
z105_i85,2012,3,2012-09-07,4.222742357377275,14.827152220802564
z105_i85,2012,3,2012-09-08,6.76157640340127,4.619552220272392
z105_i85,2012,4,2012-04-30,5.165139429896866,0.0
z105_i85,2012,4,2012-05-01,6.662037354503614,0.0
z105_i85,2012,4,2012-05-02,8.011901314416566,0.0
z105_i85,2012,4,2012-05-03,9.722906380740195,0.0
z105_i85,2012,4,2012-05-04,12.90011283689596,0.0
z105_i85,2012,4,2012-05-05,13.97556765884318,0.4875
z105_i85,2012,4,2012-05-06,14.706651593332987,0.5738742470010385
z105_i85,2012,4,2012-05-07,12.605472043241456,0.6755521053764285
z105_i85,2012,4,2012-05-08,15.60434353636543,0.6748890291739561
z105_i85,2012,4,2012-05-09,16.651671909092673,0.6700068128743807
z105_i85,2012,4,2012-05-10,17.63388079854854,0.6654181536732429
z105_i85,2012,4,2012-05-11,18.033972477928565,0.664848953836679
z105_i85,2012,4,2012-05-12,18.314574995603913,0.6648425042316971
z105_i85,2012,4,2012-05-13,18.917242880909075,0.6639781048256803
z105_i85,2012,4,2012-05-14,19.655541768819756,0.6630122544890452
z105_i85,2012,4,2012-05-15,20.473640449679678,0.6612824149595397
z105_i85,2012,4,2012-05-16,21.203506033034458,0.6603850706306951
z105_i85,2012,4,2012-05-17,21.869622918695182,0.6602078290604388
z105_i85,2012,4,2012-05-18,22.43824575605432,0.6602007065032947
z105_i85,2012,4,2012-05-19,22.81526933530622,0.6601935829133965
z105_i85,2012,4,2012-05-20,23.430812683892697,0.6601864582905946
z105_i85,2012,4,2012-05-21,24.093692995958527,0.6601793326347393
z105_i85,2012,4,2012-05-22,24.678438440347758,0.6601722059456805
z105_i85,2012,4,2012-05-23,15.055846798533238,0.7759280070281537
z105_i85,2012,4,2012-05-24,18.524565341207953,0.891432455795655
z105_i85,2012,4,2012-05-25,19.492124396707062,1.0253415388655283
z105_i85,2012,4,2012-05-26,21.194735475709578,1.143829060922632
z105_i85,2012,4,2012-05-27,22.423888750090175,1.2718914336542204
z105_i85,2012,4,2012-05-28,23.42925295038334,1.4090403636964892
z105_i85,2012,4,2012-05-29,24.346941512188565,1.5572377529988068
z105_i85,2012,4,2012-05-30,4.9290765264599,1.8331459341615983
z105_i85,2012,4,2012-05-31,8.56511037205864,2.157938959200005
z105_i85,2012,4,2012-06-01,13.359979237184202,2.5266862442480753
z105_i85,2012,4,2012-06-02,15.754436826933379,2.94534781227061
z105_i85,2012,4,2012-06-03,17.764007608259625,3.4101577731751496
z105_i85,2012,4,2012-06-04,20.457843731266625,3.894126552981118
z105_i85,2012,4,2012-06-05,22.578585875920403,4.409059032931946
z105_i85,2012,4,2012-06-06,0.9099653074694116,5.190247041039891
z105_i85,2012,4,2012-06-07,-5.352101460318429,6.109844333181815
z105_i85,2012,4,2012-06-08,4.792173884480235,7.1923739815349235
z105_i85,2012,4,2012-06-09,8.789954194178616,8.461685791812029
z105_i85,2012,4,2012-06-10,11.742992802198168,9.893914030780838
z105_i85,2012,4,2012-06-11,13.943400456404023,11.54963873218608
z105_i85,2012,4,2012-06-12,15.972473098095865,13.471816133618681
z105_i85,2012,4,2012-06-13,18.507682604995292,15.591881152050096
z105_i85,2012,4,2012-06-14,2.6084450161408683,18.354418575307548
z105_i85,2012,4,2012-06-15,8.101700047226336,21.60641669547999
z105_i85,2012,4,2012-06-16,11.970440843244656,25.40638655040554
z105_i85,2012,4,2012-06-17,15.933064768719143,29.712264912906633
z105_i85,2012,4,2012-06-18,20.783833146928018,34.44605109770536
z105_i85,2012,4,2012-06-19,-2.3535055242466325,40.549131560728085
z105_i85,2012,4,2012-06-20,5.145723539240706,47.72447870157844
z105_i85,2012,4,2012-06-21,14.23811092456947,54.53560588403905
z105_i85,2012,4,2012-06-22,19.524430365232362,60.25909941044648
z105_i85,2012,4,2012-06-23,26.52387493603494,64.65979292469595
z105_i85,2012,4,2012-06-24,33.626039221171936,68.00404245886853
z105_i85,2012,4,2012-06-25,10.73170230374917,71.90785844205809
z105_i85,2012,4,2012-06-26,18.58654925173589,75.22007051460888
z105_i85,2012,4,2012-06-27,23.91310565369323,77.89077712765472
z105_i85,2012,4,2012-06-28,29.917706734254175,79.99121271054686
z105_i85,2012,4,2012-06-29,4.46039695179041,82.0604398072941
z105_i85,2012,4,2012-06-30,11.07799817358599,83.80971214104679
z105_i85,2012,4,2012-07-01,19.07490055714406,85.22178699603067
z105_i85,2012,4,2012-07-02,26.66442727523901,86.3276554600647
z105_i85,2012,4,2012-07-03,32.357085252739786,87.23365822137644
z105_i85,2012,4,2012-07-04,12.581261326064533,88.13188427337329
z105_i85,2012,4,2012-07-05,19.293440987482832,88.87109412073559
z105_i85,2012,4,2012-07-06,20.561871539307297,89.46941419187341
z105_i85,2012,4,2012-07-07,-0.20092236620576334,89.94047757494299
z105_i85,2012,4,2012-07-08,0.4332168351830682,90.29341362931676
z105_i85,2012,4,2012-07-09,6.114682421039419,90.53250465844806
z105_i85,2012,4,2012-07-10,12.622265025003584,90.53250465844806
z105_i85,2012,4,2012-07-11,18.80525275189269,90.53250465844806
z105_i85,2012,4,2012-07-12,25.18322326493379,90.53250465844806
z105_i85,2012,4,2012-07-13,-6.536991668966709,90.53250465844806
z105_i85,2012,4,2012-07-14,5.997928572201823,90.53250465844806
z105_i85,2012,4,2012-07-15,13.480367352907123,90.53250465844806
z105_i85,2012,4,2012-07-16,14.116657848041703,90.53250465844806
z105_i85,2012,4,2012-07-17,20.298649499973717,90.53250465844806
z105_i85,2012,4,2012-07-18,0.954523103373838,90.53250465844806
z105_i85,2012,4,2012-07-19,7.453330924742417,90.53250465844806
z105_i85,2012,4,2012-07-20,14.455751546895778,90.53250465844806
z105_i85,2012,4,2012-07-21,21.218085228098417,90.53250465844806
z105_i85,2012,4,2012-07-22,28.12760767889533,90.53250465844806
z105_i85,2012,4,2012-07-23,-15.489822073677837,90.53250465844806
z105_i85,2012,4,2012-07-24,4.343082405606384,90.53250465844806
z105_i85,2012,4,2012-07-25,10.549351083653105,90.53250465844806
z105_i85,2012,4,2012-07-26,16.52153703194327,90.53250465844806
z105_i85,2012,4,2012-07-27,-7.3330108270202965,90.53250465844806
z105_i85,2012,4,2012-07-28,4.218865948582829,90.53250465844806
z105_i85,2012,4,2012-07-29,10.042494150773177,90.53250465844806
z105_i85,2012,4,2012-07-30,14.843044227758332,90.53250465844806
z105_i85,2012,4,2012-07-31,20.56901396746802,90.53250465844806
z105_i85,2012,4,2012-08-01,-10.688815589129236,90.53250465844806
z105_i85,2012,4,2012-08-02,2.748827058514689,90.53250465844806
z105_i85,2012,4,2012-08-03,10.014528312388034,90.53250465844806
z105_i85,2012,4,2012-08-04,15.106976580849295,90.53250465844806
z105_i85,2012,4,2012-08-05,20.12384591874958,90.53250465844806
z105_i85,2012,4,2012-08-06,-4.515665439739707,90.53250465844806
z105_i85,2012,4,2012-08-07,0.44026339238150236,90.53250465844806
z105_i85,2012,4,2012-08-08,6.68601280266844,90.53250465844806
z105_i85,2012,4,2012-08-09,12.751853666622223,90.53250465844806
z105_i85,2012,4,2012-08-10,2.005177681660551,90.53250465844806
z105_i85,2012,4,2012-08-11,6.573635536250704,90.53250465844806
z105_i85,2012,4,2012-08-12,11.577894326174148,90.53250465844806
z105_i85,2012,4,2012-08-13,14.534530554792642,90.53250465844806
z105_i85,2012,4,2012-08-14,19.077399882694777,90.53250465844806
z105_i85,2012,4,2012-08-15,9.465397919023241,89.95645717353258
z105_i85,2012,4,2012-08-16,12.462029541883018,89.3071032654425
z105_i85,2012,4,2012-08-17,15.659368435770784,88.57511413434904
z105_i85,2012,4,2012-08-18,19.710756881231156,87.74997381970162
z105_i85,2012,4,2012-08-19,23.65611732205152,86.81982812499798
z105_i85,2012,4,2012-08-20,25.303378904546765,85.77131431708234
z105_i85,2012,4,2012-08-21,10.241414644498171,84.58936915338401
z105_i85,2012,4,2012-08-22,14.088044095756315,83.25701247916246
z105_i85,2012,4,2012-08-23,17.7314530485983,81.7551032858559
z105_i85,2012,4,2012-08-24,20.450924428313716,80.06206472599978
z105_i85,2012,4,2012-08-25,24.287267097960836,78.15357413420233
z105_i85,2012,4,2012-08-26,27.529443593438355,76.00221360093195
z105_i85,2012,4,2012-08-27,30.324461026218945,73.57707607916176
z105_i85,2012,4,2012-08-28,12.553722982052697,70.84332136508911
z105_i85,2012,4,2012-08-29,15.955226384831779,67.76167557402518
z105_i85,2012,4,2012-08-30,20.106376353288777,64.28786692078482
z105_i85,2012,4,2012-08-31,23.9769042571008,60.371989698840636
z105_i85,2012,4,2012-09-01,26.76996296263622,55.95778732098721
z105_i85,2012,4,2012-09-02,29.914155135076655,50.981844121477806
z105_i85,2012,4,2012-09-03,31.799616644634167,45.37267430883682
z105_i85,2012,4,2012-09-04,32.91066532713313,39.049694980988896
z105_i85,2012,4,2012-09-05,33.71488309458701,31.922068448753805
z105_i85,2012,4,2012-09-06,34.200227636934926,23.887397236201778
z105_i85,2012,4,2012-09-07,34.38594661071233,14.830253009879756
z105_i85,2012,4,2012-09-08,34.48059847311132,4.6205183030947605
z105_i85,2012,5,2012-04-30,5.165139429896866,0.0
z105_i85,2012,5,2012-05-01,6.662037354503614,0.0
z105_i85,2012,5,2012-05-02,8.011901314416566,0.0
z105_i85,2012,5,2012-05-03,9.722906380740195,0.0
z105_i85,2012,5,2012-05-04,12.90011283689596,0.0
z105_i85,2012,5,2012-05-05,13.97556765884318,0.4875
z105_i85,2012,5,2012-05-06,14.706651593332987,0.5738742470010385
z105_i85,2012,5,2012-05-07,12.605472043241456,0.6755521053764285
z105_i85,2012,5,2012-05-08,15.60434353636543,0.6748890291739561
z105_i85,2012,5,2012-05-09,16.651671909092673,0.6700068128743807
z105_i85,2012,5,2012-05-10,17.63388079854854,0.6654181536732429
z105_i85,2012,5,2012-05-11,18.033972477928565,0.664848953836679
z105_i85,2012,5,2012-05-12,18.314574995603913,0.6648425042316971
z105_i85,2012,5,2012-05-13,18.917242880909075,0.6639781048256803
z105_i85,2012,5,2012-05-14,19.655541768819756,0.6630122544890452
z105_i85,2012,5,2012-05-15,20.473640449679678,0.6612824149595397
z105_i85,2012,5,2012-05-16,21.203506033034458,0.6603850706306951
z105_i85,2012,5,2012-05-17,21.869622918695182,0.6602078290604388
z105_i85,2012,5,2012-05-18,22.43824575605432,0.6602007065032947
z105_i85,2012,5,2012-05-19,22.81526933530622,0.6601935829133965
z105_i85,2012,5,2012-05-20,23.430812683892697,0.6601864582905946
z105_i85,2012,5,2012-05-21,24.093692995958527,0.6601793326347393
z105_i85,2012,5,2012-05-22,24.678438440347758,0.6601722059456805
z105_i85,2012,5,2012-05-23,15.055846798533238,0.7759280070281537
z105_i85,2012,5,2012-05-24,18.524565341207953,0.891432455795655
z105_i85,2012,5,2012-05-25,19.492124396707062,1.0253415388655283
z105_i85,2012,5,2012-05-26,21.194735475709578,1.143829060922632
z105_i85,2012,5,2012-05-27,22.423888750090175,1.2718914336542204
z105_i85,2012,5,2012-05-28,23.42925295038334,1.4090403636964892
z105_i85,2012,5,2012-05-29,24.346941512188565,1.5572377529988068
z105_i85,2012,5,2012-05-30,5.3267087656392516,1.8331459341615983
z105_i85,2012,5,2012-05-31,8.998366515086218,2.157938959200005
z105_i85,2012,5,2012-06-01,13.83304530203878,2.525087665895985
z105_i85,2012,5,2012-06-02,16.21960503220292,2.9408785112077083
z105_i85,2012,5,2012-06-03,18.216051496683644,3.401161076623406
z105_i85,2012,5,2012-06-04,20.814761892875655,3.8776144715761447
z105_i85,2012,5,2012-06-05,22.88903130461472,4.383953434814491
z105_i85,2012,5,2012-06-06,1.2990876130463367,5.1606932847010905
z105_i85,2012,5,2012-06-07,-4.962796873686623,6.075054303099802
z105_i85,2012,5,2012-06-08,4.799704238922754,7.151419925501163
z105_i85,2012,5,2012-06-09,8.785150722035612,8.413504154574083
z105_i85,2012,5,2012-06-10,11.733806206571025,9.837700680620165
z105_i85,2012,5,2012-06-11,13.929759555348443,11.484176529719411
z105_i85,2012,5,2012-06-12,15.953353969733811,13.395651578550158
z105_i85,2012,5,2012-06-13,18.48054720980883,15.504327692016393
z105_i85,2012,5,2012-06-14,2.5819264892593297,18.251352573360517
z105_i85,2012,5,2012-06-15,8.076630734140574,21.485089671359457
z105_i85,2012,5,2012-06-16,11.940264817882534,25.264108163109572
z105_i85,2012,5,2012-06-17,15.89330031133503,29.546858577696433
z105_i85,2012,5,2012-06-18,20.732842915037065,34.25657448066953
z105_i85,2012,5,2012-06-19,-1.9032977981634143,40.32608386652148
z105_i85,2012,5,2012-06-20,5.23198947553641,47.46760035654551
z105_i85,2012,5,2012-06-21,14.123607116029717,54.31417208918805
z105_i85,2012,5,2012-06-22,19.40390955184757,60.07306411301797
z105_i85,2012,5,2012-06-23,26.400251426027015,64.50436147642641
z105_i85,2012,5,2012-06-24,33.49760293529226,67.87630510969373
z105_i85,2012,5,2012-06-25,10.603668897096487,71.79793306108002
z105_i85,2012,5,2012-06-26,18.45880913981519,75.12525778657118
z105_i85,2012,5,2012-06-27,23.788795307233652,77.81090272609208
z105_i85,2012,5,2012-06-28,29.792984702415833,79.92435268471458
z105_i85,2012,5,2012-06-29,4.335852291389715,82.00222182127658
z105_i85,2012,5,2012-06-30,10.953621469835696,83.7587999172527
z105_i85,2012,5,2012-07-01,18.950712767251286,85.17806724797701
z105_i85,2012,5,2012-07-02,26.53893427743526,86.29004438630461
z105_i85,2012,5,2012-07-03,32.23045056090553,87.20138166754715
z105_i85,2012,5,2012-07-04,12.454769533277732,88.10291487345725
z105_i85,2012,5,2012-07-05,19.167075986102482,88.8448463973218
z105_i85,2012,5,2012-07-06,20.435628225945734,89.44536940675142
z105_i85,2012,5,2012-07-07,-0.32708277242930706,89.91816718519648
z105_i85,2012,5,2012-07-08,0.30713168952009323,90.27240270516776
z105_i85,2012,5,2012-07-09,6.032736222090367,90.51237403701447
z105_i85,2012,5,2012-07-10,12.549143554145324,90.51237403701447
z105_i85,2012,5,2012-07-11,18.733253439696025,90.51237403701447
z105_i85,2012,5,2012-07-12,25.111455753447785,90.51237403701447
z105_i85,2012,5,2012-07-13,-6.608612054935884,90.51237403701447
z105_i85,2012,5,2012-07-14,5.99171740057452,90.51237403701447
z105_i85,2012,5,2012-07-15,13.480182682649533,90.51237403701447
z105_i85,2012,5,2012-07-16,14.117102416565052,90.51237403701447
z105_i85,2012,5,2012-07-17,20.299296594739488,90.51237403701447
z105_i85,2012,5,2012-07-18,1.6553575039755655,90.51237403701447
z105_i85,2012,5,2012-07-19,8.154348784359927,90.51237403701447
z105_i85,2012,5,2012-07-20,15.156973843387618,90.51237403701447
z105_i85,2012,5,2012-07-21,21.919511822342596,90.51237403701447
z105_i85,2012,5,2012-07-22,28.829250100887016,90.51237403701447
z105_i85,2012,5,2012-07-23,-14.787954343541646,90.51237403701447
z105_i85,2012,5,2012-07-24,4.397754657529534,90.51237403701447
z105_i85,2012,5,2012-07-25,10.554201619850417,90.51237403701447
z105_i85,2012,5,2012-07-26,16.52247000722439,90.51237403701447
z105_i85,2012,5,2012-07-27,-7.332217438967829,90.51237403701447
z105_i85,2012,5,2012-07-28,4.21917422024212,90.51237403701447
z105_i85,2012,5,2012-07-29,10.042933267251463,90.51237403701447
z105_i85,2012,5,2012-07-30,14.843661408483454,90.51237403701447
z105_i85,2012,5,2012-07-31,20.569863140036748,90.51237403701447
z105_i85,2012,5,2012-08-01,-10.087782748632153,90.51237403701447
z105_i85,2012,5,2012-08-02,2.802818409772672,90.51237403701447
z105_i85,2012,5,2012-08-03,10.0111760351019,90.51237403701447
z105_i85,2012,5,2012-08-04,15.09897522017622,90.51237403701447
z105_i85,2012,5,2012-08-05,20.114389915911524,90.51237403701447
z105_i85,2012,5,2012-08-06,-4.6248862670840145,90.51237403701447
z105_i85,2012,5,2012-08-07,0.4222001471091012,90.51237403701447
z105_i85,2012,5,2012-08-08,6.68520041522869,90.51237403701447
z105_i85,2012,5,2012-08-09,12.752561709367965,90.51237403701447
z105_i85,2012,5,2012-08-10,4.906281081010912,90.51237403701447
z105_i85,2012,5,2012-08-11,9.474990263021486,90.51237403701447
z105_i85,2012,5,2012-08-12,14.479538522667147,90.51237403701447
z105_i85,2012,5,2012-08-13,17.436392036987634,90.51237403701447
z105_i85,2012,5,2012-08-14,21.979517663773446,90.51237403701447
z105_i85,2012,5,2012-08-15,27.667842759098015,89.93645464083232
z105_i85,2012,5,2012-08-16,30.538066418033623,89.28724512174095
z105_i85,2012,5,2012-08-17,33.7356966275,88.55541875424436
z105_i85,2012,5,2012-08-18,37.78737780115054,87.73046191609929
z105_i85,2012,5,2012-08-19,41.71992280811521,86.80052304667824
z105_i85,2012,5,2012-08-20,43.36253285607387,85.75224238413524
z105_i85,2012,5,2012-08-21,32.40084074412857,84.57056003533123
z105_i85,2012,5,2012-08-22,36.247722046206135,83.23849962119797
z105_i85,2012,5,2012-08-23,39.8913745013238,81.73692438932892
z105_i85,2012,5,2012-08-24,42.61108382372054,80.04426229004297
z105_i85,2012,5,2012-08-25,46.41370351086795,78.13619606628613
z105_i85,2012,5,2012-08-26,49.646839643549676,75.98531390511675
z105_i85,2012,5,2012-08-27,52.44838579410764,73.56071563193532
z105_i85,2012,5,2012-08-28,39.577953508841205,70.82756878993524
z105_i85,2012,5,2012-08-29,42.97973572751214,67.74660822728784
z105_i85,2012,5,2012-08-30,47.13124916935155,64.27357200299106
z105_i85,2012,5,2012-08-31,51.00214596678209,60.35856550744767
z105_i85,2012,5,2012-09-01,53.79550174704677,55.94534466255121
z105_i85,2012,5,2012-09-02,56.94007946817686,50.970507903531924
z105_i85,2012,5,2012-09-03,58.818099215356455,45.362585334347635
z105_i85,2012,5,2012-09-04,59.91871443475203,39.041011971171315
z105_i85,2012,5,2012-09-05,60.710458280274494,31.91497032330435
z105_i85,2012,5,2012-09-06,61.18134906095842,23.882085683708997
z105_i85,2012,5,2012-09-07,61.35328548259993,14.826955385338906
z105_i85,2012,5,2012-09-08,61.43094006938512,4.619490894153265
z105_i85,2012,6,2012-04-30,5.165139429896866,0.0
z105_i85,2012,6,2012-05-01,6.662037354503614,0.0
z105_i85,2012,6,2012-05-02,8.011901314416566,0.0
z105_i85,2012,6,2012-05-03,9.722906380740195,0.0
z105_i85,2012,6,2012-05-04,12.90011283689596,0.0
z105_i85,2012,6,2012-05-05,13.97556765884318,0.4875
z105_i85,2012,6,2012-05-06,14.706651593332987,0.5738742470010385
z105_i85,2012,6,2012-05-07,12.605472043241456,0.6755521053764285
z105_i85,2012,6,2012-05-08,15.60434353636543,0.6748890291739561
z105_i85,2012,6,2012-05-09,16.651671909092673,0.6700068128743807
z105_i85,2012,6,2012-05-10,17.63388079854854,0.6654181536732429
z105_i85,2012,6,2012-05-11,18.033972477928565,0.664848953836679
z105_i85,2012,6,2012-05-12,18.314574995603913,0.6648425042316971
z105_i85,2012,6,2012-05-13,18.917242880909075,0.6639781048256803
z105_i85,2012,6,2012-05-14,19.655541768819756,0.6630122544890452
z105_i85,2012,6,2012-05-15,20.473640449679678,0.6612824149595397
z105_i85,2012,6,2012-05-16,21.203506033034458,0.6603850706306951
z105_i85,2012,6,2012-05-17,21.869622918695182,0.6602078290604388
z105_i85,2012,6,2012-05-18,22.43824575605432,0.6602007065032947
z105_i85,2012,6,2012-05-19,22.81526933530622,0.6601935829133965
z105_i85,2012,6,2012-05-20,23.430812683892697,0.6601864582905946
z105_i85,2012,6,2012-05-21,24.093692995958527,0.6601793326347393
z105_i85,2012,6,2012-05-22,24.678438440347758,0.6601722059456805
z105_i85,2012,6,2012-05-23,15.055846798533238,0.7759280070281537
z105_i85,2012,6,2012-05-24,18.524565341207953,0.891432455795655
z105_i85,2012,6,2012-05-25,19.492124396707062,1.0253415388655283
z105_i85,2012,6,2012-05-26,21.194735475709578,1.143829060922632
z105_i85,2012,6,2012-05-27,22.423888750090175,1.2718914336542204
z105_i85,2012,6,2012-05-28,23.42925295038334,1.4090403636964892
z105_i85,2012,6,2012-05-29,24.346941512188565,1.5572377529988068
z105_i85,2012,6,2012-05-30,6.517542766601579,1.8331459341615983
z105_i85,2012,6,2012-05-31,10.30084282029949,2.157938959200005
z105_i85,2012,6,2012-06-01,15.068546691405272,2.5199626258358143
z105_i85,2012,6,2012-06-02,17.403943094151895,2.927474017166894
z105_i85,2012,6,2012-06-03,19.35428067740796,3.3750612676204925
z105_i85,2012,6,2012-06-04,21.75500065476456,3.831618771759551
z105_i85,2012,6,2012-06-05,23.726516648768836,4.3140285180036315
z105_i85,2012,6,2012-06-06,2.1421372333701854,5.07837921499557
z105_i85,2012,6,2012-06-07,-4.119239163601777,5.978155995879605
z105_i85,2012,6,2012-06-08,4.8153282667050465,7.037353375569539
z105_i85,2012,6,2012-06-09,8.77171481160902,8.279375338211747
z105_i85,2012,6,2012-06-10,11.708221097305616,9.68098866718495
z105_i85,2012,6,2012-06-11,13.891746429641898,11.301547841971459
z105_i85,2012,6,2012-06-12,15.900045391387373,13.183192436327321
z105_i85,2012,6,2012-06-13,18.404828259144985,15.25988983554631
z105_i85,2012,6,2012-06-14,2.5079338255930956,17.96360572039578
z105_i85,2012,6,2012-06-15,8.006730924435692,21.14636042300651
z105_i85,2012,6,2012-06-16,11.856118326752462,24.86731670988046
z105_i85,2012,6,2012-06-17,15.782391611964945,29.085701309352945
z105_i85,2012,6,2012-06-18,20.590699030852647,33.728057914759155
z105_i85,2012,6,2012-06-19,-2.0420831271169075,39.703925822850934
z105_i85,2012,6,2012-06-20,5.216676733767663,46.738585711945994
z105_i85,2012,6,2012-06-21,14.107504791935778,53.68677604209178
z105_i85,2012,6,2012-06-22,19.364695999535126,59.53274977905394
z105_i85,2012,6,2012-06-23,26.331432507734494,64.03328159159017
z105_i85,2012,6,2012-06-24,33.40212180655825,67.46083131300922
z105_i85,2012,6,2012-06-25,10.509513006796228,71.44039381604318
z105_i85,2012,6,2012-06-26,18.365610052839365,74.81687339980937
z105_i85,2012,6,2012-06-27,23.69247910538269,77.54411372305984
z105_i85,2012,6,2012-06-28,29.68800452038775,79.69117896666525
z105_i85,2012,6,2012-06-29,4.231491103160386,81.79918713667888
z105_i85,2012,6,2012-06-30,10.849846284005398,83.58124401043916
z105_i85,2012,6,2012-07-01,18.84761213100368,85.02200142179855
z105_i85,2012,6,2012-07-02,26.43083023766709,86.15124224199346
z105_i85,2012,6,2012-07-03,32.12672578448451,87.07701116671782
z105_i85,2012,6,2012-07-04,12.397738287905268,87.99128775256517
z105_i85,2012,6,2012-07-05,19.1565074635451,88.74370664975558
z105_i85,2012,6,2012-07-06,20.471337267760777,89.35271819052278
z105_i85,2012,6,2012-07-07,-0.24540795534232915,89.83219907468674
z105_i85,2012,6,2012-07-08,0.4345835020517995,90.19144179548954
z105_i85,2012,6,2012-07-09,6.229211240333638,90.4348051774967
z105_i85,2012,6,2012-07-10,12.782378210840678,90.4348051774967
z105_i85,2012,6,2012-07-11,18.99902388138517,90.4348051774967
z105_i85,2012,6,2012-07-12,25.409483074853608,90.4348051774967
z105_i85,2012,6,2012-07-13,-6.078403522890727,90.4348051774967
z105_i85,2012,6,2012-07-14,6.018693216133992,90.4348051774967
z105_i85,2012,6,2012-07-15,13.486795706644413,90.4348051774967
z105_i85,2012,6,2012-07-16,14.122392402125193,90.4348051774967
z105_i85,2012,6,2012-07-17,20.305027233125085,90.4348051774967
z105_i85,2012,6,2012-07-18,2.0617783018121387,90.4348051774967
z105_i85,2012,6,2012-07-19,8.561473473003835,90.4348051774967
z105_i85,2012,6,2012-07-20,15.564885892654958,90.4348051774967
z105_i85,2012,6,2012-07-21,22.328210938836,90.4348051774967
z105_i85,2012,6,2012-07-22,29.238780725099463,90.4348051774967
z105_i85,2012,6,2012-07-23,-14.277555688369327,90.4348051774967
z105_i85,2012,6,2012-07-24,4.439583625661497,90.4348051774967
z105_i85,2012,6,2012-07-25,10.558903323530746,90.4348051774967
z105_i85,2012,6,2012-07-26,16.524794348234042,90.4348051774967
z105_i85,2012,6,2012-07-27,-7.429278464080405,90.4348051774967
z105_i85,2012,6,2012-07-28,4.2063740634444295,90.4348051774967
z105_i85,2012,6,2012-07-29,10.041979834945229,90.4348051774967
z105_i85,2012,6,2012-07-30,14.844503630023405,90.4348051774967
z105_i85,2012,6,2012-07-31,20.571702123791052,90.4348051774967
z105_i85,2012,6,2012-08-01,-9.385228769654873,90.4348051774967
z105_i85,2012,6,2012-08-02,2.8731983989114362,90.4348051774967
z105_i85,2012,6,2012-08-03,10.013499415519975,90.4348051774967
z105_i85,2012,6,2012-08-04,15.096275751754293,90.4348051774967
z105_i85,2012,6,2012-08-05,20.107101816967067,90.4348051774967
z105_i85,2012,6,2012-08-06,-4.631182241285972,90.4348051774967
z105_i85,2012,6,2012-08-07,0.422027344242128,90.4348051774967
z105_i85,2012,6,2012-08-08,6.688736886878191,90.4348051774967
z105_i85,2012,6,2012-08-09,12.757512578723782,90.4348051774967
z105_i85,2012,6,2012-08-10,5.412380828554969,90.4348051774967
z105_i85,2012,6,2012-08-11,9.98202379272492,90.4348051774967
z105_i85,2012,6,2012-08-12,14.987684060932331,90.4348051774967
z105_i85,2012,6,2012-08-13,17.945374381982063,90.4348051774967
z105_i85,2012,6,2012-08-14,22.489487355324354,90.4348051774967
z105_i85,2012,6,2012-08-15,28.179072444251624,89.85937934267797
z105_i85,2012,6,2012-08-16,31.03996233805327,89.21072619438696
z105_i85,2012,6,2012-08-17,34.238715023248254,88.47952700010613
z105_i85,2012,6,2012-08-18,38.291524041177205,87.65527714773805
z105_i85,2012,6,2012-08-19,42.21921651462698,86.7261352334106
z105_i85,2012,6,2012-08-20,43.86034271204747,85.67875294455753
z105_i85,2012,6,2012-08-21,35.899699226886995,84.49808329432744
z105_i85,2012,6,2012-08-22,39.7475509862121,83.16716445236297
z105_i85,2012,6,2012-08-23,43.39214177099679,81.66687606640262
z105_i85,2012,6,2012-08-24,46.11276804476408,79.97566457395345
z105_i85,2012,6,2012-08-25,49.90994065729942,78.06923355778491
z105_i85,2012,6,2012-08-26,53.137685172379406,75.92019469680487
z105_i85,2012,6,2012-08-27,55.93422775716206,73.49767429777977
z105_i85,2012,6,2012-08-28,46.1649740589535,70.7668697552242
z105_i85,2012,6,2012-08-29,49.56783108739852,67.68854956743832
z105_i85,2012,6,2012-08-30,53.720745787581365,64.21848972578368
z105_i85,2012,6,2012-08-31,57.59306483612426,60.30683838020838
z105_i85,2012,6,2012-09-01,60.38756603851722,55.897399653628675
z105_i85,2012,6,2012-09-02,63.533630363613874,50.92682631624419
z105_i85,2012,6,2012-09-03,65.39040322921018,45.323709721520075
z105_i85,2012,6,2012-09-04,66.47217464876945,39.00755392960249
z105_i85,2012,6,2012-09-05,67.24187899136587,31.88761928013635
z105_i85,2012,6,2012-09-06,67.68833108460025,23.861618800930753
z105_i85,2012,6,2012-09-07,67.83722885675024,14.81424872471261
z105_i85,2012,6,2012-09-08,67.88800819509026,4.6155320029626505
z105_i85,2012,7,2012-04-30,5.165139429896866,0.0
z105_i85,2012,7,2012-05-01,6.662037354503614,0.0
z105_i85,2012,7,2012-05-02,8.011901314416566,0.0
z105_i85,2012,7,2012-05-03,9.722906380740195,0.0
z105_i85,2012,7,2012-05-04,12.90011283689596,0.0
z105_i85,2012,7,2012-05-05,13.97556765884318,0.4875
z105_i85,2012,7,2012-05-06,14.706651593332987,0.5738742470010385
z105_i85,2012,7,2012-05-07,12.605472043241456,0.6755521053764285
z105_i85,2012,7,2012-05-08,15.60434353636543,0.6748890291739561
z105_i85,2012,7,2012-05-09,16.651671909092673,0.6700068128743807
z105_i85,2012,7,2012-05-10,17.63388079854854,0.6654181536732429
z105_i85,2012,7,2012-05-11,18.033972477928565,0.664848953836679
z105_i85,2012,7,2012-05-12,18.314574995603913,0.6648425042316971
z105_i85,2012,7,2012-05-13,18.917242880909075,0.6639781048256803
z105_i85,2012,7,2012-05-14,19.655541768819756,0.6630122544890452
z105_i85,2012,7,2012-05-15,20.473640449679678,0.6612824149595397
z105_i85,2012,7,2012-05-16,21.203506033034458,0.6603850706306951
z105_i85,2012,7,2012-05-17,21.869622918695182,0.6602078290604388
z105_i85,2012,7,2012-05-18,22.43824575605432,0.6602007065032947
z105_i85,2012,7,2012-05-19,22.81526933530622,0.6601935829133965
z105_i85,2012,7,2012-05-20,23.430812683892697,0.6601864582905946
z105_i85,2012,7,2012-05-21,24.093692995958527,0.6601793326347393
z105_i85,2012,7,2012-05-22,24.678438440347758,0.6601722059456805
z105_i85,2012,7,2012-05-23,15.055846798533238,0.7759280070281537
z105_i85,2012,7,2012-05-24,18.524565341207953,0.891432455795655
z105_i85,2012,7,2012-05-25,19.492124396707062,1.0253415388655283
z105_i85,2012,7,2012-05-26,21.194735475709578,1.143829060922632
z105_i85,2012,7,2012-05-27,22.423888750090175,1.2718914336542204
z105_i85,2012,7,2012-05-28,23.42925295038334,1.4090403636964892
z105_i85,2012,7,2012-05-29,24.346941512188565,1.5572377529988068
z105_i85,2012,7,2012-05-30,5.420688334267469,1.8331459341615983
z105_i85,2012,7,2012-05-31,9.072553083751487,2.157938959200005
z105_i85,2012,7,2012-06-01,13.89005691901908,2.5248272399513856
z105_i85,2012,7,2012-06-02,16.272574142251237,2.94023425240366
z105_i85,2012,7,2012-06-03,18.266747032017587,3.3999059036853025
z105_i85,2012,7,2012-06-04,20.86304334362895,3.87549127057523
z105_i85,2012,7,2012-06-05,22.93585643960879,4.380622896329445
z105_i85,2012,7,2012-06-06,1.1646460241295948,5.156772648259627
z105_i85,2012,7,2012-06-07,-5.0972142753578575,6.07043901636009
z105_i85,2012,7,2012-06-08,4.796120186452359,7.145986911752557
z105_i85,2012,7,2012-06-09,8.784467794935413,8.407181598943056
z105_i85,2012,7,2012-06-10,11.732633519904875,9.830307873926083
z105_i85,2012,7,2012-06-11,13.928000937850053,11.475546434143089
z105_i85,2012,7,2012-06-12,15.950883578233942,13.385777121188672
z105_i85,2012,7,2012-06-13,18.477027359450094,15.492898847229297
z105_i85,2012,7,2012-06-14,7.078487223918372,18.23789878936815
z105_i85,2012,7,2012-06-15,12.487062407313616,21.45660724702867
z105_i85,2012,7,2012-06-16,16.160584459602333,25.130615098916003
z105_i85,2012,7,2012-06-17,19.93244886397573,29.23117198897913
z105_i85,2012,7,2012-06-18,24.514174925191703,33.62984272427186
z105_i85,2012,7,2012-06-19,10.482019668783936,39.588309066984344
z105_i85,2012,7,2012-06-20,16.47340602957397,46.60248421714878
z105_i85,2012,7,2012-06-21,23.75707192732854,52.940480517217445
z105_i85,2012,7,2012-06-22,28.724715144178127,58.326701477502496
z105_i85,2012,7,2012-06-23,35.38601678114919,62.11380129331554
z105_i85,2012,7,2012-06-24,42.22123803733898,64.63027209677806
z105_i85,2012,7,2012-06-25,25.237761217150595,69.00453380927658
z105_i85,2012,7,2012-06-26,33.10044682087289,72.71589789893244
z105_i85,2012,7,2012-06-27,38.195409406625096,75.13578901750093
z105_i85,2012,7,2012-06-28,43.989766617677375,76.79200555823246
z105_i85,2012,7,2012-06-29,24.441004977962876,79.27474843278245
z105_i85,2012,7,2012-06-30,31.066680743125914,81.37359656264643
z105_i85,2012,7,2012-07-01,39.074832678570615,82.62796808596467
z105_i85,2012,7,2012-07-02,46.481054645873684,83.39789779360211
z105_i85,2012,7,2012-07-03,52.050351077256444,83.94096926908708
z105_i85,2012,7,2012-07-04,37.284614383296784,85.17657424980426
z105_i85,2012,7,2012-07-05,44.10487647831105,86.19343561467512
z105_i85,2012,7,2012-07-06,45.480519000943055,87.01648818403385
z105_i85,2012,7,2012-07-07,24.57559048551801,87.66448571323077
z105_i85,2012,7,2012-07-08,25.311545806157216,88.14998660210996
z105_i85,2012,7,2012-07-09,31.097424076383874,88.47888161220536
z105_i85,2012,7,2012-07-10,37.71127857831629,88.47888161220536
z105_i85,2012,7,2012-07-11,44.00019593582198,88.47888161220536
z105_i85,2012,7,2012-07-12,50.48482092369743,88.47888161220536
z105_i85,2012,7,2012-07-13,27.971595999462593,88.47888161220536
z105_i85,2012,7,2012-07-14,35.70834693080037,88.47888161220536
z105_i85,2012,7,2012-07-15,42.55303479063537,88.47888161220536
z105_i85,2012,7,2012-07-16,43.26008535290636,88.47888161220536
z105_i85,2012,7,2012-07-17,49.59274060241738,88.47888161220536
z105_i85,2012,7,2012-07-18,35.507625508073694,88.47888161220536
z105_i85,2012,7,2012-07-19,42.16558739650581,88.47888161220536
z105_i85,2012,7,2012-07-20,49.32896715820315,88.47888161220536
z105_i85,2012,7,2012-07-21,56.25184313306149,88.47888161220536
z105_i85,2012,7,2012-07-22,63.32267644728864,88.47888161220536
z105_i85,2012,7,2012-07-23,14.767123067477883,88.47888161220536
z105_i85,2012,7,2012-07-24,21.77614885732065,88.47888161220536
z105_i85,2012,7,2012-07-25,26.52787248984571,88.47888161220536
z105_i85,2012,7,2012-07-26,32.423301329022905,88.47888161220536
z105_i85,2012,7,2012-07-27,8.615427961882084,88.47888161220536
z105_i85,2012,7,2012-07-28,14.78823827133673,88.47888161220536
z105_i85,2012,7,2012-07-29,19.929453018865406,88.47888161220536
z105_i85,2012,7,2012-07-30,24.79847951164597,88.47888161220536
z105_i85,2012,7,2012-07-31,30.491851263246094,88.47888161220536
z105_i85,2012,7,2012-08-01,-0.6122334569589823,88.47888161220536
z105_i85,2012,7,2012-08-02,4.37189521142397,88.47888161220536
z105_i85,2012,7,2012-08-03,10.66944172021994,88.47888161220536
z105_i85,2012,7,2012-08-04,15.776203407956045,88.47888161220536
z105_i85,2012,7,2012-08-05,20.820898232210943,88.47888161220536
z105_i85,2012,7,2012-08-06,-3.803144894590556,88.47888161220536
z105_i85,2012,7,2012-08-07,0.45220056690143184,88.47888161220536
z105_i85,2012,7,2012-08-08,6.749940322375063,88.47888161220536
z105_i85,2012,7,2012-08-09,12.848787623443783,88.47888161220536
z105_i85,2012,7,2012-08-10,-2.76798426929977,88.47888161220536
z105_i85,2012,7,2012-08-11,3.714600294587931,88.47888161220536
z105_i85,2012,7,2012-08-12,9.243848841741707,88.47888161220536
z105_i85,2012,7,2012-08-13,12.292708948158742,88.47888161220536
z105_i85,2012,7,2012-08-14,16.869148141046896,88.47888161220536
z105_i85,2012,7,2012-08-15,9.390961337829156,87.91590108479002
z105_i85,2012,7,2012-08-16,12.41286293804199,87.28127700391339
z105_i85,2012,7,2012-08-17,15.639903324125939,86.56589218256352
z105_i85,2012,7,2012-08-18,19.721091069146187,85.75946920234684
z105_i85,2012,7,2012-08-19,23.562412838173568,84.85042276522161
z105_i85,2012,7,2012-08-20,25.193320486072544,83.82569325586661
z105_i85,2012,7,2012-08-21,5.1591012474041404,82.67055912359531
z105_i85,2012,7,2012-08-22,9.031427917012765,81.36842538844209
z105_i85,2012,7,2012-08-23,12.699705386050926,79.90058523303937
z105_i85,2012,7,2012-08-24,15.443502603686019,78.24595125524819
z105_i85,2012,7,2012-08-25,19.261110894580572,76.38075252064213
z105_i85,2012,7,2012-08-26,22.51265021527626,74.27819306261615
z105_i85,2012,7,2012-08-27,25.308039192900434,71.90806692403704
z105_i85,2012,7,2012-08-28,0.3687230930688842,69.23632421001646
z105_i85,2012,7,2012-08-29,3.798922748115766,66.22458191759935
z105_i85,2012,7,2012-08-30,7.9875383235793445,62.82957251480995
z105_i85,2012,7,2012-08-31,11.89614401147339,59.00252234718819
z105_i85,2012,7,2012-09-01,14.719903223914343,54.688450941830645
z105_i85,2012,7,2012-09-02,17.903969505428307,49.82538114254209
z105_i85,2012,7,2012-09-03,19.50993316610351,44.34344872867831
z105_i85,2012,7,2012-09-04,20.719310428556053,38.163898726215486
z105_i85,2012,7,2012-09-05,-13.14655019731527,31.197953991770415
z105_i85,2012,7,2012-09-06,0.19742879733877333,23.345539815332955
z105_i85,2012,7,2012-09-07,4.326345931875361,14.493846218997222
z105_i85,2012,7,2012-09-08,6.796850715120437,4.515707297272898
z105_i85,2012,8,2012-04-30,5.165139429896866,0.0
z105_i85,2012,8,2012-05-01,6.662037354503614,0.0
z105_i85,2012,8,2012-05-02,8.011901314416566,0.0
z105_i85,2012,8,2012-05-03,9.722906380740195,0.0
z105_i85,2012,8,2012-05-04,12.90011283689596,0.0
z105_i85,2012,8,2012-05-05,13.97556765884318,0.4875
z105_i85,2012,8,2012-05-06,14.706651593332987,0.5738742470010385
z105_i85,2012,8,2012-05-07,12.605472043241456,0.6755521053764285
z105_i85,2012,8,2012-05-08,15.60434353636543,0.6748890291739561
z105_i85,2012,8,2012-05-09,16.651671909092673,0.6700068128743807
z105_i85,2012,8,2012-05-10,17.63388079854854,0.6654181536732429
z105_i85,2012,8,2012-05-11,18.033972477928565,0.664848953836679
z105_i85,2012,8,2012-05-12,18.314574995603913,0.6648425042316971
z105_i85,2012,8,2012-05-13,18.917242880909075,0.6639781048256803
z105_i85,2012,8,2012-05-14,19.655541768819756,0.6630122544890452
z105_i85,2012,8,2012-05-15,20.473640449679678,0.6612824149595397
z105_i85,2012,8,2012-05-16,21.203506033034458,0.6603850706306951
z105_i85,2012,8,2012-05-17,21.869622918695182,0.6602078290604388
z105_i85,2012,8,2012-05-18,22.43824575605432,0.6602007065032947
z105_i85,2012,8,2012-05-19,22.81526933530622,0.6601935829133965
z105_i85,2012,8,2012-05-20,23.430812683892697,0.6601864582905946
z105_i85,2012,8,2012-05-21,24.093692995958527,0.6601793326347393
z105_i85,2012,8,2012-05-22,24.678438440347758,0.6601722059456805
z105_i85,2012,8,2012-05-23,15.055846798533238,0.7759280070281537
z105_i85,2012,8,2012-05-24,18.524565341207953,0.891432455795655
z105_i85,2012,8,2012-05-25,19.492124396707062,1.0253415388655283
z105_i85,2012,8,2012-05-26,21.194735475709578,1.143829060922632
z105_i85,2012,8,2012-05-27,22.423888750090175,1.2718914336542204
z105_i85,2012,8,2012-05-28,23.42925295038334,1.4090403636964892
z105_i85,2012,8,2012-05-29,24.346941512188565,1.5572377529988068
z105_i85,2012,8,2012-05-30,5.723995919738326,1.8331459341615983
z105_i85,2012,8,2012-05-31,9.432055623478877,2.157938959200005
z105_i85,2012,8,2012-06-01,14.305273385305892,2.5234607132080367
z105_i85,2012,8,2012-06-02,16.683706228090465,2.936262451024903
z105_i85,2012,8,2012-06-03,18.666760680461987,3.3918467242850934
z105_i85,2012,8,2012-06-04,21.17387445092437,3.8608198522301116
z105_i85,2012,8,2012-06-05,23.201990619413316,4.358400643064679
z105_i85,2012,8,2012-06-06,1.6328886622683576,5.130613101882224
z105_i85,2012,8,2012-06-07,-4.628810219649245,6.039644575377073
z105_i85,2012,8,2012-06-08,4.806029944264493,7.10973637507369
z105_i85,2012,8,2012-06-09,8.780252300582587,8.364533207799605
z105_i85,2012,8,2012-06-10,11.724460094455956,9.78044017327829
z105_i85,2012,8,2012-06-11,13.915875506693302,11.41748996834634
z105_i85,2012,8,2012-06-12,15.933885535202268,13.318056519293235
z105_i85,2012,8,2012-06-13,18.45290421480594,15.41511084973505
z105_i85,2012,8,2012-06-14,7.054912873115448,18.146328474521514
z105_i85,2012,8,2012-06-15,12.465409295940868,21.349348353143302
z105_i85,2012,8,2012-06-16,16.134195838149076,25.005778234106984
z105_i85,2012,8,2012-06-17,19.89729098073845,29.087262443249152
z105_i85,2012,8,2012-06-18,24.467172159062073,33.46719648304403
z105_i85,2012,8,2012-06-19,10.536056984848118,39.39684549936964
z105_i85,2012,8,2012-06-20,16.52873601294858,46.3770975285477
z105_i85,2012,8,2012-06-21,23.776174266802208,52.73850035503672
z105_i85,2012,8,2012-06-22,28.734024363292008,58.14918293239726
z105_i85,2012,8,2012-06-23,35.38824437855704,61.95288843265858
z105_i85,2012,8,2012-06-24,42.216919937905104,64.48130901305682
z105_i85,2012,8,2012-06-25,25.23393047761038,68.87634245541247
z105_i85,2012,8,2012-06-26,33.09696643021918,72.60533042249926
z105_i85,2012,8,2012-06-27,38.19505563429944,75.03671269726789
z105_i85,2012,8,2012-06-28,43.988384166413724,76.70159771752813
z105_i85,2012,8,2012-06-29,24.539865972012684,79.19602632131925
z105_i85,2012,8,2012-06-30,31.165771090950763,81.30475327158601
z105_i85,2012,8,2012-07-01,39.17421305433933,82.56136729116392
z105_i85,2012,8,2012-07-02,46.577784358713366,83.3303376400468
z105_i85,2012,8,2012-07-03,52.151970270875914,83.87186726364213
z105_i85,2012,8,2012-07-04,37.52498749130174,85.11455264609397
z105_i85,2012,8,2012-07-05,44.38382788336889,86.13724094358818
z105_i85,2012,8,2012-07-06,45.79789956893828,86.96500986075284
z105_i85,2012,8,2012-07-07,24.931181806040268,87.61672061780283
z105_i85,2012,8,2012-07-08,25.705199102297822,88.10500357812833
z105_i85,2012,8,2012-07-09,31.52906996589091,88.43578325916333
z105_i85,2012,8,2012-07-10,38.180834656396364,88.43578325916333
z105_i85,2012,8,2012-07-11,44.50753582310714,88.43578325916333
z105_i85,2012,8,2012-07-12,51.029842688555576,88.43578325916333
z105_i85,2012,8,2012-07-13,28.4541915801778,88.43578325916333
z105_i85,2012,8,2012-07-14,36.228471904669995,88.43578325916333
z105_i85,2012,8,2012-07-15,43.11054199548865,88.43578325916333
z105_i85,2012,8,2012-07-16,43.82633925344242,88.43578325916333
z105_i85,2012,8,2012-07-17,50.159338444767705,88.43578325916333
z105_i85,2012,8,2012-07-18,36.47461396845794,88.43578325916333
z105_i85,2012,8,2012-07-19,43.13296551891144,88.43578325916333
z105_i85,2012,8,2012-07-20,50.296780169819726,88.43578325916333
z105_i85,2012,8,2012-07-21,57.22009071211555,88.43578325916333
z105_i85,2012,8,2012-07-22,64.29138303753683,88.43578325916333
z105_i85,2012,8,2012-07-23,15.836308745198819,88.43578325916333
z105_i85,2012,8,2012-07-24,22.84581934679733,88.43578325916333
z105_i85,2012,8,2012-07-25,27.597915586942122,88.43578325916333
z105_i85,2012,8,2012-07-26,33.49193790528499,88.43578325916333
z105_i85,2012,8,2012-07-27,9.784562605630777,88.43578325916333
z105_i85,2012,8,2012-07-28,15.957852068271995,88.43578325916333
z105_i85,2012,8,2012-07-29,21.09953747688158,88.43578325916333
z105_i85,2012,8,2012-07-30,25.968960876306046,88.43578325916333
z105_i85,2012,8,2012-07-31,31.65853780522293,88.43578325916333
z105_i85,2012,8,2012-08-01,0.7548432663166228,88.43578325916333
z105_i85,2012,8,2012-08-02,5.739503707682834,88.43578325916333
z105_i85,2012,8,2012-08-03,11.77815974113166,88.43578325916333
z105_i85,2012,8,2012-08-04,16.85743042253969,88.43578325916333
z105_i85,2012,8,2012-08-05,21.940447164645708,88.43578325916333
z105_i85,2012,8,2012-08-06,-2.538280670420005,88.43578325916333
z105_i85,2012,8,2012-08-07,0.46918092604664535,88.43578325916333
z105_i85,2012,8,2012-08-08,6.7526377256361645,88.43578325916333
z105_i85,2012,8,2012-08-09,12.851047203104706,88.43578325916333
z105_i85,2012,8,2012-08-10,2.834804018742318,88.43578325916333
z105_i85,2012,8,2012-08-11,7.434070364538016,88.43578325916333
z105_i85,2012,8,2012-08-12,12.480239414934433,88.43578325916333
z105_i85,2012,8,2012-08-13,15.471350353422503,88.43578325916333
z105_i85,2012,8,2012-08-14,20.0527065349574,88.43578325916333
z105_i85,2012,8,2012-08-15,10.586515476332798,87.87307696140691
z105_i85,2012,8,2012-08-16,13.608891327213268,87.23876200799879
z105_i85,2012,8,2012-08-17,16.836549488327226,86.5237256529386
z105_i85,2012,8,2012-08-18,20.918360798235177,85.71769548399698
z105_i85,2012,8,2012-08-19,24.75440368536366,84.80909184636883
z105_i85,2012,8,2012-08-20,26.383499922686195,83.7848614861143
z105_i85,2012,8,2012-08-21,11.349862590918727,82.63029002346241
z105_i85,2012,8,2012-08-22,15.222728684224077,81.32879056191666
z105_i85,2012,8,2012-08-23,18.891528682913,79.86166539626149
z105_i85,2012,8,2012-08-24,21.635837572054164,78.20783739610056
z105_i85,2012,8,2012-08-25,25.38690361432018,76.3435472059075
z105_i85,2012,8,2012-08-26,28.591762294871042,74.24201191148038
z105_i85,2012,8,2012-08-27,31.357360320376195,71.87304026910661
z105_i85,2012,8,2012-08-28,13.618708684994418,69.20259896971322
z105_i85,2012,8,2012-08-29,17.049516096769086,66.19232370683157
z105_i85,2012,8,2012-08-30,21.2389263661052,62.79896802424246
z105_i85,2012,8,2012-08-31,25.14834088206298,58.9737820252927
z105_i85,2012,8,2012-09-01,27.972752989133305,54.66181201824727
z105_i85,2012,8,2012-09-02,31.15766790498495,49.80111103618672
z105_i85,2012,8,2012-09-03,32.66594268366246,44.32184888955754
z105_i85,2012,8,2012-09-04,33.76783752293982,38.14530896614176
z105_i85,2012,8,2012-09-05,34.56680995411224,31.18275736619346
z105_i85,2012,8,2012-09-06,35.05088857432977,23.33416812642164
z105_i85,2012,8,2012-09-07,35.23956147216359,14.486786219030067
z105_i85,2012,8,2012-09-08,35.33881852592518,4.513507681457473
z105_i85,2012,9,2012-04-30,5.165139429896866,0.0
z105_i85,2012,9,2012-05-01,6.662037354503614,0.0
z105_i85,2012,9,2012-05-02,8.011901314416566,0.0
z105_i85,2012,9,2012-05-03,9.722906380740195,0.0
z105_i85,2012,9,2012-05-04,12.90011283689596,0.0
z105_i85,2012,9,2012-05-05,13.97556765884318,0.4875
z105_i85,2012,9,2012-05-06,14.706651593332987,0.5738742470010385
z105_i85,2012,9,2012-05-07,12.605472043241456,0.6755521053764285
z105_i85,2012,9,2012-05-08,15.60434353636543,0.6748890291739561
z105_i85,2012,9,2012-05-09,16.651671909092673,0.6700068128743807
z105_i85,2012,9,2012-05-10,17.63388079854854,0.6654181536732429
z105_i85,2012,9,2012-05-11,18.033972477928565,0.664848953836679
z105_i85,2012,9,2012-05-12,18.314574995603913,0.6648425042316971
z105_i85,2012,9,2012-05-13,18.917242880909075,0.6639781048256803
z105_i85,2012,9,2012-05-14,19.655541768819756,0.6630122544890452
z105_i85,2012,9,2012-05-15,20.473640449679678,0.6612824149595397
z105_i85,2012,9,2012-05-16,21.203506033034458,0.6603850706306951
z105_i85,2012,9,2012-05-17,21.869622918695182,0.6602078290604388
z105_i85,2012,9,2012-05-18,22.43824575605432,0.6602007065032947
z105_i85,2012,9,2012-05-19,22.81526933530622,0.6601935829133965
z105_i85,2012,9,2012-05-20,23.430812683892697,0.6601864582905946
z105_i85,2012,9,2012-05-21,24.093692995958527,0.6601793326347393
z105_i85,2012,9,2012-05-22,24.678438440347758,0.6601722059456805
z105_i85,2012,9,2012-05-23,15.055846798533238,0.7759280070281537
z105_i85,2012,9,2012-05-24,18.524565341207953,0.891432455795655
z105_i85,2012,9,2012-05-25,19.492124396707062,1.0253415388655283
z105_i85,2012,9,2012-05-26,21.194735475709578,1.143829060922632
z105_i85,2012,9,2012-05-27,22.423888750090175,1.2718914336542204
z105_i85,2012,9,2012-05-28,23.42925295038334,1.4090403636964892
z105_i85,2012,9,2012-05-29,24.346941512188565,1.5572377529988068
z105_i85,2012,9,2012-05-30,5.817301635641746,1.8331459341615983
z105_i85,2012,9,2012-05-31,9.505278151913128,2.157938959200005
z105_i85,2012,9,2012-06-01,14.362166812693326,2.5231896306185853
z105_i85,2012,9,2012-06-02,16.736390335599832,2.9355909887895444
z105_i85,2012,9,2012-06-03,18.71709578143876,3.39054050217339
z105_i85,2012,9,2012-06-04,21.22179872343946,3.858473811526693
z105_i85,2012,9,2012-06-05,23.248406794542262,4.354799738496606
z105_i85,2012,9,2012-06-06,1.6790284254385914,5.126374196451403
z105_i85,2012,9,2012-06-07,-4.582644294774772,6.034654629403287
z105_i85,2012,9,2012-06-08,4.806919215354414,7.103862320738751
z105_i85,2012,9,2012-06-09,8.779561489963301,8.357622442061333
z105_i85,2012,9,2012-06-10,11.723140831589928,9.772359587168388
z105_i85,2012,9,2012-06-11,13.913913849411609,11.408056853965634
z105_i85,2012,9,2012-06-12,15.931131169124889,13.307053159463406
z105_i85,2012,9,2012-06-13,18.448980780244526,15.402374906525123
z105_i85,2012,9,2012-06-14,7.151079349129045,18.13133600309702
z105_i85,2012,9,2012-06-15,12.515945374112054,21.33013294924248
z105_i85,2012,9,2012-06-16,16.17110511445797,24.98195889731131
z105_i85,2012,9,2012-06-17,19.926720580190988,29.057827106101826
z105_i85,2012,9,2012-06-18,24.489457099594528,33.431142749734434
z105_i85,2012,9,2012-06-19,12.858572804936053,39.35440383977041
z105_i85,2012,9,2012-06-20,18.851538844514963,46.32713614302159
z105_i85,2012,9,2012-06-21,25.770908710365305,52.49057246076565
z105_i85,2012,9,2012-06-22,30.68268357801688,57.75879470669907
z105_i85,2012,9,2012-06-23,37.32091939176251,61.34255176488963
z105_i85,2012,9,2012-06-24,44.11063118049649,63.57829755110737
z105_i85,2012,9,2012-06-25,27.13060937572232,68.09924883617236
z105_i85,2012,9,2012-06-26,34.99577692009646,71.93507242270621
z105_i85,2012,9,2012-06-27,40.10044949509302,74.30845580199498
z105_i85,2012,9,2012-06-28,45.87127876413056,75.86329105318903
z105_i85,2012,9,2012-06-29,26.425023064292883,78.46607557638056
z105_i85,2012,9,2012-06-30,33.053058086200586,80.66640388461495
z105_i85,2012,9,2012-07-01,41.0643772946652,81.90142795406743
z105_i85,2012,9,2012-07-02,48.44075802795188,82.60906504895503
z105_i85,2012,9,2012-07-03,53.987817770191086,83.0806987710816
z105_i85,2012,9,2012-07-04,39.368136776354255,84.40444968457055
z105_i85,2012,9,2012-07-05,46.23386303404401,85.49385218912998
z105_i85,2012,9,2012-07-06,47.654677632105866,86.37561991226238
z105_i85,2012,9,2012-07-07,26.742649769788635,87.06984446994839
z105_i85,2012,9,2012-07-08,27.522248597405152,87.58998015666316
z105_i85,2012,9,2012-07-09,33.352384866811306,87.9423379707301
z105_i85,2012,9,2012-07-10,40.010923662121215,87.9423379707301
z105_i85,2012,9,2012-07-11,46.344378467528934,87.9423379707301
z105_i85,2012,9,2012-07-12,52.87367326391826,87.9423379707301
z105_i85,2012,9,2012-07-13,30.305149974169044,87.9423379707301
z105_i85,2012,9,2012-07-14,38.08740271165939,87.9423379707301
z105_i85,2012,9,2012-07-15,44.977091405074695,87.9423379707301
z105_i85,2012,9,2012-07-16,45.697796404857584,87.9423379707301
z105_i85,2012,9,2012-07-17,52.03473076304665,87.9423379707301
z105_i85,2012,9,2012-07-18,38.3544753442017,87.9423379707301
z105_i85,2012,9,2012-07-19,45.01728487514302,87.9423379707301
z105_i85,2012,9,2012-07-20,52.18607478879587,87.9423379707301
z105_i85,2012,9,2012-07-21,59.114356776321266,87.9423379707301
z105_i85,2012,9,2012-07-22,66.19090004786406,87.9423379707301
z105_i85,2012,9,2012-07-23,17.741306235067093,87.9423379707301
z105_i85,2012,9,2012-07-24,24.75636267169662,87.9423379707301
z105_i85,2012,9,2012-07-25,29.512721134600664,87.9423379707301
z105_i85,2012,9,2012-07-26,35.39056193322396,87.9423379707301
z105_i85,2012,9,2012-07-27,11.688883752587168,87.9423379707301
z105_i85,2012,9,2012-07-28,17.867653883122724,87.9423379707301
z105_i85,2012,9,2012-07-29,23.01472273073386,87.9423379707301
z105_i85,2012,9,2012-07-30,27.88868588759477,87.9423379707301
z105_i85,2012,9,2012-07-31,33.534766217522346,87.9423379707301
z105_i85,2012,9,2012-08-01,2.5355343743279968,87.9423379707301
z105_i85,2012,9,2012-08-02,7.526276877423439,87.9423379707301
z105_i85,2012,9,2012-08-03,13.57120940847133,87.9423379707301
z105_i85,2012,9,2012-08-04,18.646835823058783,87.9423379707301
z105_i85,2012,9,2012-08-05,23.719092346801794,87.9423379707301
z105_i85,2012,9,2012-08-06,-0.8531372899474221,87.9423379707301
z105_i85,2012,9,2012-08-07,1.289034701880274,87.9423379707301
z105_i85,2012,9,2012-08-08,6.895005873889262,87.9423379707301
z105_i85,2012,9,2012-08-09,12.9227609840567,87.9423379707301
z105_i85,2012,9,2012-08-10,5.4089012576499105,87.9423379707301
z105_i85,2012,9,2012-08-11,10.072465612705797,87.9423379707301
z105_i85,2012,9,2012-08-12,15.245706853132845,87.9423379707301
z105_i85,2012,9,2012-08-13,18.361953332829692,87.9423379707301
z105_i85,2012,9,2012-08-14,23.06912355676508,87.9423379707301
z105_i85,2012,9,2012-08-15,16.730205930249497,87.38277140624866
z105_i85,2012,9,2012-08-16,19.758636136075243,86.75199574105179
z105_i85,2012,9,2012-08-17,22.993423840223315,86.04094907554327
z105_i85,2012,9,2012-08-18,27.082375992102964,85.23941631448952
z105_i85,2012,9,2012-08-19,30.879371825958827,84.3358824141048
z105_i85,2012,9,2012-08-20,32.50189916512584,83.3173669537122
z105_i85,2012,9,2012-08-21,21.574923293826565,82.16923765539028
z105_i85,2012,9,2012-08-22,25.453965881225866,80.87500017257679
z105_i85,2012,9,2012-08-23,29.12875040816594,79.41606112767336
z105_i85,2012,9,2012-08-24,31.87892106657748,77.77146099438355
z105_i85,2012,9,2012-08-25,35.5721835544197,75.91757298729694
z105_i85,2012,9,2012-08-26,38.765371075368684,73.82776363288293
z105_i85,2012,9,2012-08-27,41.53194365014599,71.47201014556227
z105_i85,2012,9,2012-08-28,28.900914576643583,68.81646911197375
z105_i85,2012,9,2012-08-29,32.338696736331876,65.82299028703399
z105_i85,2012,9,2012-08-30,36.537230619428406,62.44856851684825
z105_i85,2012,9,2012-08-31,40.45593436386469,58.64472591464356
z105_i85,2012,9,2012-09-01,43.287847070437465,54.35681541389103
z105_i85,2012,9,2012-09-02,46.48251315434826,49.52323569326661
z105_i85,2012,9,2012-09-03,47.89062757216184,44.074546194842775
z105_i85,2012,9,2012-09-04,48.976257673653315,37.93246952161496
z105_i85,2012,9,2012-09-05,49.75770595074567,31.00876688252679
z105_i85,2012,9,2012-09-06,50.22362811129851,23.203970429322553
z105_i85,2012,9,2012-09-07,50.39557011744769,14.40595427362426
z105_i85,2012,9,2012-09-08,50.47544930664809,4.488323655063994
z105_i85,2012,10,2012-04-30,5.165139429896866,0.0
z105_i85,2012,10,2012-05-01,6.662037354503614,0.0
z105_i85,2012,10,2012-05-02,8.011901314416566,0.0
z105_i85,2012,10,2012-05-03,9.722906380740195,0.0
z105_i85,2012,10,2012-05-04,12.90011283689596,0.0
z105_i85,2012,10,2012-05-05,13.97556765884318,0.4875
z105_i85,2012,10,2012-05-06,14.706651593332987,0.5738742470010385
z105_i85,2012,10,2012-05-07,12.605472043241456,0.6755521053764285
z105_i85,2012,10,2012-05-08,15.60434353636543,0.6748890291739561
z105_i85,2012,10,2012-05-09,16.651671909092673,0.6700068128743807
z105_i85,2012,10,2012-05-10,17.63388079854854,0.6654181536732429
z105_i85,2012,10,2012-05-11,18.033972477928565,0.664848953836679
z105_i85,2012,10,2012-05-12,18.314574995603913,0.6648425042316971
z105_i85,2012,10,2012-05-13,18.917242880909075,0.6639781048256803
z105_i85,2012,10,2012-05-14,19.655541768819756,0.6630122544890452
z105_i85,2012,10,2012-05-15,20.473640449679678,0.6612824149595397
z105_i85,2012,10,2012-05-16,21.203506033034458,0.6603850706306951
z105_i85,2012,10,2012-05-17,21.869622918695182,0.6602078290604388
z105_i85,2012,10,2012-05-18,22.43824575605432,0.6602007065032947
z105_i85,2012,10,2012-05-19,22.81526933530622,0.6601935829133965
z105_i85,2012,10,2012-05-20,23.430812683892697,0.6601864582905946
z105_i85,2012,10,2012-05-21,24.093692995958527,0.6601793326347393
z105_i85,2012,10,2012-05-22,24.678438440347758,0.6601722059456805
z105_i85,2012,10,2012-05-23,15.055846798533238,0.7759280070281537
z105_i85,2012,10,2012-05-24,18.524565341207953,0.891432455795655
z105_i85,2012,10,2012-05-25,19.492124396707062,1.0253415388655283
z105_i85,2012,10,2012-05-26,21.194735475709578,1.143829060922632
z105_i85,2012,10,2012-05-27,22.423888750090175,1.2718914336542204
z105_i85,2012,10,2012-05-28,23.42925295038334,1.4090403636964892
z105_i85,2012,10,2012-05-29,24.346941512188565,1.5572377529988068
z105_i85,2012,10,2012-05-30,5.910058084645101,1.8331459341615983
z105_i85,2012,10,2012-05-31,9.57814149635678,2.157938959200005
z105_i85,2012,10,2012-06-01,14.418593686710013,2.5228776479014776
z105_i85,2012,10,2012-06-02,16.788665502857167,2.9348700223871225
z105_i85,2012,10,2012-06-03,18.76705528762125,3.3892635938762745
z105_i85,2012,10,2012-06-04,21.269397248267598,3.8563016929128655
z105_i85,2012,10,2012-06-05,23.29453521996527,4.3513924018090036
z105_i85,2012,10,2012-06-06,1.7248828306894233,5.122363154859862
z105_i85,2012,10,2012-06-07,-4.536765132732499,6.02993291971501
z105_i85,2012,10,2012-06-08,4.807820449022419,7.098304028242514
z105_i85,2012,10,2012-06-09,8.778908523018924,8.351083166944683
z105_i85,2012,10,2012-06-10,11.721891866083729,9.764713375782042
z105_i85,2012,10,2012-06-11,13.912057005350324,11.399130819937229
z105_i85,2012,10,2012-06-12,15.928524253024552,13.29664128907744
z105_i85,2012,10,2012-06-13,18.445267611151788,15.390323588382707
z105_i85,2012,10,2012-06-14,7.047451272338409,18.117149457200917
z105_i85,2012,10,2012-06-15,12.45853966627544,21.31501892908077
z105_i85,2012,10,2012-06-16,16.125788578557422,24.965569326986596
z105_i85,2012,10,2012-06-17,19.886021127209787,29.04049057224329
z105_i85,2012,10,2012-06-18,24.452022178927656,33.414109045774445
z105_i85,2012,10,2012-06-19,12.921247005129894,39.334352139188525
z105_i85,2012,10,2012-06-20,18.914348703179492,46.303531723385646
z105_i85,2012,10,2012-06-21,25.818598021008764,52.46306513247922
z105_i85,2012,10,2012-06-22,30.72621710478929,57.72996161191672
z105_i85,2012,10,2012-06-23,37.35861037936569,61.309288954057095
z105_i85,2012,10,2012-06-24,44.142712851115974,63.53790549636306
z105_i85,2012,10,2012-06-25,27.162824327732544,68.06448913562322
z105_i85,2012,10,2012-06-26,35.02808753343626,71.90509152106625
z105_i85,2012,10,2012-06-27,40.128794023806535,74.27928423801717
z105_i85,2012,10,2012-06-28,45.89685600894235,75.83435171292417
z105_i85,2012,10,2012-06-29,26.550678580751562,78.44087681096096
z105_i85,2012,10,2012-06-30,33.1787872343828,80.64436730670941
z105_i85,2012,10,2012-07-01,41.19021903078179,81.87563332912815
z105_i85,2012,10,2012-07-02,48.56329486807769,82.5780067692168
z105_i85,2012,10,2012-07-03,54.108817064581906,83.0440853645337
z105_i85,2012,10,2012-07-04,39.493064489186175,84.3715877990612
z105_i85,2012,10,2012-07-05,46.36268674708873,85.46407767932982
z105_i85,2012,10,2012-07-06,47.7873778290198,86.34834433948333
z105_i85,2012,10,2012-07-07,26.879169129598996,87.04453633530827
z105_i85,2012,10,2012-07-08,27.662565675901792,87.56614609086161
z105_i85,2012,10,2012-07-09,33.49651909677183,87.91950248988822
z105_i85,2012,10,2012-07-10,40.15888661875224,87.91950248988822
z105_i85,2012,10,2012-07-11,46.49615745821918,87.91950248988822
z105_i85,2012,10,2012-07-12,53.029267587061106,87.91950248988822
z105_i85,2012,10,2012-07-13,30.46455476065545,87.91950248988822
z105_i85,2012,10,2012-07-14,38.25064588003497,87.91950248988822
z105_i85,2012,10,2012-07-15,45.14414563204191,87.91950248988822
z105_i85,2012,10,2012-07-16,45.865861145790596,87.91950248988822
z105_i85,2012,10,2012-07-17,52.20297749388808,87.91950248988822
z105_i85,2012,10,2012-07-18,38.62292874913785,87.91950248988822
z105_i85,2012,10,2012-07-19,45.28594443568443,87.91950248988822
z105_i85,2012,10,2012-07-20,52.454964419724504,87.91950248988822
z105_i85,2012,10,2012-07-21,59.38347629500598,87.91950248988822
z105_i85,2012,10,2012-07-22,66.46026237282922,87.91950248988822
z105_i85,2012,10,2012-07-23,18.010921974099016,87.91950248988822
z105_i85,2012,10,2012-07-24,25.02623484111461,87.91950248988822
z105_i85,2012,10,2012-07-25,29.78279037813842,87.91950248988822
z105_i85,2012,10,2012-07-26,35.65987885651839,87.91950248988822
z105_i85,2012,10,2012-07-27,11.858464085720646,87.91950248988822
z105_i85,2012,10,2012-07-28,18.037487613829423,87.91950248988822
z105_i85,2012,10,2012-07-29,23.18480535944228,87.91950248988822
z105_i85,2012,10,2012-07-30,28.058978404137648,87.91950248988822
z105_i85,2012,10,2012-07-31,33.70304654292659,87.91950248988822
z105_i85,2012,10,2012-08-01,3.204021018565302,87.91950248988822
z105_i85,2012,10,2012-08-02,8.19504470290708,87.91950248988822
z105_i85,2012,10,2012-08-03,14.24026740033642,87.91950248988822
z105_i85,2012,10,2012-08-04,19.315761384757653,87.91950248988822
z105_i85,2012,10,2012-08-05,24.38757116264475,87.91950248988822
z105_i85,2012,10,2012-08-06,-0.18435806940196842,87.91950248988822
z105_i85,2012,10,2012-08-07,1.783745758005428,87.91950248988822
z105_i85,2012,10,2012-08-08,7.439853453525544,87.91950248988822
z105_i85,2012,10,2012-08-09,13.517391140164353,87.91950248988822
z105_i85,2012,10,2012-08-10,6.753171786254182,87.91950248988822
z105_i85,2012,10,2012-08-11,11.44275564068432,87.91950248988822
z105_i85,2012,10,2012-08-12,16.616321122158112,87.91950248988822
z105_i85,2012,10,2012-08-13,19.732811564076577,87.91950248988822
z105_i85,2012,10,2012-08-14,24.440269195177866,87.91950248988822
z105_i85,2012,10,2012-08-15,30.098833085942612,87.3600812248366
z105_i85,2012,10,2012-08-16,32.86868438588988,86.72946934952694
z105_i85,2012,10,2012-08-17,36.10380198298399,86.01860731741438
z105_i85,2012,10,2012-08-18,40.193084427135446,85.21728268576032
z105_i85,2012,10,2012-08-19,43.98594672386632,84.31398340082417
z105_i85,2012,10,2012-08-20,45.60608803224236,83.29573241248018
z105_i85,2012,10,2012-08-21,37.67942039576385,82.14790124228632
z105_i85,2012,10,2012-08-22,41.55874883896265,80.85399982667238
z105_i85,2012,10,2012-08-23,45.23381040297717,79.39543961607536
z105_i85,2012,10,2012-08-24,47.984252486933684,77.7512665266384
z105_i85,2012,10,2012-08-25,51.670334004626454,75.89785990798251
z105_i85,2012,10,2012-08-26,54.853937228847286,73.80859320233787
z105_i85,2012,10,2012-08-27,57.6114501232868,71.45345141996923
z105_i85,2012,10,2012-08-28,47.98077447011565,68.79859993543973
z105_i85,2012,10,2012-08-29,51.41888013534246,65.80589840992067
z105_i85,2012,10,2012-08-30,55.61783735073216,62.43235285641807
z105_i85,2012,10,2012-08-31,59.53697226059219,58.62949797613292
z105_i85,2012,10,2012-09-01,62.36923321151147,54.342700892425576
z105_i85,2012,10,2012-09-02,65.5643521138932,49.51037627963268
z105_i85,2012,10,2012-09-03,66.95648526454579,44.06310161105672
z105_i85,2012,10,2012-09-04,68.02537161661121,37.92261981553443
z105_i85,2012,10,2012-09-05,68.78713873136799,31.000715014468522
z105_i85,2012,10,2012-09-06,69.23108263250533,23.197945187847075
z105_i85,2012,10,2012-09-07,69.38223041972398,14.40221356237624
z105_i85,2012,10,2012-09-08,69.43780358904189,4.487158197888276
z105_i85,2012,11,2012-04-30,5.165139429896866,0.0
z105_i85,2012,11,2012-05-01,6.662037354503614,0.0
z105_i85,2012,11,2012-05-02,8.011901314416566,0.0
z105_i85,2012,11,2012-05-03,9.722906380740195,0.0
z105_i85,2012,11,2012-05-04,12.90011283689596,0.0
z105_i85,2012,11,2012-05-05,13.97556765884318,0.4875
z105_i85,2012,11,2012-05-06,14.706651593332987,0.5738742470010385
z105_i85,2012,11,2012-05-07,12.605472043241456,0.6755521053764285
z105_i85,2012,11,2012-05-08,15.60434353636543,0.6748890291739561
z105_i85,2012,11,2012-05-09,16.651671909092673,0.6700068128743807
z105_i85,2012,11,2012-05-10,17.63388079854854,0.6654181536732429
z105_i85,2012,11,2012-05-11,18.033972477928565,0.664848953836679
z105_i85,2012,11,2012-05-12,18.314574995603913,0.6648425042316971
z105_i85,2012,11,2012-05-13,18.917242880909075,0.6639781048256803
z105_i85,2012,11,2012-05-14,19.655541768819756,0.6630122544890452
z105_i85,2012,11,2012-05-15,20.473640449679678,0.6612824149595397
z105_i85,2012,11,2012-05-16,21.203506033034458,0.6603850706306951
z105_i85,2012,11,2012-05-17,21.869622918695182,0.6602078290604388
z105_i85,2012,11,2012-05-18,22.43824575605432,0.6602007065032947
z105_i85,2012,11,2012-05-19,22.81526933530622,0.6601935829133965
z105_i85,2012,11,2012-05-20,23.430812683892697,0.6601864582905946
z105_i85,2012,11,2012-05-21,24.093692995958527,0.6601793326347393
z105_i85,2012,11,2012-05-22,24.678438440347758,0.6601722059456805
z105_i85,2012,11,2012-05-23,15.055846798533238,0.7759280070281537
z105_i85,2012,11,2012-05-24,18.524565341207953,0.891432455795655
z105_i85,2012,11,2012-05-25,19.492124396707062,1.0253415388655283
z105_i85,2012,11,2012-05-26,21.194735475709578,1.143829060922632
z105_i85,2012,11,2012-05-27,22.423888750090175,1.2718914336542204
z105_i85,2012,11,2012-05-28,23.42925295038334,1.4090403636964892
z105_i85,2012,11,2012-05-29,24.346941512188565,1.5572377529988068
z105_i85,2012,11,2012-05-30,5.6064940361627205,1.8331459341615983
z105_i85,2012,11,2012-05-31,9.219436528262,2.157938959200005
z105_i85,2012,11,2012-06-01,14.00291390541834,2.5242634246118283
z105_i85,2012,11,2012-06-02,16.37737282667569,2.9389477477942405
z105_i85,2012,11,2012-06-03,18.36701935670084,3.397562425268647
z105_i85,2012,11,2012-06-04,20.958526284096227,3.8715676939244883
z105_i85,2012,11,2012-06-05,23.028496745469667,4.3745059802364175
z105_i85,2012,11,2012-06-06,-0.3573579444997479,5.149571949558388
z105_i85,2012,11,2012-06-07,-6.478532075705924,6.061962512677929
z105_i85,2012,11,2012-06-08,4.769938275932967,7.136008558587833
z105_i85,2012,11,2012-06-09,8.782901151614382,8.395372986092339
z105_i85,2012,11,2012-06-10,11.730660561508996,9.81650035727851
z105_i85,2012,11,2012-06-11,13.924942911903853,11.459428037805813
z105_i85,2012,11,2012-06-12,15.946443245509641,13.366975640826931
z105_i85,2012,11,2012-06-13,18.47059464982029,15.47143534713016
z105_i85,2012,11,2012-06-14,11.47220591959235,18.212632430481175
z105_i85,2012,11,2012-06-15,15.771497767848697,21.345170403851764
z105_i85,2012,11,2012-06-16,19.036330393995936,24.902998162383387
z105_i85,2012,11,2012-06-17,22.70246246778084,28.829368068317297
z105_i85,2012,11,2012-06-18,27.052296319433356,32.94780750928227
z105_i85,2012,11,2012-06-19,19.824518617222505,38.78543225584519
z105_i85,2012,11,2012-06-20,25.749302610639187,45.102174658383184
z105_i85,2012,11,2012-06-21,31.879018515438133,50.55177697871458
z105_i85,2012,11,2012-06-22,36.604489300515084,55.31444706004252
z105_i85,2012,11,2012-06-23,42.93774968456335,58.035922533868955
z105_i85,2012,11,2012-06-24,49.35672493334678,59.18401249759464
z105_i85,2012,11,2012-06-25,38.39148211954667,64.31771225541294
z105_i85,2012,11,2012-06-26,46.267328815261074,68.64035270360999
z105_i85,2012,11,2012-06-27,51.00702912346335,70.19483411401806
z105_i85,2012,11,2012-06-28,56.413236104040955,70.53828803768063
z105_i85,2012,11,2012-06-29,42.981583431314824,73.82935958291348
z105_i85,2012,11,2012-06-30,49.623293216660734,76.61154835838732
z105_i85,2012,11,2012-07-01,57.65235335860877,77.86572164148652
z105_i85,2012,11,2012-07-02,63.38873043433072,77.7087848307344
z105_i85,2012,11,2012-07-03,67.31025303252511,77.47044128649004
z105_i85,2012,11,2012-07-04,56.47784454436946,79.36903625218768
z105_i85,2012,11,2012-07-05,63.22870568725905,80.87691249352633
z105_i85,2012,11,2012-07-06,64.53446829687661,82.09087706085143
z105_i85,2012,11,2012-07-07,43.25774103110614,83.09416814372682
z105_i85,2012,11,2012-07-08,43.91500652910299,83.84586655397267
z105_i85,2012,11,2012-07-09,49.62828559303414,84.35509292593099
z105_i85,2012,11,2012-07-10,56.17419676668498,84.35509292593099
z105_i85,2012,11,2012-07-11,62.39540546939468,84.35509292593099
z105_i85,2012,11,2012-07-12,68.42825510853994,84.31471336443059
z105_i85,2012,11,2012-07-13,56.74859406434597,84.31471336443059
z105_i85,2012,11,2012-07-14,64.42581792953766,84.31471336443059
z105_i85,2012,11,2012-07-15,71.18492939086852,84.31471336443059
z105_i85,2012,11,2012-07-16,71.87865896433169,84.31471336443059
z105_i85,2012,11,2012-07-17,76.79521812506329,84.09793178264047
z105_i85,2012,11,2012-07-18,67.60063614280827,84.09793178264047
z105_i85,2012,11,2012-07-19,74.25078145998053,84.09793178264047
z105_i85,2012,11,2012-07-20,81.24616271494067,84.09793178264047
z105_i85,2012,11,2012-07-21,84.87842186523916,83.66949589005833
z105_i85,2012,11,2012-07-22,88.42019816950814,83.1345078263379
z105_i85,2012,11,2012-07-23,34.81973147230558,83.1345078263379
z105_i85,2012,11,2012-07-24,41.795548145368514,83.1345078263379
z105_i85,2012,11,2012-07-25,46.52460408434262,83.1345078263379
z105_i85,2012,11,2012-07-26,52.108240264234034,83.1345078263379
z105_i85,2012,11,2012-07-27,28.2738609694438,83.1345078263379
z105_i85,2012,11,2012-07-28,34.42353187848406,83.1345078263379
z105_i85,2012,11,2012-07-29,39.54154749090829,83.1345078263379
z105_i85,2012,11,2012-07-30,44.24107784798579,83.1345078263379
z105_i85,2012,11,2012-07-31,49.62022174503152,83.1345078263379
z105_i85,2012,11,2012-08-01,18.700725355093223,83.1345078263379
z105_i85,2012,11,2012-08-02,23.665790846808225,83.1345078263379
z105_i85,2012,11,2012-08-03,29.685915982900973,83.1345078263379
z105_i85,2012,11,2012-08-04,34.6428155810184,83.1345078263379
z105_i85,2012,11,2012-08-05,39.53186106159141,83.1345078263379
z105_i85,2012,11,2012-08-06,14.939632903535163,83.1345078263379
z105_i85,2012,11,2012-08-07,16.877959445676332,83.1345078263379
z105_i85,2012,11,2012-08-08,22.347539794831025,83.1345078263379
z105_i85,2012,11,2012-08-09,28.469546626371514,83.1345078263379
z105_i85,2012,11,2012-08-10,18.068831572044296,83.1345078263379
z105_i85,2012,11,2012-08-11,22.788704075527978,83.1345078263379
z105_i85,2012,11,2012-08-12,27.95541973397584,83.1345078263379
z105_i85,2012,11,2012-08-13,31.06726983405065,83.1345078263379
z105_i85,2012,11,2012-08-14,35.66503179059306,83.1345078263379
z105_i85,2012,11,2012-08-15,29.217926026533416,82.60553290927668
z105_i85,2012,11,2012-08-16,32.261168878368885,82.0092419112772
z105_i85,2012,11,2012-08-17,35.51090263278509,81.33706834911555
z105_i85,2012,11,2012-08-18,39.52086100637809,80.57935558943127
z105_i85,2012,11,2012-08-19,43.10085925310478,79.72521811883212
z105_i85,2012,11,2012-08-20,44.65740192332794,78.76238515956469
z105_i85,2012,11,2012-08-21,33.73397665045802,77.67702438408975
z105_i85,2012,11,2012-08-22,37.61817481222975,76.45354319599682
z105_i85,2012,11,2012-08-23,41.2998964368998,75.07436472240377
z105_i85,2012,11,2012-08-24,44.058931878352105,73.51967529968586
z105_i85,2012,11,2012-08-25,47.481428216961895,71.76713982484333
z105_i85,2012,11,2012-08-26,50.54426160598007,69.79158088316602
z105_i85,2012,11,2012-08-27,53.19727810265376,67.56461704245295
z105_i85,2012,11,2012-08-28,39.89185308079404,65.05425511742085
z105_i85,2012,11,2012-08-29,43.35731163735224,62.22443054665769
z105_i85,2012,11,2012-08-30,47.59823834194375,59.03448927904843
z105_i85,2012,11,2012-08-31,51.56701633292413,55.438603726308244
z105_i85,2012,11,2012-09-01,54.44532865459944,51.38511439103388
z105_i85,2012,11,2012-09-02,56.94767137506949,46.81578771191804
z105_i85,2012,11,2012-09-03,58.18882601648962,41.66497946412316
z105_i85,2012,11,2012-09-04,59.2404121903759,35.85869169599068
z105_i85,2012,11,2012-09-05,60.00401273747012,29.313509653774638
z105_i85,2012,11,2012-09-06,60.46888758694671,21.93540342196359
z105_i85,2012,11,2012-09-07,60.652905648480896,13.618377063219434
z105_i85,2012,11,2012-09-08,60.75244136538816,4.242945851101273
z105_i85,2012,12,2012-04-30,5.165139429896866,0.0
z105_i85,2012,12,2012-05-01,6.662037354503614,0.0
z105_i85,2012,12,2012-05-02,8.011901314416566,0.0
z105_i85,2012,12,2012-05-03,9.722906380740195,0.0
z105_i85,2012,12,2012-05-04,12.90011283689596,0.0
z105_i85,2012,12,2012-05-05,13.97556765884318,0.4875
z105_i85,2012,12,2012-05-06,14.706651593332987,0.5738742470010385
z105_i85,2012,12,2012-05-07,12.605472043241456,0.6755521053764285
z105_i85,2012,12,2012-05-08,15.60434353636543,0.6748890291739561
z105_i85,2012,12,2012-05-09,16.651671909092673,0.6700068128743807
z105_i85,2012,12,2012-05-10,17.63388079854854,0.6654181536732429
z105_i85,2012,12,2012-05-11,18.033972477928565,0.664848953836679
z105_i85,2012,12,2012-05-12,18.314574995603913,0.6648425042316971
z105_i85,2012,12,2012-05-13,18.917242880909075,0.6639781048256803
z105_i85,2012,12,2012-05-14,19.655541768819756,0.6630122544890452
z105_i85,2012,12,2012-05-15,20.473640449679678,0.6612824149595397
z105_i85,2012,12,2012-05-16,21.203506033034458,0.6603850706306951
z105_i85,2012,12,2012-05-17,21.869622918695182,0.6602078290604388
z105_i85,2012,12,2012-05-18,22.43824575605432,0.6602007065032947
z105_i85,2012,12,2012-05-19,22.81526933530622,0.6601935829133965
z105_i85,2012,12,2012-05-20,23.430812683892697,0.6601864582905946
z105_i85,2012,12,2012-05-21,24.093692995958527,0.6601793326347393
z105_i85,2012,12,2012-05-22,24.678438440347758,0.6601722059456805
z105_i85,2012,12,2012-05-23,15.055846798533238,0.7759280070281537
z105_i85,2012,12,2012-05-24,18.524565341207953,0.891432455795655
z105_i85,2012,12,2012-05-25,19.492124396707062,1.0253415388655283
z105_i85,2012,12,2012-05-26,21.194735475709578,1.143829060922632
z105_i85,2012,12,2012-05-27,22.423888750090175,1.2718914336542204
z105_i85,2012,12,2012-05-28,23.42925295038334,1.4090403636964892
z105_i85,2012,12,2012-05-29,24.346941512188565,1.5572377529988068
z105_i85,2012,12,2012-05-30,5.723995919738326,1.8331459341615983
z105_i85,2012,12,2012-05-31,9.432055623478877,2.157938959200005
z105_i85,2012,12,2012-06-01,14.305273385305892,2.5234607132080367
z105_i85,2012,12,2012-06-02,16.683706228090465,2.936262451024903
z105_i85,2012,12,2012-06-03,18.666760680461987,3.3918467242850934
z105_i85,2012,12,2012-06-04,21.17387445092437,3.8608198522301116
z105_i85,2012,12,2012-06-05,23.201990619413316,4.358400643064679
z105_i85,2012,12,2012-06-06,-0.7721071869890712,5.130613101882224
z105_i85,2012,12,2012-06-07,-6.803365319729593,6.039644575377073
z105_i85,2012,12,2012-06-08,4.76584354266963,7.10973637507369
z105_i85,2012,12,2012-06-09,8.779674254751006,8.364533207799605
z105_i85,2012,12,2012-06-10,11.724877602287775,9.78044017327829
z105_i85,2012,12,2012-06-11,13.916312171477884,11.41748996834634
z105_i85,2012,12,2012-06-12,15.934280240469825,13.318056519293235
z105_i85,2012,12,2012-06-13,18.45325829185984,15.41511084973505
z105_i85,2012,12,2012-06-14,14.555567485566767,18.096235911746344
z105_i85,2012,12,2012-06-15,17.87327446603304,21.134327731900047
z105_i85,2012,12,2012-06-16,20.780286522123465,24.5826254307166
z105_i85,2012,12,2012-06-17,24.20321735939955,28.36304800305563
z105_i85,2012,12,2012-06-18,28.384791935076972,32.280561173983365
z105_i85,2012,12,2012-06-19,24.262067657955768,37.86815943539722
z105_i85,2012,12,2012-06-20,30.003800588449476,43.69283593462923
z105_i85,2012,12,2012-06-21,35.898307704684704,48.47566022436899
z105_i85,2012,12,2012-06-22,40.48417481477403,52.73256118317722
z105_i85,2012,12,2012-06-23,46.58290022225004,54.61313950026696
z105_i85,2012,12,2012-06-24,52.53196855790887,54.6080447991529
z105_i85,2012,12,2012-06-25,45.59199684583404,60.37982724492679
z105_i85,2012,12,2012-06-26,53.491629320755656,64.31094474135024
z105_i85,2012,12,2012-06-27,57.83906876790378,64.30889849448161
z105_i85,2012,12,2012-06-28,61.657218384136584,64.15384824648861
z105_i85,2012,12,2012-06-29,52.19482466273724,68.27014506173236
z105_i85,2012,12,2012-06-30,58.907750921773605,70.8430518685594
z105_i85,2012,12,2012-07-01,64.97223403692765,70.65563851610469
z105_i85,2012,12,2012-07-02,68.86873658300763,70.284333339207
z105_i85,2012,12,2012-07-03,71.65832352708993,69.84234296315567
z105_i85,2012,12,2012-07-04,64.96030125366518,72.52253609308644
z105_i85,2012,12,2012-07-05,71.74375289533322,74.19546176008984
z105_i85,2012,12,2012-07-06,73.08328065020513,75.44294337779813
z105_i85,2012,12,2012-07-07,51.78739434534961,76.9257623656992
z105_i85,2012,12,2012-07-08,52.46562851873428,78.0367387263114
z105_i85,2012,12,2012-07-09,58.20745398512149,78.78935234599564
z105_i85,2012,12,2012-07-10,64.78770513943606,78.78935234599564
z105_i85,2012,12,2012-07-11,70.25214181509155,78.69602073542
z105_i85,2012,12,2012-07-12,74.24958286829876,78.41943886653398
z105_i85,2012,12,2012-07-13,68.58631584641505,78.41943886653398
z105_i85,2012,12,2012-07-14,76.28514076453837,78.41943886653398
z105_i85,2012,12,2012-07-15,79.60376839744613,78.04337305159731
z105_i85,2012,12,2012-07-16,80.27990829450125,78.04337305159731
z105_i85,2012,12,2012-07-17,83.75938416339422,77.61234612619484
z105_i85,2012,12,2012-07-18,78.51900595862307,77.61234612619484
z105_i85,2012,12,2012-07-19,85.1292857227191,77.61234612619484
z105_i85,2012,12,2012-07-20,88.6347311708738,77.13479897394986
z105_i85,2012,12,2012-07-21,91.50739668138925,76.56327586031682
z105_i85,2012,12,2012-07-22,94.13009115382557,75.90445357150574
z105_i85,2012,12,2012-07-23,40.50451771473496,75.90445357150574
z105_i85,2012,12,2012-07-24,47.367219781866204,75.90445357150574
z105_i85,2012,12,2012-07-25,51.981201015738606,75.90445357150574
z105_i85,2012,12,2012-07-26,57.246038591060234,75.90445357150574
z105_i85,2012,12,2012-07-27,33.40814708224197,75.90445357150574
z105_i85,2012,12,2012-07-28,39.45926482254788,75.90445357150574
z105_i85,2012,12,2012-07-29,44.488019108523176,75.90445357150574
z105_i85,2012,12,2012-07-30,48.81880402941215,75.90445357150574
z105_i85,2012,12,2012-07-31,53.85697701812473,75.90445357150574
z105_i85,2012,12,2012-08-01,23.312828412380277,75.90445357150574
z105_i85,2012,12,2012-08-02,28.246960674259427,75.90445357150574
z105_i85,2012,12,2012-08-03,34.1937217368831,75.90445357150574
z105_i85,2012,12,2012-08-04,38.94440645913573,75.90445357150574
z105_i85,2012,12,2012-08-05,43.54925718666712,75.90445357150574
z105_i85,2012,12,2012-08-06,19.034186672557734,75.90445357150574
z105_i85,2012,12,2012-08-07,20.953589214678697,75.90445357150574
z105_i85,2012,12,2012-08-08,26.405111700966202,75.90445357150574
z105_i85,2012,12,2012-08-09,32.50878795649758,75.90445357150574
z105_i85,2012,12,2012-08-10,25.192569913520224,75.90445357150574
z105_i85,2012,12,2012-08-11,29.901389163655626,75.90445357150574
z105_i85,2012,12,2012-08-12,35.06470465278959,75.90445357150574
z105_i85,2012,12,2012-08-13,38.17464597939086,75.90445357150574
z105_i85,2012,12,2012-08-14,42.31352763836269,75.90445357150574
z105_i85,2012,12,2012-08-15,47.25505700907806,75.42148262379244
z105_i85,2012,12,2012-08-16,49.740980546041285,74.87704995009086
z105_i85,2012,12,2012-08-17,52.77858110395994,74.26333407836559
z105_i85,2012,12,2012-08-18,56.51560286041166,73.57151819478408
z105_i85,2012,12,2012-08-19,59.83666193756601,72.79166347890354
z105_i85,2012,12,2012-08-20,61.287066035030165,71.91256631979729
z105_i85,2012,12,2012-08-21,53.37601100802574,70.92159736184705
z105_i85,2012,12,2012-08-22,57.27478236065309,69.80452006788866
z105_i85,2012,12,2012-08-23,60.973876962124336,68.54528619313781
z105_i85,2012,12,2012-08-24,63.63041227877339,67.12580523161805
z105_i85,2012,12,2012-08-25,66.74629433405454,65.52568452289282
z105_i85,2012,12,2012-08-26,69.60483676677929,63.72193628540326
z105_i85,2012,12,2012-08-27,72.07963212475781,61.68864736756986
z105_i85,2012,12,2012-08-28,61.924325346260076,59.39660697221062
z105_i85,2012,12,2012-08-29,65.44255839623901,56.81288700606019
z105_i85,2012,12,2012-08-30,69.76241703951133,53.90036902557404
z105_i85,2012,12,2012-08-31,73.82236403637582,50.617210982988695
z105_i85,2012,12,2012-09-01,76.31216837415172,46.91624611176284
z105_i85,2012,12,2012-09-02,77.96104017515994,42.74430531561958
z105_i85,2012,12,2012-09-03,79.11102253691094,38.041453326440994
z105_i85,2012,12,2012-09-04,80.08428389879246,32.74012765744618
z105_i85,2012,12,2012-09-05,80.79046277840729,26.764167981612935
z105_i85,2012,12,2012-09-06,81.22063388284583,20.02772199112236
z105_i85,2012,12,2012-09-07,81.39206648730413,12.434012019096965
z105_i85,2012,12,2012-09-08,81.48576776511216,3.873944704575468
z105_i85,2013,1,2013-05-15,4.849505633337308,0.0
z105_i85,2013,1,2013-05-16,6.871663515200866,0.0
z105_i85,2013,1,2013-05-17,8.384192902385255,0.0
z105_i85,2013,1,2013-05-18,9.782550487496696,0.0
z105_i85,2013,1,2013-05-19,13.018649728853703,0.0
z105_i85,2013,1,2013-05-20,13.407838584095277,0.4875
z105_i85,2013,1,2013-05-21,14.83381123582276,0.5738742470010385
z105_i85,2013,1,2013-05-22,15.829345052768582,0.6755521053764285
z105_i85,2013,1,2013-05-23,16.528924239276616,0.6696845971226566
z105_i85,2013,1,2013-05-24,17.489402572786418,0.6627334394767693
z105_i85,2013,1,2013-05-25,18.28725309482908,0.6547110607372983
z105_i85,2013,1,2013-05-26,18.99997286775211,0.6454538905209796
z105_i85,2013,1,2013-05-27,19.832772172492565,0.6362537120760627
z105_i85,2013,1,2013-05-28,20.452068888917186,0.6328744601035668
z105_i85,2013,1,2013-05-29,15.651591495046691,0.7245554726103287
z105_i85,2013,1,2013-05-30,20.313100149544695,0.7744817801147629
z105_i85,2013,1,2013-05-31,21.1984300129223,0.7716604952288193
z105_i85,2013,1,2013-06-01,21.947930837990324,0.7695732717915685
z105_i85,2013,1,2013-06-02,22.698363352349176,0.7674329650546107
z105_i85,2013,1,2013-06-03,23.527222974213338,0.765187916762339
z105_i85,2013,1,2013-06-04,23.8178674721584,0.8496364086683597
z105_i85,2013,1,2013-06-05,24.248768965999346,0.9059440622485105
z105_i85,2013,1,2013-06-06,24.91078522222663,0.9313134045352356
z105_i85,2013,1,2013-06-07,11.519143616138866,1.0963215974351423
z105_i85,2013,1,2013-06-08,16.12177307893552,1.2726189764447806
z105_i85,2013,1,2013-06-09,18.736953417653456,1.4460530818083965
z105_i85,2013,1,2013-06-10,20.481443034681856,1.6266855537784004
z105_i85,2013,1,2013-06-11,22.264120931203625,1.7766050681182077
z105_i85,2013,1,2013-06-12,23.70086538186425,1.919735644459282
z105_i85,2013,1,2013-06-13,10.929099265417861,2.2598704562156384
z105_i85,2013,1,2013-06-14,16.54283893941906,2.6491263850674813
z105_i85,2013,1,2013-06-15,19.060798623324665,3.0372535544259716
z105_i85,2013,1,2013-06-16,20.745494186773342,3.4730347048085854
z105_i85,2013,1,2013-06-17,22.173920419738817,3.951519318697249
z105_i85,2013,1,2013-06-18,23.594146005340498,4.455770687747711
z105_i85,2013,1,2013-06-19,25.262243027463533,4.92236137870812
z105_i85,2013,1,2013-06-20,13.547696442990384,5.7944952403551095
z105_i85,2013,1,2013-06-21,17.916407051473367,6.811513941125978
z105_i85,2013,1,2013-06-22,20.53116677838394,7.872949027649644
z105_i85,2013,1,2013-06-23,22.72904067447376,9.031688475196624
z105_i85,2013,1,2013-06-24,25.1372426471532,10.298895424939436
z105_i85,2013,1,2013-06-25,27.251460978447096,11.638562172341246
z105_i85,2013,1,2013-06-26,15.054462122310266,13.700658672465854
z105_i85,2013,1,2013-06-27,22.41320940844298,16.09816652307922
z105_i85,2013,1,2013-06-28,26.488658493296953,18.321417715219834
z105_i85,2013,1,2013-06-29,29.346419943241496,20.794417370291722
z105_i85,2013,1,2013-06-30,32.036648532848545,23.439124836449352
z105_i85,2013,1,2013-07-01,18.30779004316714,27.592020750524515
z105_i85,2013,1,2013-07-02,25.064748125606737,32.480718218347256
z105_i85,2013,1,2013-07-03,29.766006225814674,37.13340234396232
z105_i85,2013,1,2013-07-04,34.53725888321059,41.72302014476398
z105_i85,2013,1,2013-07-05,10.441924550181628,49.03286200604304
z105_i85,2013,1,2013-07-06,16.459941645489053,55.83120211035861
z105_i85,2013,1,2013-07-07,22.012257742628794,61.33797686149649
z105_i85,2013,1,2013-07-08,27.715509573803292,65.7178743128409
z105_i85,2013,1,2013-07-09,33.514032168411006,69.12587655468478
z105_i85,2013,1,2013-07-10,0.36935346311489503,72.87326160075422
z105_i85,2013,1,2013-07-11,9.461103616916322,76.05274906725779
z105_i85,2013,1,2013-07-12,7.662583177862786,78.74906748973187
z105_i85,2013,1,2013-07-13,6.225666757020628,81.03403663929387
z105_i85,2013,1,2013-07-14,10.489465151208739,82.96847279332422
z105_i85,2013,1,2013-07-15,6.304910735409592,84.60379626795662
z105_i85,2013,1,2013-07-16,-11.998508842039717,85.98338210640198
z105_i85,2013,1,2013-07-17,5.737471250189724,87.1436869885298
z105_i85,2013,1,2013-07-18,10.072997081876197,88.11517794553913
z105_i85,2013,1,2013-07-19,-11.039823491031568,88.92308080439709
z105_i85,2013,1,2013-07-20,3.6069747936718928,89.58795769997624
z105_i85,2013,1,2013-07-21,9.494385720827355,90.12611231585464
z105_i85,2013,1,2013-07-22,15.833282350043897,90.54653235094004
z105_i85,2013,1,2013-07-23,21.398515010402278,90.85225411217273
z105_i85,2013,1,2013-07-24,-14.215992203227241,91.06793118811257
z105_i85,2013,1,2013-07-25,0.61580711522548,91.06793118811257
z105_i85,2013,1,2013-07-26,7.702228726435801,91.06793118811257
z105_i85,2013,1,2013-07-27,10.504337788862934,91.06793118811257
z105_i85,2013,1,2013-07-28,12.284089017828732,91.06793118811257
z105_i85,2013,1,2013-07-29,-16.254013306629396,91.06793118811257
z105_i85,2013,1,2013-07-30,3.260294742564354,91.06793118811257
z105_i85,2013,1,2013-07-31,10.69387275793203,91.06793118811257
z105_i85,2013,1,2013-08-01,15.357556288921542,91.06793118811257
z105_i85,2013,1,2013-08-02,-4.209436821110547,91.06793118811257
z105_i85,2013,1,2013-08-03,-14.274455545881073,91.06793118811257
z105_i85,2013,1,2013-08-04,2.4763152513879465,91.06793118811257
z105_i85,2013,1,2013-08-05,9.423293599469176,91.06793118811257
z105_i85,2013,1,2013-08-06,14.787932046474843,91.06793118811257
z105_i85,2013,1,2013-08-07,-2.3245860850728906,91.06793118811257
z105_i85,2013,1,2013-08-08,1.9317201387990504,91.06793118811257
z105_i85,2013,1,2013-08-09,6.870760654730938,91.06793118811257
z105_i85,2013,1,2013-08-10,11.997943320820518,91.06793118811257
z105_i85,2013,1,2013-08-11,15.647980692816672,91.06793118811257
z105_i85,2013,1,2013-08-12,-11.637900495642077,91.06793118811257
z105_i85,2013,1,2013-08-13,1.051574809105193,91.06793118811257
z105_i85,2013,1,2013-08-14,6.950424518300051,91.06793118811257
z105_i85,2013,1,2013-08-15,11.650317519098355,91.06793118811257
z105_i85,2013,1,2013-08-16,-8.870834078389366,91.06793118811257
z105_i85,2013,1,2013-08-17,2.7988275555031987,91.06793118811257
z105_i85,2013,1,2013-08-18,8.382045540963885,91.06793118811257
z105_i85,2013,1,2013-08-19,13.8718069066215,91.06793118811257
z105_i85,2013,1,2013-08-20,18.887493362412208,91.06793118811257
z105_i85,2013,1,2013-08-21,-11.419878391433835,91.06793118811257
z105_i85,2013,1,2013-08-22,-5.368523989150201,91.06793118811257
z105_i85,2013,1,2013-08-23,3.5194924793406557,91.06793118811257
z105_i85,2013,1,2013-08-24,8.649260176779762,91.06793118811257
z105_i85,2013,1,2013-08-25,12.5066705650236,91.06793118811257
z105_i85,2013,1,2013-08-26,-6.68184244942207,91.06793118811257
z105_i85,2013,1,2013-08-27,3.2028651191556143,91.06793118811257
z105_i85,2013,1,2013-08-28,6.864858076250402,91.06793118811257
z105_i85,2013,1,2013-08-29,12.349443965952535,91.06793118811257
z105_i85,2013,1,2013-08-30,-14.097195639466863,90.48847684831183
z105_i85,2013,1,2013-08-31,1.495390108102593,89.83528253714393
z105_i85,2013,1,2013-09-01,7.322460597624704,89.09896428247554
z105_i85,2013,1,2013-09-02,11.768564843121602,88.26894393035623
z105_i85,2013,1,2013-09-03,15.391904445763686,87.33329717630075
z105_i85,2013,1,2013-09-04,18.885981396504338,86.27858225739634
z105_i85,2013,1,2013-09-05,-2.0245476758661405,85.08964684417779
z105_i85,2013,1,2013-09-06,3.876507045890031,83.74941035802519
z105_i85,2013,1,2013-09-07,8.259547274742301,82.23861858679507
z105_i85,2013,1,2013-09-08,12.539771516398188,80.53556707342452
z105_i85,2013,1,2013-09-09,-12.2279001706413,78.61578930363152
z105_i85,2013,1,2013-09-10,-3.018763466462532,76.45170521312905
z105_i85,2013,1,2013-09-11,-3.9998935492077994,74.01222496470902
z105_i85,2013,1,2013-09-12,-10.468235913727503,71.26230230294695
z105_i85,2013,1,2013-09-13,-10.570718582212693,68.1624310698963
z105_i85,2013,1,2013-09-14,-3.365799973397391,64.66807764857579
z105_i85,2013,1,2013-09-15,-14.809848068397374,60.72904118057465
z105_i85,2013,1,2013-09-16,-1.2742953601174745,56.28873236648234
z105_i85,2013,1,2013-09-17,2.736340208322574,51.2833604881888
z105_i85,2013,1,2013-09-18,4.306144059477254,45.64101697358943
z105_i85,2013,1,2013-09-19,4.806745509076371,39.28064233792998
z105_i85,2013,1,2013-09-20,5.9140091200708635,32.110861660580966
z105_i85,2013,1,2013-09-21,7.164961240638825,24.028671867375923
z105_i85,2013,1,2013-09-22,3.9195261456843653,14.91796195964403
z105_i85,2013,1,2013-09-23,-11.050411809718689,4.647844931134167
z105_i85,2013,2,2013-05-15,4.849505633337308,0.0
z105_i85,2013,2,2013-05-16,6.871663515200866,0.0
z105_i85,2013,2,2013-05-17,8.384192902385255,0.0
z105_i85,2013,2,2013-05-18,9.782550487496696,0.0
z105_i85,2013,2,2013-05-19,13.018649728853703,0.0
z105_i85,2013,2,2013-05-20,13.407838584095277,0.4875
z105_i85,2013,2,2013-05-21,14.83381123582276,0.5738742470010385
z105_i85,2013,2,2013-05-22,15.829345052768582,0.6755521053764285
z105_i85,2013,2,2013-05-23,16.528924239276616,0.6696845971226566
z105_i85,2013,2,2013-05-24,17.489402572786418,0.6627334394767693
z105_i85,2013,2,2013-05-25,18.28725309482908,0.6547110607372983
z105_i85,2013,2,2013-05-26,18.99997286775211,0.6454538905209796
z105_i85,2013,2,2013-05-27,19.832772172492565,0.6362537120760627
z105_i85,2013,2,2013-05-28,20.452068888917186,0.6328744601035668
z105_i85,2013,2,2013-05-29,15.651591495046691,0.7245554726103287
z105_i85,2013,2,2013-05-30,20.313100149544695,0.7744817801147629
z105_i85,2013,2,2013-05-31,21.1984300129223,0.7716604952288193
z105_i85,2013,2,2013-06-01,21.947930837990324,0.7695732717915685
z105_i85,2013,2,2013-06-02,22.698363352349176,0.7674329650546107
z105_i85,2013,2,2013-06-03,23.527222974213338,0.765187916762339
z105_i85,2013,2,2013-06-04,23.8178674721584,0.8496364086683597
z105_i85,2013,2,2013-06-05,24.248768965999346,0.9059440622485105
z105_i85,2013,2,2013-06-06,24.91078522222663,0.9313134045352356
z105_i85,2013,2,2013-06-07,11.519143616138866,1.0963215974351423
z105_i85,2013,2,2013-06-08,16.12177307893552,1.2726189764447806
z105_i85,2013,2,2013-06-09,18.736953417653456,1.4460530818083965
z105_i85,2013,2,2013-06-10,20.481443034681856,1.6266855537784004
z105_i85,2013,2,2013-06-11,22.264120931203625,1.7766050681182077
z105_i85,2013,2,2013-06-12,23.70086538186425,1.919735644459282
z105_i85,2013,2,2013-06-13,10.929099265417861,2.2598704562156384
z105_i85,2013,2,2013-06-14,16.54283893941906,2.6491263850674813
z105_i85,2013,2,2013-06-15,19.060798623324665,3.0372535544259716
z105_i85,2013,2,2013-06-16,20.745494186773342,3.4730347048085854
z105_i85,2013,2,2013-06-17,22.173920419738817,3.951519318697249
z105_i85,2013,2,2013-06-18,23.594146005340498,4.455770687747711
z105_i85,2013,2,2013-06-19,25.262243027463533,4.92236137870812
z105_i85,2013,2,2013-06-20,13.547696442990384,5.7944952403551095
z105_i85,2013,2,2013-06-21,17.916407051473367,6.811513941125978
z105_i85,2013,2,2013-06-22,20.53116677838394,7.872949027649644
z105_i85,2013,2,2013-06-23,22.72904067447376,9.031688475196624
z105_i85,2013,2,2013-06-24,25.1372426471532,10.298895424939436
z105_i85,2013,2,2013-06-25,27.251460978447096,11.638562172341246
z105_i85,2013,2,2013-06-26,14.954462122310263,13.700658672465854
z105_i85,2013,2,2013-06-27,22.19199886401585,16.104969100076648
z105_i85,2013,2,2013-06-28,26.33548307570549,18.34191463984421
z105_i85,2013,2,2013-06-29,29.214093023094403,20.828423069791487
z105_i85,2013,2,2013-06-30,31.910250971899266,23.489529111595477
z105_i85,2013,2,2013-07-01,18.18098390431959,27.6513555514376
z105_i85,2013,2,2013-07-02,24.95034022289128,32.550565837208694
z105_i85,2013,2,2013-07-03,29.666176000619256,37.22428995300231
z105_i85,2013,2,2013-07-04,34.44854538898912,41.8409539244506
z105_i85,2013,2,2013-07-05,10.352847651400085,49.16040211647285
z105_i85,2013,2,2013-07-06,16.39344771092991,55.940281205604634
z105_i85,2013,2,2013-07-07,21.9565840010029,61.434660472791705
z105_i85,2013,2,2013-07-08,27.669068573481873,65.80526830623188
z105_i85,2013,2,2013-07-09,33.475839497684525,69.20720615524057
z105_i85,2013,2,2013-07-10,0.3309577304691408,72.94325042848271
z105_i85,2013,2,2013-07-11,9.422493392264336,76.11311575991837
z105_i85,2013,2,2013-07-12,7.623852693858514,78.80127426972714
z105_i85,2013,2,2013-07-13,6.186830102413641,81.07932837967513
z105_i85,2013,2,2013-07-14,10.450534916402814,83.00791031784507
z105_i85,2013,2,2013-07-15,9.76590128987367,84.6382847862246
z105_i85,2013,2,2013-07-16,-12.137647994869393,86.01369556141994
z105_i85,2013,2,2013-07-17,5.7300650159171616,87.17048899385235
z105_i85,2013,2,2013-07-18,10.072305715608007,88.13903991184466
z105_i85,2013,2,2013-07-19,-11.040020318009946,88.94449780103012
z105_i85,2013,2,2013-07-20,3.6069920490264518,89.60736256875526
z105_i85,2013,2,2013-07-21,9.494355775863632,90.14388855849316
z105_i85,2013,2,2013-07-22,15.833779050018489,90.56303626953091
z105_i85,2013,2,2013-07-23,21.399464889279727,90.8678328199833
z105_i85,2013,2,2013-07-24,-14.215107780730944,91.08285718885082
z105_i85,2013,2,2013-07-25,0.6158240446413887,91.08285718885082
z105_i85,2013,2,2013-07-26,7.702097815259622,91.08285718885082
z105_i85,2013,2,2013-07-27,10.504071606956293,91.08285718885082
z105_i85,2013,2,2013-07-28,12.283768997276129,91.08285718885082
z105_i85,2013,2,2013-07-29,-16.154371335941516,91.08285718885082
z105_i85,2013,2,2013-07-30,3.253319366155985,91.08285718885082
z105_i85,2013,2,2013-07-31,10.679591485244517,91.08285718885082
z105_i85,2013,2,2013-08-01,15.342592991951214,91.08285718885082
z105_i85,2013,2,2013-08-02,-4.324577687379835,91.08285718885082
z105_i85,2013,2,2013-08-03,-14.297546930027362,91.08285718885082
z105_i85,2013,2,2013-08-04,2.475097230981012,91.08285718885082
z105_i85,2013,2,2013-08-05,9.423047950370215,91.08285718885082
z105_i85,2013,2,2013-08-06,14.787615733360665,91.08285718885082
z105_i85,2013,2,2013-08-07,-2.324995162967293,91.08285718885082
z105_i85,2013,2,2013-08-08,1.9314996327804523,91.08285718885082
z105_i85,2013,2,2013-08-09,6.8704566926920965,91.08285718885082
z105_i85,2013,2,2013-08-10,11.997513433197504,91.08285718885082
z105_i85,2013,2,2013-08-11,15.647452305168263,91.08285718885082
z105_i85,2013,2,2013-08-12,-6.538555884977267,91.08285718885082
z105_i85,2013,2,2013-08-13,1.5190456631684204,91.08285718885082
z105_i85,2013,2,2013-08-14,6.971916658583679,91.08285718885082
z105_i85,2013,2,2013-08-15,11.650834193272301,91.08285718885082
z105_i85,2013,2,2013-08-16,16.528650462691125,91.08285718885082
z105_i85,2013,2,2013-08-17,21.211964975210083,91.08285718885082
z105_i85,2013,2,2013-08-18,25.398552921048907,91.08285718885082
z105_i85,2013,2,2013-08-19,30.613913700871795,91.08285718885082
z105_i85,2013,2,2013-08-20,35.57951044798524,91.08285718885082
z105_i85,2013,2,2013-08-21,23.370856861965024,91.08285718885082
z105_i85,2013,2,2013-08-22,20.270851641358238,91.08285718885082
z105_i85,2013,2,2013-08-23,24.948785364334025,91.08285718885082
z105_i85,2013,2,2013-08-24,29.29133393783183,91.08285718885082
z105_i85,2013,2,2013-08-25,33.05021186987887,91.08285718885082
z105_i85,2013,2,2013-08-26,25.95141386287206,91.08285718885082
z105_i85,2013,2,2013-08-27,30.87405305620366,91.08285718885082
z105_i85,2013,2,2013-08-28,33.39337258707779,91.08285718885082
z105_i85,2013,2,2013-08-29,38.726125740069506,91.08285718885082
z105_i85,2013,2,2013-08-30,30.46639013805857,90.50330787669493
z105_i85,2013,2,2013-08-31,34.511282962738306,89.85000650721744
z105_i85,2013,2,2013-09-01,38.37198940380459,89.11356757025541
z105_i85,2013,2,2013-09-02,42.59713153703456,88.28341117810284
z105_i85,2013,2,2013-09-03,46.18960034949804,87.3476110718853
z105_i85,2013,2,2013-09-04,49.63263966651501,86.29272328559001
z105_i85,2013,2,2013-09-05,44.0217375357656,85.10359300629045
z105_i85,2013,2,2013-09-06,48.71270409337468,83.76313685586614
z105_i85,2013,2,2013-09-07,52.76640733713666,82.25209746641522
z105_i85,2013,2,2013-09-08,56.99909281849268,80.54876682352217
z105_i85,2013,2,2013-09-09,32.186367779261154,78.62867440285223
z105_i85,2013,2,2013-09-10,31.550574178618064,76.46423561975588
z105_i85,2013,2,2013-09-11,28.008315467401072,74.02435554141204
z105_i85,2013,2,2013-09-12,18.584480248806546,71.27398216832773
z105_i85,2013,2,2013-09-13,10.294955071897924,68.1736028675115
z105_i85,2013,2,2013-09-14,9.085068454360762,64.67867672293855
z105_i85,2013,2,2013-09-15,-5.0889766302277835,60.73899464829561
z105_i85,2013,2,2013-09-16,-0.5654294392245969,56.29795806920666
z105_i85,2013,2,2013-09-17,2.7612916063118464,51.29176581228611
z105_i85,2013,2,2013-09-18,4.306168354634639,45.64849751964065
z105_i85,2013,2,2013-09-19,4.806059226337525,39.28708042089603
z105_i85,2013,2,2013-09-20,5.91324899520626,32.116124619106536
z105_i85,2013,2,2013-09-21,7.164167667624182,24.03261015793938
z105_i85,2013,2,2013-09-22,3.9184722376634085,14.920407008173356
z105_i85,2013,2,2013-09-23,-11.051787410419086,4.648606711224791
z105_i85,2013,3,2013-05-15,4.849505633337308,0.0
z105_i85,2013,3,2013-05-16,6.871663515200866,0.0
z105_i85,2013,3,2013-05-17,8.384192902385255,0.0
z105_i85,2013,3,2013-05-18,9.782550487496696,0.0
z105_i85,2013,3,2013-05-19,13.018649728853703,0.0
z105_i85,2013,3,2013-05-20,13.407838584095277,0.4875
z105_i85,2013,3,2013-05-21,14.83381123582276,0.5738742470010385
z105_i85,2013,3,2013-05-22,15.829345052768582,0.6755521053764285
z105_i85,2013,3,2013-05-23,16.528924239276616,0.6696845971226566
z105_i85,2013,3,2013-05-24,17.489402572786418,0.6627334394767693
z105_i85,2013,3,2013-05-25,18.28725309482908,0.6547110607372983
z105_i85,2013,3,2013-05-26,18.99997286775211,0.6454538905209796
z105_i85,2013,3,2013-05-27,19.832772172492565,0.6362537120760627
z105_i85,2013,3,2013-05-28,20.452068888917186,0.6328744601035668
z105_i85,2013,3,2013-05-29,15.651591495046691,0.7245554726103287
z105_i85,2013,3,2013-05-30,20.313100149544695,0.7744817801147629
z105_i85,2013,3,2013-05-31,21.1984300129223,0.7716604952288193
z105_i85,2013,3,2013-06-01,21.947930837990324,0.7695732717915685
z105_i85,2013,3,2013-06-02,22.698363352349176,0.7674329650546107
z105_i85,2013,3,2013-06-03,23.527222974213338,0.765187916762339
z105_i85,2013,3,2013-06-04,23.8178674721584,0.8496364086683597
z105_i85,2013,3,2013-06-05,24.248768965999346,0.9059440622485105
z105_i85,2013,3,2013-06-06,24.91078522222663,0.9313134045352356
z105_i85,2013,3,2013-06-07,11.519143616138866,1.0963215974351423
z105_i85,2013,3,2013-06-08,16.12177307893552,1.2726189764447806
z105_i85,2013,3,2013-06-09,18.736953417653456,1.4460530818083965
z105_i85,2013,3,2013-06-10,20.481443034681856,1.6266855537784004
z105_i85,2013,3,2013-06-11,22.264120931203625,1.7766050681182077
z105_i85,2013,3,2013-06-12,23.70086538186425,1.919735644459282
z105_i85,2013,3,2013-06-13,10.929099265417861,2.2598704562156384
z105_i85,2013,3,2013-06-14,16.54283893941906,2.6491263850674813
z105_i85,2013,3,2013-06-15,19.060798623324665,3.0372535544259716
z105_i85,2013,3,2013-06-16,20.745494186773342,3.4730347048085854
z105_i85,2013,3,2013-06-17,22.173920419738817,3.951519318697249
z105_i85,2013,3,2013-06-18,23.594146005340498,4.455770687747711
z105_i85,2013,3,2013-06-19,25.262243027463533,4.92236137870812
z105_i85,2013,3,2013-06-20,13.547696442990384,5.7944952403551095
z105_i85,2013,3,2013-06-21,17.916407051473367,6.811513941125978
z105_i85,2013,3,2013-06-22,20.53116677838394,7.872949027649644
z105_i85,2013,3,2013-06-23,22.72904067447376,9.031688475196624
z105_i85,2013,3,2013-06-24,25.1372426471532,10.298895424939436
z105_i85,2013,3,2013-06-25,27.251460978447096,11.638562172341246
z105_i85,2013,3,2013-06-26,20.054462122310266,13.700658672465854
z105_i85,2013,3,2013-06-27,25.353317093835578,15.613039416133704
z105_i85,2013,3,2013-06-28,28.666493124542065,17.584312596770484
z105_i85,2013,3,2013-06-29,31.237681547776557,19.79497631411869
z105_i85,2013,3,2013-06-30,33.69737157292635,22.133217671068863
z105_i85,2013,3,2013-07-01,25.079202160776873,26.05473564039943
z105_i85,2013,3,2013-07-02,31.004722020055244,29.769363687323587
z105_i85,2013,3,2013-07-03,34.76643681389623,33.36113408868042
z105_i85,2013,3,2013-07-04,38.93624115509715,36.64817687019971
z105_i85,2013,3,2013-07-05,19.558302895895388,43.14142544686511
z105_i85,2013,3,2013-07-06,25.50400736514369,50.499637145712626
z105_i85,2013,3,2013-07-07,30.578959426245238,56.12286485169733
z105_i85,2013,3,2013-07-08,35.87746095958545,60.36860505378807
z105_i85,2013,3,2013-07-09,41.32369708414694,63.40685146815691
z105_i85,2013,3,2013-07-10,16.293642886127458,67.95170956040626
z105_i85,2013,3,2013-07-11,25.400772100240584,71.80781699631036
z105_i85,2013,3,2013-07-12,23.61084350673905,75.07793321095336
z105_i85,2013,3,2013-07-13,22.181473583645854,77.84916178828342
z105_i85,2013,3,2013-07-14,26.45189992053781,80.19526118839873
z105_i85,2013,3,2013-07-15,31.158062151888593,81.97814976356418
z105_i85,2013,3,2013-07-16,12.964549648493847,83.67558747789678
z105_i85,2013,3,2013-07-17,20.966671977296485,85.1032226508321
z105_i85,2013,3,2013-07-18,24.217532358582634,86.26947364488353
z105_i85,2013,3,2013-07-19,11.341111434522798,87.26649298231345
z105_i85,2013,3,2013-07-20,17.05737166805952,88.08700638269903
z105_i85,2013,3,2013-07-21,22.039887398313112,88.73166333613496
z105_i85,2013,3,2013-07-22,28.335656987059092,89.19838575871655
z105_i85,2013,3,2013-07-23,33.98752052745544,89.52631097281478
z105_i85,2013,3,2013-07-24,6.523117644338681,89.79754159498452
z105_i85,2013,3,2013-07-25,9.484193644782149,89.79754159498452
z105_i85,2013,3,2013-07-26,15.05883522140209,89.79754159498452
z105_i85,2013,3,2013-07-27,17.873954503108365,89.79754159498452
z105_i85,2013,3,2013-07-28,19.78830493235019,89.79754159498452
z105_i85,2013,3,2013-07-29,-14.605020972718298,89.79754159498452
z105_i85,2013,3,2013-07-30,3.163152121284399,89.79754159498452
z105_i85,2013,3,2013-07-31,10.7673762880983,89.79754159498452
z105_i85,2013,3,2013-08-01,15.456204615493835,89.79754159498452
z105_i85,2013,3,2013-08-02,-4.098681093408385,89.79754159498452
z105_i85,2013,3,2013-08-03,-14.241394374916476,89.79754159498452
z105_i85,2013,3,2013-08-04,2.4862898095462325,89.79754159498452
z105_i85,2013,3,2013-08-05,9.441532441440692,89.79754159498452
z105_i85,2013,3,2013-08-06,14.816389343270682,89.79754159498452
z105_i85,2013,3,2013-08-07,-2.187846223363871,89.79754159498452
z105_i85,2013,3,2013-08-08,1.9773147154336153,89.79754159498452
z105_i85,2013,3,2013-08-09,6.90596226617541,89.79754159498452
z105_i85,2013,3,2013-08-10,12.041546603323598,89.79754159498452
z105_i85,2013,3,2013-08-11,15.69976373391171,89.79754159498452
z105_i85,2013,3,2013-08-12,-6.375342443299707,89.79754159498452
z105_i85,2013,3,2013-08-13,1.554708929070824,89.79754159498452
z105_i85,2013,3,2013-08-14,6.996954233878939,89.79754159498452
z105_i85,2013,3,2013-08-15,11.687560530905627,89.79754159498452
z105_i85,2013,3,2013-08-16,3.3782520592480934,89.79754159498452
z105_i85,2013,3,2013-08-17,8.228836924382739,89.79754159498452
z105_i85,2013,3,2013-08-18,12.427990348949935,89.79754159498452
z105_i85,2013,3,2013-08-19,17.629969078271873,89.79754159498452
z105_i85,2013,3,2013-08-20,22.595567867330686,89.79754159498452
z105_i85,2013,3,2013-08-21,-0.5976551010821993,89.79754159498452
z105_i85,2013,3,2013-08-22,-3.644556740534844,89.79754159498452
z105_i85,2013,3,2013-08-23,3.6704974525904657,89.79754159498452
z105_i85,2013,3,2013-08-24,8.683131294815892,89.79754159498452
z105_i85,2013,3,2013-08-25,12.547422606875774,89.79754159498452
z105_i85,2013,3,2013-08-26,-2.6244769781589334,89.79754159498452
z105_i85,2013,3,2013-08-27,4.166583228154907,89.79754159498452
z105_i85,2013,3,2013-08-28,7.187297237745887,89.79754159498452
z105_i85,2013,3,2013-08-29,12.608171738199108,89.79754159498452
z105_i85,2013,3,2013-08-30,-7.731101573017924,89.22617059202226
z105_i85,2013,3,2013-08-31,2.133966175229916,88.58208828377757
z105_i85,2013,3,2013-09-01,7.310038758099529,87.85604160369924
z105_i85,2013,3,2013-09-02,11.721241725050682,87.03759996214971
z105_i85,2013,3,2013-09-03,15.331159704988707,86.11500539763769
z105_i85,2013,3,2013-09-04,18.80920635400558,85.07500365865526
z105_i85,2013,3,2013-09-05,5.116902700478476,83.90265378939436
z105_i85,2013,3,2013-09-06,9.827563518776184,82.58111348379761
z105_i85,2013,3,2013-09-07,13.89863115020385,81.09139712427952
z105_i85,2013,3,2013-09-08,18.14985809542771,79.41210302903544
z105_i85,2013,3,2013-09-09,-6.648828568811889,77.51910598949561
z105_i85,2013,3,2013-09-10,-2.3211722991452524,75.38521068083281
z105_i85,2013,3,2013-09-11,-3.946833469386291,72.97976096632085
z105_i85,2013,3,2013-09-12,-10.46072921643192,70.26819948270165
z105_i85,2013,3,2013-09-13,-10.56097588359511,67.21157117944115
z105_i85,2013,3,2013-09-14,-3.350977973586916,63.765963679579976
z105_i85,2013,3,2013-09-15,-14.802883074073115,59.881876422246236
z105_i85,2013,3,2013-09-16,-1.2639267722288576,55.503509523755866
z105_i85,2013,3,2013-09-17,2.7625777511374165,50.567962140879764
z105_i85,2013,3,2013-09-18,4.347596792521118,45.004328819740195
z105_i85,2013,3,2013-09-19,4.876274462757501,38.73268084823266
z105_i85,2013,3,2013-09-20,6.04090103912958,31.66291797779641
z105_i85,2013,3,2013-09-21,7.340191609003823,23.693474018047926
z105_i85,2013,3,2013-09-22,4.116984638865406,14.709857708488212
z105_i85,2013,3,2013-09-23,-10.873408000506492,4.583007905037851
z105_i85,2013,4,2013-05-15,4.849505633337308,0.0
z105_i85,2013,4,2013-05-16,6.871663515200866,0.0
z105_i85,2013,4,2013-05-17,8.384192902385255,0.0
z105_i85,2013,4,2013-05-18,9.782550487496696,0.0
z105_i85,2013,4,2013-05-19,13.018649728853703,0.0
z105_i85,2013,4,2013-05-20,13.407838584095277,0.4875
z105_i85,2013,4,2013-05-21,14.83381123582276,0.5738742470010385
z105_i85,2013,4,2013-05-22,15.829345052768582,0.6755521053764285
z105_i85,2013,4,2013-05-23,16.528924239276616,0.6696845971226566
z105_i85,2013,4,2013-05-24,17.489402572786418,0.6627334394767693
z105_i85,2013,4,2013-05-25,18.28725309482908,0.6547110607372983
z105_i85,2013,4,2013-05-26,18.99997286775211,0.6454538905209796
z105_i85,2013,4,2013-05-27,19.832772172492565,0.6362537120760627
z105_i85,2013,4,2013-05-28,20.452068888917186,0.6328744601035668
z105_i85,2013,4,2013-05-29,15.651591495046691,0.7245554726103287
z105_i85,2013,4,2013-05-30,20.313100149544695,0.7744817801147629
z105_i85,2013,4,2013-05-31,21.1984300129223,0.7716604952288193
z105_i85,2013,4,2013-06-01,21.947930837990324,0.7695732717915685
z105_i85,2013,4,2013-06-02,22.698363352349176,0.7674329650546107
z105_i85,2013,4,2013-06-03,23.527222974213338,0.765187916762339
z105_i85,2013,4,2013-06-04,23.8178674721584,0.8496364086683597
z105_i85,2013,4,2013-06-05,24.248768965999346,0.9059440622485105
z105_i85,2013,4,2013-06-06,24.91078522222663,0.9313134045352356
z105_i85,2013,4,2013-06-07,11.519143616138866,1.0963215974351423
z105_i85,2013,4,2013-06-08,16.12177307893552,1.2726189764447806
z105_i85,2013,4,2013-06-09,18.736953417653456,1.4460530818083965
z105_i85,2013,4,2013-06-10,20.481443034681856,1.6266855537784004
z105_i85,2013,4,2013-06-11,22.264120931203625,1.7766050681182077
z105_i85,2013,4,2013-06-12,23.70086538186425,1.919735644459282
z105_i85,2013,4,2013-06-13,11.028487820351518,2.2598704562156384
z105_i85,2013,4,2013-06-14,16.57938823242938,2.6477222069927224
z105_i85,2013,4,2013-06-15,19.085170936906145,3.0352111476833628
z105_i85,2013,4,2013-06-16,20.76450038693463,3.470434099858118
z105_i85,2013,4,2013-06-17,22.189472954956006,3.948228032845457
z105_i85,2013,4,2013-06-18,23.60697830160889,4.451842869837105
z105_i85,2013,4,2013-06-19,25.272343261318788,4.91740343726465
z105_i85,2013,4,2013-06-20,13.556127113320832,5.788658861047322
z105_i85,2013,4,2013-06-21,17.92005599529232,6.804368493568299
z105_i85,2013,4,2013-06-22,20.533042644054746,7.864501554490364
z105_i85,2013,4,2013-06-23,22.729656192996575,9.021997704214971
z105_i85,2013,4,2013-06-24,25.13661213193052,10.287844973276803
z105_i85,2013,4,2013-06-25,27.24970015094007,11.62607429248604
z105_i85,2013,4,2013-06-26,20.052791250845008,13.685958215750881
z105_i85,2013,4,2013-06-27,25.34973130787796,15.596773264462863
z105_i85,2013,4,2013-06-28,28.66151863318558,17.566687892722026
z105_i85,2013,4,2013-06-29,31.231215876796522,19.775941328593976
z105_i85,2013,4,2013-06-30,33.68956684337071,22.112946713966554
z105_i85,2013,4,2013-07-01,25.071564931568645,26.030873116823887
z105_i85,2013,4,2013-07-02,30.993918640837588,29.742932847921722
z105_i85,2013,4,2013-07-03,34.75453619225224,33.3342452109737
z105_i85,2013,4,2013-07-04,38.92212255600352,36.62058568621793
z105_i85,2013,4,2013-07-05,19.44428361285059,43.10894571367246
z105_i85,2013,4,2013-07-06,25.403154247739824,50.46678212055807
z105_i85,2013,4,2013-07-07,30.482216723335476,56.103248354656124
z105_i85,2013,4,2013-07-08,35.78280063019634,60.363352849843906
z105_i85,2013,4,2013-07-09,41.23038898835776,63.41597668660559
z105_i85,2013,4,2013-07-10,16.100310890529816,67.95956233894722
z105_i85,2013,4,2013-07-11,25.207415082483127,71.8145901668877
z105_i85,2013,4,2013-07-12,23.417472559533884,75.08379083559066
z105_i85,2013,4,2013-07-13,21.988090463854665,77.85424354230747
z105_i85,2013,4,2013-07-14,26.258506147787696,80.19968609672074
z105_i85,2013,4,2013-07-15,30.96530659507026,81.9862488196087
z105_i85,2013,4,2013-07-16,12.571763429161775,83.6827060896384
z105_i85,2013,4,2013-07-17,20.57385656627522,85.10951665689886
z105_i85,2013,4,2013-07-18,23.824695158072483,86.27505800046438
z105_i85,2013,4,2013-07-19,10.848259906868789,87.27150514782996
z105_i85,2013,4,2013-07-20,16.56450180044423,88.09154765502647
z105_i85,2013,4,2013-07-21,21.547005606764873,88.73810718706568
z105_i85,2013,4,2013-07-22,27.843181814073606,89.20727086327418
z105_i85,2013,4,2013-07-23,33.49545062476849,89.53761238687687
z105_i85,2013,4,2013-07-24,6.031000329496879,89.80836950938442
z105_i85,2013,4,2013-07-25,8.992041237372996,89.80836950938442
z105_i85,2013,4,2013-07-26,14.56661790158421,89.80836950938442
z105_i85,2013,4,2013-07-27,17.3816412342723,89.80836950938442
z105_i85,2013,4,2013-07-28,19.29595283260417,89.80836950938442
z105_i85,2013,4,2013-07-29,-15.097400585557265,89.80836950938442
z105_i85,2013,4,2013-07-30,3.1418740893832653,89.80836950938442
z105_i85,2013,4,2013-07-31,10.765883973827858,89.80836950938442
z105_i85,2013,4,2013-08-01,15.455875186473065,89.80836950938442
z105_i85,2013,4,2013-08-02,-3.998990787368668,89.80836950938442
z105_i85,2013,4,2013-08-03,-14.220996789808886,89.80836950938442
z105_i85,2013,4,2013-08-04,2.487223250075485,89.80836950938442
z105_i85,2013,4,2013-08-05,9.441413045804453,89.80836950938442
z105_i85,2013,4,2013-08-06,14.81613658695,89.80836950938442
z105_i85,2013,4,2013-08-07,-2.1881738498079186,89.80836950938442
z105_i85,2013,4,2013-08-08,1.9771476375283492,89.80836950938442
z105_i85,2013,4,2013-08-09,6.9057409114147905,89.80836950938442
z105_i85,2013,4,2013-08-10,12.041235158896523,89.80836950938442
z105_i85,2013,4,2013-08-11,15.699381232714794,89.80836950938442
z105_i85,2013,4,2013-08-12,-6.675816780790305,89.80836950938442
z105_i85,2013,4,2013-08-13,1.5094428552063421,89.80836950938442
z105_i85,2013,4,2013-08-14,6.993013952554735,89.80836950938442
z105_i85,2013,4,2013-08-15,11.686963396296543,89.80836950938442
z105_i85,2013,4,2013-08-16,6.377810319460008,89.80836950938442
z105_i85,2013,4,2013-08-17,11.228306013755388,89.80836950938442
z105_i85,2013,4,2013-08-18,15.427356325426775,89.80836950938442
z105_i85,2013,4,2013-08-19,20.595576110991036,89.80836950938442
z105_i85,2013,4,2013-08-20,25.539286259957816,89.80836950938442
z105_i85,2013,4,2013-08-21,7.445933644895273,89.80836950938442
z105_i85,2013,4,2013-08-22,4.358248175672027,89.80836950938442
z105_i85,2013,4,2013-08-23,9.05090609820695,89.80836950938442
z105_i85,2013,4,2013-08-24,13.407434787818174,89.80836950938442
z105_i85,2013,4,2013-08-25,17.181193127566733,89.80836950938442
z105_i85,2013,4,2013-08-26,5.999555794419482,89.80836950938442
z105_i85,2013,4,2013-08-27,10.939114170026087,89.80836950938442
z105_i85,2013,4,2013-08-28,13.473519001920357,89.80836950938442
z105_i85,2013,4,2013-08-29,18.82538580125093,89.80836950938442
z105_i85,2013,4,2013-08-30,4.480044299444273,89.23692960969959
z105_i85,2013,4,2013-08-31,8.53999229069824,88.59276963710045
z105_i85,2013,4,2013-09-01,12.415335558490655,87.86663540928792
z105_i85,2013,4,2013-09-02,16.656791170883256,87.04809507888926
z105_i85,2013,4,2013-09-03,20.24036546528753,86.12538926662153
z105_i85,2013,4,2013-09-04,23.700416364645204,85.08526212276047
z105_i85,2013,4,2013-09-05,13.007831652625594,83.91277088989645
z105_i85,2013,4,2013-09-06,17.71831509435111,82.59107123110303
z105_i85,2013,4,2013-09-07,21.789235288620315,81.10117523948219
z105_i85,2013,4,2013-09-08,26.04030572905803,79.42167865258416
z105_i85,2013,4,2013-09-09,1.2415005496044713,77.52845335278755
z105_i85,2013,4,2013-09-10,0.6142321060806449,75.39430073601442
z105_i85,2013,4,2013-09-11,-2.922532484922408,72.9885609689783
z105_i85,2013,4,2013-09-12,-10.350001459816127,70.27667252144546
z105_i85,2013,4,2013-09-13,-10.55585136237209,67.21967564562684
z105_i85,2013,4,2013-09-14,-3.3510021551811815,63.77365266954658
z105_i85,2013,4,2013-09-15,-14.802941372848704,59.88909706348529
z105_i85,2013,4,2013-09-16,-1.2640158549111664,55.510202215330075
z105_i85,2013,4,2013-09-17,2.7623522432477725,50.574059697179344
z105_i85,2013,4,2013-09-18,4.3472420395667495,45.009755505275564
z105_i85,2013,4,2013-09-19,4.8757492135091045,38.73735128959726
z105_i85,2013,4,2013-09-20,6.040328880156463,31.66673593716841
z105_i85,2013,4,2013-09-21,7.339600021157637,23.696331010610887
z105_i85,2013,4,2013-09-22,4.1162030055368355,14.711631443907663
z105_i85,2013,4,2013-09-23,-10.874423502806618,4.583560530604302
z105_i85,2013,5,2013-05-15,4.849505633337308,0.0
z105_i85,2013,5,2013-05-16,6.871663515200866,0.0
z105_i85,2013,5,2013-05-17,8.384192902385255,0.0
z105_i85,2013,5,2013-05-18,9.782550487496696,0.0
z105_i85,2013,5,2013-05-19,13.018649728853703,0.0
z105_i85,2013,5,2013-05-20,13.407838584095277,0.4875
z105_i85,2013,5,2013-05-21,14.83381123582276,0.5738742470010385
z105_i85,2013,5,2013-05-22,15.829345052768582,0.6755521053764285
z105_i85,2013,5,2013-05-23,16.528924239276616,0.6696845971226566
z105_i85,2013,5,2013-05-24,17.489402572786418,0.6627334394767693
z105_i85,2013,5,2013-05-25,18.28725309482908,0.6547110607372983
z105_i85,2013,5,2013-05-26,18.99997286775211,0.6454538905209796
z105_i85,2013,5,2013-05-27,19.832772172492565,0.6362537120760627
z105_i85,2013,5,2013-05-28,20.452068888917186,0.6328744601035668
z105_i85,2013,5,2013-05-29,15.651591495046691,0.7245554726103287
z105_i85,2013,5,2013-05-30,20.313100149544695,0.7744817801147629
z105_i85,2013,5,2013-05-31,21.1984300129223,0.7716604952288193
z105_i85,2013,5,2013-06-01,21.947930837990324,0.7695732717915685
z105_i85,2013,5,2013-06-02,22.698363352349176,0.7674329650546107
z105_i85,2013,5,2013-06-03,23.527222974213338,0.765187916762339
z105_i85,2013,5,2013-06-04,23.8178674721584,0.8496364086683597
z105_i85,2013,5,2013-06-05,24.248768965999346,0.9059440622485105
z105_i85,2013,5,2013-06-06,24.91078522222663,0.9313134045352356
z105_i85,2013,5,2013-06-07,10.819143616138861,1.0963215974351423
z105_i85,2013,5,2013-06-08,15.465070906013024,1.2800141650059809
z105_i85,2013,5,2013-06-09,18.13967976077124,1.459313129363921
z105_i85,2013,5,2013-06-10,19.929634264030415,1.647600577283171
z105_i85,2013,5,2013-06-11,21.763310443887082,1.808056943254556
z105_i85,2013,5,2013-06-12,23.242495340879127,1.9630454731002394
z105_i85,2013,5,2013-06-13,10.467942364310687,2.3108538311880977
z105_i85,2013,5,2013-06-14,16.000133102390475,2.7150308426548118
z105_i85,2013,5,2013-06-15,18.545058391805036,3.1186379785794593
z105_i85,2013,5,2013-06-16,20.258351535478916,3.5730004552753094
z105_i85,2013,5,2013-06-17,21.715693921536708,4.073283722755324
z105_i85,2013,5,2013-06-18,23.168940009691546,4.603140273499221
z105_i85,2013,5,2013-06-19,24.859330725460765,5.098366341684306
z105_i85,2013,5,2013-06-20,13.13911002077989,6.001684400552863
z105_i85,2013,5,2013-06-21,17.521510649588045,7.060340649557055
z105_i85,2013,5,2013-06-22,20.166768528674837,8.168053984742315
z105_i85,2013,5,2013-06-23,22.399710410955688,9.380318101952872
z105_i85,2013,5,2013-06-24,24.8927585287421,10.70812743989671
z105_i85,2013,5,2013-06-25,27.070243132245228,12.112839201466238
z105_i85,2013,5,2013-06-26,19.8698395459548,14.25896712981764
z105_i85,2013,5,2013-06-27,25.28636183010962,16.258842253154466
z105_i85,2013,5,2013-06-28,28.670429623306,18.316715534140577
z105_i85,2013,5,2013-06-29,31.310121475738715,20.61945544674595
z105_i85,2013,5,2013-06-30,33.83758301123204,23.04767604853125
z105_i85,2013,5,2013-07-01,25.11190766336385,27.131215871743063
z105_i85,2013,5,2013-07-02,31.193380291796966,30.99670727656369
z105_i85,2013,5,2013-07-03,35.03210626226743,34.7107772221178
z105_i85,2013,5,2013-07-04,39.322897788925296,38.07764022671659
z105_i85,2013,5,2013-07-05,20.339866345710078,44.82415817986345
z105_i85,2013,5,2013-07-06,26.31540654002982,52.13937015407362
z105_i85,2013,5,2013-07-07,31.42560716254495,57.48689299968981
z105_i85,2013,5,2013-07-08,36.771814707769764,61.48449479071974
z105_i85,2013,5,2013-07-09,42.26305279256743,64.28972789488019
z105_i85,2013,5,2013-07-10,17.130694903757842,68.71147581664297
z105_i85,2013,5,2013-07-11,26.235410576483574,72.4631298165513
z105_i85,2013,5,2013-07-12,24.4441376511728,75.64466580348991
z105_i85,2013,5,2013-07-13,23.013592020126335,78.34082791764608
z105_i85,2013,5,2013-07-14,27.282988852963413,80.62337666529562
z105_i85,2013,5,2013-07-15,31.998878644821065,82.33964129321735
z105_i85,2013,5,2013-07-16,13.803998205357797,83.993318066911
z105_i85,2013,5,2013-07-17,21.804817980698104,85.3841479670935
z105_i85,2013,5,2013-07-18,25.05469673745955,86.52109352067609
z105_i85,2013,5,2013-07-19,12.177630313155987,87.49233112002818
z105_i85,2013,5,2013-07-20,17.893064200182494,88.29162701661629
z105_i85,2013,5,2013-07-21,22.87487178595304,88.91579628790026
z105_i85,2013,5,2013-07-22,29.174688957748458,89.36590954085693
z105_i85,2013,5,2013-07-23,34.83135678383224,89.68098950394501
z105_i85,2013,5,2013-07-24,7.366304929666255,89.94573950060763
z105_i85,2013,5,2013-07-25,10.32690062065327,89.94573950060763
z105_i85,2013,5,2013-07-26,15.900653658139557,89.94573950060763
z105_i85,2013,5,2013-07-27,18.714459986008922,89.94573950060763
z105_i85,2013,5,2013-07-28,20.628278960761627,89.94573950060763
z105_i85,2013,5,2013-07-29,-13.765423532422218,89.94573950060763
z105_i85,2013,5,2013-07-30,3.19930843423423,89.94573950060763
z105_i85,2013,5,2013-07-31,10.767753182180796,89.94573950060763
z105_i85,2013,5,2013-08-01,15.453547586333613,89.94573950060763
z105_i85,2013,5,2013-08-02,-4.102748558210748,89.94573950060763
z105_i85,2013,5,2013-08-03,-14.243715704421197,89.94573950060763
z105_i85,2013,5,2013-08-04,2.485161929045195,89.94573950060763
z105_i85,2013,5,2013-08-05,9.439369153000657,89.94573950060763
z105_i85,2013,5,2013-08-06,14.813033206065365,89.94573950060763
z105_i85,2013,5,2013-08-07,-2.2921681265927796,89.94573950060763
z105_i85,2013,5,2013-08-08,1.9486510111888253,89.94573950060763
z105_i85,2013,5,2013-08-09,6.893642962719498,89.94573950060763
z105_i85,2013,5,2013-08-10,12.030231317923098,89.94573950060763
z105_i85,2013,5,2013-08-11,15.68765545431194,89.94573950060763
z105_i85,2013,5,2013-08-12,-6.488691154950868,89.94573950060763
z105_i85,2013,5,2013-08-13,1.5361780397029374,89.94573950060763
z105_i85,2013,5,2013-08-14,6.99285329552939,89.94573950060763
z105_i85,2013,5,2013-08-15,11.683236444910289,89.94573950060763
z105_i85,2013,5,2013-08-16,16.48392041118406,89.94573950060763
z105_i85,2013,5,2013-08-17,21.131000650335604,89.94573950060763
z105_i85,2013,5,2013-08-18,25.328664002374374,89.94573950060763
z105_i85,2013,5,2013-08-19,30.478420833649263,89.94573950060763
z105_i85,2013,5,2013-08-20,35.415592345741636,89.94573950060763
z105_i85,2013,5,2013-08-21,23.22059441511617,89.94573950060763
z105_i85,2013,5,2013-08-22,20.13090661946337,89.94573950060763
z105_i85,2013,5,2013-08-23,24.82198133208991,89.94573950060763
z105_i85,2013,5,2013-08-24,29.177006851646595,89.94573950060763
z105_i85,2013,5,2013-08-25,32.94916525364407,89.94573950060763
z105_i85,2013,5,2013-08-26,25.76568284621483,89.94573950060763
z105_i85,2013,5,2013-08-27,30.703422147379516,89.94573950060763
z105_i85,2013,5,2013-08-28,33.23620510578998,89.94573950060763
z105_i85,2013,5,2013-08-29,38.58601696714819,89.94573950060763
z105_i85,2013,5,2013-08-30,30.33912759452932,89.37342553212014
z105_i85,2013,5,2013-08-31,34.39745623351609,88.72828025881611
z105_i85,2013,5,2013-09-01,38.271224720263255,88.00103534329101
z105_i85,2013,5,2013-09-02,42.5109246310353,87.18124298172178
z105_i85,2013,5,2013-09-03,46.08392430574696,86.2571258077956
z105_i85,2013,5,2013-09-04,49.508260294679175,85.21540769577196
z105_i85,2013,5,2013-09-05,43.91370198476068,84.04112303194769
z105_i85,2013,5,2013-09-06,48.622081612466516,82.71740171446568
z105_i85,2013,5,2013-09-07,52.69114494963599,81.22522679271381
z105_i85,2013,5,2013-09-08,56.940231419890026,79.54316126449481
z105_i85,2013,5,2013-09-09,32.13992315436825,77.64704010605789
z105_i85,2013,5,2013-09-10,31.511733109983165,75.50962311061006
z105_i85,2013,5,2013-09-11,27.974374163559975,73.100203547888
z105_i85,2013,5,2013-09-12,18.55395699747975,70.38416702268411
z105_i85,2013,5,2013-09-13,10.27253037064998,67.32249419476555
z105_i85,2013,5,2013-09-14,9.074773668249733,63.87120021612097
z105_i85,2013,5,2013-09-15,-5.096687898444423,59.980702832334224
z105_i85,2013,5,2013-09-16,-0.5556708117393837,55.59511007005202
z105_i85,2013,5,2013-09-17,2.784824028289218,50.65141727726542
z105_i85,2013,5,2013-09-18,4.343255977085485,45.078601980860135
z105_i85,2013,5,2013-09-19,4.869084133212271,38.796603557907325
z105_i85,2013,5,2013-09-20,6.033063089637304,31.715173062366432
z105_i85,2013,5,2013-09-21,7.33208797927236,23.732576683488922
z105_i85,2013,5,2013-09-22,4.106280801764955,14.7341342094446
z105_i85,2013,5,2013-09-23,-10.887312351216929,4.590571499329102
z105_i85,2013,6,2013-05-15,4.849505633337308,0.0
z105_i85,2013,6,2013-05-16,6.871663515200866,0.0
z105_i85,2013,6,2013-05-17,8.384192902385255,0.0
z105_i85,2013,6,2013-05-18,9.782550487496696,0.0
z105_i85,2013,6,2013-05-19,13.018649728853703,0.0
z105_i85,2013,6,2013-05-20,13.407838584095277,0.4875
z105_i85,2013,6,2013-05-21,14.83381123582276,0.5738742470010385
z105_i85,2013,6,2013-05-22,15.829345052768582,0.6755521053764285
z105_i85,2013,6,2013-05-23,16.528924239276616,0.6696845971226566
z105_i85,2013,6,2013-05-24,17.489402572786418,0.6627334394767693
z105_i85,2013,6,2013-05-25,18.28725309482908,0.6547110607372983
z105_i85,2013,6,2013-05-26,18.99997286775211,0.6454538905209796
z105_i85,2013,6,2013-05-27,19.832772172492565,0.6362537120760627
z105_i85,2013,6,2013-05-28,20.452068888917186,0.6328744601035668
z105_i85,2013,6,2013-05-29,15.651591495046691,0.7245554726103287
z105_i85,2013,6,2013-05-30,20.313100149544695,0.7744817801147629
z105_i85,2013,6,2013-05-31,21.1984300129223,0.7716604952288193
z105_i85,2013,6,2013-06-01,21.947930837990324,0.7695732717915685
z105_i85,2013,6,2013-06-02,22.698363352349176,0.7674329650546107
z105_i85,2013,6,2013-06-03,23.527222974213338,0.765187916762339
z105_i85,2013,6,2013-06-04,23.8178674721584,0.8496364086683597
z105_i85,2013,6,2013-06-05,24.248768965999346,0.9059440622485105
z105_i85,2013,6,2013-06-06,24.91078522222663,0.9313134045352356
z105_i85,2013,6,2013-06-07,10.819143616138861,1.0963215974351423
z105_i85,2013,6,2013-06-08,15.465070906013024,1.2800141650059809
z105_i85,2013,6,2013-06-09,18.13967976077124,1.459313129363921
z105_i85,2013,6,2013-06-10,19.929634264030415,1.647600577283171
z105_i85,2013,6,2013-06-11,21.763310443887082,1.808056943254556
z105_i85,2013,6,2013-06-12,23.242495340879127,1.9630454731002394
z105_i85,2013,6,2013-06-13,10.467942364310687,2.3108538311880977
z105_i85,2013,6,2013-06-14,16.000133102390475,2.7150308426548118
z105_i85,2013,6,2013-06-15,18.545058391805036,3.1186379785794593
z105_i85,2013,6,2013-06-16,20.258351535478916,3.5730004552753094
z105_i85,2013,6,2013-06-17,21.715693921536708,4.073283722755324
z105_i85,2013,6,2013-06-18,23.168940009691546,4.603140273499221
z105_i85,2013,6,2013-06-19,24.859330725460765,5.098366341684306
z105_i85,2013,6,2013-06-20,13.27335293555458,6.001684400552863
z105_i85,2013,6,2013-06-21,17.734464776732338,7.056395790743626
z105_i85,2013,6,2013-06-22,20.388362925454125,8.159482498409385
z105_i85,2013,6,2013-06-23,22.61815022196254,9.364516954720168
z105_i85,2013,6,2013-06-24,25.059119719350456,10.682344544561118
z105_i85,2013,6,2013-06-25,27.207326092339148,12.075842296444247
z105_i85,2013,6,2013-06-26,20.00718727961404,14.215415189282526
z105_i85,2013,6,2013-06-27,25.36365727404732,16.202168920172006
z105_i85,2013,6,2013-06-28,28.726526397853043,18.247101821952928
z105_i85,2013,6,2013-06-29,31.362098224579515,20.53605758061132
z105_i85,2013,6,2013-06-30,33.881460162338286,22.94916266633746
z105_i85,2013,6,2013-07-01,25.256588707259084,27.01524809117693
z105_i85,2013,6,2013-07-02,31.31894958870551,30.851139457623344
z105_i85,2013,6,2013-07-03,35.14111983409178,34.52904373377954
z105_i85,2013,6,2013-07-04,39.40577899674442,37.853582509303166
z105_i85,2013,6,2013-07-05,20.523539145249725,44.560402377062644
z105_i85,2013,6,2013-07-06,26.48795125687847,51.89019889295634
z105_i85,2013,6,2013-07-07,31.55012667939531,57.25193743796372
z105_i85,2013,6,2013-07-08,36.865195559450015,61.25862893521119
z105_i85,2013,6,2013-07-09,42.33745245325847,64.06772534812997
z105_i85,2013,6,2013-07-10,17.205672198824725,68.52042977813288
z105_i85,2013,6,2013-07-11,26.310993366854856,72.29834898130859
z105_i85,2013,6,2013-07-12,24.520057842225537,75.50215879451197
z105_i85,2013,6,2013-07-13,23.089807467440817,78.21719664880088
z105_i85,2013,6,2013-07-14,27.359462948774542,80.51572544333807
z105_i85,2013,6,2013-07-15,32.07211387190218,82.2424038567002
z105_i85,2013,6,2013-07-16,13.777601263172615,83.90785186523134
z105_i85,2013,6,2013-07-17,21.778771335310353,85.30858199841853
z105_i85,2013,6,2013-07-18,25.02891419627907,86.45338716522708
z105_i85,2013,6,2013-07-19,12.15202145404046,87.4315621637687
z105_i85,2013,6,2013-07-20,17.867677692982873,88.23656730669249
z105_i85,2013,6,2013-07-21,22.849681197669653,88.86533704632787
z105_i85,2013,6,2013-07-22,29.148333800623192,89.31883417752721
z105_i85,2013,6,2013-07-23,34.80360507150019,89.63626801479406
z105_i85,2013,6,2013-07-24,7.338740864091543,89.90289172477156
z105_i85,2013,6,2013-07-25,10.29947542691162,89.90289172477156
z105_i85,2013,6,2013-07-26,15.873485387064026,89.90289172477156
z105_i85,2013,6,2013-07-27,18.687671264130312,89.90289172477156
z105_i85,2013,6,2013-07-28,20.6016438935343,89.90289172477156
z105_i85,2013,6,2013-07-29,-13.791949712685888,89.90289172477156
z105_i85,2013,6,2013-07-30,3.1983812828977127,89.90289172477156
z105_i85,2013,6,2013-07-31,10.7682537112156,89.90289172477156
z105_i85,2013,6,2013-08-01,15.454370221431724,89.90289172477156
z105_i85,2013,6,2013-08-02,-3.901567344902703,89.90289172477156
z105_i85,2013,6,2013-08-03,-14.201736378237076,89.90289172477156
z105_i85,2013,6,2013-08-04,2.487531197621727,89.90289172477156
z105_i85,2013,6,2013-08-05,9.440072481448809,89.90289172477156
z105_i85,2013,6,2013-08-06,14.813988342258623,89.90289172477156
z105_i85,2013,6,2013-08-07,-2.1909424348941138,89.90289172477156
z105_i85,2013,6,2013-08-08,1.9757086243503075,89.90289172477156
z105_i85,2013,6,2013-08-09,6.903810575355897,89.90289172477156
z105_i85,2013,6,2013-08-10,12.038515924239212,89.90289172477156
z105_i85,2013,6,2013-08-11,15.696041404308723,89.90289172477156
z105_i85,2013,6,2013-08-12,-6.379958412707847,89.90289172477156
z105_i85,2013,6,2013-08-13,1.553101504960769,89.90289172477156
z105_i85,2013,6,2013-08-14,6.995013403752861,89.90289172477156
z105_i85,2013,6,2013-08-15,11.684563148729247,89.90289172477156
z105_i85,2013,6,2013-08-16,16.48182930756227,89.90289172477156
z105_i85,2013,6,2013-08-17,21.12804093882548,89.90289172477156
z105_i85,2013,6,2013-08-18,25.326120098353453,89.90289172477156
z105_i85,2013,6,2013-08-19,30.473391959650062,89.90289172477156
z105_i85,2013,6,2013-08-20,35.409483907743045,89.90289172477156
z105_i85,2013,6,2013-08-21,26.41499927158399,89.90289172477156
z105_i85,2013,6,2013-08-22,23.325699282372327,89.90289172477156
z105_i85,2013,6,2013-08-23,28.017267920700217,89.90289172477156
z105_i85,2013,6,2013-08-24,32.37276239622467,89.90289172477156
z105_i85,2013,6,2013-08-25,36.14541994446109,89.90289172477156
z105_i85,2013,6,2013-08-26,31.16251316158003,89.90289172477156
z105_i85,2013,6,2013-08-27,36.10081997681069,89.90289172477156
z105_i85,2013,6,2013-08-28,38.63410892741015,89.90289172477156
z105_i85,2013,6,2013-08-29,43.984561889412774,89.90289172477156
z105_i85,2013,6,2013-08-30,47.93815541355727,89.33085039155026
z105_i85,2013,6,2013-08-31,51.99698923949683,88.68601244842334
z105_i85,2013,6,2013-09-01,55.87124899731273,87.95911397317758
z105_i85,2013,6,2013-09-02,60.111496605667405,87.13971213904786
z105_i85,2013,6,2013-09-03,63.6848543912404,86.21603519014772
z105_i85,2013,6,2013-09-04,67.11410572792401,85.1748133251325
z105_i85,2013,6,2013-09-05,71.1873610337283,84.00108805952236
z105_i85,2013,6,2013-09-06,75.39399334441386,82.67799732793128
z105_i85,2013,6,2013-09-07,78.98008347383117,81.18653323892048
z105_i85,2013,6,2013-09-08,82.66602163105554,79.50526900231458
z105_i85,2013,6,2013-09-09,57.86618212898072,77.61005110594215
z105_i85,2013,6,2013-09-10,57.238279474712606,75.47365231952566
z105_i85,2013,6,2013-09-11,53.70110585996367,73.06538054067741
z105_i85,2013,6,2013-09-12,44.280818145600065,70.35063786357395
z105_i85,2013,6,2013-09-13,35.99969827773322,67.29042353576604
z105_i85,2013,6,2013-09-14,34.80240142721553,63.84077366246278
z105_i85,2013,6,2013-09-15,20.63103794604755,59.9521296089251
z105_i85,2013,6,2013-09-16,21.957480792465216,55.56862602726035
z105_i85,2013,6,2013-09-17,23.97800104277718,50.62728827921254
z105_i85,2013,6,2013-09-18,25.339987271823976,45.05712772489866
z105_i85,2013,6,2013-09-19,25.84570768777365,38.77812188015719
z105_i85,2013,6,2013-09-20,27.00790772801395,31.70006479116289
z105_i85,2013,6,2013-09-21,28.306828363220962,23.721271110469097
z105_i85,2013,6,2013-09-22,25.081756090295634,14.727115256871132
z105_i85,2013,6,2013-09-23,10.089086669980027,4.588384672252575
z105_i85,2013,7,2013-05-15,4.849505633337308,0.0
z105_i85,2013,7,2013-05-16,6.871663515200866,0.0
z105_i85,2013,7,2013-05-17,8.384192902385255,0.0
z105_i85,2013,7,2013-05-18,9.782550487496696,0.0
z105_i85,2013,7,2013-05-19,13.018649728853703,0.0
z105_i85,2013,7,2013-05-20,13.407838584095277,0.4875
z105_i85,2013,7,2013-05-21,14.83381123582276,0.5738742470010385
z105_i85,2013,7,2013-05-22,15.829345052768582,0.6755521053764285
z105_i85,2013,7,2013-05-23,16.528924239276616,0.6696845971226566
z105_i85,2013,7,2013-05-24,17.489402572786418,0.6627334394767693
z105_i85,2013,7,2013-05-25,18.28725309482908,0.6547110607372983
z105_i85,2013,7,2013-05-26,18.99997286775211,0.6454538905209796
z105_i85,2013,7,2013-05-27,19.832772172492565,0.6362537120760627
z105_i85,2013,7,2013-05-28,20.452068888917186,0.6328744601035668
z105_i85,2013,7,2013-05-29,15.651591495046691,0.7245554726103287
z105_i85,2013,7,2013-05-30,20.313100149544695,0.7744817801147629
z105_i85,2013,7,2013-05-31,21.1984300129223,0.7716604952288193
z105_i85,2013,7,2013-06-01,21.947930837990324,0.7695732717915685
z105_i85,2013,7,2013-06-02,22.698363352349176,0.7674329650546107
z105_i85,2013,7,2013-06-03,23.527222974213338,0.765187916762339
z105_i85,2013,7,2013-06-04,23.8178674721584,0.8496364086683597
z105_i85,2013,7,2013-06-05,24.248768965999346,0.9059440622485105
z105_i85,2013,7,2013-06-06,24.91078522222663,0.9313134045352356
z105_i85,2013,7,2013-06-07,11.61914361613886,1.0963215974351423
z105_i85,2013,7,2013-06-08,16.344467936213462,1.2713852613119074
z105_i85,2013,7,2013-06-09,18.97238250493,1.4429623571586578
z105_i85,2013,7,2013-06-10,20.711418476670143,1.620830836487384
z105_i85,2013,7,2013-06-11,22.481342434671912,1.766532925368762
z105_i85,2013,7,2013-06-12,23.904494898977386,1.904707502926369
z105_i85,2013,7,2013-06-13,11.130572615058728,2.24217965948533
z105_i85,2013,7,2013-06-14,16.6143461096029,2.6254509248016453
z105_i85,2013,7,2013-06-15,19.105715251354553,3.0092500035677747
z105_i85,2013,7,2013-06-16,20.777769477735617,3.440486963486607
z105_i85,2013,7,2013-06-17,22.19730688042421,3.913827774895139
z105_i85,2013,7,2013-06-18,23.609426746438103,4.4126248416745435
z105_i85,2013,7,2013-06-19,25.267919142621686,4.874084103647564
z105_i85,2013,7,2013-06-20,13.635716168857043,5.737664297026622
z105_i85,2013,7,2013-06-21,17.954099593201875,6.741597873610264
z105_i85,2013,7,2013-06-22,20.5504827229978,7.791577058332573
z105_i85,2013,7,2013-06-23,22.73549381534423,8.938076016163093
z105_i85,2013,7,2013-06-24,25.131025358562887,10.192148505057792
z105_i85,2013,7,2013-06-25,27.234026235881405,11.518402417487057
z105_i85,2013,7,2013-06-26,23.037893604458407,13.55920925946734
z105_i85,2013,7,2013-06-27,27.34779016223368,15.291921854546361
z105_i85,2013,7,2013-06-28,30.299632397817696,17.077130520644218
z105_i85,2013,7,2013-06-29,32.75952743615696,19.088681968615653
z105_i85,2013,7,2013-06-30,35.09236627976185,21.186651375843034
z105_i85,2013,7,2013-07-01,29.482070451017655,24.94045867648295
z105_i85,2013,7,2013-07-02,35.08598363712269,28.086200003835664
z105_i85,2013,7,2013-07-03,38.50619026307162,30.871676376778467
z105_i85,2013,7,2013-07-04,42.39155079217583,33.15219468475637
z105_i85,2013,7,2013-07-05,27.026509431944294,39.026032330556696
z105_i85,2013,7,2013-07-06,32.85147510580563,45.94058444540803
z105_i85,2013,7,2013-07-07,37.578342995548674,51.60069226096864
z105_i85,2013,7,2013-07-08,42.52941939828526,55.08798336263197
z105_i85,2013,7,2013-07-09,47.59449953438054,57.10269592228674
z105_i85,2013,7,2013-07-10,29.581424021486818,62.52661889896891
z105_i85,2013,7,2013-07-11,38.70623810137563,67.12857330494329
z105_i85,2013,7,2013-07-12,36.9261134492941,71.03119426978066
z105_i85,2013,7,2013-07-13,35.50526089089003,74.33843292258963
z105_i85,2013,7,2013-07-14,39.783111301091466,77.1380347203415
z105_i85,2013,7,2013-07-15,28.110388340724192,79.50501858265699
z105_i85,2013,7,2013-07-16,36.126271636725576,81.50184518420332
z105_i85,2013,7,2013-07-17,44.140561739196315,82.48763109244703
z105_i85,2013,7,2013-07-18,47.403081863651664,83.28815067846237
z105_i85,2013,7,2013-07-19,37.53431883539664,84.59064543830691
z105_i85,2013,7,2013-07-20,43.26071186926723,85.57897522582323
z105_i85,2013,7,2013-07-21,48.15330222112107,86.07691944033924
z105_i85,2013,7,2013-07-22,54.23278234779699,86.31159786896785
z105_i85,2013,7,2013-07-23,59.759862023579934,86.40230635894352
z105_i85,2013,7,2013-07-24,46.40854241813405,86.8044245958138
z105_i85,2013,7,2013-07-25,49.379316922300156,86.8044245958138
z105_i85,2013,7,2013-07-26,54.971858741409974,86.8044245958138
z105_i85,2013,7,2013-07-27,57.813627807063796,86.8044245958138
z105_i85,2013,7,2013-07-28,59.73871955637165,86.8044245958138
z105_i85,2013,7,2013-07-29,9.252989127520078,86.8044245958138
z105_i85,2013,7,2013-07-30,14.813868254627906,86.8044245958138
z105_i85,2013,7,2013-07-31,20.855622652076306,86.8044245958138
z105_i85,2013,7,2013-08-01,25.53809343540868,86.8044245958138
z105_i85,2013,7,2013-08-02,1.1333761646997604,86.8044245958138
z105_i85,2013,7,2013-08-03,-11.82141812781463,86.8044245958138
z105_i85,2013,7,2013-08-04,2.566493366518478,86.8044245958138
z105_i85,2013,7,2013-08-05,9.561651811870394,86.8044245958138
z105_i85,2013,7,2013-08-06,14.962100651011328,86.8044245958138
z105_i85,2013,7,2013-08-07,-2.022514169790149,86.8044245958138
z105_i85,2013,7,2013-08-08,2.0417467463128403,86.8044245958138
z105_i85,2013,7,2013-08-09,6.972028626949959,86.8044245958138
z105_i85,2013,7,2013-08-10,12.130624083036404,86.8044245958138
z105_i85,2013,7,2013-08-11,15.809393048150902,86.8044245958138
z105_i85,2013,7,2013-08-12,-6.340416355732184,86.8044245958138
z105_i85,2013,7,2013-08-13,1.585701792595416,86.8044245958138
z105_i85,2013,7,2013-08-14,7.05067892176996,86.8044245958138
z105_i85,2013,7,2013-08-15,11.752730448731178,86.8044245958138
z105_i85,2013,7,2013-08-16,3.4734583397016774,86.8044245958138
z105_i85,2013,7,2013-08-17,8.354732004703056,86.8044245958138
z105_i85,2013,7,2013-08-18,12.562465528916437,86.8044245958138
z105_i85,2013,7,2013-08-19,17.69303572678272,86.8044245958138
z105_i85,2013,7,2013-08-20,22.593406637267417,86.8044245958138
z105_i85,2013,7,2013-08-21,-0.5641974334651076,86.8044245958138
z105_i85,2013,7,2013-08-22,-3.599447285990702,86.8044245958138
z105_i85,2013,7,2013-08-23,3.7149697882927075,86.8044245958138
z105_i85,2013,7,2013-08-24,8.752628788297045,86.8044245958138
z105_i85,2013,7,2013-08-25,12.650577495530328,86.8044245958138
z105_i85,2013,7,2013-08-26,-2.4814912319601183,86.8044245958138
z105_i85,2013,7,2013-08-27,4.245020930978079,86.8044245958138
z105_i85,2013,7,2013-08-28,7.275498630211304,86.8044245958138
z105_i85,2013,7,2013-08-29,12.73738421237391,86.8044245958138
z105_i85,2013,7,2013-08-30,-7.568671079320794,86.2520984378598
z105_i85,2013,7,2013-08-31,2.1984139373893106,85.6294845759827
z105_i85,2013,7,2013-09-01,7.386301110304718,84.9276383653352
z105_i85,2013,7,2013-09-02,11.833219953914941,84.13647688699103
z105_i85,2013,7,2013-09-03,15.417329665320574,83.24463409391211
z105_i85,2013,7,2013-09-04,18.865175233836798,82.23929752313836
z105_i85,2013,7,2013-09-05,5.215834366721659,81.10602422836195
z105_i85,2013,7,2013-09-06,9.97235368164094,79.8285332885219
z105_i85,2013,7,2013-09-07,14.083955298353382,78.38847191153918
z105_i85,2013,7,2013-09-08,18.378560438177907,76.76515177297367
z105_i85,2013,7,2013-09-09,-6.387204124582634,74.93525180176988
z105_i85,2013,7,2013-09-10,-2.2595661454754854,72.8724831432287
z105_i85,2013,7,2013-09-11,-3.9243415411282077,70.54721148596947
z105_i85,2013,7,2013-09-12,-10.447084938543576,67.92603132712554
z105_i85,2013,7,2013-09-13,-10.537692951275284,64.9712860595488
z105_i85,2013,7,2013-09-14,-3.315280832435059,61.64052698646104
z105_i85,2013,7,2013-09-15,-14.78605607288408,57.8859034916056
z105_i85,2013,7,2013-09-16,-1.2388149744248653,53.65347560391338
z105_i85,2013,7,2013-09-17,2.8261696296366927,48.88243908079474
z105_i85,2013,7,2013-09-18,4.446379881517517,43.504251877387055
z105_i85,2013,7,2013-09-19,5.020974774573562,37.4416494523712
z105_i85,2013,7,2013-09-20,6.1983070919868,30.60753476396482
z105_i85,2013,7,2013-09-21,7.502663673736117,22.903727009464035
z105_i85,2013,7,2013-09-22,4.332379729292173,14.219551132376749
z105_i85,2013,7,2013-09-23,-10.63772922182758,4.430247833612097
z105_i85,2013,8,2013-05-15,4.849505633337308,0.0
z105_i85,2013,8,2013-05-16,6.871663515200866,0.0
z105_i85,2013,8,2013-05-17,8.384192902385255,0.0
z105_i85,2013,8,2013-05-18,9.782550487496696,0.0
z105_i85,2013,8,2013-05-19,13.018649728853703,0.0
z105_i85,2013,8,2013-05-20,13.407838584095277,0.4875
z105_i85,2013,8,2013-05-21,14.83381123582276,0.5738742470010385
z105_i85,2013,8,2013-05-22,15.829345052768582,0.6755521053764285
z105_i85,2013,8,2013-05-23,16.528924239276616,0.6696845971226566
z105_i85,2013,8,2013-05-24,17.489402572786418,0.6627334394767693
z105_i85,2013,8,2013-05-25,18.28725309482908,0.6547110607372983
z105_i85,2013,8,2013-05-26,18.99997286775211,0.6454538905209796
z105_i85,2013,8,2013-05-27,19.832772172492565,0.6362537120760627
z105_i85,2013,8,2013-05-28,20.452068888917186,0.6328744601035668
z105_i85,2013,8,2013-05-29,15.651591495046691,0.7245554726103287
z105_i85,2013,8,2013-05-30,20.313100149544695,0.7744817801147629
z105_i85,2013,8,2013-05-31,21.1984300129223,0.7716604952288193
z105_i85,2013,8,2013-06-01,21.947930837990324,0.7695732717915685
z105_i85,2013,8,2013-06-02,22.698363352349176,0.7674329650546107
z105_i85,2013,8,2013-06-03,23.527222974213338,0.765187916762339
z105_i85,2013,8,2013-06-04,23.8178674721584,0.8496364086683597
z105_i85,2013,8,2013-06-05,24.248768965999346,0.9059440622485105
z105_i85,2013,8,2013-06-06,24.91078522222663,0.9313134045352356
z105_i85,2013,8,2013-06-07,9.819143616138861,1.0963215974351423
z105_i85,2013,8,2013-06-08,14.673373694812003,1.2875756626330825
z105_i85,2013,8,2013-06-09,17.45888999499839,1.4733256374910126
z105_i85,2013,8,2013-06-10,19.315474749136836,1.6698238228480384
z105_i85,2013,8,2013-06-11,21.215650303945313,1.8417361303829256
z105_i85,2013,8,2013-06-12,22.746327350650606,2.0095593680455774
z105_i85,2013,8,2013-06-13,8.473873698949262,2.365608962340592
z105_i85,2013,8,2013-06-14,13.937730209897868,2.784742691204339
z105_i85,2013,8,2013-06-15,16.56301340164024,3.2188629380771787
z105_i85,2013,8,2013-06-16,18.349035721766185,3.7119407524412473
z105_i85,2013,8,2013-06-17,19.8767306391611,4.261414092753647
z105_i85,2013,8,2013-06-18,21.407818600534924,4.853850458646406
z105_i85,2013,8,2013-06-19,23.181436921518852,5.429547373776674
z105_i85,2013,8,2013-06-20,11.501900430136551,6.391543406528316
z105_i85,2013,8,2013-06-21,16.071159795929987,7.523983917119772
z105_i85,2013,8,2013-06-22,18.824042508175744,8.732154113055088
z105_i85,2013,8,2013-06-23,21.151957179235257,10.064615794299833
z105_i85,2013,8,2013-06-24,23.847033556230585,11.533967615945816
z105_i85,2013,8,2013-06-25,26.16799230265376,13.099976052738555
z105_i85,2013,8,2013-06-26,21.960721936861912,15.396493220941387
z105_i85,2013,8,2013-06-27,26.70468029070038,17.434268494788682
z105_i85,2013,8,2013-06-28,29.910318088902983,19.5254552430509
z105_i85,2013,8,2013-06-29,32.61656453263342,21.864068713831045
z105_i85,2013,8,2013-06-30,35.19506759932685,24.284430499728078
z105_i85,2013,8,2013-07-01,29.55993779782468,28.50750500069384
z105_i85,2013,8,2013-07-02,35.727285074205305,32.09203679732697
z105_i85,2013,8,2013-07-03,39.48179836716023,35.1471744874563
z105_i85,2013,8,2013-07-04,43.724671771360875,37.487811243666535
z105_i85,2013,8,2013-07-05,28.343729529936795,44.129824511130664
z105_i85,2013,8,2013-07-06,34.26861550291916,51.47729800249808
z105_i85,2013,8,2013-07-07,39.160899173941985,56.43635321272108
z105_i85,2013,8,2013-07-08,44.30387139305527,59.211495989806615
z105_i85,2013,8,2013-07-09,49.55760799440284,60.58056697123001
z105_i85,2013,8,2013-07-10,31.535048145806897,65.51952819697406
z105_i85,2013,8,2013-07-11,40.65000579381333,69.7100143951488
z105_i85,2013,8,2013-07-12,38.86442713840455,73.26369568947612
z105_i85,2013,8,2013-07-13,37.43884863415451,76.2752287700025
z105_i85,2013,8,2013-07-14,41.71258700851815,78.82476799294795
z105_i85,2013,8,2013-07-15,30.736415045722282,80.98008406894874
z105_i85,2013,8,2013-07-16,38.746686372063856,82.79834423701286
z105_i85,2013,8,2013-07-17,46.75527348411087,83.71152568222877
z105_i85,2013,8,2013-07-18,50.01372491289508,84.32682107137775
z105_i85,2013,8,2013-07-19,40.14229166902847,85.52289050240046
z105_i85,2013,8,2013-07-20,45.86519835475217,86.44161587699877
z105_i85,2013,8,2013-07-21,50.77735622419952,86.83751008289437
z105_i85,2013,8,2013-07-22,56.8824026313941,86.99550909988886
z105_i85,2013,8,2013-07-23,62.43087367483741,87.03750963177495
z105_i85,2013,8,2013-07-24,49.076897186759204,87.413014514471
z105_i85,2013,8,2013-07-25,52.04569974052058,87.413014514471
z105_i85,2013,8,2013-07-26,57.6346084762663,87.413014514471
z105_i85,2013,8,2013-07-27,60.470937243530166,87.413014514471
z105_i85,2013,8,2013-07-28,62.39384342791776,87.413014514471
z105_i85,2013,8,2013-07-29,11.906570007865346,87.413014514471
z105_i85,2013,8,2013-07-30,17.46351919916687,87.413014514471
z105_i85,2013,8,2013-07-31,23.500822416417293,87.413014514471
z105_i85,2013,8,2013-08-01,28.179734058114967,87.413014514471
z105_i85,2013,8,2013-08-02,3.770049309623001,87.413014514471
z105_i85,2013,8,2013-08-03,-9.188996448909773,87.413014514471
z105_i85,2013,8,2013-08-04,2.6231200983404475,87.413014514471
z105_i85,2013,8,2013-08-05,9.555010266374248,87.413014514471
z105_i85,2013,8,2013-08-06,14.950129660214468,87.413014514471
z105_i85,2013,8,2013-08-07,-2.1384865823131265,87.413014514471
z105_i85,2013,8,2013-08-08,2.006469700846115,87.413014514471
z105_i85,2013,8,2013-08-09,6.95057773435279,87.413014514471
z105_i85,2013,8,2013-08-10,12.10637828602596,87.413014514471
z105_i85,2013,8,2013-08-11,15.781429135413195,87.413014514471
z105_i85,2013,8,2013-08-12,-6.373493329763657,87.413014514471
z105_i85,2013,8,2013-08-13,1.5753930705956662,87.413014514471
z105_i85,2013,8,2013-08-14,7.039439126428749,87.413014514471
z105_i85,2013,8,2013-08-15,11.741455456756285,87.413014514471
z105_i85,2013,8,2013-08-16,6.556128923067297,87.413014514471
z105_i85,2013,8,2013-08-17,11.431193429746669,87.413014514471
z105_i85,2013,8,2013-08-18,15.617880379942394,87.413014514471
z105_i85,2013,8,2013-08-19,20.71359111720154,87.413014514471
z105_i85,2013,8,2013-08-20,25.600463272085044,87.413014514471
z105_i85,2013,8,2013-08-21,7.535651717688913,87.413014514471
z105_i85,2013,8,2013-08-22,4.469528488673439,87.413014514471
z105_i85,2013,8,2013-08-23,9.189647453664474,87.413014514471
z105_i85,2013,8,2013-08-24,13.572247578485477,87.413014514471
z105_i85,2013,8,2013-08-25,17.37375438665578,87.413014514471
z105_i85,2013,8,2013-08-26,6.324115557588325,87.413014514471
z105_i85,2013,8,2013-08-27,11.295220123721995,87.413014514471
z105_i85,2013,8,2013-08-28,13.857750099558022,87.413014514471
z105_i85,2013,8,2013-08-29,19.245250399675243,87.413014514471
z105_i85,2013,8,2013-08-30,5.026762811275195,86.85681597174967
z105_i85,2013,8,2013-08-31,9.114820161019233,86.22983693469493
z105_i85,2013,8,2013-09-01,13.017515682199726,85.52307004713221
z105_i85,2013,8,2013-09-02,17.28948654183161,84.72636169831466
z105_i85,2013,8,2013-09-03,20.841252063513068,83.82826615331183
z105_i85,2013,8,2013-09-04,24.262591431250925,82.815881120381
z105_i85,2013,8,2013-09-05,13.60439594882317,81.67466239303597
z105_i85,2013,8,2013-09-06,18.35157582206166,80.3882149039096
z105_i85,2013,8,2013-09-07,22.454922402412375,78.93805718863123
z105_i85,2013,8,2013-09-08,26.74068359472731,77.30335587594142
z105_i85,2013,8,2013-09-09,1.9681979902840896,75.46062638965459
z105_i85,2013,8,2013-09-10,1.3571080414811312,73.38339556267034
z105_i85,2013,8,2013-09-11,-2.169206386449976,71.0418213160519
z105_i85,2013,8,2013-09-12,-10.217991273100525,68.40226393937508
z105_i85,2013,8,2013-09-13,-10.5290811342021,65.42680281324135
z105_i85,2013,8,2013-09-14,-3.3222615462606546,62.07269163105551
z105_i85,2013,8,2013-09-15,-14.789517305014273,58.29174429363142
z105_i85,2013,8,2013-09-16,-1.2439994827188618,54.02964265421647
z105_i85,2013,8,2013-09-17,2.813035214767419,49.22515616880574
z105_i85,2013,8,2013-09-18,4.426164840887577,43.80926224102445
z105_i85,2013,8,2013-09-19,4.991637937302117,37.704154624206765
z105_i85,2013,8,2013-09-20,6.166427940287515,30.822125635098825
z105_i85,2013,8,2013-09-21,7.469802315804429,23.064306120754043
z105_i85,2013,8,2013-09-22,4.288694530830397,14.319245076634687
z105_i85,2013,8,2013-09-23,-10.694618823400532,4.461308510314325
z105_i85,2013,9,2013-05-15,4.849505633337308,0.0
z105_i85,2013,9,2013-05-16,6.871663515200866,0.0
z105_i85,2013,9,2013-05-17,8.384192902385255,0.0
z105_i85,2013,9,2013-05-18,9.782550487496696,0.0
z105_i85,2013,9,2013-05-19,13.018649728853703,0.0
z105_i85,2013,9,2013-05-20,13.407838584095277,0.4875
z105_i85,2013,9,2013-05-21,14.83381123582276,0.5738742470010385
z105_i85,2013,9,2013-05-22,15.829345052768582,0.6755521053764285
z105_i85,2013,9,2013-05-23,16.528924239276616,0.6696845971226566
z105_i85,2013,9,2013-05-24,17.489402572786418,0.6627334394767693
z105_i85,2013,9,2013-05-25,18.28725309482908,0.6547110607372983
z105_i85,2013,9,2013-05-26,18.99997286775211,0.6454538905209796
z105_i85,2013,9,2013-05-27,19.832772172492565,0.6362537120760627
z105_i85,2013,9,2013-05-28,20.452068888917186,0.6328744601035668
z105_i85,2013,9,2013-05-29,15.651591495046691,0.7245554726103287
z105_i85,2013,9,2013-05-30,20.313100149544695,0.7744817801147629
z105_i85,2013,9,2013-05-31,21.1984300129223,0.7716604952288193
z105_i85,2013,9,2013-06-01,21.947930837990324,0.7695732717915685
z105_i85,2013,9,2013-06-02,22.698363352349176,0.7674329650546107
z105_i85,2013,9,2013-06-03,23.527222974213338,0.765187916762339
z105_i85,2013,9,2013-06-04,23.8178674721584,0.8496364086683597
z105_i85,2013,9,2013-06-05,24.248768965999346,0.9059440622485105
z105_i85,2013,9,2013-06-06,24.91078522222663,0.9313134045352356
z105_i85,2013,9,2013-06-07,9.719143616138862,1.0963215974351423
z105_i85,2013,9,2013-06-08,14.454205996185072,1.2881788673007502
z105_i85,2013,9,2013-06-09,17.22358395079935,1.475434704872645
z105_i85,2013,9,2013-06-10,19.08362240509955,1.6742775443665288
z105_i85,2013,9,2013-06-11,20.994785635694914,1.8499633809334126
z105_i85,2013,9,2013-06-12,22.50726835686358,2.02239101797817
z105_i85,2013,9,2013-06-13,8.334716557619156,2.3807140976079713
z105_i85,2013,9,2013-06-14,13.83700216416108,2.802524123260577
z105_i85,2013,9,2013-06-15,16.471993729958296,3.240302267553224
z105_i85,2013,9,2013-06-16,18.26327177357423,3.7376619164202753
z105_i85,2013,9,2013-06-17,19.795148950628036,4.292226598809916
z105_i85,2013,9,2013-06-18,21.330703249626254,4.890477972419439
z105_i85,2013,9,2013-06-19,23.110295757900012,5.472792214787446
z105_i85,2013,9,2013-06-20,11.431009929745958,6.442450279495983
z105_i85,2013,9,2013-06-21,16.003191471483287,7.5834827539019445
z105_i85,2013,9,2013-06-22,18.75988735163732,8.802462109630548
z105_i85,2013,9,2013-06-23,21.09265070603689,10.147465579934991
z105_i85,2013,9,2013-06-24,23.79258886042468,11.630966345016898
z105_i85,2013,9,2013-06-25,26.120549561803042,13.213066740331142
z105_i85,2013,9,2013-06-26,21.912518392674617,15.523487043851588
z105_i85,2013,9,2013-06-27,26.675730120021008,17.5812217076585
z105_i85,2013,9,2013-06-28,29.894699541120524,19.692615534645665
z105_i85,2013,9,2013-06-29,32.616315457894984,22.052236146865223
z105_i85,2013,9,2013-06-30,35.21095519483119,24.493428148319456
z105_i85,2013,9,2013-07-01,29.574250361631094,28.739037485697423
z105_i85,2013,9,2013-07-02,35.77732086063565,32.352682161708415
z105_i85,2013,9,2013-07-03,39.564846451295615,35.42251215010952
z105_i85,2013,9,2013-07-04,43.840237763198694,37.759325655800964
z105_i85,2013,9,2013-07-05,28.958331661826225,44.44944528818416
z105_i85,2013,9,2013-07-06,34.86738577175838,51.784530323239764
z105_i85,2013,9,2013-07-07,39.764699720429,56.72152194387945
z105_i85,2013,9,2013-07-08,44.91073634769268,59.33981944079463
z105_i85,2013,9,2013-07-09,50.161095839003195,60.549629367747315
z105_i85,2013,9,2013-07-10,32.03861906073718,65.49290459885376
z105_i85,2013,9,2013-07-11,41.153663283182965,69.68705103631844
z105_i85,2013,9,2013-07-12,39.368132643997285,73.24383634370825
z105_i85,2013,9,2013-07-13,37.942595880967644,76.25799989029106
z105_i85,2013,9,2013-07-14,42.216370651347276,78.80976604424016
z105_i85,2013,9,2013-07-15,30.040229265032085,80.96696471147511
z105_i85,2013,9,2013-07-16,38.05055039911282,82.78681306453537
z105_i85,2013,9,2013-07-17,46.05912108899094,83.71505528373044
z105_i85,2013,9,2013-07-18,49.31743707166419,84.361430803843
z105_i85,2013,9,2013-07-19,39.44591489846651,85.55395401637027
z105_i85,2013,9,2013-07-20,45.16869377574435,86.47324685273679
z105_i85,2013,9,2013-07-21,50.08405022939466,86.88472422584884
z105_i85,2013,9,2013-07-22,56.195662401417934,87.05754931217866
z105_i85,2013,9,2013-07-23,61.7422218227841,87.10950351065303
z105_i85,2013,9,2013-07-24,48.38794410627985,87.48199203830353
z105_i85,2013,9,2013-07-25,51.356523166486525,87.48199203830353
z105_i85,2013,9,2013-07-26,56.94501992986457,87.48199203830353
z105_i85,2013,9,2013-07-27,59.78073282433723,87.48199203830353
z105_i85,2013,9,2013-07-28,61.70339135668221,87.48199203830353
z105_i85,2013,9,2013-07-29,11.115943015224424,87.48199203830353
z105_i85,2013,9,2013-07-30,16.672446462897906,87.48199203830353
z105_i85,2013,9,2013-07-31,22.70924479018137,87.48199203830353
z105_i85,2013,9,2013-08-01,27.387752705453487,87.48199203830353
z105_i85,2013,9,2013-08-02,2.977504453223744,87.48199203830353
z105_i85,2013,9,2013-08-03,-9.98202360534909,87.48199203830353
z105_i85,2013,9,2013-08-04,2.6004505029219493,87.48199203830353
z105_i85,2013,9,2013-08-05,9.55396310378166,87.48199203830353
z105_i85,2013,9,2013-08-06,14.948742421492936,87.48199203830353
z105_i85,2013,9,2013-08-07,-2.1403011853531386,87.48199203830353
z105_i85,2013,9,2013-08-08,2.0055025209859125,87.48199203830353
z105_i85,2013,9,2013-08-09,6.9492255214803595,87.48199203830353
z105_i85,2013,9,2013-08-10,12.104451748074661,87.48199203830353
z105_i85,2013,9,2013-08-11,15.779054117664497,87.48199203830353
z105_i85,2013,9,2013-08-12,-6.376450259810987,87.48199203830353
z105_i85,2013,9,2013-08-13,1.574348267267656,87.48199203830353
z105_i85,2013,9,2013-08-14,7.038175097099686,87.48199203830353
z105_i85,2013,9,2013-08-15,11.74017790333829,87.48199203830353
z105_i85,2013,9,2013-08-16,16.43315992762462,87.48199203830353
z105_i85,2013,9,2013-08-17,21.031875618346486,87.48199203830353
z105_i85,2013,9,2013-08-18,25.204779284609025,87.48199203830353
z105_i85,2013,9,2013-08-19,30.26180108004793,87.48199203830353
z105_i85,2013,9,2013-08-20,35.136391083056715,87.48199203830353
z105_i85,2013,9,2013-08-21,22.970761509554848,87.48199203830353
z105_i85,2013,9,2013-08-22,19.903261059664782,87.48199203830353
z105_i85,2013,9,2013-08-23,24.62259305199207,87.48199203830353
z105_i85,2013,9,2013-08-24,29.004446062576584,87.48199203830353
z105_i85,2013,9,2013-08-25,32.805157734833294,87.48199203830353
z105_i85,2013,9,2013-08-26,25.754602024601958,87.48199203830353
z105_i85,2013,9,2013-08-27,30.724802708152517,87.48199203830353
z105_i85,2013,9,2013-08-28,33.28652685621702,87.48199203830353
z105_i85,2013,9,2013-08-29,38.6730062427713,87.48199203830353
z105_i85,2013,9,2013-08-30,30.45374892904646,86.92535459985885
z105_i85,2013,9,2013-08-31,34.54100016080896,86.29788081426224
z105_i85,2013,9,2013-09-01,38.44291083544599,85.59055621764325
z105_i85,2013,9,2013-09-02,42.714005542016054,84.79321918705077
z105_i85,2013,9,2013-09-03,46.243354549584936,83.89441495573612
z105_i85,2013,9,2013-09-04,49.625243732361895,82.88123105077091
z105_i85,2013,9,2013-09-05,43.966058559648445,81.73911178884987
z105_i85,2013,9,2013-09-06,48.712181328721854,80.45164916527433
z105_i85,2013,9,2013-09-07,52.81459281415634,79.00034713196823
z105_i85,2013,9,2013-09-08,57.09935243112016,77.36435587807937
z105_i85,2013,9,2013-09-09,32.32610595124846,75.5201722957662
z105_i85,2013,9,2013-09-10,31.714547209002973,73.44130232797814
z105_i85,2013,9,2013-09-11,28.187929541406973,71.0978803474233
z105_i85,2013,9,2013-09-12,18.775034665498833,68.45624009861503
z105_i85,2013,9,2013-09-13,10.511438168075577,65.47843103903135
z105_i85,2013,9,2013-09-14,9.340456294772144,62.12167313100851
z105_i85,2013,9,2013-09-15,-4.82527731568157,58.33774225175684
z105_i85,2013,9,2013-09-16,-0.5091703816053366,54.072277392127575
z105_i85,2013,9,2013-09-17,2.8380039353454385,49.263999691153685
z105_i85,2013,9,2013-09-18,4.424417475544992,43.84383208679739
z105_i85,2013,9,2013-09-19,4.988319187752668,37.7339069355602
z105_i85,2013,9,2013-09-20,6.162812922198036,30.846447344141474
z105_i85,2013,9,2013-09-21,7.466074002076873,23.082506142043343
z105_i85,2013,9,2013-09-22,4.283741477678331,14.33054437884988
z105_i85,2013,9,2013-09-23,-10.70106761136368,4.464828924474691
z105_i85,2013,10,2013-05-15,4.849505633337308,0.0
z105_i85,2013,10,2013-05-16,6.871663515200866,0.0
z105_i85,2013,10,2013-05-17,8.384192902385255,0.0
z105_i85,2013,10,2013-05-18,9.782550487496696,0.0
z105_i85,2013,10,2013-05-19,13.018649728853703,0.0
z105_i85,2013,10,2013-05-20,13.407838584095277,0.4875
z105_i85,2013,10,2013-05-21,14.83381123582276,0.5738742470010385
z105_i85,2013,10,2013-05-22,15.829345052768582,0.6755521053764285
z105_i85,2013,10,2013-05-23,16.528924239276616,0.6696845971226566
z105_i85,2013,10,2013-05-24,17.489402572786418,0.6627334394767693
z105_i85,2013,10,2013-05-25,18.28725309482908,0.6547110607372983
z105_i85,2013,10,2013-05-26,18.99997286775211,0.6454538905209796
z105_i85,2013,10,2013-05-27,19.832772172492565,0.6362537120760627
z105_i85,2013,10,2013-05-28,20.452068888917186,0.6328744601035668
z105_i85,2013,10,2013-05-29,15.651591495046691,0.7245554726103287
z105_i85,2013,10,2013-05-30,20.313100149544695,0.7744817801147629
z105_i85,2013,10,2013-05-31,21.1984300129223,0.7716604952288193
z105_i85,2013,10,2013-06-01,21.947930837990324,0.7695732717915685
z105_i85,2013,10,2013-06-02,22.698363352349176,0.7674329650546107
z105_i85,2013,10,2013-06-03,23.527222974213338,0.765187916762339
z105_i85,2013,10,2013-06-04,23.8178674721584,0.8496364086683597
z105_i85,2013,10,2013-06-05,24.248768965999346,0.9059440622485105
z105_i85,2013,10,2013-06-06,24.91078522222663,0.9313134045352356
z105_i85,2013,10,2013-06-07,9.519143616138864,1.0963215974351423
z105_i85,2013,10,2013-06-08,14.364924803410174,1.2893152691217464
z105_i85,2013,10,2013-06-09,17.169785776314963,1.4773071770957675
z105_i85,2013,10,2013-06-10,19.04465918208452,1.67693283860484
z105_i85,2013,10,2013-06-11,20.966856460868268,1.853467136934419
z105_i85,2013,10,2013-06-12,22.485737250566128,2.0267418189160904
z105_i85,2013,10,2013-06-13,8.112181820295874,2.385835764504588
z105_i85,2013,10,2013-06-14,13.510450336180371,2.8085532365604453
z105_i85,2013,10,2013-06-15,16.139048669060504,3.250143010473917
z105_i85,2013,10,2013-06-16,17.934126958596934,3.7527164315982855
z105_i85,2013,10,2013-06-17,19.472717928436044,4.314149766554563
z105_i85,2013,10,2013-06-18,21.017549249818927,4.921691675869195
z105_i85,2013,10,2013-06-19,22.810852293019387,5.516448360062719
z105_i85,2013,10,2013-06-20,11.026416071043856,6.493841330771498
z105_i85,2013,10,2013-06-21,15.603860359588662,7.64440677710916
z105_i85,2013,10,2013-06-22,18.379303210729162,8.880093044161445
z105_i85,2013,10,2013-06-23,20.732478992522875,10.24645686046125
z105_i85,2013,10,2013-06-24,23.509535624877415,11.756668694804569
z105_i85,2013,10,2013-06-25,25.88205228216574,13.369470428743883
z105_i85,2013,10,2013-06-26,21.572858347851383,15.717951998711913
z105_i85,2013,10,2013-06-27,26.433680786093134,17.82286490725519
z105_i85,2013,10,2013-06-28,29.70148789590185,19.984011445179657
z105_i85,2013,10,2013-06-29,32.459965708907745,22.397423853969904
z105_i85,2013,10,2013-06-30,35.09065335880844,24.896939206593196
z105_i85,2013,10,2013-07-01,29.350608489013492,29.232196010690636
z105_i85,2013,10,2013-07-02,35.637900787479914,32.934352400774785
z105_i85,2013,10,2013-07-03,39.47071185811537,36.090184872860696
z105_i85,2013,10,2013-07-04,43.7998523428616,38.49362169199924
z105_i85,2013,10,2013-07-05,28.8153578045132,45.31384238531058
z105_i85,2013,10,2013-07-06,34.73228474940146,52.59459884900155
z105_i85,2013,10,2013-07-07,39.65233837326212,57.43521597050065
z105_i85,2013,10,2013-07-08,44.8298031624821,60.03278685717992
z105_i85,2013,10,2013-07-09,50.116880537247575,61.23751088532161
z105_i85,2013,10,2013-07-10,31.992562094373177,66.08486645163707
z105_i85,2013,10,2013-07-11,41.105685944400925,70.19762937279775
z105_i85,2013,10,2013-07-12,39.31908976046477,73.68539856466332
z105_i85,2013,10,2013-07-13,37.89262613969922,76.64107506703019
z105_i85,2013,10,2013-07-14,42.165592394716754,79.14332656871564
z105_i85,2013,10,2013-07-15,30.588771566015303,81.25866679931195
z105_i85,2013,10,2013-07-16,38.597985685657314,83.0432026852659
z105_i85,2013,10,2013-07-17,46.60545591084444,83.95164450020634
z105_i85,2013,10,2013-07-18,49.86298710882606,84.56200194600791
z105_i85,2013,10,2013-07-19,39.79094962476447,85.73397402903089
z105_i85,2013,10,2013-07-20,45.51301536771699,86.64974650390931
z105_i85,2013,10,2013-07-21,50.431818952572755,87.04536671686822
z105_i85,2013,10,2013-07-22,56.54731599139736,87.2074649479921
z105_i85,2013,10,2013-07-23,62.10535542325382,87.25321670406049
z105_i85,2013,10,2013-07-24,48.750476337176394,87.61968402514728
z105_i85,2013,10,2013-07-25,51.71860926513178,87.61968402514728
z105_i85,2013,10,2013-07-26,57.306283531079586,87.61968402514728
z105_i85,2013,10,2013-07-27,60.14076746593091,87.61968402514728
z105_i85,2013,10,2013-07-28,62.06293167281826,87.61968402514728
z105_i85,2013,10,2013-07-29,11.475134130672679,87.61968402514728
z105_i85,2013,10,2013-07-30,17.03074759059605,87.61968402514728
z105_i85,2013,10,2013-07-31,23.066537821032902,87.61968402514728
z105_i85,2013,10,2013-08-01,27.744239617863183,87.61968402514728
z105_i85,2013,10,2013-08-02,3.332866205781624,87.61968402514728
z105_i85,2013,10,2013-08-03,-9.627624883404495,87.61968402514728
z105_i85,2013,10,2013-08-04,2.6098072255622515,87.61968402514728
z105_i85,2013,10,2013-08-05,9.552448016674816,87.61968402514728
z105_i85,2013,10,2013-08-06,14.946029514996356,87.61968402514728
z105_i85,2013,10,2013-08-07,-2.1439187008079337,87.61968402514728
z105_i85,2013,10,2013-08-08,2.0035695140967675,87.61968402514728
z105_i85,2013,10,2013-08-09,6.946523305805701,87.61968402514728
z105_i85,2013,10,2013-08-10,12.100602587724245,87.61968402514728
z105_i85,2013,10,2013-08-11,15.77430938018775,87.61968402514728
z105_i85,2013,10,2013-08-12,-6.382356864971344,87.61968402514728
z105_i85,2013,10,2013-08-13,1.5722625871801177,87.61968402514728
z105_i85,2013,10,2013-08-14,7.03565139046163,87.61968402514728
z105_i85,2013,10,2013-08-15,11.737627366890722,87.61968402514728
z105_i85,2013,10,2013-08-16,16.432675855136942,87.61968402514728
z105_i85,2013,10,2013-08-17,21.034017623425672,87.61968402514728
z105_i85,2013,10,2013-08-18,25.209780227246746,87.61968402514728
z105_i85,2013,10,2013-08-19,30.270485880360653,87.61968402514728
z105_i85,2013,10,2013-08-20,35.14859229384268,87.61968402514728
z105_i85,2013,10,2013-08-21,25.98132915027192,87.61968402514728
z105_i85,2013,10,2013-08-22,22.912594626016016,87.61968402514728
z105_i85,2013,10,2013-08-23,27.630355007292877,87.61968402514728
z105_i85,2013,10,2013-08-24,32.01071599888245,87.61968402514728
z105_i85,2013,10,2013-08-25,35.80983974425999,87.61968402514728
z105_i85,2013,10,2013-08-26,30.657452968443152,87.61968402514728
z105_i85,2013,10,2013-08-27,35.625848538458996,87.61968402514728
z105_i85,2013,10,2013-08-28,38.18596338904611,87.61968402514728
z105_i85,2013,10,2013-08-29,43.57040392871362,87.61968402514728
z105_i85,2013,10,2013-08-30,47.54960947376114,87.06217046908039
z105_i85,2013,10,2013-08-31,51.63525096076149,86.43370907323144
z105_i85,2013,10,2013-09-01,55.53559444631479,85.72527118544495
z105_i85,2013,10,2013-09-02,59.5683680770124,84.92667918891755
z105_i85,2013,10,2013-09-03,63.101823184787904,84.02646028770903
z105_i85,2013,10,2013-09-04,66.4909721226156,83.01168168534768
z105_i85,2013,10,2013-09-05,70.5164337093214,81.8677647886595
z105_i85,2013,10,2013-09-06,74.67346092944662,80.57827576762206
z105_i85,2013,10,2013-09-07,78.21697382960184,79.12468946236673
z105_i85,2013,10,2013-09-08,81.8587231288899,77.4861232455517
z105_i85,2013,10,2013-09-09,57.08395833569645,75.63903701669793
z105_i85,2013,10,2013-09-10,56.47146431812105,73.55689501852301
z105_i85,2013,10,2013-09-11,52.944241742878205,71.20978461683143
z105_i85,2013,10,2013-09-12,43.53092218572783,68.56398656724714
z105_i85,2013,10,2013-09-13,35.26631882415831,65.5814905951195
z105_i85,2013,10,2013-09-14,34.09382251176149,62.21944932928849
z105_i85,2013,10,2013-09-15,19.927764012296173,58.42956274476878
z105_i85,2013,10,2013-09-16,21.27283127757034,54.15738427108418
z105_i85,2013,10,2013-09-17,23.32327577879659,49.341538597610835
z105_i85,2013,10,2013-09-18,24.71223509103547,43.91283993870172
z105_i85,2013,10,2013-09-19,25.253293760620753,37.793298091342976
z105_i85,2013,10,2013-09-20,26.42524348869136,30.894998006088265
z105_i85,2013,10,2013-09-21,27.728096252130545,23.118836774873888
z105_i85,2013,10,2013-09-22,24.54330346902206,14.353099890928439
z105_i85,2013,10,2013-09-23,9.60003485592028,4.471856326928585
z105_i85,2013,11,2013-05-15,4.849505633337308,0.0
z105_i85,2013,11,2013-05-16,6.871663515200866,0.0
z105_i85,2013,11,2013-05-17,8.384192902385255,0.0
z105_i85,2013,11,2013-05-18,9.782550487496696,0.0
z105_i85,2013,11,2013-05-19,13.018649728853703,0.0
z105_i85,2013,11,2013-05-20,13.407838584095277,0.4875
z105_i85,2013,11,2013-05-21,14.83381123582276,0.5738742470010385
z105_i85,2013,11,2013-05-22,15.829345052768582,0.6755521053764285
z105_i85,2013,11,2013-05-23,16.528924239276616,0.6696845971226566
z105_i85,2013,11,2013-05-24,17.489402572786418,0.6627334394767693
z105_i85,2013,11,2013-05-25,18.28725309482908,0.6547110607372983
z105_i85,2013,11,2013-05-26,18.99997286775211,0.6454538905209796
z105_i85,2013,11,2013-05-27,19.832772172492565,0.6362537120760627
z105_i85,2013,11,2013-05-28,20.452068888917186,0.6328744601035668
z105_i85,2013,11,2013-05-29,15.651591495046691,0.7245554726103287
z105_i85,2013,11,2013-05-30,20.313100149544695,0.7744817801147629
z105_i85,2013,11,2013-05-31,21.1984300129223,0.7716604952288193
z105_i85,2013,11,2013-06-01,21.947930837990324,0.7695732717915685
z105_i85,2013,11,2013-06-02,22.698363352349176,0.7674329650546107
z105_i85,2013,11,2013-06-03,23.527222974213338,0.765187916762339
z105_i85,2013,11,2013-06-04,23.8178674721584,0.8496364086683597
z105_i85,2013,11,2013-06-05,24.248768965999346,0.9059440622485105
z105_i85,2013,11,2013-06-06,24.91078522222663,0.9313134045352356
z105_i85,2013,11,2013-06-07,10.71914361613886,1.0963215974351423
z105_i85,2013,11,2013-06-08,15.422453031508367,1.2809128117368234
z105_i85,2013,11,2013-06-09,18.114198692071025,1.460620835633744
z105_i85,2013,11,2013-06-10,19.91126824318739,1.649270486080167
z105_i85,2013,11,2013-06-11,21.750241110314942,1.8101942659882662
z105_i85,2013,11,2013-06-12,23.232598991596657,1.9655483076026512
z105_i85,2013,11,2013-06-13,9.860482106290483,2.31380011275823
z105_i85,2013,11,2013-06-14,15.580911198099512,2.7237544562462515
z105_i85,2013,11,2013-06-15,18.183380642186954,3.1329987764001075
z105_i85,2013,11,2013-06-16,19.929239129291524,3.5940579137021986
z105_i85,2013,11,2013-06-17,21.411767539616175,4.102635767106269
z105_i85,2013,11,2013-06-18,22.888518890993282,4.642915967591919
z105_i85,2013,11,2013-06-19,24.58687648297102,5.1510542759488755
z105_i85,2013,11,2013-06-20,12.889273409630048,6.063707474608495
z105_i85,2013,11,2013-06-21,17.339113302886787,7.133712784570137
z105_i85,2013,11,2013-06-22,20.008234442829014,8.25654240194911
z105_i85,2013,11,2013-06-23,22.25753179979328,9.486257018520108
z105_i85,2013,11,2013-06-24,24.76721222915394,10.834335097951806
z105_i85,2013,11,2013-06-25,26.95936156188277,12.261984688641657
z105_i85,2013,11,2013-06-26,29.286696810957938,13.711200536749626
z105_i85,2013,11,2013-06-27,32.01903500279923,14.991869025248386
z105_i85,2013,11,2013-06-28,34.59100277042277,16.31857966658768
z105_i85,2013,11,2013-06-29,36.84202921876013,17.820380326851943
z105_i85,2013,11,2013-06-30,39.020439802939,19.298612216172515
z105_i85,2013,11,2013-07-01,30.62617051940706,22.71790062301752
z105_i85,2013,11,2013-07-02,36.02321586307875,25.465922233794164
z105_i85,2013,11,2013-07-03,39.40773237882619,27.843695527064828
z105_i85,2013,11,2013-07-04,43.009216606067156,29.710963587112126
z105_i85,2013,11,2013-07-05,32.157510307489176,34.975090987136916
z105_i85,2013,11,2013-07-06,37.14766046606766,40.8085201605715
z105_i85,2013,11,2013-07-07,41.33968736519254,45.3166369578183
z105_i85,2013,11,2013-07-08,45.78271787342599,48.20240955032203
z105_i85,2013,11,2013-07-09,50.46081205404142,49.48107679332069
z105_i85,2013,11,2013-07-10,38.5696210493571,55.967774584178386
z105_i85,2013,11,2013-07-11,47.716967664848944,61.47144556313504
z105_i85,2013,11,2013-07-12,45.94921638178399,66.13875424358588
z105_i85,2013,11,2013-07-13,44.53897209911006,70.09402015632898
z105_i85,2013,11,2013-07-14,48.826268133933134,73.3279767143831
z105_i85,2013,11,2013-07-15,40.361424512698036,76.1730839154323
z105_i85,2013,11,2013-07-16,48.390079283722514,78.57326324650236
z105_i85,2013,11,2013-07-17,56.417983808096274,79.581995277554
z105_i85,2013,11,2013-07-18,59.69441060169668,79.75415029826965
z105_i85,2013,11,2013-07-19,62.03909897664109,79.91201965279994
z105_i85,2013,11,2013-07-20,66.89121613021331,79.77606108494912
z105_i85,2013,11,2013-07-21,70.28648829655926,79.5232597273825
z105_i85,2013,11,2013-07-22,73.65610088659268,79.09588095626805
z105_i85,2013,11,2013-07-23,76.24339856281314,78.54677090716851
z105_i85,2013,11,2013-07-24,62.882760731199745,79.27801551373526
z105_i85,2013,11,2013-07-25,65.85763252428663,79.27801551373526
z105_i85,2013,11,2013-07-26,71.3566819452848,79.27801551373526
z105_i85,2013,11,2013-07-27,74.24401621616133,79.27801551373526
z105_i85,2013,11,2013-07-28,75.7604174612031,79.10545484375605
z105_i85,2013,11,2013-07-29,17.17602144457507,79.10545484375605
z105_i85,2013,11,2013-07-30,22.73599586000159,79.10545484375605
z105_i85,2013,11,2013-07-31,28.778756826520144,79.10545484375605
z105_i85,2013,11,2013-08-01,33.46354271424801,79.10545484375605
z105_i85,2013,11,2013-08-02,9.064021621750353,79.10545484375605
z105_i85,2013,11,2013-08-03,-3.8847539523466112,79.10545484375605
z105_i85,2013,11,2013-08-04,2.761369995921617,79.10545484375605
z105_i85,2013,11,2013-08-05,9.558736640856171,79.10545484375605
z105_i85,2013,11,2013-08-06,14.99971447578051,79.10545484375605
z105_i85,2013,11,2013-08-07,-2.0647336418865074,79.10545484375605
z105_i85,2013,11,2013-08-08,2.0527443057482033,79.10545484375605
z105_i85,2013,11,2013-08-09,7.022749706212455,79.10545484375605
z105_i85,2013,11,2013-08-10,12.201095294901204,79.10545484375605
z105_i85,2013,11,2013-08-11,15.894657997031157,79.10545484375605
z105_i85,2013,11,2013-08-12,-6.2288152075927705,79.10545484375605
z105_i85,2013,11,2013-08-13,1.6315536381912767,79.10545484375605
z105_i85,2013,11,2013-08-14,7.106010056342018,79.10545484375605
z105_i85,2013,11,2013-08-15,11.532061205844853,79.10545484375605
z105_i85,2013,11,2013-08-16,15.965833099843257,79.10545484375605
z105_i85,2013,11,2013-08-17,20.296276835903452,79.10545484375605
z105_i85,2013,11,2013-08-18,24.24047029281589,79.10545484375605
z105_i85,2013,11,2013-08-19,29.00992840618305,79.10545484375605
z105_i85,2013,11,2013-08-20,33.58964464715368,79.10545484375605
z105_i85,2013,11,2013-08-21,21.47141631491414,79.10545484375605
z105_i85,2013,11,2013-08-22,18.44047871312508,79.10545484375605
z105_i85,2013,11,2013-08-23,23.207295882809852,79.10545484375605
z105_i85,2013,11,2013-08-24,27.635070425848852,79.10545484375605
z105_i85,2013,11,2013-08-25,31.485516611895953,79.10545484375605
z105_i85,2013,11,2013-08-26,24.39326644042652,79.10545484375605
z105_i85,2013,11,2013-08-27,29.42185395859705,79.10545484375605
z105_i85,2013,11,2013-08-28,32.03641125129876,79.10545484375605
z105_i85,2013,11,2013-08-29,37.49077909045376,79.10545484375605
z105_i85,2013,11,2013-08-30,29.323751827676585,78.60211630830123
z105_i85,2013,11,2013-08-31,33.46681356664663,78.03472411642682
z105_i85,2013,11,2013-09-01,37.424168582309996,77.39512695323896
z105_i85,2013,11,2013-09-02,41.758432036923224,76.67413618703449
z105_i85,2013,11,2013-09-03,45.08937806673614,75.86139386284844
z105_i85,2013,11,2013-09-04,48.28184504894441,74.94522389717649
z105_i85,2013,11,2013-09-05,42.79875547100104,73.91246433609425
z105_i85,2013,11,2013-09-06,47.62806728165321,72.7482782669466
z105_i85,2013,11,2013-09-07,51.8058935769882,71.43594066711142
z105_i85,2013,11,2013-09-08,56.173565153354,69.95659812764775
z105_i85,2013,11,2013-09-09,31.465088924602515,68.28899799995065
z105_i85,2013,11,2013-09-10,30.89694995869212,66.40918307425835
z105_i85,2013,11,2013-09-11,27.39918696793632,64.29014740367735
z105_i85,2013,11,2013-09-12,17.982582721051852,61.901448329197486
z105_i85,2013,11,2013-09-13,9.76881361707153,59.20876913193956
z105_i85,2013,11,2013-09-14,8.675621537023844,56.173426029575616
z105_i85,2013,11,2013-09-15,-5.470817403607132,52.75181243429448
z105_i85,2013,11,2013-09-16,-0.4404780943383669,48.89477248836717
z105_i85,2013,11,2013-09-17,3.008993666555615,44.54689487734878
z105_i85,2013,11,2013-09-18,4.679221482990099,39.64571677563998
z105_i85,2013,11,2013-09-19,5.384010225751111,34.12082648806742
z105_i85,2013,11,2013-09-20,6.649778407199946,27.892851895780847
z105_i85,2013,11,2013-09-21,8.01195463386568,20.872320174198226
z105_i85,2013,11,2013-09-22,4.980327862851479,12.958372401387475
z105_i85,2013,11,2013-09-23,-9.901124271414435,4.037314590590015
z105_i85,2013,12,2013-05-15,4.849505633337308,0.0
z105_i85,2013,12,2013-05-16,6.871663515200866,0.0
z105_i85,2013,12,2013-05-17,8.384192902385255,0.0
z105_i85,2013,12,2013-05-18,9.782550487496696,0.0
z105_i85,2013,12,2013-05-19,13.018649728853703,0.0
z105_i85,2013,12,2013-05-20,13.407838584095277,0.4875
z105_i85,2013,12,2013-05-21,14.83381123582276,0.5738742470010385
z105_i85,2013,12,2013-05-22,15.829345052768582,0.6755521053764285
z105_i85,2013,12,2013-05-23,16.528924239276616,0.6696845971226566
z105_i85,2013,12,2013-05-24,17.489402572786418,0.6627334394767693
z105_i85,2013,12,2013-05-25,18.28725309482908,0.6547110607372983
z105_i85,2013,12,2013-05-26,18.99997286775211,0.6454538905209796
z105_i85,2013,12,2013-05-27,19.832772172492565,0.6362537120760627
z105_i85,2013,12,2013-05-28,20.452068888917186,0.6328744601035668
z105_i85,2013,12,2013-05-29,15.651591495046691,0.7245554726103287
z105_i85,2013,12,2013-05-30,20.313100149544695,0.7744817801147629
z105_i85,2013,12,2013-05-31,21.1984300129223,0.7716604952288193
z105_i85,2013,12,2013-06-01,21.947930837990324,0.7695732717915685
z105_i85,2013,12,2013-06-02,22.698363352349176,0.7674329650546107
z105_i85,2013,12,2013-06-03,23.527222974213338,0.765187916762339
z105_i85,2013,12,2013-06-04,23.8178674721584,0.8496364086683597
z105_i85,2013,12,2013-06-05,24.248768965999346,0.9059440622485105
z105_i85,2013,12,2013-06-06,24.91078522222663,0.9313134045352356
z105_i85,2013,12,2013-06-07,3.1191436161388664,1.0963215974351423
z105_i85,2013,12,2013-06-08,8.100976090766334,1.2905656024596264
z105_i85,2013,12,2013-06-09,11.197442970379914,1.507042020195232
z105_i85,2013,12,2013-06-10,13.312493751464027,1.750002866457528
z105_i85,2013,12,2013-06-11,15.514139965569175,1.999050454205742
z105_i85,2013,12,2013-06-12,17.271108493168416,2.265331816496007
z105_i85,2013,12,2013-06-13,-4.303298257383076,2.6666986469725966
z105_i85,2013,12,2013-06-14,1.9836886601853079,3.1391788266873584
z105_i85,2013,12,2013-06-15,4.77223526535079,3.6953720725473054
z105_i85,2013,12,2013-06-16,6.389447685350233,4.350110493377951
z105_i85,2013,12,2013-06-17,7.799441933805764,5.114623484008443
z105_i85,2013,12,2013-06-18,9.303207907310954,5.995906305642235
z105_i85,2013,12,2013-06-19,11.190556240401111,6.977541290415713
z105_i85,2013,12,2013-06-20,-0.7664403737200529,8.213807700422503
z105_i85,2013,12,2013-06-21,4.261626740817627,9.669113249418045
z105_i85,2013,12,2013-06-22,7.243484103437684,11.382266841389834
z105_i85,2013,12,2013-06-23,9.774874914944848,13.373451351892621
z105_i85,2013,12,2013-06-24,13.668633033221768,15.669800628627215
z105_i85,2013,12,2013-06-25,16.770638317676607,18.260383761745715
z105_i85,2013,12,2013-06-26,19.95130477280925,21.11963528725082
z105_i85,2013,12,2013-06-27,23.735440695226192,24.083964772275124
z105_i85,2013,12,2013-06-28,27.42966723530922,27.300694462608888
z105_i85,2013,12,2013-06-29,30.63808477250962,30.898600262680443
z105_i85,2013,12,2013-06-30,33.799795841036556,34.66703390256375
z105_i85,2013,12,2013-07-01,27.929126885087314,40.45161885190339
z105_i85,2013,12,2013-07-02,34.87061151122863,45.84385284997337
z105_i85,2013,12,2013-07-03,40.42682643974284,49.98012684643417
z105_i85,2013,12,2013-07-04,45.393778370992784,51.90396037645635
z105_i85,2013,12,2013-07-05,36.38904663776309,58.32497371645855
z105_i85,2013,12,2013-07-06,41.769421924308965,63.008202975033235
z105_i85,2013,12,2013-07-07,46.70621184141179,65.03369003611311
z105_i85,2013,12,2013-07-08,51.9762584678757,65.62837265291472
z105_i85,2013,12,2013-07-09,56.729845381780315,65.53162248004762
z105_i85,2013,12,2013-07-10,48.742880665452766,69.78019797418791
z105_i85,2013,12,2013-07-11,57.7992255701884,71.78546688939164
z105_i85,2013,12,2013-07-12,55.959597625232455,74.6772580100997
z105_i85,2013,12,2013-07-13,54.48079804803036,77.42568164705143
z105_i85,2013,12,2013-07-14,58.70498387892379,78.54090759064331
z105_i85,2013,12,2013-07-15,53.179348540240134,80.73184524591454
z105_i85,2013,12,2013-07-16,61.14581034748559,81.40380343723477
z105_i85,2013,12,2013-07-17,66.6882812393349,81.12657239424398
z105_i85,2013,12,2013-07-18,68.1340259237863,80.8209120696178
z105_i85,2013,12,2013-07-19,69.38474318408475,80.53786493110115
z105_i85,2013,12,2013-07-20,72.66421343444922,80.05766796008427
z105_i85,2013,12,2013-07-21,75.04976778449449,79.4694577843517
z105_i85,2013,12,2013-07-22,77.46950822844761,78.73018104788304
z105_i85,2013,12,2013-07-23,79.33344559302013,77.8625910705245
z105_i85,2013,12,2013-07-24,71.95637760963697,78.62250102106896
z105_i85,2013,12,2013-07-25,74.87113904179476,78.62250102106896
z105_i85,2013,12,2013-07-26,79.46748243186966,78.62250102106896
z105_i85,2013,12,2013-07-27,80.80408282988742,78.16133958547661
z105_i85,2013,12,2013-07-28,81.72436347278985,77.6819166528394
z105_i85,2013,12,2013-07-29,23.082062678890132,77.6819166528394
z105_i85,2013,12,2013-07-30,28.480838613054843,77.6819166528394
z105_i85,2013,12,2013-07-31,34.34759289487347,77.6819166528394
z105_i85,2013,12,2013-08-01,38.89652164717986,77.6819166528394
z105_i85,2013,12,2013-08-02,14.310000712995407,77.6819166528394
z105_i85,2013,12,2013-08-03,1.2067335079971249,77.6819166528394
z105_i85,2013,12,2013-08-04,6.070023550223334,77.6819166528394
z105_i85,2013,12,2013-08-05,11.274937914225191,77.6819166528394
z105_i85,2013,12,2013-08-06,16.508653495698187,77.6819166528394
z105_i85,2013,12,2013-08-07,-1.0272961859819087,77.6819166528394
z105_i85,2013,12,2013-08-08,2.143404711454734,77.6819166528394
z105_i85,2013,12,2013-08-09,6.857974304245157,77.6819166528394
z105_i85,2013,12,2013-08-10,11.865108727516658,77.6819166528394
z105_i85,2013,12,2013-08-11,15.452742870398513,77.6819166528394
z105_i85,2013,12,2013-08-12,-6.781552513292979,77.6819166528394
z105_i85,2013,12,2013-08-13,1.4124512467026946,77.6819166528394
z105_i85,2013,12,2013-08-14,6.836269584228335,77.6819166528394
z105_i85,2013,12,2013-08-15,11.101648891775334,77.6819166528394
z105_i85,2013,12,2013-08-16,15.346505980597543,77.6819166528394
z105_i85,2013,12,2013-08-17,19.47073321981337,77.6819166528394
z105_i85,2013,12,2013-08-18,23.229089165446357,77.6819166528394
z105_i85,2013,12,2013-08-19,27.775247575907926,77.6819166528394
z105_i85,2013,12,2013-08-20,32.13653191010423,77.6819166528394
z105_i85,2013,12,2013-08-21,22.8594957885688,77.6819166528394
z105_i85,2013,12,2013-08-22,19.711256257595466,77.6819166528394
z105_i85,2013,12,2013-08-23,24.331951841156116,77.6819166528394
z105_i85,2013,12,2013-08-24,28.623983257163424,77.6819166528394
z105_i85,2013,12,2013-08-25,32.33300960717702,77.6819166528394
z105_i85,2013,12,2013-08-26,27.181070069482693,77.6819166528394
z105_i85,2013,12,2013-08-27,32.055445305094025,77.6819166528394
z105_i85,2013,12,2013-08-28,34.535280865562456,77.6819166528394
z105_i85,2013,12,2013-08-29,39.82234247130289,77.6819166528394
z105_i85,2013,12,2013-08-30,43.4443874530374,77.1876359204096
z105_i85,2013,12,2013-08-31,46.82817609554064,76.63045420587783
z105_i85,2013,12,2013-09-01,50.03899590497748,76.00236688092298
z105_i85,2013,12,2013-09-02,53.5292611539104,75.29435066739654
z105_i85,2013,12,2013-09-03,56.698880664908934,74.49623400638555
z105_i85,2013,12,2013-09-04,59.73791069103203,73.59655093075273
z105_i85,2013,12,2013-09-05,63.34713855795858,72.58237634184641
z105_i85,2013,12,2013-09-06,67.07371390182794,71.43914032391883
z105_i85,2013,12,2013-09-07,70.24958550919561,70.15041882864222
z105_i85,2013,12,2013-09-08,73.51247435269296,68.69769772263763
z105_i85,2013,12,2013-09-09,48.71933052571348,67.06010680825766
z105_i85,2013,12,2013-09-10,48.109731974364884,65.21411999649078
z105_i85,2013,12,2013-09-11,44.587238290641025,63.13321732458789
z105_i85,2013,12,2013-09-12,35.184937996908424,60.78750396286128
z105_i85,2013,12,2013-09-13,26.934368846533186,58.14328073720171
z105_i85,2013,12,2013-09-14,25.793996624236858,55.16255999731937
z105_i85,2013,12,2013-09-15,11.645853072316529,51.802519875537165
z105_i85,2013,12,2013-09-16,13.038769487192544,48.014889095864746
z105_i85,2013,12,2013-09-17,15.173594074057972,43.74525349534918
z105_i85,2013,12,2013-09-18,16.63720465604385,38.93227429499361
z105_i85,2013,12,2013-09-19,17.31392693924324,33.50680688970547
z105_i85,2013,12,2013-09-20,18.535709690040903,27.390907497563937
z105_i85,2013,12,2013-09-21,19.86159255896327,20.49671339765297
z105_i85,2013,12,2013-09-22,16.85264600944698,12.725180669642421
z105_i85,2013,12,2013-09-23,2.040523823934719,3.964661301132271
z105_i100,2012,1,2012-04-30,3.7992117659588165,0.0
z105_i100,2012,1,2012-05-01,5.396983051524822,0.0
z105_i100,2012,1,2012-05-02,6.860737969024848,0.0
z105_i100,2012,1,2012-05-03,8.648177123418925,0.0
z105_i100,2012,1,2012-05-04,11.688310518334216,0.0
z105_i100,2012,1,2012-05-05,12.541132270855433,0.4875
z105_i100,2012,1,2012-05-06,13.477392206342035,0.5738742470010385
z105_i100,2012,1,2012-05-07,11.202448369296768,0.6755521053764285
z105_i100,2012,1,2012-05-08,14.148937700700875,0.7363817509132448
z105_i100,2012,1,2012-05-09,15.282742246387436,0.763364929509515
z105_i100,2012,1,2012-05-10,16.291558034280197,0.7629776329382628
z105_i100,2012,1,2012-05-11,16.512167889494236,0.8286934109844271
z105_i100,2012,1,2012-05-12,16.56851971357014,0.9352222257896805
z105_i100,2012,1,2012-05-13,17.035618588791035,1.0221491924631576
z105_i100,2012,1,2012-05-14,17.689802214130854,1.0982090103187747
z105_i100,2012,1,2012-05-15,18.445672444522057,1.1649395028640337
z105_i100,2012,1,2012-05-16,19.079489436317598,1.2626784445972357
z105_i100,2012,1,2012-05-17,19.632604879864076,1.3787264216423436
z105_i100,2012,1,2012-05-18,20.09190812741977,1.5283003799636703
z105_i100,2012,1,2012-05-19,20.28603439719987,1.722969755112311
z105_i100,2012,1,2012-05-20,20.783901712316457,1.8962184581779795
z105_i100,2012,1,2012-05-21,21.41443934462104,2.081997311600905
z105_i100,2012,1,2012-05-22,22.01355303016204,2.312440439114283
z105_i100,2012,1,2012-05-23,12.13293763285494,2.719476477246343
z105_i100,2012,1,2012-05-24,15.608127548293469,3.16094902232614
z105_i100,2012,1,2012-05-25,16.463307452099116,3.6790836422904496
z105_i100,2012,1,2012-05-26,18.32884298195836,4.19115641707664
z105_i100,2012,1,2012-05-27,19.607178339633098,4.760058702309592
z105_i100,2012,1,2012-05-28,20.605150714701747,5.389043912764717
z105_i100,2012,1,2012-05-29,21.64989222540414,6.089004099505465
z105_i100,2012,1,2012-05-30,3.08532722421322,7.167841318133202
z105_i100,2012,1,2012-05-31,7.78498928026826,8.437824695521275
z105_i100,2012,1,2012-06-01,12.626048061183482,9.895037917427748
z105_i100,2012,1,2012-06-02,15.139411455144755,11.559613680495614
z105_i100,2012,1,2012-06-03,17.495826136776184,13.419583243992628
z105_i100,2012,1,2012-06-04,20.764365138155775,15.366834690894432
z105_i100,2012,1,2012-06-05,24.028388201910825,17.423489084950635
z105_i100,2012,1,2012-06-06,2.522117156791615,20.510547033347404
z105_i100,2012,1,2012-06-07,-4.047576148053919,24.144563557623837
z105_i100,2012,1,2012-06-08,6.446113396594856,28.42244765292329
z105_i100,2012,1,2012-06-09,11.64498663523564,33.40747413277113
z105_i100,2012,1,2012-06-10,16.64601531271879,38.93463768799356
z105_i100,2012,1,2012-06-11,21.164487825976565,45.1350507624599
z105_i100,2012,1,2012-06-12,25.72720909239244,51.64228776975427
z105_i100,2012,1,2012-06-13,31.55533303167585,56.58365094474933
z105_i100,2012,1,2012-06-14,4.151424571889595,62.443707271839365
z105_i100,2012,1,2012-06-15,10.427231286605137,67.4216049873892
z105_i100,2012,1,2012-06-16,16.138046662793343,71.57568951189887
z105_i100,2012,1,2012-06-17,22.550212291353294,74.92079999651774
z105_i100,2012,1,2012-06-18,30.073872115673797,77.48055687275486
z105_i100,2012,1,2012-06-19,7.265066319259213,80.19090066726234
z105_i100,2012,1,2012-06-20,13.086362462214206,82.49293138420524
z105_i100,2012,1,2012-06-21,22.216055711595192,84.30033113392655
z105_i100,2012,1,2012-06-22,28.444578776695025,85.80249996003528
z105_i100,2012,1,2012-06-23,36.62593489134192,86.85175435224421
z105_i100,2012,1,2012-06-24,44.829009784193396,87.50139642097457
z105_i100,2012,1,2012-06-25,13.776880475030252,88.68645981585394
z105_i100,2012,1,2012-06-26,21.58942896976773,89.69193274289759
z105_i100,2012,1,2012-06-27,26.94111967199225,90.48618333394562
z105_i100,2012,1,2012-06-28,33.323210309553765,91.10453387434762
z105_i100,2012,1,2012-06-29,-0.16295343780470428,91.73730080261345
z105_i100,2012,1,2012-06-30,6.427114045955054,92.27222598461451
z105_i100,2012,1,2012-07-01,14.391908932184897,92.71670490270886
z105_i100,2012,1,2012-07-02,22.17082805890305,93.07176135127041
z105_i100,2012,1,2012-07-03,28.126683955833524,93.36480530240962
z105_i100,2012,1,2012-07-04,-8.676264946000392,93.63481536923493
z105_i100,2012,1,2012-07-05,4.859253051741612,93.85702457797531
z105_i100,2012,1,2012-07-06,7.034528372572774,94.0368817999204
z105_i100,2012,1,2012-07-07,-13.061789424792773,95.83727489750214
z105_i100,2012,1,2012-07-08,-1.4336937618351648,95.86176677576617
z105_i100,2012,1,2012-07-09,5.8423525425793805,95.88257236290677
z105_i100,2012,1,2012-07-10,12.45472333084496,95.88257236290677
z105_i100,2012,1,2012-07-11,18.617110254026695,95.88257236290677
z105_i100,2012,1,2012-07-12,24.96009184850758,95.88257236290677
z105_i100,2012,1,2012-07-13,-17.597918589763655,95.88257236290677
z105_i100,2012,1,2012-07-14,5.057490181729542,95.88257236290677
z105_i100,2012,1,2012-07-15,13.405647862214908,95.88257236290677
z105_i100,2012,1,2012-07-16,14.0763205836194,95.88257236290677
z105_i100,2012,1,2012-07-17,20.222297354667504,95.88257236290677
z105_i100,2012,1,2012-07-18,-5.070331958155124,95.88257236290677
z105_i100,2012,1,2012-07-19,5.135459348654293,95.88257236290677
z105_i100,2012,1,2012-07-20,12.653236467602387,95.88257236290677
z105_i100,2012,1,2012-07-21,19.419360628742982,95.88257236290677
z105_i100,2012,1,2012-07-22,26.276496380406737,95.88257236290677
z105_i100,2012,1,2012-07-23,-9.301008831786687,95.88257236290677
z105_i100,2012,1,2012-07-24,4.777986120593933,95.88257236290677
z105_i100,2012,1,2012-07-25,10.426218163801968,95.88257236290677
z105_i100,2012,1,2012-07-26,16.30032028042392,95.88257236290677
z105_i100,2012,1,2012-07-27,-7.72101982924382,95.88257236290677
z105_i100,2012,1,2012-07-28,4.105070210173067,95.88257236290677
z105_i100,2012,1,2012-07-29,9.922659403653887,95.88257236290677
z105_i100,2012,1,2012-07-30,14.678788414954209,95.88257236290677
z105_i100,2012,1,2012-07-31,20.34275973338715,95.88257236290677
z105_i100,2012,1,2012-08-01,-9.86439665343045,95.88257236290677
z105_i100,2012,1,2012-08-02,2.743035609287,95.88257236290677
z105_i100,2012,1,2012-08-03,9.872905256916741,95.88257236290677
z105_i100,2012,1,2012-08-04,14.897617976314102,95.88257236290677
z105_i100,2012,1,2012-08-05,20.036367613784712,95.88257236290677
z105_i100,2012,1,2012-08-06,-4.675141843969569,95.88257236290677
z105_i100,2012,1,2012-08-07,0.3433793845019429,95.88257236290677
z105_i100,2012,1,2012-08-08,6.432336934736598,95.88257236290677
z105_i100,2012,1,2012-08-09,12.408033125164112,95.88257236290677
z105_i100,2012,1,2012-08-10,-13.118098536511908,95.88257236290677
z105_i100,2012,1,2012-08-11,2.0195928131862826,95.88257236290677
z105_i100,2012,1,2012-08-12,8.837258556593715,95.88257236290677
z105_i100,2012,1,2012-08-13,11.922453470058178,95.88257236290677
z105_i100,2012,1,2012-08-14,16.41371534628089,95.88257236290677
z105_i100,2012,1,2012-08-15,-10.384589816426992,95.2724830379151
z105_i100,2012,1,2012-08-16,0.6932915348920192,94.58475520671811
z105_i100,2012,1,2012-08-17,5.471360757933843,93.80950877897686
z105_i100,2012,1,2012-08-18,9.64949175776096,92.93560634772065
z105_i100,2012,1,2012-08-19,13.68189265059952,91.95049318624417
z105_i100,2012,1,2012-08-20,15.451978736360703,90.84001688339292
z105_i100,2012,1,2012-08-21,-10.682323012099014,89.58822402606674
z105_i100,2012,1,2012-08-22,1.451566455805253,88.1771310080263
z105_i100,2012,1,2012-08-23,6.71468187822596,86.58646567237666
z105_i100,2012,1,2012-08-24,9.578243610280838,84.79337607609267
z105_i100,2012,1,2012-08-25,13.633165531161056,82.77210219261497
z105_i100,2012,1,2012-08-26,17.03413397120734,80.49360583610496
z105_i100,2012,1,2012-08-27,19.95424800196181,77.9251534907469
z105_i100,2012,1,2012-08-28,-12.096211635002968,75.02984605190593
z105_i100,2012,1,2012-08-29,0.9548605814015094,71.76608872327266
z105_i100,2012,1,2012-08-30,6.847625451453417,68.08699345438762
z105_i100,2012,1,2012-08-31,10.840980043751935,63.939705333796724
z105_i100,2012,1,2012-09-01,13.57926116613345,59.264643260612914
z105_i100,2012,1,2012-09-02,16.626343454529145,53.99464398575964
z105_i100,2012,1,2012-09-03,18.979209586810722,48.05399722595305
z105_i100,2012,1,2012-09-04,20.613725042591255,41.35735798860073
z105_i100,2012,1,2012-09-05,-22.34111276002416,33.808520481772405
z105_i100,2012,1,2012-09-06,-0.6026488633473052,25.299035994889845
z105_i100,2012,1,2012-09-07,3.930223770025886,15.706654894224403
z105_i100,2012,1,2012-09-08,6.4366584101192235,4.8935703504727615
z105_i100,2012,2,2012-04-30,3.7992117659588165,0.0
z105_i100,2012,2,2012-05-01,5.396983051524822,0.0
z105_i100,2012,2,2012-05-02,6.860737969024848,0.0
z105_i100,2012,2,2012-05-03,8.648177123418925,0.0
z105_i100,2012,2,2012-05-04,11.688310518334216,0.0
z105_i100,2012,2,2012-05-05,12.541132270855433,0.4875
z105_i100,2012,2,2012-05-06,13.477392206342035,0.5738742470010385
z105_i100,2012,2,2012-05-07,11.202448369296768,0.6755521053764285
z105_i100,2012,2,2012-05-08,14.148937700700875,0.7363817509132448
z105_i100,2012,2,2012-05-09,15.282742246387436,0.763364929509515
z105_i100,2012,2,2012-05-10,16.291558034280197,0.7629776329382628
z105_i100,2012,2,2012-05-11,16.512167889494236,0.8286934109844271
z105_i100,2012,2,2012-05-12,16.56851971357014,0.9352222257896805
z105_i100,2012,2,2012-05-13,17.035618588791035,1.0221491924631576
z105_i100,2012,2,2012-05-14,17.689802214130854,1.0982090103187747
z105_i100,2012,2,2012-05-15,18.445672444522057,1.1649395028640337
z105_i100,2012,2,2012-05-16,19.079489436317598,1.2626784445972357
z105_i100,2012,2,2012-05-17,19.632604879864076,1.3787264216423436
z105_i100,2012,2,2012-05-18,20.09190812741977,1.5283003799636703
z105_i100,2012,2,2012-05-19,20.28603439719987,1.722969755112311
z105_i100,2012,2,2012-05-20,20.783901712316457,1.8962184581779795
z105_i100,2012,2,2012-05-21,21.41443934462104,2.081997311600905
z105_i100,2012,2,2012-05-22,22.01355303016204,2.312440439114283
z105_i100,2012,2,2012-05-23,12.13293763285494,2.719476477246343
z105_i100,2012,2,2012-05-24,15.608127548293469,3.16094902232614
z105_i100,2012,2,2012-05-25,16.463307452099116,3.6790836422904496
z105_i100,2012,2,2012-05-26,18.32884298195836,4.19115641707664
z105_i100,2012,2,2012-05-27,19.607178339633098,4.760058702309592
z105_i100,2012,2,2012-05-28,20.605150714701747,5.389043912764717
z105_i100,2012,2,2012-05-29,21.64989222540414,6.089004099505465
z105_i100,2012,2,2012-05-30,2.5853272242132244,7.167841318133202
z105_i100,2012,2,2012-05-31,7.25683788153359,8.437824695521275
z105_i100,2012,2,2012-06-01,12.260481780951482,9.90134500803609
z105_i100,2012,2,2012-06-02,14.810771776160955,11.573529584087613
z105_i100,2012,2,2012-06-03,17.187581511173704,13.444909434004584
z105_i100,2012,2,2012-06-04,20.4762979077764,15.410530853399178
z105_i100,2012,2,2012-06-05,23.756596631580933,17.49194081916362
z105_i100,2012,2,2012-06-06,-2.5501586668388256,20.591126904993338
z105_i100,2012,2,2012-06-07,-7.2877060529983835,24.239420405140265
z105_i100,2012,2,2012-06-08,6.081794993614719,28.534111041520983
z105_i100,2012,2,2012-06-09,11.629846061242032,33.53959131155347
z105_i100,2012,2,2012-06-10,16.67207017183513,39.087478282414054
z105_i100,2012,2,2012-06-11,21.201500769849098,45.30972261837981
z105_i100,2012,2,2012-06-12,25.773300483705484,51.806232498593886
z105_i100,2012,2,2012-06-13,31.610648201979064,56.723329340636674
z105_i100,2012,2,2012-06-14,15.306317965583515,62.562619582404366
z105_i100,2012,2,2012-06-15,21.576843557178044,67.52287728855546
z105_i100,2012,2,2012-06-16,27.19580368807843,71.2722178242993
z105_i100,2012,2,2012-06-17,33.50779741397347,74.10440210484333
z105_i100,2012,2,2012-06-18,40.851141239191314,75.92517430353732
z105_i100,2012,2,2012-06-19,18.56127116540112,78.86315029333268
z105_i100,2012,2,2012-06-20,24.38960308243226,81.35852043340698
z105_i100,2012,2,2012-06-21,33.523614724908995,83.01919862250455
z105_i100,2012,2,2012-06-22,39.70663310915534,84.33041752571842
z105_i100,2012,2,2012-06-23,47.76992649654695,84.94326699746387
z105_i100,2012,2,2012-06-24,53.58199924684635,84.92338267142789
z105_i100,2012,2,2012-06-25,22.560397888135558,86.46792979768443
z105_i100,2012,2,2012-06-26,30.40170979796983,87.7784084832168
z105_i100,2012,2,2012-06-27,35.77936068143539,88.7012130891273
z105_i100,2012,2,2012-06-28,42.110785369906246,89.36752892783761
z105_i100,2012,2,2012-06-29,8.552191565256042,90.22481365607885
z105_i100,2012,2,2012-06-30,15.16955924402371,90.9495405164696
z105_i100,2012,2,2012-07-01,23.16153310169525,91.51655848973095
z105_i100,2012,2,2012-07-02,30.939740106055073,91.95510131657497
z105_i100,2012,2,2012-07-03,36.81113513572733,92.31208038167598
z105_i100,2012,2,2012-07-04,-0.1871564888040485,92.68995584700708
z105_i100,2012,2,2012-07-05,6.505066098369876,93.00093465287493
z105_i100,2012,2,2012-07-06,7.7543279742649,93.25264242153241
z105_i100,2012,2,2012-07-07,-12.42515768474128,93.45081446818163
z105_i100,2012,2,2012-07-08,-1.4157751229840774,93.59929143061456
z105_i100,2012,2,2012-07-09,5.861922619106121,93.69987483463478
z105_i100,2012,2,2012-07-10,12.487879249369161,93.69987483463478
z105_i100,2012,2,2012-07-11,18.66394954344786,93.69987483463478
z105_i100,2012,2,2012-07-12,25.021748105989115,93.69987483463478
z105_i100,2012,2,2012-07-13,-23.720745655898774,93.69987483463478
z105_i100,2012,2,2012-07-14,4.796995917533903,93.69987483463478
z105_i100,2012,2,2012-07-15,13.413418551674425,93.69987483463478
z105_i100,2012,2,2012-07-16,14.121199306172313,93.69987483463478
z105_i100,2012,2,2012-07-17,20.286641912375792,93.69987483463478
z105_i100,2012,2,2012-07-18,-6.485663382509228,93.69987483463478
z105_i100,2012,2,2012-07-19,4.9174840332305365,93.69987483463478
z105_i100,2012,2,2012-07-20,12.615646636964536,93.69987483463478
z105_i100,2012,2,2012-07-21,19.419806786347717,93.69987483463478
z105_i100,2012,2,2012-07-22,26.30214502059729,93.69987483463478
z105_i100,2012,2,2012-07-23,-9.250454410600604,93.69987483463478
z105_i100,2012,2,2012-07-24,4.803592416980026,93.69987483463478
z105_i100,2012,2,2012-07-25,10.464060523983827,93.69987483463478
z105_i100,2012,2,2012-07-26,16.360114621161557,93.69987483463478
z105_i100,2012,2,2012-07-27,-7.635459932510101,93.69987483463478
z105_i100,2012,2,2012-07-28,4.136399596279914,93.69987483463478
z105_i100,2012,2,2012-07-29,9.967965837174146,93.69987483463478
z105_i100,2012,2,2012-07-30,14.743679611581845,93.69987483463478
z105_i100,2012,2,2012-07-31,20.433240886620066,93.69987483463478
z105_i100,2012,2,2012-08-01,-10.853647752753417,93.69987483463478
z105_i100,2012,2,2012-08-02,2.681140209886717,93.69987483463478
z105_i100,2012,2,2012-08-03,9.9352777195293,93.69987483463478
z105_i100,2012,2,2012-08-04,14.994017318874633,93.69987483463478
z105_i100,2012,2,2012-08-05,20.159971619765994,93.69987483463478
z105_i100,2012,2,2012-08-06,-4.621916597415531,93.69987483463478
z105_i100,2012,2,2012-08-07,0.3778049775565172,93.69987483463478
z105_i100,2012,2,2012-08-08,6.534582868893412,93.69987483463478
z105_i100,2012,2,2012-08-09,12.54806494556391,93.69987483463478
z105_i100,2012,2,2012-08-10,5.0546565816598665,93.69987483463478
z105_i100,2012,2,2012-08-11,9.584753363259338,93.69987483463478
z105_i100,2012,2,2012-08-12,14.543320696224578,93.69987483463478
z105_i100,2012,2,2012-08-13,17.465564182225233,93.69987483463478
z105_i100,2012,2,2012-08-14,21.967814792033494,93.69987483463478
z105_i100,2012,2,2012-08-15,27.604010133170124,93.10367375261434
z105_i100,2012,2,2012-08-16,30.56167035772821,92.43160154892387
z105_i100,2012,2,2012-08-17,33.71310511159558,91.67400304634702
z105_i100,2012,2,2012-08-18,37.71827110150642,90.81999437294112
z105_i100,2012,2,2012-08-19,41.766026702050425,89.85730660128925
z105_i100,2012,2,2012-08-20,43.479716277853136,88.7721094896581
z105_i100,2012,2,2012-08-21,32.37487974151212,87.5488127928777
z105_i100,2012,2,2012-08-22,36.18188609697397,86.16984228851973
z105_i100,2012,2,2012-08-23,39.78704103050343,84.61538730070359
z105_i100,2012,2,2012-08-24,42.469192121730565,82.86311609438692
z105_i100,2012,2,2012-08-25,46.39956037285356,80.88785505141509
z105_i100,2012,2,2012-08-26,49.67079251786375,78.66122701928325
z105_i100,2012,2,2012-08-27,52.50482519090514,76.15124363702806
z105_i100,2012,2,2012-08-28,39.58652058468755,73.32184578148893
z105_i100,2012,2,2012-08-29,42.94475216625191,70.13238553186106
z105_i100,2012,2,2012-08-30,47.03962620581573,66.5370422102984
z105_i100,2012,2,2012-08-31,50.85316716771464,62.48416410924247
z105_i100,2012,2,2012-09-01,53.60042017138336,57.91552644854766
z105_i100,2012,2,2012-09-02,56.68523909771942,52.76549490200774
z105_i100,2012,2,2012-09-03,59.07479269658219,46.96008267627154
z105_i100,2012,2,2012-09-04,60.232103743418484,40.415887595880065
z105_i100,2012,2,2012-09-05,61.02327511879008,33.03889392429132
z105_i100,2012,2,2012-09-06,61.48589360995063,24.72312170751861
z105_i100,2012,2,2012-09-07,61.644433509175244,15.349104236475178
z105_i100,2012,2,2012-09-08,61.70387799646169,4.782171754824224
z105_i100,2012,3,2012-04-30,3.7992117659588165,0.0
z105_i100,2012,3,2012-05-01,5.396983051524822,0.0
z105_i100,2012,3,2012-05-02,6.860737969024848,0.0
z105_i100,2012,3,2012-05-03,8.648177123418925,0.0
z105_i100,2012,3,2012-05-04,11.688310518334216,0.0
z105_i100,2012,3,2012-05-05,12.541132270855433,0.4875
z105_i100,2012,3,2012-05-06,13.477392206342035,0.5738742470010385
z105_i100,2012,3,2012-05-07,11.202448369296768,0.6755521053764285
z105_i100,2012,3,2012-05-08,14.148937700700875,0.7363817509132448
z105_i100,2012,3,2012-05-09,15.282742246387436,0.763364929509515
z105_i100,2012,3,2012-05-10,16.291558034280197,0.7629776329382628
z105_i100,2012,3,2012-05-11,16.512167889494236,0.8286934109844271
z105_i100,2012,3,2012-05-12,16.56851971357014,0.9352222257896805
z105_i100,2012,3,2012-05-13,17.035618588791035,1.0221491924631576
z105_i100,2012,3,2012-05-14,17.689802214130854,1.0982090103187747
z105_i100,2012,3,2012-05-15,18.445672444522057,1.1649395028640337
z105_i100,2012,3,2012-05-16,19.079489436317598,1.2626784445972357
z105_i100,2012,3,2012-05-17,19.632604879864076,1.3787264216423436
z105_i100,2012,3,2012-05-18,20.09190812741977,1.5283003799636703
z105_i100,2012,3,2012-05-19,20.28603439719987,1.722969755112311
z105_i100,2012,3,2012-05-20,20.783901712316457,1.8962184581779795
z105_i100,2012,3,2012-05-21,21.41443934462104,2.081997311600905
z105_i100,2012,3,2012-05-22,22.01355303016204,2.312440439114283
z105_i100,2012,3,2012-05-23,12.13293763285494,2.719476477246343
z105_i100,2012,3,2012-05-24,15.608127548293469,3.16094902232614
z105_i100,2012,3,2012-05-25,16.463307452099116,3.6790836422904496
z105_i100,2012,3,2012-05-26,18.32884298195836,4.19115641707664
z105_i100,2012,3,2012-05-27,19.607178339633098,4.760058702309592
z105_i100,2012,3,2012-05-28,20.605150714701747,5.389043912764717
z105_i100,2012,3,2012-05-29,21.64989222540414,6.089004099505465
z105_i100,2012,3,2012-05-30,2.4853272242132247,7.167841318133202
z105_i100,2012,3,2012-05-31,7.181640604915424,8.437824695521275
z105_i100,2012,3,2012-06-01,12.200563474613052,9.902155416808485
z105_i100,2012,3,2012-06-02,14.754508595726021,11.575547378674417
z105_i100,2012,3,2012-06-03,17.13339248053063,13.448620337974196
z105_i100,2012,3,2012-06-04,20.424332982825888,15.41712075706177
z105_i100,2012,3,2012-06-05,23.70680361202777,17.503419758408427
z105_i100,2012,3,2012-06-06,1.7999671535012816,20.604639659076373
z105_i100,2012,3,2012-06-07,-4.715909526466421,24.255327321190133
z105_i100,2012,3,2012-06-08,6.360052711792401,28.55283631222913
z105_i100,2012,3,2012-06-09,11.649136595121096,33.561021834237366
z105_i100,2012,3,2012-06-10,16.669559038110766,39.11302174538665
z105_i100,2012,3,2012-06-11,21.200294449526567,45.33933228553815
z105_i100,2012,3,2012-06-12,25.77380765100654,51.834600197548355
z105_i100,2012,3,2012-06-13,31.612873759645176,56.747038013484755
z105_i100,2012,3,2012-06-14,15.408471374822556,62.582803470190896
z105_i100,2012,3,2012-06-15,21.6704725949632,67.54006700384154
z105_i100,2012,3,2012-06-16,27.28718791971685,71.28250656090475
z105_i100,2012,3,2012-06-17,33.59837848857886,74.10690742415582
z105_i100,2012,3,2012-06-18,40.9412906380499,75.91858468375237
z105_i100,2012,3,2012-06-19,17.65140528236198,78.85752507269135
z105_i100,2012,3,2012-06-20,23.47975025026408,81.3537143252548
z105_i100,2012,3,2012-06-21,32.61366590574684,83.04754435904948
z105_i100,2012,3,2012-06-22,38.80044500419299,84.39536026022758
z105_i100,2012,3,2012-06-23,46.874658249248576,85.06722911078512
z105_i100,2012,3,2012-06-24,54.94414036705193,85.17285449525356
z105_i100,2012,3,2012-06-25,31.89853324163518,86.68261473873335
z105_i100,2012,3,2012-06-26,39.71590615238479,87.96357832068611
z105_i100,2012,3,2012-06-27,45.06658780612534,88.86515942244083
z105_i100,2012,3,2012-06-28,51.35668808004336,89.25420564512973
z105_i100,2012,3,2012-06-29,25.87525340388238,90.12613805423722
z105_i100,2012,3,2012-06-30,32.469860141129644,90.8632476941369
z105_i100,2012,3,2012-07-01,40.44071128027632,91.2947574536382
z105_i100,2012,3,2012-07-02,48.20651908577617,91.56166920461834
z105_i100,2012,3,2012-07-03,54.05832952569652,91.74629588288862
z105_i100,2012,3,2012-07-04,34.26254055382987,92.18214334947868
z105_i100,2012,3,2012-07-05,40.95698808395539,92.54083116368206
z105_i100,2012,3,2012-07-06,42.20838832367918,92.83115483736717
z105_i100,2012,3,2012-07-07,21.433985651824948,93.05972957271112
z105_i100,2012,3,2012-07-08,22.05760137797171,93.23098522135895
z105_i100,2012,3,2012-07-09,27.72448868264036,93.34699969132409
z105_i100,2012,3,2012-07-10,34.2144890854116,93.34699969132409
z105_i100,2012,3,2012-07-11,40.37992723429179,93.34699969132409
z105_i100,2012,3,2012-07-12,46.73891925792169,93.34699969132409
z105_i100,2012,3,2012-07-13,14.99884018748659,93.34699969132409
z105_i100,2012,3,2012-07-14,22.600516293654774,93.34699969132409
z105_i100,2012,3,2012-07-15,29.31380240209812,93.34699969132409
z105_i100,2012,3,2012-07-16,29.849830467645976,93.34699969132409
z105_i100,2012,3,2012-07-17,36.00192966537963,93.34699969132409
z105_i100,2012,3,2012-07-18,16.831366398560565,93.34699969132409
z105_i100,2012,3,2012-07-19,23.304398735351715,93.34699969132409
z105_i100,2012,3,2012-07-20,30.27810554676915,93.34699969132409
z105_i100,2012,3,2012-07-21,37.011742208570986,93.34699969132409
z105_i100,2012,3,2012-07-22,43.89094436850138,93.34699969132409
z105_i100,2012,3,2012-07-23,0.24185876260698114,93.34699969132409
z105_i100,2012,3,2012-07-24,7.057079890748273,93.34699969132409
z105_i100,2012,3,2012-07-25,11.628157006849888,93.34699969132409
z105_i100,2012,3,2012-07-26,17.4147020643388,93.34699969132409
z105_i100,2012,3,2012-07-27,-6.58737889153644,93.34699969132409
z105_i100,2012,3,2012-07-28,4.197499816463925,93.34699969132409
z105_i100,2012,3,2012-07-29,9.979284126600344,93.34699969132409
z105_i100,2012,3,2012-07-30,14.756401376144339,93.34699969132409
z105_i100,2012,3,2012-07-31,20.44998575759423,93.34699969132409
z105_i100,2012,3,2012-08-01,-10.733649863877437,93.34699969132409
z105_i100,2012,3,2012-08-02,2.695416731184168,93.34699969132409
z105_i100,2012,3,2012-08-03,9.942696972070152,93.34699969132409
z105_i100,2012,3,2012-08-04,15.00464300508691,93.34699969132409
z105_i100,2012,3,2012-08-05,20.167074985365108,93.34699969132409
z105_i100,2012,3,2012-08-06,-4.61006644947445,93.34699969132409
z105_i100,2012,3,2012-08-07,0.3838524226133114,93.34699969132409
z105_i100,2012,3,2012-08-08,6.551172094627981,93.34699969132409
z105_i100,2012,3,2012-08-09,12.570712113549922,93.34699969132409
z105_i100,2012,3,2012-08-10,-3.617437627186007,93.34699969132409
z105_i100,2012,3,2012-08-11,3.4236014263383634,93.34699969132409
z105_i100,2012,3,2012-08-12,9.031990657470049,93.34699969132409
z105_i100,2012,3,2012-08-13,12.048674777916538,93.34699969132409
z105_i100,2012,3,2012-08-14,16.56520142665747,93.34699969132409
z105_i100,2012,3,2012-08-15,-0.1920352964835152,92.75304391158001
z105_i100,2012,3,2012-08-16,2.770043633537064,92.0835027419556
z105_i100,2012,3,2012-08-17,5.926606587878449,91.3287573667777
z105_i100,2012,3,2012-08-18,9.936939525504513,90.4779649029297
z105_i100,2012,3,2012-08-19,13.99051018139474,89.51890262796056
z105_i100,2012,3,2012-08-20,15.695939034587898,88.43779238503615
z105_i100,2012,3,2012-08-21,-4.504115520329199,87.21910264208518
z105_i100,2012,3,2012-08-22,2.485470161192629,85.84532536146635
z105_i100,2012,3,2012-08-23,6.89930309279403,84.29672447460354
z105_i100,2012,3,2012-08-24,9.69762278733347,82.5510523481057
z105_i100,2012,3,2012-08-25,13.70898865378411,80.58323016804425
z105_i100,2012,3,2012-08-26,17.085162295023412,78.36498765069912
z105_i100,2012,3,2012-08-27,19.980108655005907,75.86445690375729
z105_i100,2012,3,2012-08-28,-4.932941178595995,73.04571460326046
z105_i100,2012,3,2012-08-29,1.9154361887636595,69.86826590908726
z105_i100,2012,3,2012-08-30,6.887410215414158,66.28646270475619
z105_i100,2012,3,2012-08-31,10.827700187657172,62.24884780381932
z105_i100,2012,3,2012-09-01,13.59276388740701,57.69741570153211
z105_i100,2012,3,2012-09-02,16.68507288690481,52.566779251551765
z105_i100,2012,3,2012-09-03,19.064627635289664,46.78323029590796
z105_i100,2012,3,2012-09-04,20.270374729399247,40.26368075299372
z105_i100,2012,3,2012-09-05,-13.621296118557586,32.91446895095022
z105_i100,2012,3,2012-09-06,0.020394973911361594,24.630014057897647
z105_i100,2012,3,2012-09-07,4.079884834570822,15.291299278179387
z105_i100,2012,3,2012-09-08,6.5921249353658204,4.764162023794103
z105_i100,2012,4,2012-04-30,3.7992117659588165,0.0
z105_i100,2012,4,2012-05-01,5.396983051524822,0.0
z105_i100,2012,4,2012-05-02,6.860737969024848,0.0
z105_i100,2012,4,2012-05-03,8.648177123418925,0.0
z105_i100,2012,4,2012-05-04,11.688310518334216,0.0
z105_i100,2012,4,2012-05-05,12.541132270855433,0.4875
z105_i100,2012,4,2012-05-06,13.477392206342035,0.5738742470010385
z105_i100,2012,4,2012-05-07,11.202448369296768,0.6755521053764285
z105_i100,2012,4,2012-05-08,14.148937700700875,0.7363817509132448
z105_i100,2012,4,2012-05-09,15.282742246387436,0.763364929509515
z105_i100,2012,4,2012-05-10,16.291558034280197,0.7629776329382628
z105_i100,2012,4,2012-05-11,16.512167889494236,0.8286934109844271
z105_i100,2012,4,2012-05-12,16.56851971357014,0.9352222257896805
z105_i100,2012,4,2012-05-13,17.035618588791035,1.0221491924631576
z105_i100,2012,4,2012-05-14,17.689802214130854,1.0982090103187747
z105_i100,2012,4,2012-05-15,18.445672444522057,1.1649395028640337
z105_i100,2012,4,2012-05-16,19.079489436317598,1.2626784445972357
z105_i100,2012,4,2012-05-17,19.632604879864076,1.3787264216423436
z105_i100,2012,4,2012-05-18,20.09190812741977,1.5283003799636703
z105_i100,2012,4,2012-05-19,20.28603439719987,1.722969755112311
z105_i100,2012,4,2012-05-20,20.783901712316457,1.8962184581779795
z105_i100,2012,4,2012-05-21,21.41443934462104,2.081997311600905
z105_i100,2012,4,2012-05-22,22.01355303016204,2.312440439114283
z105_i100,2012,4,2012-05-23,12.13293763285494,2.719476477246343
z105_i100,2012,4,2012-05-24,15.608127548293469,3.16094902232614
z105_i100,2012,4,2012-05-25,16.463307452099116,3.6790836422904496
z105_i100,2012,4,2012-05-26,18.32884298195836,4.19115641707664
z105_i100,2012,4,2012-05-27,19.607178339633098,4.760058702309592
z105_i100,2012,4,2012-05-28,20.605150714701747,5.389043912764717
z105_i100,2012,4,2012-05-29,21.64989222540414,6.089004099505465
z105_i100,2012,4,2012-05-30,1.9853272242132238,7.167841318133202
z105_i100,2012,4,2012-05-31,6.652797405222843,8.437824695521275
z105_i100,2012,4,2012-06-01,11.658488870272302,9.908125948163176
z105_i100,2012,4,2012-06-02,14.227806146272902,11.591906499961818
z105_i100,2012,4,2012-06-03,16.624723075890977,13.481772891135261
z105_i100,2012,4,2012-06-04,19.98025663867154,15.478930966191202
z105_i100,2012,4,2012-06-05,23.304412019309765,17.60246075117697
z105_i100,2012,4,2012-06-06,1.3968758574309401,20.721228531173377
z105_i100,2012,4,2012-06-07,-5.119578602149294,24.3925731697714
z105_i100,2012,4,2012-06-08,6.3112396929475585,28.71439909788778
z105_i100,2012,4,2012-06-09,11.65708958877988,33.75121436351505
z105_i100,2012,4,2012-06-10,16.696146950675217,39.333534867020795
z105_i100,2012,4,2012-06-11,21.242008762202648,45.59241820962352
z105_i100,2012,4,2012-06-12,25.82877469416757,52.0714564994039
z105_i100,2012,4,2012-06-13,31.68146253151622,56.950058086338075
z105_i100,2012,4,2012-06-14,15.576447308768463,62.75564040607274
z105_i100,2012,4,2012-06-15,21.83088446376281,67.68726449870232
z105_i100,2012,4,2012-06-16,27.449161858751452,71.40154748425357
z105_i100,2012,4,2012-06-17,33.76392432833102,74.1998086323598
z105_i100,2012,4,2012-06-18,41.10960149338647,75.9836995475291
z105_i100,2012,4,2012-06-19,17.81986709578751,78.91311029425611
z105_i100,2012,4,2012-06-20,23.648083118214466,81.4012055444506
z105_i100,2012,4,2012-06-21,32.781876875921505,83.0835503666867
z105_i100,2012,4,2012-06-22,38.96935914075735,84.42080321260474
z105_i100,2012,4,2012-06-23,47.04380120320243,85.07965285913671
z105_i100,2012,4,2012-06-24,55.11062118305668,85.17494291029088
z105_i100,2012,4,2012-06-25,32.16500817000375,86.68441194072713
z105_i100,2012,4,2012-06-26,39.98237673062498,87.96512844152582
z105_i100,2012,4,2012-06-27,45.33289655524294,88.86677949587343
z105_i100,2012,4,2012-06-28,51.62236959263789,89.24639404485583
z105_i100,2012,4,2012-06-29,26.14095493501453,90.11933614786851
z105_i100,2012,4,2012-06-30,32.735580867207965,90.85729935749802
z105_i100,2012,4,2012-07-01,40.70645536765542,91.28927839075264
z105_i100,2012,4,2012-07-02,48.47196061397302,91.55219731407843
z105_i100,2012,4,2012-07-03,54.32329102208087,91.7325894766468
z105_i100,2012,4,2012-07-04,34.5275626761174,92.16984134332489
z105_i100,2012,4,2012-07-05,41.22206409933996,92.5296849315925
z105_i100,2012,4,2012-07-06,42.47351613138639,92.82094409446624
z105_i100,2012,4,2012-07-07,21.699148779836655,93.05025534981559
z105_i100,2012,4,2012-07-08,22.322796480427037,93.22206282327937
z105_i100,2012,4,2012-07-09,27.989728167969982,93.33845111836527
z105_i100,2012,4,2012-07-10,34.47978211521674,93.33845111836527
z105_i100,2012,4,2012-07-11,40.64527372401664,93.33845111836527
z105_i100,2012,4,2012-07-12,47.00432357494958,93.33845111836527
z105_i100,2012,4,2012-07-13,15.26430504438068,93.33845111836527
z105_i100,2012,4,2012-07-14,22.866056760351203,93.33845111836527
z105_i100,2012,4,2012-07-15,29.57941252787618,93.33845111836527
z105_i100,2012,4,2012-07-16,30.11551227566987,93.33845111836527
z105_i100,2012,4,2012-07-17,36.26768064185951,93.33845111836527
z105_i100,2012,4,2012-07-18,16.897195975076777,93.33845111836527
z105_i100,2012,4,2012-07-19,23.370306761226907,93.33845111836527
z105_i100,2012,4,2012-07-20,30.344101170993667,93.33845111836527
z105_i100,2012,4,2012-07-21,37.077825407149206,93.33845111836527
z105_i100,2012,4,2012-07-22,43.957120107876854,93.33845111836527
z105_i100,2012,4,2012-07-23,0.3081311301594948,93.33845111836527
z105_i100,2012,4,2012-07-24,7.123450079029978,93.33845111836527
z105_i100,2012,4,2012-07-25,11.694602403971793,93.33845111836527
z105_i100,2012,4,2012-07-26,17.481235789877417,93.33845111836527
z105_i100,2012,4,2012-07-27,-6.42074456576304,93.33845111836527
z105_i100,2012,4,2012-07-28,4.212638484594096,93.33845111836527
z105_i100,2012,4,2012-07-29,9.981535481587011,93.33845111836527
z105_i100,2012,4,2012-07-30,14.757619153932737,93.33845111836527
z105_i100,2012,4,2012-07-31,20.451199314813078,93.33845111836527
z105_i100,2012,4,2012-08-01,-10.832364970393098,93.33845111836527
z105_i100,2012,4,2012-08-02,2.687206557561078,93.33845111836527
z105_i100,2012,4,2012-08-03,9.94403530953125,93.33845111836527
z105_i100,2012,4,2012-08-04,15.006876846550032,93.33845111836527
z105_i100,2012,4,2012-08-05,20.168946826380814,93.33845111836527
z105_i100,2012,4,2012-08-06,-4.5080742158619245,93.33845111836527
z105_i100,2012,4,2012-08-07,0.4007124003884673,93.33845111836527
z105_i100,2012,4,2012-08-08,6.55314212680557,93.33845111836527
z105_i100,2012,4,2012-08-09,12.57179697988565,93.33845111836527
z105_i100,2012,4,2012-08-10,1.7836897094567976,93.33845111836527
z105_i100,2012,4,2012-08-11,6.318185582858623,93.33845111836527
z105_i100,2012,4,2012-08-12,11.28199495971037,93.33845111836527
z105_i100,2012,4,2012-08-13,14.208185169995273,93.33845111836527
z105_i100,2012,4,2012-08-14,18.715100657069357,93.33845111836527
z105_i100,2012,4,2012-08-15,9.057242153582234,92.74454973216714
z105_i100,2012,4,2012-08-16,12.019355622656205,92.07506987808107
z105_i100,2012,4,2012-08-17,15.176036116060246,91.32039362131003
z105_i100,2012,4,2012-08-18,19.186493558289722,90.46967907171182
z105_i100,2012,4,2012-08-19,23.240205025608933,89.51070462617326
z105_i100,2012,4,2012-08-20,24.93165465275727,88.4296933896424
z105_i100,2012,4,2012-08-21,9.831715924327405,87.21111525240148
z105_i100,2012,4,2012-08-22,13.643243718595073,85.83746378016805
z105_i100,2012,4,2012-08-23,17.25275829028976,84.28900471176442
z105_i100,2012,4,2012-08-24,19.939156556998565,82.5434924512032
z105_i100,2012,4,2012-08-25,23.875966295056156,80.57585048123454
z105_i100,2012,4,2012-08-26,27.159361547177863,78.35781110708695
z105_i100,2012,4,2012-08-27,29.99059253062902,75.85750935485946
z105_i100,2012,4,2012-08-28,12.177662007320071,73.03902519039578
z105_i100,2012,4,2012-08-29,15.54077202069552,69.86186748202901
z105_i100,2012,4,2012-08-30,19.641976931901496,66.28039229366117
z105_i100,2012,4,2012-08-31,23.461915727730872,62.24314715121332
z105_i100,2012,4,2012-09-01,26.21430242755499,57.69213186199479
z105_i100,2012,4,2012-09-02,29.305768010257438,52.56196526771591
z105_i100,2012,4,2012-09-03,31.682403460998863,46.7789459604847
z105_i100,2012,4,2012-09-04,32.80563076471154,40.25999346777143
z105_i100,2012,4,2012-09-05,33.61595733902931,32.911454695107444
z105_i100,2012,4,2012-09-06,34.10139700441044,24.62775847954109
z105_i100,2012,4,2012-09-07,34.28277500451784,15.289898924788817
z105_i100,2012,4,2012-09-08,34.3693559841484,4.763725729250276
z105_i100,2012,5,2012-04-30,3.7992117659588165,0.0
z105_i100,2012,5,2012-05-01,5.396983051524822,0.0
z105_i100,2012,5,2012-05-02,6.860737969024848,0.0
z105_i100,2012,5,2012-05-03,8.648177123418925,0.0
z105_i100,2012,5,2012-05-04,11.688310518334216,0.0
z105_i100,2012,5,2012-05-05,12.541132270855433,0.4875
z105_i100,2012,5,2012-05-06,13.477392206342035,0.5738742470010385
z105_i100,2012,5,2012-05-07,11.202448369296768,0.6755521053764285
z105_i100,2012,5,2012-05-08,14.148937700700875,0.7363817509132448
z105_i100,2012,5,2012-05-09,15.282742246387436,0.763364929509515
z105_i100,2012,5,2012-05-10,16.291558034280197,0.7629776329382628
z105_i100,2012,5,2012-05-11,16.512167889494236,0.8286934109844271
z105_i100,2012,5,2012-05-12,16.56851971357014,0.9352222257896805
z105_i100,2012,5,2012-05-13,17.035618588791035,1.0221491924631576
z105_i100,2012,5,2012-05-14,17.689802214130854,1.0982090103187747
z105_i100,2012,5,2012-05-15,18.445672444522057,1.1649395028640337
z105_i100,2012,5,2012-05-16,19.079489436317598,1.2626784445972357
z105_i100,2012,5,2012-05-17,19.632604879864076,1.3787264216423436
z105_i100,2012,5,2012-05-18,20.09190812741977,1.5283003799636703
z105_i100,2012,5,2012-05-19,20.28603439719987,1.722969755112311
z105_i100,2012,5,2012-05-20,20.783901712316457,1.8962184581779795
z105_i100,2012,5,2012-05-21,21.41443934462104,2.081997311600905
z105_i100,2012,5,2012-05-22,22.01355303016204,2.312440439114283
z105_i100,2012,5,2012-05-23,12.13293763285494,2.719476477246343
z105_i100,2012,5,2012-05-24,15.608127548293469,3.16094902232614
z105_i100,2012,5,2012-05-25,16.463307452099116,3.6790836422904496
z105_i100,2012,5,2012-05-26,18.32884298195836,4.19115641707664
z105_i100,2012,5,2012-05-27,19.607178339633098,4.760058702309592
z105_i100,2012,5,2012-05-28,20.605150714701747,5.389043912764717
z105_i100,2012,5,2012-05-29,21.64989222540414,6.089004099505465
z105_i100,2012,5,2012-05-30,2.3853272242132304,7.167841318133202
z105_i100,2012,5,2012-05-31,7.10653916722869,8.437824695521275
z105_i100,2012,5,2012-06-01,11.96632880903482,9.903075271325894
z105_i100,2012,5,2012-06-02,14.502331309969339,11.580846695436088
z105_i100,2012,5,2012-06-03,16.88092631692135,13.461792250607488
z105_i100,2012,5,2012-06-04,20.218023586621584,15.444230740092532
z105_i100,2012,5,2012-06-05,23.528173881053867,17.54807015840193
z105_i100,2012,5,2012-06-06,1.7210218548102354,20.657201125075492
z105_i100,2012,5,2012-06-07,-4.7951154232532485,24.317201519593233
z105_i100,2012,5,2012-06-08,6.350943806833902,28.625673253803217
z105_i100,2012,5,2012-06-09,11.653591289761161,33.64692504953449
z105_i100,2012,5,2012-06-10,16.681279929692497,39.21256642416663
z105_i100,2012,5,2012-06-11,21.21879401136202,45.45304226779873
z105_i100,2012,5,2012-06-12,25.798279903098525,51.94113322613853
z105_i100,2012,5,2012-06-13,31.643507853268677,56.8387197497366
z105_i100,2012,5,2012-06-14,15.53882855320425,62.66085481825413
z105_i100,2012,5,2012-06-15,21.792270684310125,67.60653984916709
z105_i100,2012,5,2012-06-16,27.40805854649302,71.33402031818781
z105_i100,2012,5,2012-06-17,33.72005901963817,74.14367733048049
z105_i100,2012,5,2012-06-18,41.0633386149338,75.93778515058702
z105_i100,2012,5,2012-06-19,18.273497783679346,78.87391552705536
z105_i100,2012,5,2012-06-20,24.10180472568455,81.36771809530387
z105_i100,2012,5,2012-06-21,33.23575249370975,83.0380606003714
z105_i100,2012,5,2012-06-22,39.42036901083241,84.36081371987454
z105_i100,2012,5,2012-06-23,47.48800435380539,84.99255672453396
z105_i100,2012,5,2012-06-24,54.83527857917744,84.9811714693746
z105_i100,2012,5,2012-06-25,31.913702051399756,86.5176604024887
z105_i100,2012,5,2012-06-26,39.754893462280194,87.82130207400088
z105_i100,2012,5,2012-06-27,45.1329648832633,88.73823872809113
z105_i100,2012,5,2012-06-28,51.452073236657405,89.13019475147611
z105_i100,2012,5,2012-06-29,25.9940876435575,90.01815627614371
z105_i100,2012,5,2012-06-30,32.61203851013921,90.76881652555741
z105_i100,2012,5,2012-07-01,40.60514014510128,91.20793745109462
z105_i100,2012,5,2012-07-02,48.36832762751016,91.4769169967834
z105_i100,2012,5,2012-07-03,54.21731514292059,91.66211008315572
z105_i100,2012,5,2012-07-04,34.4218985388367,92.10658348293865
z105_i100,2012,5,2012-07-05,41.1166770793676,92.47237015020323
z105_i100,2012,5,2012-07-06,42.36839542381394,92.76843967032657
z105_i100,2012,5,2012-07-07,21.59420968536544,93.0015381681053
z105_i100,2012,5,2012-07-08,22.21802179921497,93.17618316715064
z105_i100,2012,5,2012-07-09,27.885181696172605,93.29449369971573
z105_i100,2012,5,2012-07-10,34.3755109587398,93.29449369971573
z105_i100,2012,5,2012-07-11,40.54127744669823,93.29449369971573
z105_i100,2012,5,2012-07-12,46.90062463154123,93.29449369971573
z105_i100,2012,5,2012-07-13,15.160917380904253,93.29449369971573
z105_i100,2012,5,2012-07-14,22.763057860908244,93.29449369971573
z105_i100,2012,5,2012-07-15,29.476771794273343,93.29449369971573
z105_i100,2012,5,2012-07-16,30.01324010917929,93.29449369971573
z105_i100,2012,5,2012-07-17,36.1657641162845,93.29449369971573
z105_i100,2012,5,2012-07-18,17.49568358326973,93.29449369971573
z105_i100,2012,5,2012-07-19,23.969197727379242,93.29449369971573
z105_i100,2012,5,2012-07-20,30.94344253474685,93.29449369971573
z105_i100,2012,5,2012-07-21,37.67761704407187,93.29449369971573
z105_i100,2012,5,2012-07-22,44.55738755243781,93.29449369971573
z105_i100,2012,5,2012-07-23,0.908895396996849,93.29449369971573
z105_i100,2012,5,2012-07-24,7.724717298774539,93.29449369971573
z105_i100,2012,5,2012-07-25,12.296256315120843,93.29449369971573
z105_i100,2012,5,2012-07-26,18.083343846841533,93.29449369971573
z105_i100,2012,5,2012-07-27,-5.818119267553454,93.29449369971573
z105_i100,2012,5,2012-07-28,4.230572687714124,93.29449369971573
z105_i100,2012,5,2012-07-29,9.982587944075664,93.29449369971573
z105_i100,2012,5,2012-07-30,14.758944568747838,93.29449369971573
z105_i100,2012,5,2012-07-31,20.45303798051249,93.29449369971573
z105_i100,2012,5,2012-08-01,-10.23012065899436,93.29449369971573
z105_i100,2012,5,2012-08-02,2.7406818083659097,93.29449369971573
z105_i100,2012,5,2012-08-03,9.939910505491037,93.29449369971573
z105_i100,2012,5,2012-08-04,14.998342132345455,93.29449369971573
z105_i100,2012,5,2012-08-05,20.157743618516573,93.29449369971573
z105_i100,2012,5,2012-08-06,-4.618718864228709,93.29449369971573
z105_i100,2012,5,2012-08-07,0.3829240100344332,93.29449369971573
z105_i100,2012,5,2012-08-08,6.553462420813508,93.29449369971573
z105_i100,2012,5,2012-08-09,12.574031938246502,93.29449369971573
z105_i100,2012,5,2012-08-10,4.68667507556668,93.29449369971573
z105_i100,2012,5,2012-08-11,9.221715242807377,93.29449369971573
z105_i100,2012,5,2012-08-12,14.186162559605933,93.29449369971573
z105_i100,2012,5,2012-08-13,17.11283246668703,93.29449369971573
z105_i100,2012,5,2012-08-14,21.620314783455182,93.29449369971573
z105_i100,2012,5,2012-08-15,27.26317884395881,92.70087200930811
z105_i100,2012,5,2012-08-16,30.2258338050747,92.03170744442889
z105_i100,2012,5,2012-08-17,33.38315215113905,91.27738659981401
z105_i100,2012,5,2012-08-18,37.39425284525648,90.42707269127165
z105_i100,2012,5,2012-08-19,41.44868865585999,89.46854987141009
z105_i100,2012,5,2012-08-20,43.133445739671735,88.38804773335815
z105_i100,2012,5,2012-08-21,32.13410258839115,87.1700434812492
z105_i100,2012,5,2012-08-22,35.94618028375675,85.79703892539501
z105_i100,2012,5,2012-08-23,39.55622517594018,84.24930909839958
z105_i100,2012,5,2012-08-24,42.243140188935264,82.50461888076146
z105_i100,2012,5,2012-08-25,46.16002024127017,80.53790356492934
z105_i100,2012,5,2012-08-26,49.435275954442794,78.32090876870417
z105_i100,2012,5,2012-08-27,52.27386082729877,75.82178452488351
z105_i100,2012,5,2012-08-28,39.36158484577067,73.00462771572613
z105_i100,2012,5,2012-08-29,42.72528921668813,69.82896627872267
z105_i100,2012,5,2012-08-30,46.82726568275353,66.2491777736279
z105_i100,2012,5,2012-08-31,50.64798442530981,62.213833957726514
z105_i100,2012,5,2012-09-01,53.40099712083555,57.66496195331668
z105_i100,2012,5,2012-09-02,56.49327332434797,52.537211393137625
z105_i100,2012,5,2012-09-03,58.86229796336617,46.75691557871886
z105_i100,2012,5,2012-09-04,59.98328086257598,40.24103316398999
z105_i100,2012,5,2012-09-05,60.7914997967483,32.89595516008127
z105_i100,2012,5,2012-09-06,61.274191519364955,24.616160122412694
z105_i100,2012,5,2012-09-07,61.45249947231622,15.282698200113343
z105_i100,2012,5,2012-09-08,61.535413955044156,4.761482269200398
z105_i100,2012,6,2012-04-30,3.7992117659588165,0.0
z105_i100,2012,6,2012-05-01,5.396983051524822,0.0
z105_i100,2012,6,2012-05-02,6.860737969024848,0.0
z105_i100,2012,6,2012-05-03,8.648177123418925,0.0
z105_i100,2012,6,2012-05-04,11.688310518334216,0.0
z105_i100,2012,6,2012-05-05,12.541132270855433,0.4875
z105_i100,2012,6,2012-05-06,13.477392206342035,0.5738742470010385
z105_i100,2012,6,2012-05-07,11.202448369296768,0.6755521053764285
z105_i100,2012,6,2012-05-08,14.148937700700875,0.7363817509132448
z105_i100,2012,6,2012-05-09,15.282742246387436,0.763364929509515
z105_i100,2012,6,2012-05-10,16.291558034280197,0.7629776329382628
z105_i100,2012,6,2012-05-11,16.512167889494236,0.8286934109844271
z105_i100,2012,6,2012-05-12,16.56851971357014,0.9352222257896805
z105_i100,2012,6,2012-05-13,17.035618588791035,1.0221491924631576
z105_i100,2012,6,2012-05-14,17.689802214130854,1.0982090103187747
z105_i100,2012,6,2012-05-15,18.445672444522057,1.1649395028640337
z105_i100,2012,6,2012-05-16,19.079489436317598,1.2626784445972357
z105_i100,2012,6,2012-05-17,19.632604879864076,1.3787264216423436
z105_i100,2012,6,2012-05-18,20.09190812741977,1.5283003799636703
z105_i100,2012,6,2012-05-19,20.28603439719987,1.722969755112311
z105_i100,2012,6,2012-05-20,20.783901712316457,1.8962184581779795
z105_i100,2012,6,2012-05-21,21.41443934462104,2.081997311600905
z105_i100,2012,6,2012-05-22,22.01355303016204,2.312440439114283
z105_i100,2012,6,2012-05-23,12.13293763285494,2.719476477246343
z105_i100,2012,6,2012-05-24,15.608127548293469,3.16094902232614
z105_i100,2012,6,2012-05-25,16.463307452099116,3.6790836422904496
z105_i100,2012,6,2012-05-26,18.32884298195836,4.19115641707664
z105_i100,2012,6,2012-05-27,19.607178339633098,4.760058702309592
z105_i100,2012,6,2012-05-28,20.605150714701747,5.389043912764717
z105_i100,2012,6,2012-05-29,21.64989222540414,6.089004099505465
z105_i100,2012,6,2012-05-30,3.5853272242132204,7.167841318133202
z105_i100,2012,6,2012-05-31,8.156190489812854,8.437824695521275
z105_i100,2012,6,2012-06-01,13.097406879727796,9.890450331679807
z105_i100,2012,6,2012-06-02,15.613925048903798,11.545383749683927
z105_i100,2012,6,2012-06-03,17.9620153122712,13.389568880663921
z105_i100,2012,6,2012-06-04,21.177535666245415,15.310062003471959
z105_i100,2012,6,2012-06-05,24.40564442135256,17.330850174870882
z105_i100,2012,6,2012-06-06,2.6000294911060866,20.401494551778136
z105_i100,2012,6,2012-06-07,-3.9691217819123388,24.0161893817384
z105_i100,2012,6,2012-06-08,6.45455711811672,28.271328404675817
z105_i100,2012,6,2012-06-09,11.63500046748394,33.229850008401534
z105_i100,2012,6,2012-06-10,16.6218381654851,38.72818782693564
z105_i100,2012,6,2012-06-11,21.12605015909698,44.89655078869752
z105_i100,2012,6,2012-06-12,25.67586691288504,51.41381973131782
z105_i100,2012,6,2012-06-13,31.49080414241515,56.38817786104773
z105_i100,2012,6,2012-06-14,15.387487755317917,62.27729530892589
z105_i100,2012,6,2012-06-15,21.636756573276276,67.27987935489782
z105_i100,2012,6,2012-06-16,27.24234346085718,71.05861717496889
z105_i100,2012,6,2012-06-17,33.542937344552456,73.91230948148892
z105_i100,2012,6,2012-06-18,40.876169859532766,75.74569952414303
z105_i100,2012,6,2012-06-19,18.085883169037245,78.7099418736372
z105_i100,2012,6,2012-06-20,23.914570668128196,81.22762134840603
z105_i100,2012,6,2012-06-21,33.048916476420715,82.92056336882358
z105_i100,2012,6,2012-06-22,39.23017839807999,84.2628666407764
z105_i100,2012,6,2012-06-23,47.2934581438895,84.91260058208874
z105_i100,2012,6,2012-06-24,54.658853980246086,84.90626376850302
z105_i100,2012,6,2012-06-25,31.737490316837114,86.45319799106638
z105_i100,2012,6,2012-06-26,39.57883792867509,87.76570202032394
z105_i100,2012,6,2012-06-27,44.9568365652122,88.6885589477905
z105_i100,2012,6,2012-06-28,51.27446004785157,89.08942919028846
z105_i100,2012,6,2012-06-29,25.816578967432605,89.98265989633116
z105_i100,2012,6,2012-06-30,32.4346300306033,90.73777457861763
z105_i100,2012,6,2012-07-01,40.42785201331375,91.179386218745
z105_i100,2012,6,2012-07-02,48.190275716535226,91.45284257141458
z105_i100,2012,6,2012-07-03,54.03855474258877,91.6418216767252
z105_i100,2012,6,2012-07-04,34.24322787709929,92.08837388836257
z105_i100,2012,6,2012-07-05,40.93808618785678,92.45587134790509
z105_i100,2012,6,2012-07-06,42.18988119139772,92.75332559167774
z105_i100,2012,6,2012-07-07,21.41574773058522,92.987514296251
z105_i100,2012,6,2012-07-08,22.03960717237242,93.16297611379326
z105_i100,2012,6,2012-07-09,27.70683275904066,93.28183998731807
z105_i100,2012,6,2012-07-10,34.19724127020034,93.28183998731807
z105_i100,2012,6,2012-07-11,40.36308688077113,93.28183998731807
z105_i100,2012,6,2012-07-12,46.72251965128954,93.28183998731807
z105_i100,2012,6,2012-07-13,15.182902000192666,93.28183998731807
z105_i100,2012,6,2012-07-14,22.785154382471273,93.28183998731807
z105_i100,2012,6,2012-07-15,29.498971410293663,93.28183998731807
z105_i100,2012,6,2012-07-16,30.035545813179134,93.28183998731807
z105_i100,2012,6,2012-07-17,36.188172187260406,93.28183998731807
z105_i100,2012,6,2012-07-18,17.91820797894842,93.28183998731807
z105_i100,2012,6,2012-07-19,24.391838224119212,93.28183998731807
z105_i100,2012,6,2012-07-20,31.366212671914596,93.28183998731807
z105_i100,2012,6,2012-07-21,38.10051678552399,93.28183998731807
z105_i100,2012,6,2012-07-22,44.98042424755777,93.28183998731807
z105_i100,2012,6,2012-07-23,1.4320750941949714,93.28183998731807
z105_i100,2012,6,2012-07-24,8.248041762346839,93.28183998731807
z105_i100,2012,6,2012-07-25,12.819692080965249,93.28183998731807
z105_i100,2012,6,2012-07-26,18.606910330269837,93.28183998731807
z105_i100,2012,6,2012-07-27,-5.394403905938112,93.28183998731807
z105_i100,2012,6,2012-07-28,4.247771120436073,93.28183998731807
z105_i100,2012,6,2012-07-29,9.981518632579958,93.28183998731807
z105_i100,2012,6,2012-07-30,14.758362348423102,93.28183998731807
z105_i100,2012,6,2012-07-31,20.45269838803915,93.28183998731807
z105_i100,2012,6,2012-08-01,-9.530335983435908,93.28183998731807
z105_i100,2012,6,2012-08-02,2.8089166840610407,93.28183998731807
z105_i100,2012,6,2012-08-03,9.93902329616611,93.28183998731807
z105_i100,2012,6,2012-08-04,14.99166246561963,93.28183998731807
z105_i100,2012,6,2012-08-05,20.149888615579812,93.28183998731807
z105_i100,2012,6,2012-08-06,-4.626443054338095,93.28183998731807
z105_i100,2012,6,2012-08-07,0.3816821000183451,93.28183998731807
z105_i100,2012,6,2012-08-08,6.553907825557451,93.28183998731807
z105_i100,2012,6,2012-08-09,12.574800225322802,93.28183998731807
z105_i100,2012,6,2012-08-10,5.187640974119697,93.28183998731807
z105_i100,2012,6,2012-08-11,9.722836119463496,93.28183998731807
z105_i100,2012,6,2012-08-12,14.687466898790891,93.28183998731807
z105_i100,2012,6,2012-08-13,17.614274862351714,93.28183998731807
z105_i100,2012,6,2012-08-14,22.121920325626647,93.28183998731807
z105_i100,2012,6,2012-08-15,27.764992360322672,92.68829881096701
z105_i100,2012,6,2012-08-16,30.727803192296022,92.01922500617034
z105_i100,2012,6,2012-08-17,33.88530514661111,91.26500647154876
z105_i100,2012,6,2012-08-18,37.89659099671411,90.41480789272435
z105_i100,2012,6,2012-08-19,41.95123531793623,89.45641507916444
z105_i100,2012,6,2012-08-20,43.634774180477734,88.3760594917047
z105_i100,2012,6,2012-08-21,35.635602469476005,87.15822043986526
z105_i100,2012,6,2012-08-22,39.447838460656726,85.78540210727125
z105_i100,2012,6,2012-08-23,43.058036016064776,84.23788220186199
z105_i100,2012,6,2012-08-24,45.74509978894935,82.49342861992831
z105_i100,2012,6,2012-08-25,49.65646703351403,80.52698005349357
z105_i100,2012,6,2012-08-26,52.915433425390795,78.31028595255519
z105_i100,2012,6,2012-08-27,55.7380634212802,75.81150066978329
z105_i100,2012,6,2012-08-28,45.925975895545534,72.99472595704584
z105_i100,2012,6,2012-08-29,49.289851401394515,69.81949524113752
z105_i100,2012,6,2012-08-30,53.39205003296689,66.24019226967278
z105_i100,2012,6,2012-08-31,57.212993366703735,62.20539577524823
z105_i100,2012,6,2012-09-01,59.966186328437985,57.657140743135436
z105_i100,2012,6,2012-09-02,63.0586959696137,52.53008566967012
z105_i100,2012,6,2012-09-03,65.42495080163897,46.75057384793848
z105_i100,2012,6,2012-09-04,66.51857925661052,40.235575194928266
z105_i100,2012,6,2012-09-05,67.29429440787077,32.89149341813769
z105_i100,2012,6,2012-09-06,67.7404150722845,24.612821385064233
z105_i100,2012,6,2012-09-07,67.88380377276401,15.280625378234841
z105_i100,2012,6,2012-09-08,67.92559536960694,4.7608364601624285
z105_i100,2012,7,2012-04-30,3.7992117659588165,0.0
z105_i100,2012,7,2012-05-01,5.396983051524822,0.0
z105_i100,2012,7,2012-05-02,6.860737969024848,0.0
z105_i100,2012,7,2012-05-03,8.648177123418925,0.0
z105_i100,2012,7,2012-05-04,11.688310518334216,0.0
z105_i100,2012,7,2012-05-05,12.541132270855433,0.4875
z105_i100,2012,7,2012-05-06,13.477392206342035,0.5738742470010385
z105_i100,2012,7,2012-05-07,11.202448369296768,0.6755521053764285
z105_i100,2012,7,2012-05-08,14.148937700700875,0.7363817509132448
z105_i100,2012,7,2012-05-09,15.282742246387436,0.763364929509515
z105_i100,2012,7,2012-05-10,16.291558034280197,0.7629776329382628
z105_i100,2012,7,2012-05-11,16.512167889494236,0.8286934109844271
z105_i100,2012,7,2012-05-12,16.56851971357014,0.9352222257896805
z105_i100,2012,7,2012-05-13,17.035618588791035,1.0221491924631576
z105_i100,2012,7,2012-05-14,17.689802214130854,1.0982090103187747
z105_i100,2012,7,2012-05-15,18.445672444522057,1.1649395028640337
z105_i100,2012,7,2012-05-16,19.079489436317598,1.2626784445972357
z105_i100,2012,7,2012-05-17,19.632604879864076,1.3787264216423436
z105_i100,2012,7,2012-05-18,20.09190812741977,1.5283003799636703
z105_i100,2012,7,2012-05-19,20.28603439719987,1.722969755112311
z105_i100,2012,7,2012-05-20,20.783901712316457,1.8962184581779795
z105_i100,2012,7,2012-05-21,21.41443934462104,2.081997311600905
z105_i100,2012,7,2012-05-22,22.01355303016204,2.312440439114283
z105_i100,2012,7,2012-05-23,12.13293763285494,2.719476477246343
z105_i100,2012,7,2012-05-24,15.608127548293469,3.16094902232614
z105_i100,2012,7,2012-05-25,16.463307452099116,3.6790836422904496
z105_i100,2012,7,2012-05-26,18.32884298195836,4.19115641707664
z105_i100,2012,7,2012-05-27,19.607178339633098,4.760058702309592
z105_i100,2012,7,2012-05-28,20.605150714701747,5.389043912764717
z105_i100,2012,7,2012-05-29,21.64989222540414,6.089004099505465
z105_i100,2012,7,2012-05-30,2.4853272242132247,7.167841318133202
z105_i100,2012,7,2012-05-31,7.181640604915424,8.437824695521275
z105_i100,2012,7,2012-06-01,12.200563474613052,9.902155416808485
z105_i100,2012,7,2012-06-02,14.754508595726021,11.575547378674417
z105_i100,2012,7,2012-06-03,17.13339248053063,13.448620337974196
z105_i100,2012,7,2012-06-04,20.424332982825888,15.41712075706177
z105_i100,2012,7,2012-06-05,23.70680361202777,17.503419758408427
z105_i100,2012,7,2012-06-06,1.699967153501281,20.604639659076373
z105_i100,2012,7,2012-06-07,-4.815909526466418,24.255327321190133
z105_i100,2012,7,2012-06-08,6.347190786255635,28.55283631222913
z105_i100,2012,7,2012-06-09,11.648301385413852,33.56131172291503
z105_i100,2012,7,2012-06-10,16.6699001062121,39.11335959034886
z105_i100,2012,7,2012-06-11,21.2006798924866,45.33972391125048
z105_i100,2012,7,2012-06-12,25.774205641304686,51.834975152676854
z105_i100,2012,7,2012-06-13,31.613287727922984,56.747371263030125
z105_i100,2012,7,2012-06-14,20.008884360830233,62.58308717529204
z105_i100,2012,7,2012-06-15,26.277391559133317,67.54030862279846
z105_i100,2012,7,2012-06-16,31.858599525035334,70.9983210871759
z105_i100,2012,7,2012-06-17,38.12013066651431,73.4488262836886
z105_i100,2012,7,2012-06-18,45.388814063844954,74.70222640231783
z105_i100,2012,7,2012-06-19,31.19860853656114,77.81918235561974
z105_i100,2012,7,2012-06-20,37.02981261508754,80.4665691419012
z105_i100,2012,7,2012-06-21,46.16784218318212,81.83805806914911
z105_i100,2012,7,2012-06-22,52.25793922670998,82.2908220780379
z105_i100,2012,7,2012-06-23,57.8471294018428,82.10664313736758
z105_i100,2012,7,2012-06-24,61.93217463092708,81.74788149548743
z105_i100,2012,7,2012-06-25,44.729989020471926,83.73522727319428
z105_i100,2012,7,2012-06-26,52.62411921257241,85.42140067521909
z105_i100,2012,7,2012-06-27,57.98564380459607,86.57975573747362
z105_i100,2012,7,2012-06-28,63.09070038729125,86.41344990839453
z105_i100,2012,7,2012-06-29,43.58495528865404,87.65256620466411
z105_i100,2012,7,2012-06-30,50.25500078060349,88.70008383033883
z105_i100,2012,7,2012-07-01,58.302539638233384,89.3009342021191
z105_i100,2012,7,2012-07-02,64.74535044783917,89.16086260141637
z105_i100,2012,7,2012-07-03,69.08414926824287,88.91760435761205
z105_i100,2012,7,2012-07-04,54.20087269735658,89.64328816474517
z105_i100,2012,7,2012-07-05,60.90643715734695,90.24050154450815
z105_i100,2012,7,2012-07-06,62.168516992154025,90.72388897926602
z105_i100,2012,7,2012-07-07,41.21146849624264,91.10446474687708
z105_i100,2012,7,2012-07-08,41.84168122612261,91.38960452771857
z105_i100,2012,7,2012-07-09,47.51771437651187,91.5827680280264
z105_i100,2012,7,2012-07-10,54.018746442816116,91.5827680280264
z105_i100,2012,7,2012-07-11,60.1951969431207,91.5827680280264
z105_i100,2012,7,2012-07-12,66.56609910105294,91.5827680280264
z105_i100,2012,7,2012-07-13,43.938487056278355,91.5827680280264
z105_i100,2012,7,2012-07-14,51.555731498570985,91.5827680280264
z105_i100,2012,7,2012-07-15,58.28335892224211,91.5827680280264
z105_i100,2012,7,2012-07-16,58.83414316712409,91.5827680280264
z105_i100,2012,7,2012-07-17,65.00047957856908,91.5827680280264
z105_i100,2012,7,2012-07-18,50.7460932907995,91.5827680280264
z105_i100,2012,7,2012-07-19,57.23527012997396,91.5827680280264
z105_i100,2012,7,2012-07-20,64.22700273245823,91.5827680280264
z105_i100,2012,7,2012-07-21,70.97865881454163,91.5827680280264
z105_i100,2012,7,2012-07-22,77.13432716923717,91.48591166831248
z105_i100,2012,7,2012-07-23,28.398598220600622,91.48591166831248
z105_i100,2012,7,2012-07-24,35.227560947772986,91.48591166831248
z105_i100,2012,7,2012-07-25,39.809362963929324,91.48591166831248
z105_i100,2012,7,2012-07-26,45.60868121712555,91.48591166831248
z105_i100,2012,7,2012-07-27,21.62133946107725,91.48591166831248
z105_i100,2012,7,2012-07-28,27.616816000562732,91.48591166831248
z105_i100,2012,7,2012-07-29,32.581932610692625,91.48591166831248
z105_i100,2012,7,2012-07-30,37.28151887732679,91.48591166831248
z105_i100,2012,7,2012-07-31,42.9819010979168,91.48591166831248
z105_i100,2012,7,2012-08-01,11.70987157319967,91.48591166831248
z105_i100,2012,7,2012-08-02,16.514828019492196,91.48591166831248
z105_i100,2012,7,2012-08-03,22.372845309832677,91.48591166831248
z105_i100,2012,7,2012-08-04,27.308057472454706,91.48591166831248
z105_i100,2012,7,2012-08-05,32.35584753792567,91.48591166831248
z105_i100,2012,7,2012-08-06,7.596272964752708,91.48591166831248
z105_i100,2012,7,2012-08-07,9.368793307242136,91.48591166831248
z105_i100,2012,7,2012-08-08,14.669217060183685,91.48591166831248
z105_i100,2012,7,2012-08-09,20.61549295235782,91.48591166831248
z105_i100,2012,7,2012-08-10,4.939272682620581,91.48591166831248
z105_i100,2012,7,2012-08-11,9.490156058749186,91.48591166831248
z105_i100,2012,7,2012-08-12,14.474889397423633,91.48591166831248
z105_i100,2012,7,2012-08-13,17.416923989573586,91.48591166831248
z105_i100,2012,7,2012-08-14,21.942369864844576,91.48591166831248
z105_i100,2012,7,2012-08-15,14.408275973478103,90.90379776877383
z105_i100,2012,7,2012-08-16,17.38976704157784,90.24760544866595
z105_i100,2012,7,2012-08-17,20.569081281257226,89.50790766562076
z105_i100,2012,7,2012-08-18,24.60138473702671,88.67407771443811
z105_i100,2012,7,2012-08-19,28.58571022072351,87.7341365608673
z105_i100,2012,7,2012-08-20,30.237243265676128,86.67458074745123
z105_i100,2012,7,2012-08-21,10.157630947790754,85.48018839908042
z105_i100,2012,7,2012-08-22,13.988058076391415,84.1338005412786
z105_i100,2012,7,2012-08-23,17.61593645970724,82.61607458957701
z105_i100,2012,7,2012-08-24,20.320375394685286,80.90520646853705
z105_i100,2012,7,2012-08-25,24.22418983536615,78.97661736830503
z105_i100,2012,7,2012-08-26,27.513303219116338,76.8026006385569
z105_i100,2012,7,2012-08-27,30.343279353668326,74.35192374701157
z105_i100,2012,7,2012-08-28,5.354207716637293,71.5893795841384
z105_i100,2012,7,2012-08-29,8.739297330512064,68.4752806679764
z105_i100,2012,7,2012-08-30,12.869498704828267,64.96488898267016
z105_i100,2012,7,2012-08-31,16.71927422178073,61.00777325962346
z105_i100,2012,7,2012-09-01,19.49606694132284,56.54708446779216
z105_i100,2012,7,2012-09-02,22.619756535159226,51.518739104606915
z105_i100,2012,7,2012-09-03,24.703760812857457,45.850498554454894
z105_i100,2012,7,2012-09-04,25.91018362167809,39.460931288527256
z105_i100,2012,7,2012-09-05,-8.035064481138736,32.258242996704645
z105_i100,2012,7,2012-09-06,0.3312537165475418,24.1389578448288
z105_i100,2012,7,2012-09-07,4.176703052395496,14.986431911932902
z105_i100,2012,7,2012-09-08,6.70315671203792,4.669177451054949
z105_i100,2012,8,2012-04-30,3.7992117659588165,0.0
z105_i100,2012,8,2012-05-01,5.396983051524822,0.0
z105_i100,2012,8,2012-05-02,6.860737969024848,0.0
z105_i100,2012,8,2012-05-03,8.648177123418925,0.0
z105_i100,2012,8,2012-05-04,11.688310518334216,0.0
z105_i100,2012,8,2012-05-05,12.541132270855433,0.4875
z105_i100,2012,8,2012-05-06,13.477392206342035,0.5738742470010385
z105_i100,2012,8,2012-05-07,11.202448369296768,0.6755521053764285
z105_i100,2012,8,2012-05-08,14.148937700700875,0.7363817509132448
z105_i100,2012,8,2012-05-09,15.282742246387436,0.763364929509515
z105_i100,2012,8,2012-05-10,16.291558034280197,0.7629776329382628
z105_i100,2012,8,2012-05-11,16.512167889494236,0.8286934109844271
z105_i100,2012,8,2012-05-12,16.56851971357014,0.9352222257896805
z105_i100,2012,8,2012-05-13,17.035618588791035,1.0221491924631576
z105_i100,2012,8,2012-05-14,17.689802214130854,1.0982090103187747
z105_i100,2012,8,2012-05-15,18.445672444522057,1.1649395028640337
z105_i100,2012,8,2012-05-16,19.079489436317598,1.2626784445972357
z105_i100,2012,8,2012-05-17,19.632604879864076,1.3787264216423436
z105_i100,2012,8,2012-05-18,20.09190812741977,1.5283003799636703
z105_i100,2012,8,2012-05-19,20.28603439719987,1.722969755112311
z105_i100,2012,8,2012-05-20,20.783901712316457,1.8962184581779795
z105_i100,2012,8,2012-05-21,21.41443934462104,2.081997311600905
z105_i100,2012,8,2012-05-22,22.01355303016204,2.312440439114283
z105_i100,2012,8,2012-05-23,12.13293763285494,2.719476477246343
z105_i100,2012,8,2012-05-24,15.608127548293469,3.16094902232614
z105_i100,2012,8,2012-05-25,16.463307452099116,3.6790836422904496
z105_i100,2012,8,2012-05-26,18.32884298195836,4.19115641707664
z105_i100,2012,8,2012-05-27,19.607178339633098,4.760058702309592
z105_i100,2012,8,2012-05-28,20.605150714701747,5.389043912764717
z105_i100,2012,8,2012-05-29,21.64989222540414,6.089004099505465
z105_i100,2012,8,2012-05-30,2.785327224213219,7.167841318133202
z105_i100,2012,8,2012-05-31,7.405545198494016,8.437824695521275
z105_i100,2012,8,2012-06-01,12.379588729227766,9.899590860982777
z105_i100,2012,8,2012-06-02,14.922742256430512,11.569320946594708
z105_i100,2012,8,2012-06-03,17.295454761704235,13.436993710055361
z105_i100,2012,8,2012-06-04,20.579668267497443,15.396288691182027
z105_i100,2012,8,2012-06-05,23.855764694537783,17.469748951168484
z105_i100,2012,8,2012-06-06,2.0491663380073257,20.565003127485124
z105_i100,2012,8,2012-06-07,-4.520797318061682,24.208668070481075
z105_i100,2012,8,2012-06-08,6.383745126179242,28.497910071477772
z105_i100,2012,8,2012-06-09,11.646137759541052,33.49675082719639
z105_i100,2012,8,2012-06-10,16.65957070045241,39.03811838551853
z105_i100,2012,8,2012-06-11,21.18519315208152,45.25334107854161
z105_i100,2012,8,2012-06-12,25.7541044739349,51.753151036726464
z105_i100,2012,8,2012-06-13,31.58852743159036,56.67765820760828
z105_i100,2012,8,2012-06-14,19.98433471948927,62.523738408833985
z105_i100,2012,8,2012-06-15,26.252168945279074,67.48976393047832
z105_i100,2012,8,2012-06-16,31.83161693377117,70.95465169585444
z105_i100,2012,8,2012-06-17,38.09126745364572,73.41259694043877
z105_i100,2012,8,2012-06-18,45.35853263094759,74.67272263976824
z105_i100,2012,8,2012-06-19,31.268139974038675,77.79399650582765
z105_i100,2012,8,2012-06-20,37.09938204971065,80.44505071165233
z105_i100,2012,8,2012-06-21,46.23748937497062,81.81530425073986
z105_i100,2012,8,2012-06-22,52.32703978807065,82.26351533658843
z105_i100,2012,8,2012-06-23,57.89053493720676,82.07768626779801
z105_i100,2012,8,2012-06-24,61.09577710690181,81.71754142846257
z105_i100,2012,8,2012-06-25,43.892593733512506,83.70911788977467
z105_i100,2012,8,2012-06-26,51.786788406663014,85.39888083633048
z105_i100,2012,8,2012-06-27,57.150357342553434,86.55945102845975
z105_i100,2012,8,2012-06-28,62.44028751017156,86.42302672052232
z105_i100,2012,8,2012-06-29,43.03460018635156,87.66090515918302
z105_i100,2012,8,2012-06-30,49.70462201179071,88.7073763312946
z105_i100,2012,8,2012-07-01,57.752133980434266,89.30721806260085
z105_i100,2012,8,2012-07-02,64.32865607218532,89.18421240974818
z105_i100,2012,8,2012-07-03,68.75200398904396,88.95752197315643
z105_i100,2012,8,2012-07-04,53.96855080852535,89.6791156999435
z105_i100,2012,8,2012-07-05,60.67395844397321,90.27296308106773
z105_i100,2012,8,2012-07-06,61.935887683421136,90.75362606004059
z105_i100,2012,8,2012-07-07,40.97873654467291,91.13205683633174
z105_i100,2012,8,2012-07-08,41.60885619637805,91.41558951969905
z105_i100,2012,8,2012-07-09,47.28476046714594,91.6076643168714
z105_i100,2012,8,2012-07-10,53.785637109193075,91.6076643168714
z105_i100,2012,8,2012-07-11,59.96193248413354,91.6076643168714
z105_i100,2012,8,2012-07-12,66.33266689654711,91.6076643168714
z105_i100,2012,8,2012-07-13,43.604879288215486,91.6076643168714
z105_i100,2012,8,2012-07-14,51.22190452270474,91.6076643168714
z105_i100,2012,8,2012-07-15,57.94933004022788,91.6076643168714
z105_i100,2012,8,2012-07-16,58.49990656181736,91.6076643168714
z105_i100,2012,8,2012-07-17,64.66604257658169,91.6076643168714
z105_i100,2012,8,2012-07-18,50.811428611184915,91.6076643168714
z105_i100,2012,8,2012-07-19,57.300378250603266,91.6076643168714
z105_i100,2012,8,2012-07-20,64.29185719987503,91.6076643168714
z105_i100,2012,8,2012-07-21,71.0432597387297,91.6076643168714
z105_i100,2012,8,2012-07-22,77.18421947860433,91.5086599274749
z105_i100,2012,8,2012-07-23,28.548067224249735,91.5086599274749
z105_i100,2012,8,2012-07-24,35.37660634468576,91.5086599274749
z105_i100,2012,8,2012-07-25,39.95808624711041,91.5086599274749
z105_i100,2012,8,2012-07-26,45.757030165123616,91.5086599274749
z105_i100,2012,8,2012-07-27,21.86926634675453,91.5086599274749
z105_i100,2012,8,2012-07-28,27.86434063212159,91.5086599274749
z105_i100,2012,8,2012-07-29,32.82906564598806,91.5086599274749
z105_i100,2012,8,2012-07-30,37.52832451238464,91.5086599274749
z105_i100,2012,8,2012-07-31,43.228302217762305,91.5086599274749
z105_i100,2012,8,2012-08-01,12.155956020883307,91.5086599274749
z105_i100,2012,8,2012-08-02,16.960484169605994,91.5086599274749
z105_i100,2012,8,2012-08-03,22.818062710006657,91.5086599274749
z105_i100,2012,8,2012-08-04,27.752879332736953,91.5086599274749
z105_i100,2012,8,2012-08-05,32.801733638753426,91.5086599274749
z105_i100,2012,8,2012-08-06,8.141714046538917,91.5086599274749
z105_i100,2012,8,2012-08-07,9.913827175279147,91.5086599274749
z105_i100,2012,8,2012-08-08,15.213818397880607,91.5086599274749
z105_i100,2012,8,2012-08-09,21.15960094610027,91.5086599274749
z105_i100,2012,8,2012-08-10,11.082906375052257,91.5086599274749
z105_i100,2012,8,2012-08-11,15.633399658608319,91.5086599274749
z105_i100,2012,8,2012-08-12,20.617678782666086,91.5086599274749
z105_i100,2012,8,2012-08-13,23.55937242257233,91.5086599274749
z105_i100,2012,8,2012-08-14,28.08441144258959,91.5086599274749
z105_i100,2012,8,2012-08-15,18.549801553816245,90.92640128348755
z105_i100,2012,8,2012-08-16,21.53093743278882,90.27004579909912
z105_i100,2012,8,2012-08-17,24.709829083322965,89.53016408787785
z105_i100,2012,8,2012-08-18,28.74168621238869,88.69612680225997
z105_i100,2012,8,2012-08-19,32.72671341558474,87.75595192937031
z105_i100,2012,8,2012-08-20,34.377689422966434,86.69613265407469
z105_i100,2012,8,2012-08-21,19.29766448832679,85.50144331629657
z105_i100,2012,8,2012-08-22,23.127712750467655,84.15472067492684
z105_i100,2012,8,2012-08-23,26.755227925597662,82.63661733590239
z105_i100,2012,8,2012-08-24,29.459315250805126,80.92532380213271
z105_i100,2012,8,2012-08-25,33.323212982157045,78.99625515216599
z105_i100,2012,8,2012-08-26,36.57183446902802,76.82169784633254
z105_i100,2012,8,2012-08-27,39.37499539079938,74.37041158628406
z105_i100,2012,8,2012-08-28,21.58549452268652,71.6071805081316
z105_i100,2012,8,2012-08-29,24.970199679007617,68.49230726149719
z105_i100,2012,8,2012-08-30,29.09991007638496,64.98104270627728
z105_i100,2012,8,2012-08-31,32.94919881054857,61.022943033982436
z105_i100,2012,8,2012-09-01,35.72560956089037,56.56114507787843
z105_i100,2012,8,2012-09-02,38.848817007205135,51.531549400831764
z105_i100,2012,8,2012-09-03,40.90653383506455,45.86189942487115
z105_i100,2012,8,2012-09-04,42.02495425595492,39.47074337298236
z105_i100,2012,8,2012-09-05,42.83567071656258,32.26626411010267
z105_i100,2012,8,2012-09-06,43.32601334319055,24.144960072482746
z105_i100,2012,8,2012-09-07,43.515103982980406,14.9901583352787
z105_i100,2012,8,2012-09-08,43.61299566417252,4.670338456687348
z105_i100,2012,9,2012-04-30,3.7992117659588165,0.0
z105_i100,2012,9,2012-05-01,5.396983051524822,0.0
z105_i100,2012,9,2012-05-02,6.860737969024848,0.0
z105_i100,2012,9,2012-05-03,8.648177123418925,0.0
z105_i100,2012,9,2012-05-04,11.688310518334216,0.0
z105_i100,2012,9,2012-05-05,12.541132270855433,0.4875
z105_i100,2012,9,2012-05-06,13.477392206342035,0.5738742470010385
z105_i100,2012,9,2012-05-07,11.202448369296768,0.6755521053764285
z105_i100,2012,9,2012-05-08,14.148937700700875,0.7363817509132448
z105_i100,2012,9,2012-05-09,15.282742246387436,0.763364929509515
z105_i100,2012,9,2012-05-10,16.291558034280197,0.7629776329382628
z105_i100,2012,9,2012-05-11,16.512167889494236,0.8286934109844271
z105_i100,2012,9,2012-05-12,16.56851971357014,0.9352222257896805
z105_i100,2012,9,2012-05-13,17.035618588791035,1.0221491924631576
z105_i100,2012,9,2012-05-14,17.689802214130854,1.0982090103187747
z105_i100,2012,9,2012-05-15,18.445672444522057,1.1649395028640337
z105_i100,2012,9,2012-05-16,19.079489436317598,1.2626784445972357
z105_i100,2012,9,2012-05-17,19.632604879864076,1.3787264216423436
z105_i100,2012,9,2012-05-18,20.09190812741977,1.5283003799636703
z105_i100,2012,9,2012-05-19,20.28603439719987,1.722969755112311
z105_i100,2012,9,2012-05-20,20.783901712316457,1.8962184581779795
z105_i100,2012,9,2012-05-21,21.41443934462104,2.081997311600905
z105_i100,2012,9,2012-05-22,22.01355303016204,2.312440439114283
z105_i100,2012,9,2012-05-23,12.13293763285494,2.719476477246343
z105_i100,2012,9,2012-05-24,15.608127548293469,3.16094902232614
z105_i100,2012,9,2012-05-25,16.463307452099116,3.6790836422904496
z105_i100,2012,9,2012-05-26,18.32884298195836,4.19115641707664
z105_i100,2012,9,2012-05-27,19.607178339633098,4.760058702309592
z105_i100,2012,9,2012-05-28,20.605150714701747,5.389043912764717
z105_i100,2012,9,2012-05-29,21.64989222540414,6.089004099505465
z105_i100,2012,9,2012-05-30,2.885327224213231,7.167841318133202
z105_i100,2012,9,2012-05-31,7.479731995226311,8.437824695521275
z105_i100,2012,9,2012-06-01,12.439082219614946,9.898645437932311
z105_i100,2012,9,2012-06-02,14.978668284579243,11.567128102892164
z105_i100,2012,9,2012-06-03,17.34931340267892,13.432784000468745
z105_i100,2012,9,2012-06-04,20.631268242912025,15.389101010667128
z105_i100,2012,9,2012-06-05,23.905122305326508,17.457553818641205
z105_i100,2012,9,2012-06-06,2.098610214449222,20.550647286467328
z105_i100,2012,9,2012-06-07,-4.4712821914261465,24.191768691087947
z105_i100,2012,9,2012-06-08,6.389968940849743,28.478016494813108
z105_i100,2012,9,2012-06-09,11.645167888095454,33.47336770264705
z105_i100,2012,9,2012-06-10,16.656268835243143,39.01086699062686
z105_i100,2012,9,2012-06-11,21.179997984717026,45.22175101429413
z105_i100,2012,9,2012-06-12,25.747263704134756,51.72380749689043
z105_i100,2012,9,2012-06-13,31.5800360492781,56.65308468131551
z105_i100,2012,9,2012-06-14,20.075917637338495,62.502818245972456
z105_i100,2012,9,2012-06-15,26.32319002724836,67.47194716261221
z105_i100,2012,9,2012-06-16,31.896174545066213,70.93384829903441
z105_i100,2012,9,2012-06-17,38.15258079094133,73.38644474386788
z105_i100,2012,9,2012-06-18,45.41752207122482,74.63858585960814
z105_i100,2012,9,2012-06-19,33.627506118591974,77.76485568637955
z105_i100,2012,9,2012-06-20,39.45889666189529,80.4201532118314
z105_i100,2012,9,2012-06-21,48.59734045849765,81.71688963795626
z105_i100,2012,9,2012-06-22,54.670535562447164,81.91925286692897
z105_i100,2012,9,2012-06-23,60.115100464936376,81.65351882377085
z105_i100,2012,9,2012-06-24,63.31804810309134,81.21698276695459
z105_i100,2012,9,2012-06-25,46.14202446989693,83.2783581947942
z105_i100,2012,9,2012-06-26,54.03716996526913,85.02734242139482
z105_i100,2012,9,2012-06-27,59.389743925728666,86.2254843769698
z105_i100,2012,9,2012-06-28,64.16277448433513,86.00626154825777
z105_i100,2012,9,2012-06-29,44.75778573064734,87.2980092633251
z105_i100,2012,9,2012-06-30,51.428725520012385,88.39002016135922
z105_i100,2012,9,2012-07-01,59.47738148929481,89.01378496445066
z105_i100,2012,9,2012-07-02,65.62532997160547,88.83571375840427
z105_i100,2012,9,2012-07-03,69.77372731100633,88.5565500877773
z105_i100,2012,9,2012-07-04,54.99204826669568,89.31922861397797
z105_i100,2012,9,2012-07-05,61.69903116339687,89.94688740397407
z105_i100,2012,9,2012-07-06,62.96247301000098,90.45491750289763
z105_i100,2012,9,2012-07-07,42.00635279341531,90.85489468675677
z105_i100,2012,9,2012-07-08,42.63740740487481,91.15457064159517
z105_i100,2012,9,2012-07-09,48.31460604379643,91.3575814464146
z105_i100,2012,9,2012-07-10,54.81704360894943,91.3575814464146
z105_i100,2012,9,2012-07-11,60.99489686981879,91.3575814464146
z105_i100,2012,9,2012-07-12,67.367315874333,91.3575814464146
z105_i100,2012,9,2012-07-13,44.641291337600286,91.3575814464146
z105_i100,2012,9,2012-07-14,52.260517896226276,91.3575814464146
z105_i100,2012,9,2012-07-15,58.98997095884087,91.3575814464146
z105_i100,2012,9,2012-07-16,59.542633410232625,91.3575814464146
z105_i100,2012,9,2012-07-17,65.7107817540279,91.3575814464146
z105_i100,2012,9,2012-07-18,51.858454036004204,91.3575814464146
z105_i100,2012,9,2012-07-19,58.3496850967238,91.3575814464146
z105_i100,2012,9,2012-07-20,65.34371107039377,91.3575814464146
z105_i100,2012,9,2012-07-21,72.0976595023706,91.3575814464146
z105_i100,2012,9,2012-07-22,78.05111348121648,91.23044696955604
z105_i100,2012,9,2012-07-23,29.415865240267465,91.23044696955604
z105_i100,2012,9,2012-07-24,36.24538365700416,91.23044696955604
z105_i100,2012,9,2012-07-25,40.82766303125626,91.23044696955604
z105_i100,2012,9,2012-07-26,46.62759757492103,91.23044696955604
z105_i100,2012,9,2012-07-27,22.741017770525925,91.23044696955604
z105_i100,2012,9,2012-07-28,28.73728235023991,91.23044696955604
z105_i100,2012,9,2012-07-29,33.70322439603048,91.23044696955604
z105_i100,2012,9,2012-07-30,38.40354796177882,91.23044696955604
z105_i100,2012,9,2012-07-31,44.104897621315594,91.23044696955604
z105_i100,2012,9,2012-08-01,12.933668308231182,91.23044696955604
z105_i100,2012,9,2012-08-02,17.73976325209659,91.23044696955604
z105_i100,2012,9,2012-08-03,23.599002698509196,91.23044696955604
z105_i100,2012,9,2012-08-04,28.53536554876654,91.23044696955604
z105_i100,2012,9,2012-08-05,33.56806191292552,91.23044696955604
z105_i100,2012,9,2012-08-06,8.809887293160028,91.23044696955604
z105_i100,2012,9,2012-08-07,10.583734818570582,91.23044696955604
z105_i100,2012,9,2012-08-08,15.885615936438661,91.23044696955604
z105_i100,2012,9,2012-08-09,21.83360698679108,91.23044696955604
z105_i100,2012,9,2012-08-10,14.259085148548111,91.23044696955604
z105_i100,2012,9,2012-08-11,18.811405022943436,91.23044696955604
z105_i100,2012,9,2012-08-12,23.79800823259608,91.23044696955604
z105_i100,2012,9,2012-08-13,26.741463676020512,91.23044696955604
z105_i100,2012,9,2012-08-14,31.268525379629722,91.23044696955604
z105_i100,2012,9,2012-08-15,24.736535673211275,90.64995856130096
z105_i100,2012,9,2012-08-16,27.720094583493356,89.99559858860404
z105_i100,2012,9,2012-08-17,30.901784380067838,89.25796633311245
z105_i100,2012,9,2012-08-18,34.93617676185721,88.42646476357248
z105_i100,2012,9,2012-08-19,38.90023407509652,87.48914829591523
z105_i100,2012,9,2012-08-20,40.54457826044885,86.43255117965542
z105_i100,2012,9,2012-08-21,29.5669308055772,85.24149404515424
z105_i100,2012,9,2012-08-22,33.39921321845029,83.8988658325506
z105_i100,2012,9,2012-08-23,37.028923688894295,82.38537796948994
z105_i100,2012,9,2012-08-24,39.73519363331077,80.6792872661002
z105_i100,2012,9,2012-08-25,43.558391147060426,78.75608354624569
z105_i100,2012,9,2012-08-26,46.78902017037687,76.58813752748274
z105_i100,2012,9,2012-08-27,49.5871212089012,74.14430389106195
z105_i100,2012,9,2012-08-28,36.90068321154475,71.38947383956945
z105_i100,2012,9,2012-08-29,40.28826251584143,68.28407071412549
z105_i100,2012,9,2012-08-30,44.42184080145376,64.78348142503577
z105_i100,2012,9,2012-08-31,48.27519401013988,60.83741552766932
z105_i100,2012,9,2012-09-01,51.0550016715007,56.38918273586765
z105_i100,2012,9,2012-09-02,54.1827894070905,51.37487849344106
z105_i100,2012,9,2012-09-03,56.18359267177433,45.72246590344396
z105_i100,2012,9,2012-09-04,57.274631683753334,39.35074082596925
z105_i100,2012,9,2012-09-05,58.05395936487742,32.168165276766295
z105_i100,2012,9,2012-09-06,58.51002156054426,24.071552366961548
z105_i100,2012,9,2012-09-07,58.66719139313384,14.944583891357896
z105_i100,2012,9,2012-09-08,58.72729623788605,4.6561392685716605
z105_i100,2012,10,2012-04-30,3.7992117659588165,0.0
z105_i100,2012,10,2012-05-01,5.396983051524822,0.0
z105_i100,2012,10,2012-05-02,6.860737969024848,0.0
z105_i100,2012,10,2012-05-03,8.648177123418925,0.0
z105_i100,2012,10,2012-05-04,11.688310518334216,0.0
z105_i100,2012,10,2012-05-05,12.541132270855433,0.4875
z105_i100,2012,10,2012-05-06,13.477392206342035,0.5738742470010385
z105_i100,2012,10,2012-05-07,11.202448369296768,0.6755521053764285
z105_i100,2012,10,2012-05-08,14.148937700700875,0.7363817509132448
z105_i100,2012,10,2012-05-09,15.282742246387436,0.763364929509515
z105_i100,2012,10,2012-05-10,16.291558034280197,0.7629776329382628
z105_i100,2012,10,2012-05-11,16.512167889494236,0.8286934109844271
z105_i100,2012,10,2012-05-12,16.56851971357014,0.9352222257896805
z105_i100,2012,10,2012-05-13,17.035618588791035,1.0221491924631576
z105_i100,2012,10,2012-05-14,17.689802214130854,1.0982090103187747
z105_i100,2012,10,2012-05-15,18.445672444522057,1.1649395028640337
z105_i100,2012,10,2012-05-16,19.079489436317598,1.2626784445972357
z105_i100,2012,10,2012-05-17,19.632604879864076,1.3787264216423436
z105_i100,2012,10,2012-05-18,20.09190812741977,1.5283003799636703
z105_i100,2012,10,2012-05-19,20.28603439719987,1.722969755112311
z105_i100,2012,10,2012-05-20,20.783901712316457,1.8962184581779795
z105_i100,2012,10,2012-05-21,21.41443934462104,2.081997311600905
z105_i100,2012,10,2012-05-22,22.01355303016204,2.312440439114283
z105_i100,2012,10,2012-05-23,12.13293763285494,2.719476477246343
z105_i100,2012,10,2012-05-24,15.608127548293469,3.16094902232614
z105_i100,2012,10,2012-05-25,16.463307452099116,3.6790836422904496
z105_i100,2012,10,2012-05-26,18.32884298195836,4.19115641707664
z105_i100,2012,10,2012-05-27,19.607178339633098,4.760058702309592
z105_i100,2012,10,2012-05-28,20.605150714701747,5.389043912764717
z105_i100,2012,10,2012-05-29,21.64989222540414,6.089004099505465
z105_i100,2012,10,2012-05-30,2.9853272242132256,7.167841318133202
z105_i100,2012,10,2012-05-31,7.710309105974211,8.437824695521275
z105_i100,2012,10,2012-06-01,12.566855143616891,9.89588853642778
z105_i100,2012,10,2012-06-02,15.083665950511284,11.561529283471215
z105_i100,2012,10,2012-06-03,17.442089528437606,13.423492574019308
z105_i100,2012,10,2012-06-04,20.712829596458384,15.373702630353897
z105_i100,2012,10,2012-06-05,23.978961847348373,17.434675233323066
z105_i100,2012,10,2012-06-06,2.172611634928254,20.523715120473703
z105_i100,2012,10,2012-06-07,-4.397147063126133,24.16006473933472
z105_i100,2012,10,2012-06-08,6.399224274438966,28.44069530211703
z105_i100,2012,10,2012-06-09,11.643185999813657,33.42949997027023
z105_i100,2012,10,2012-06-10,16.650168308475624,38.96030763237168
z105_i100,2012,10,2012-06-11,21.170439791862236,45.16397572168947
z105_i100,2012,10,2012-06-12,25.734639690269955,51.66917498389236
z105_i100,2012,10,2012-06-13,31.564247137557953,56.60603928403821
z105_i100,2012,10,2012-06-14,19.960271022759827,62.46276712098528
z105_i100,2012,10,2012-06-15,26.22711741973392,67.43783740919412
z105_i100,2012,10,2012-06-16,31.804750797070547,70.9119709327321
z105_i100,2012,10,2012-06-17,38.06253459222741,73.37726282773718
z105_i100,2012,10,2012-06-18,45.328419106987916,74.64407029604641
z105_i100,2012,10,2012-06-19,33.637848601636385,77.76953746864702
z105_i100,2012,10,2012-06-20,39.46912827252533,80.42415325971521
z105_i100,2012,10,2012-06-21,48.60757546930854,81.71589549841838
z105_i100,2012,10,2012-06-22,54.680434106240135,81.91727933747144
z105_i100,2012,10,2012-06-23,60.12097612151419,81.65120930116089
z105_i100,2012,10,2012-06-24,63.32351639685917,81.21464658744212
z105_i100,2012,10,2012-06-25,46.14756102462556,83.2763477771317
z105_i100,2012,10,2012-06-26,54.04270105464781,85.02560839799294
z105_i100,2012,10,2012-06-27,59.39442099760541,86.22396364065814
z105_i100,2012,10,2012-06-28,64.1642816259276,86.00436391884844
z105_i100,2012,10,2012-06-29,44.85928604534965,87.29635691334401
z105_i100,2012,10,2012-06-30,51.53022026954092,88.38857516441279
z105_i100,2012,10,2012-07-01,59.578873620436795,89.01200980733286
z105_i100,2012,10,2012-07-02,65.70195165027026,88.83067910487861
z105_i100,2012,10,2012-07-03,69.83342938075742,88.54822902218046
z105_i100,2012,10,2012-07-04,55.05178715610518,89.3117601500807
z105_i100,2012,10,2012-07-05,61.75880274217458,89.94012060261576
z105_i100,2012,10,2012-07-06,63.02227597598491,90.44871863063511
z105_i100,2012,10,2012-07-07,42.0661771504727,90.84914295075814
z105_i100,2012,10,2012-07-08,42.69725116426068,91.14915391467262
z105_i100,2012,10,2012-07-09,48.37447665894622,91.35239166616917
z105_i100,2012,10,2012-07-10,54.8769466094695,91.35239166616917
z105_i100,2012,10,2012-07-11,61.054832191860825,91.35239166616917
z105_i100,2012,10,2012-07-12,67.42728614585157,91.35239166616917
z105_i100,2012,10,2012-07-13,44.70129818598453,91.35239166616917
z105_i100,2012,10,2012-07-14,52.32057041260158,91.35239166616917
z105_i100,2012,10,2012-07-15,59.050065537269774,91.35239166616917
z105_i100,2012,10,2012-07-16,59.60277126118977,91.35239166616917
z105_i100,2012,10,2012-07-17,65.77096135001058,91.35239166616917
z105_i100,2012,10,2012-07-18,52.01868105865207,91.35239166616917
z105_i100,2012,10,2012-07-19,58.50995944527549,91.35239166616917
z105_i100,2012,10,2012-07-20,65.50403825385519,91.35239166616917
z105_i100,2012,10,2012-07-21,72.25803949664102,91.35239166616917
z105_i100,2012,10,2012-07-22,78.18475511047195,91.22088039060235
z105_i100,2012,10,2012-07-23,29.549270098868117,91.22088039060235
z105_i100,2012,10,2012-07-24,36.37855882366334,91.22088039060235
z105_i100,2012,10,2012-07-25,40.96066885992146,91.22088039060235
z105_i100,2012,10,2012-07-26,46.7604125877174,91.22088039060235
z105_i100,2012,10,2012-07-27,22.773624152284864,91.22088039060235
z105_i100,2012,10,2012-07-28,28.76969589751974,91.22088039060235
z105_i100,2012,10,2012-07-29,33.73545587616675,91.22088039060235
z105_i100,2012,10,2012-07-30,38.43563180274888,91.22088039060235
z105_i100,2012,10,2012-07-31,44.13680453228512,91.22088039060235
z105_i100,2012,10,2012-08-01,13.465440871940242,91.22088039060235
z105_i100,2012,10,2012-08-02,18.271359569931615,91.22088039060235
z105_i100,2012,10,2012-08-03,24.130423894311555,91.22088039060235
z105_i100,2012,10,2012-08-04,29.0666336167285,91.22088039060235
z105_i100,2012,10,2012-08-05,34.098599763854246,91.22088039060235
z105_i100,2012,10,2012-08-06,9.340263087298952,91.22088039060235
z105_i100,2012,10,2012-08-07,11.113966804680944,91.22088039060235
z105_i100,2012,10,2012-08-08,16.415699802462424,91.22088039060235
z105_i100,2012,10,2012-08-09,22.363527042216777,91.22088039060235
z105_i100,2012,10,2012-08-10,15.488852520222292,91.22088039060235
z105_i100,2012,10,2012-08-11,20.041050664724455,91.22088039060235
z105_i100,2012,10,2012-08-12,25.027531277402627,91.22088039060235
z105_i100,2012,10,2012-08-13,27.970896370077604,91.22088039060235
z105_i100,2012,10,2012-08-14,32.497842531382744,91.22088039060235
z105_i100,2012,10,2012-08-15,38.165711612231085,90.64045285334346
z105_i100,2012,10,2012-08-16,41.11439518826895,89.98616149793989
z105_i100,2012,10,2012-08-17,44.2960326221423,89.24860659181405
z105_i100,2012,10,2012-08-18,48.33032893619765,88.41719221493486
z105_i100,2012,10,2012-08-19,52.292473630230056,87.47997403586756
z105_i100,2012,10,2012-08-20,53.936383578214176,86.4234877161682
z105_i100,2012,10,2012-08-21,45.95865056854197,85.23255547793242
z105_i100,2012,10,2012-08-22,49.79085938114559,83.89006805559373
z105_i100,2012,10,2012-08-23,53.4205044763824,82.37673889942994
z105_i100,2012,10,2012-08-24,56.12671669880645,80.67082709959661
z105_i100,2012,10,2012-08-25,59.94975502017463,78.74782505013658
z105_i100,2012,10,2012-08-26,63.18156760495871,76.5801063658595
z105_i100,2012,10,2012-08-27,65.98142065842673,74.13652899396673
z105_i100,2012,10,2012-08-28,56.294950813627594,71.38198781861226
z105_i100,2012,10,2012-08-29,59.68251427029885,68.27691033099173
z105_i100,2012,10,2012-08-30,63.81609145942103,64.77668811961489
z105_i100,2012,10,2012-08-31,67.6694658497198,60.831036013391845
z105_i100,2012,10,2012-09-01,70.44931026774293,56.38326967080336
z105_i100,2012,10,2012-09-02,73.57717277548481,51.36949123679955
z105_i100,2012,10,2012-09-03,75.5761015761855,45.71767136834573
z105_i100,2012,10,2012-09-04,76.666728437336,39.34661444073822
z105_i100,2012,10,2012-09-05,77.44561651242094,32.164792068554114
z105_i100,2012,10,2012-09-06,77.90117702331567,24.069028183271687
z105_i100,2012,10,2012-09-07,78.05785044417973,14.94301677701758
z105_i100,2012,10,2012-09-08,78.11734494739963,4.655651017933804
z105_i100,2012,11,2012-04-30,3.7992117659588165,0.0
z105_i100,2012,11,2012-05-01,5.396983051524822,0.0
z105_i100,2012,11,2012-05-02,6.860737969024848,0.0
z105_i100,2012,11,2012-05-03,8.648177123418925,0.0
z105_i100,2012,11,2012-05-04,11.688310518334216,0.0
z105_i100,2012,11,2012-05-05,12.541132270855433,0.4875
z105_i100,2012,11,2012-05-06,13.477392206342035,0.5738742470010385
z105_i100,2012,11,2012-05-07,11.202448369296768,0.6755521053764285
z105_i100,2012,11,2012-05-08,14.148937700700875,0.7363817509132448
z105_i100,2012,11,2012-05-09,15.282742246387436,0.763364929509515
z105_i100,2012,11,2012-05-10,16.291558034280197,0.7629776329382628
z105_i100,2012,11,2012-05-11,16.512167889494236,0.8286934109844271
z105_i100,2012,11,2012-05-12,16.56851971357014,0.9352222257896805
z105_i100,2012,11,2012-05-13,17.035618588791035,1.0221491924631576
z105_i100,2012,11,2012-05-14,17.689802214130854,1.0982090103187747
z105_i100,2012,11,2012-05-15,18.445672444522057,1.1649395028640337
z105_i100,2012,11,2012-05-16,19.079489436317598,1.2626784445972357
z105_i100,2012,11,2012-05-17,19.632604879864076,1.3787264216423436
z105_i100,2012,11,2012-05-18,20.09190812741977,1.5283003799636703
z105_i100,2012,11,2012-05-19,20.28603439719987,1.722969755112311
z105_i100,2012,11,2012-05-20,20.783901712316457,1.8962184581779795
z105_i100,2012,11,2012-05-21,21.41443934462104,2.081997311600905
z105_i100,2012,11,2012-05-22,22.01355303016204,2.312440439114283
z105_i100,2012,11,2012-05-23,12.13293763285494,2.719476477246343
z105_i100,2012,11,2012-05-24,15.608127548293469,3.16094902232614
z105_i100,2012,11,2012-05-25,16.463307452099116,3.6790836422904496
z105_i100,2012,11,2012-05-26,18.32884298195836,4.19115641707664
z105_i100,2012,11,2012-05-27,19.607178339633098,4.760058702309592
z105_i100,2012,11,2012-05-28,20.605150714701747,5.389043912764717
z105_i100,2012,11,2012-05-29,21.64989222540414,6.089004099505465
z105_i100,2012,11,2012-05-30,2.6853272242132196,7.167841318133202
z105_i100,2012,11,2012-05-31,7.331454455406217,8.437824695521275
z105_i100,2012,11,2012-06-01,12.320145780380216,9.90041245573385
z105_i100,2012,11,2012-06-02,14.866836360993611,11.571363297762485
z105_i100,2012,11,2012-06-03,17.241568968266375,13.440745336359711
z105_i100,2012,11,2012-06-04,20.52802618419478,15.40341339766041
z105_i100,2012,11,2012-06-05,23.80626381199137,17.481187855017097
z105_i100,2012,11,2012-06-06,0.19958455282181298,20.578468752782836
z105_i100,2012,11,2012-06-07,-6.316162299601062,24.224519507564413
z105_i100,2012,11,2012-06-08,6.167872241517648,28.516570033570243
z105_i100,2012,11,2012-06-09,11.634019030405014,33.51897324369062
z105_i100,2012,11,2012-06-10,16.667980479234842,39.063449716522214
z105_i100,2012,11,2012-06-11,21.195608605145345,45.28186900122879
z105_i100,2012,11,2012-06-12,25.76596785016092,51.78054961974489
z105_i100,2012,11,2012-06-13,31.60180920447211,56.70050399599723
z105_i100,2012,11,2012-06-14,24.397547824955875,62.543187697800604
z105_i100,2012,11,2012-06-15,30.024334314501036,66.76255169583305
z105_i100,2012,11,2012-06-16,35.37448474659454,69.9865155291362
z105_i100,2012,11,2012-06-17,41.50291183143389,72.09344219952737
z105_i100,2012,11,2012-06-18,48.658248071146026,72.8076072696596
z105_i100,2012,11,2012-06-19,41.273883797410626,76.20184311598383
z105_i100,2012,11,2012-06-20,47.111847354479664,78.80340539381817
z105_i100,2012,11,2012-06-21,55.34945936555749,78.7424833774912
z105_i100,2012,11,2012-06-22,59.7422701836758,78.53049296894166
z105_i100,2012,11,2012-06-23,62.77015061160694,78.08897268757462
z105_i100,2012,11,2012-06-24,65.97306660325354,77.544899504421
z105_i100,2012,11,2012-06-25,54.90307915145344,80.11831804815763
z105_i100,2012,11,2012-06-26,62.78955232039502,82.30174780124922
z105_i100,2012,11,2012-06-27,68.02274970099481,83.56319570218037
z105_i100,2012,11,2012-06-28,70.78500556931658,83.07182529479124
z105_i100,2012,11,2012-06-29,57.36846500034446,84.74286563831086
z105_i100,2012,11,2012-06-30,64.03040645402469,86.15552094622679
z105_i100,2012,11,2012-07-01,71.76806604793715,86.88683818096604
z105_i100,2012,11,2012-07-02,74.9426843062624,86.36802806637958
z105_i100,2012,11,2012-07-03,76.97339464704004,85.7580200023903
z105_i100,2012,11,2012-07-04,66.09775740177612,86.8074444362307
z105_i100,2012,11,2012-07-05,72.40446100220079,87.67108546939033
z105_i100,2012,11,2012-07-06,73.43194392182298,88.37012075178198
z105_i100,2012,11,2012-07-07,52.36778103620793,88.92047822914725
z105_i100,2012,11,2012-07-08,53.043278717785675,89.33282400582527
z105_i100,2012,11,2012-07-09,58.76728512199516,89.61216122536445
z105_i100,2012,11,2012-07-10,65.31825765125714,89.61216122536445
z105_i100,2012,11,2012-07-11,70.87801677244143,89.51842175190419
z105_i100,2012,11,2012-07-12,75.63738347984899,89.2541502991295
z105_i100,2012,11,2012-07-13,63.937848670493615,89.2541502991295
z105_i100,2012,11,2012-07-14,71.5727991558889,89.2541502991295
z105_i100,2012,11,2012-07-15,78.29250143728166,89.2541502991295
z105_i100,2012,11,2012-07-16,78.83615129088557,89.2541502991295
z105_i100,2012,11,2012-07-17,81.99552473262312,88.86998942518083
z105_i100,2012,11,2012-07-18,72.62457947609369,88.86998942518083
z105_i100,2012,11,2012-07-19,79.09975563142217,88.86998942518083
z105_i100,2012,11,2012-07-20,86.07597711422893,88.86998942518083
z105_i100,2012,11,2012-07-21,89.25118266357246,88.36621062875261
z105_i100,2012,11,2012-07-22,91.11321465885102,87.75476018497501
z105_i100,2012,11,2012-07-23,37.334044669374045,87.75476018497501
z105_i100,2012,11,2012-07-24,44.138284436237534,87.75476018497501
z105_i100,2012,11,2012-07-25,48.71965477229347,87.75476018497501
z105_i100,2012,11,2012-07-26,54.4030026431107,87.75476018497501
z105_i100,2012,11,2012-07-27,30.395076457247907,87.75476018497501
z105_i100,2012,11,2012-07-28,36.31195835165975,87.75476018497501
z105_i100,2012,11,2012-07-29,41.20281225203908,87.75476018497501
z105_i100,2012,11,2012-07-30,45.84213128955026,87.75476018497501
z105_i100,2012,11,2012-07-31,51.2171438429822,87.75476018497501
z105_i100,2012,11,2012-08-01,20.090183074253225,87.75476018497501
z105_i100,2012,11,2012-08-02,24.823015316753644,87.75476018497501
z105_i100,2012,11,2012-08-03,30.609305121656188,87.75476018497501
z105_i100,2012,11,2012-08-04,35.43831775002447,87.75476018497501
z105_i100,2012,11,2012-08-05,40.26283432594759,87.75476018497501
z105_i100,2012,11,2012-08-06,15.436696672249933,87.75476018497501
z105_i100,2012,11,2012-08-07,17.150090431050604,87.75476018497501
z105_i100,2012,11,2012-08-08,22.389551884106908,87.75476018497501
z105_i100,2012,11,2012-08-09,28.26833580879506,87.75476018497501
z105_i100,2012,11,2012-08-10,17.629138627115893,87.75476018497501
z105_i100,2012,11,2012-08-11,22.129755256010526,87.75476018497501
z105_i100,2012,11,2012-08-12,27.06363433506036,87.75476018497501
z105_i100,2012,11,2012-08-13,29.968155743960747,87.75476018497501
z105_i100,2012,11,2012-08-14,34.44571458033613,87.75476018497501
z105_i100,2012,11,2012-08-15,27.753047765137605,87.19638715547993
z105_i100,2012,11,2012-08-16,30.718404548301237,86.56695691167296
z105_i100,2012,11,2012-08-17,33.8752433450939,85.85742688265789
z105_i100,2012,11,2012-08-18,37.8674469697242,85.05760376162506
z105_i100,2012,11,2012-08-19,41.58459322424473,84.15599706595538
z105_i100,2012,11,2012-08-20,43.168608713925266,83.1396540617338
z105_i100,2012,11,2012-08-21,32.153356224589835,81.99397368115172
z105_i100,2012,11,2012-08-22,35.95310187951501,80.70249675948396
z105_i100,2012,11,2012-08-23,39.55370676408599,79.24666957812553
z105_i100,2012,11,2012-08-24,42.23404276966072,77.60557731668192
z105_i100,2012,11,2012-08-25,45.84320734979477,75.75564358481054
z105_i100,2012,11,2012-08-26,48.967653091763054,73.67029171720432
z105_i100,2012,11,2012-08-27,51.67527494921863,71.31956296578599
z105_i100,2012,11,2012-08-28,38.27270749240918,68.66968610395543
z105_i100,2012,11,2012-08-29,41.65091286714775,65.68259225970465
z105_i100,2012,11,2012-08-30,45.78015327733527,62.31536800755699
z105_i100,2012,11,2012-08-31,49.63804914047968,58.51963886229633
z105_i100,2012,11,2012-09-01,52.42937880778648,54.24087431758505
z105_i100,2012,11,2012-09-02,55.58285867518572,49.41760444546123
z105_i100,2012,11,2012-09-03,56.939970423405896,43.98053680216389
z105_i100,2012,11,2012-09-04,58.01905146074233,37.85156095350916
z105_i100,2012,11,2012-09-05,58.805342987454864,30.94262631854997
z105_i100,2012,11,2012-09-06,59.2868937655839,23.154477210307757
z105_i100,2012,11,2012-09-07,59.480346814619764,14.375226900817351
z105_i100,2012,11,2012-09-08,59.58807403478937,4.478750225105272
z105_i100,2012,12,2012-04-30,3.7992117659588165,0.0
z105_i100,2012,12,2012-05-01,5.396983051524822,0.0
z105_i100,2012,12,2012-05-02,6.860737969024848,0.0
z105_i100,2012,12,2012-05-03,8.648177123418925,0.0
z105_i100,2012,12,2012-05-04,11.688310518334216,0.0
z105_i100,2012,12,2012-05-05,12.541132270855433,0.4875
z105_i100,2012,12,2012-05-06,13.477392206342035,0.5738742470010385
z105_i100,2012,12,2012-05-07,11.202448369296768,0.6755521053764285
z105_i100,2012,12,2012-05-08,14.148937700700875,0.7363817509132448
z105_i100,2012,12,2012-05-09,15.282742246387436,0.763364929509515
z105_i100,2012,12,2012-05-10,16.291558034280197,0.7629776329382628
z105_i100,2012,12,2012-05-11,16.512167889494236,0.8286934109844271
z105_i100,2012,12,2012-05-12,16.56851971357014,0.9352222257896805
z105_i100,2012,12,2012-05-13,17.035618588791035,1.0221491924631576
z105_i100,2012,12,2012-05-14,17.689802214130854,1.0982090103187747
z105_i100,2012,12,2012-05-15,18.445672444522057,1.1649395028640337
z105_i100,2012,12,2012-05-16,19.079489436317598,1.2626784445972357
z105_i100,2012,12,2012-05-17,19.632604879864076,1.3787264216423436
z105_i100,2012,12,2012-05-18,20.09190812741977,1.5283003799636703
z105_i100,2012,12,2012-05-19,20.28603439719987,1.722969755112311
z105_i100,2012,12,2012-05-20,20.783901712316457,1.8962184581779795
z105_i100,2012,12,2012-05-21,21.41443934462104,2.081997311600905
z105_i100,2012,12,2012-05-22,22.01355303016204,2.312440439114283
z105_i100,2012,12,2012-05-23,12.13293763285494,2.719476477246343
z105_i100,2012,12,2012-05-24,15.608127548293469,3.16094902232614
z105_i100,2012,12,2012-05-25,16.463307452099116,3.6790836422904496
z105_i100,2012,12,2012-05-26,18.32884298195836,4.19115641707664
z105_i100,2012,12,2012-05-27,19.607178339633098,4.760058702309592
z105_i100,2012,12,2012-05-28,20.605150714701747,5.389043912764717
z105_i100,2012,12,2012-05-29,21.64989222540414,6.089004099505465
z105_i100,2012,12,2012-05-30,2.785327224213219,7.167841318133202
z105_i100,2012,12,2012-05-31,7.405545198494016,8.437824695521275
z105_i100,2012,12,2012-06-01,12.379588729227766,9.899590860982777
z105_i100,2012,12,2012-06-02,14.922742256430512,11.569320946594708
z105_i100,2012,12,2012-06-03,17.295454761704235,13.436993710055361
z105_i100,2012,12,2012-06-04,20.579668267497443,15.396288691182027
z105_i100,2012,12,2012-06-05,23.855764694537783,17.469748951168484
z105_i100,2012,12,2012-06-06,-0.3508336619926773,20.565003127485124
z105_i100,2012,12,2012-06-07,-6.866513695780158,24.208668070481075
z105_i100,2012,12,2012-06-08,6.10868613852109,28.497910071477772
z105_i100,2012,12,2012-06-09,11.628813650534623,33.49703993371085
z105_i100,2012,12,2012-06-10,16.666023536600193,39.03788835026907
z105_i100,2012,12,2012-06-11,21.19198928742772,45.25223858080851
z105_i100,2012,12,2012-06-12,25.760661858419596,51.75105545683305
z105_i100,2012,12,2012-06-13,31.59481608377423,56.67579585784208
z105_i100,2012,12,2012-06-14,27.490834170522717,62.46455063360562
z105_i100,2012,12,2012-06-15,32.888819324788045,66.39044427370939
z105_i100,2012,12,2012-06-16,38.12252434283291,69.32769756975301
z105_i100,2012,12,2012-06-17,44.2080529557401,71.03971760380941
z105_i100,2012,12,2012-06-18,48.99415764333847,71.03224167672268
z105_i100,2012,12,2012-06-19,44.77474256145379,74.68630451053984
z105_i100,2012,12,2012-06-20,50.63150133789819,77.06041714785776
z105_i100,2012,12,2012-06-21,57.57433024825314,76.89375323703642
z105_i100,2012,12,2012-06-22,60.455052043398716,76.59278944425469
z105_i100,2012,12,2012-06-23,63.52908445862623,76.11792138637517
z105_i100,2012,12,2012-06-24,66.74542651501649,75.53621683562983
z105_i100,2012,12,2012-06-25,59.69337095230844,78.38973037151175
z105_i100,2012,12,2012-06-26,66.93342956842811,80.66341764587949
z105_i100,2012,12,2012-06-27,72.11999644054497,81.14553976519375
z105_i100,2012,12,2012-06-28,73.89576302046144,80.61228332582205
z105_i100,2012,12,2012-06-29,64.45072922839576,82.60123350197036
z105_i100,2012,12,2012-06-30,71.2023893879773,84.2395615428045
z105_i100,2012,12,2012-07-01,77.70966620344845,84.44166920100129
z105_i100,2012,12,2012-07-02,78.71808390650855,83.88611726736316
z105_i100,2012,12,2012-07-03,79.6654193563065,83.2567617308711
z105_i100,2012,12,2012-07-04,71.93612807944864,84.56247269779303
z105_i100,2012,12,2012-07-05,78.24604653558008,85.43764700972311
z105_i100,2012,12,2012-07-06,79.33055156178713,86.16262943427256
z105_i100,2012,12,2012-07-07,58.043036894113364,86.8722173939674
z105_i100,2012,12,2012-07-08,58.73262439544442,87.40386384267651
z105_i100,2012,12,2012-07-09,64.47331245976109,87.76401944304837
z105_i100,2012,12,2012-07-10,71.0428974461698,87.76401944304837
z105_i100,2012,12,2012-07-11,75.38282128687669,87.45531212095143
z105_i100,2012,12,2012-07-12,79.14813669359205,87.00250767784836
z105_i100,2012,12,2012-07-13,73.44163702345625,87.00250767784836
z105_i100,2012,12,2012-07-14,79.02799017954335,86.84524879713187
z105_i100,2012,12,2012-07-15,82.56693439211628,86.35554522644853
z105_i100,2012,12,2012-07-16,82.03955594143895,86.30784468213834
z105_i100,2012,12,2012-07-17,85.19172384345491,85.74979192821866
z105_i100,2012,12,2012-07-18,79.73867874850691,85.74979192821866
z105_i100,2012,12,2012-07-19,86.13444022536635,85.74979192821866
z105_i100,2012,12,2012-07-20,89.03744346637728,85.22545032658651
z105_i100,2012,12,2012-07-21,90.87773333554084,84.61758216549501
z105_i100,2012,12,2012-07-22,92.80573025738721,83.9169437535439
z105_i100,2012,12,2012-07-23,39.01350960621526,83.9169437535439
z105_i100,2012,12,2012-07-24,45.70842997845342,83.9169437535439
z105_i100,2012,12,2012-07-25,50.208763801846494,83.9169437535439
z105_i100,2012,12,2012-07-26,55.647756224595625,83.9169437535439
z105_i100,2012,12,2012-07-27,31.64339369882126,83.9169437535439
z105_i100,2012,12,2012-07-28,37.53531266979816,83.9169437535439
z105_i100,2012,12,2012-07-29,42.35149081303324,83.9169437535439
z105_i100,2012,12,2012-07-30,46.80642334974611,83.9169437535439
z105_i100,2012,12,2012-07-31,51.909157754642536,83.9169437535439
z105_i100,2012,12,2012-08-01,21.117444544968254,83.9169437535439
z105_i100,2012,12,2012-08-02,25.765074817636222,83.9169437535439
z105_i100,2012,12,2012-08-03,31.4664443245392,83.9169437535439
z105_i100,2012,12,2012-08-04,36.1454272057927,83.9169437535439
z105_i100,2012,12,2012-08-05,40.76926505090418,83.9169437535439
z105_i100,2012,12,2012-08-06,15.963768703390603,83.9169437535439
z105_i100,2012,12,2012-08-07,17.606495897048806,83.9169437535439
z105_i100,2012,12,2012-08-08,22.772911766988702,83.9169437535439
z105_i100,2012,12,2012-08-09,28.570614737533592,83.9169437535439
z105_i100,2012,12,2012-08-10,20.955556920490995,83.9169437535439
z105_i100,2012,12,2012-08-11,25.395455189335433,83.9169437535439
z105_i100,2012,12,2012-08-12,30.267196554711784,83.9169437535439
z105_i100,2012,12,2012-08-13,33.12578241950915,83.9169437535439
z105_i100,2012,12,2012-08-14,37.48619917666022,83.9169437535439
z105_i100,2012,12,2012-08-15,42.480071062858656,83.38299029038285
z105_i100,2012,12,2012-08-16,45.06304198037299,82.78108718843156
z105_i100,2012,12,2012-08-17,48.190013326645456,82.10258733941137
z105_i100,2012,12,2012-08-18,52.07372579524238,81.33774322475573
z105_i100,2012,12,2012-08-19,55.53353916068541,80.47556688003266
z105_i100,2012,12,2012-08-20,57.04566465122228,79.50367203877511
z105_i100,2012,12,2012-08-21,48.986230614942315,78.40809618791312
z105_i100,2012,12,2012-08-22,52.74782217179532,77.17309997840664
z105_i100,2012,12,2012-08-23,56.3143842246222,75.78094110935588
z105_i100,2012,12,2012-08-24,58.964492213157826,74.2116194371451
z105_i100,2012,12,2012-08-25,62.31688521095886,72.44258964778659
z105_i100,2012,12,2012-08-26,65.29779994008405,70.44843736463535
z105_i100,2012,12,2012-08-27,67.88051206564417,68.20051403834738
z105_i100,2012,12,2012-08-28,57.5598668578471,65.66652537380851
z105_i100,2012,12,2012-08-29,60.92796929797666,62.810067381260005
z105_i100,2012,12,2012-08-30,65.0534068633862,59.590103386401715
z105_i100,2012,12,2012-08-31,68.91798725768801,55.96037448605355
z105_i100,2012,12,2012-09-01,71.72387682596043,51.8687349798166
z105_i100,2012,12,2012-09-02,74.28977561297465,47.25640323035923
z105_i100,2012,12,2012-09-03,75.48247122223599,42.057117189977376
z105_i100,2012,12,2012-09-04,76.48894375354091,36.19618246148792
z105_i100,2012,12,2012-09-05,77.21438214627769,29.58939921763093
z105_i100,2012,12,2012-09-06,77.64884689215316,22.141852562805948
z105_i100,2012,12,2012-09-07,77.81215228232081,13.746548959139712
z105_i100,2012,12,2012-09-08,77.89134354351077,4.2828791274012445
z105_i100,2013,1,2013-05-15,3.4670577679065073,0.0
z105_i100,2013,1,2013-05-16,5.6231336678676165,0.0
z105_i100,2013,1,2013-05-17,7.267662207480288,0.0
z105_i100,2013,1,2013-05-18,8.716390949850577,0.0
z105_i100,2013,1,2013-05-19,12.352459181814435,0.0
z105_i100,2013,1,2013-05-20,12.46321389360388,0.4875
z105_i100,2013,1,2013-05-21,14.09263948841991,0.5738742470010385
z105_i100,2013,1,2013-05-22,15.150202201301557,0.6755521053764285
z105_i100,2013,1,2013-05-23,15.803437804692999,0.6727559359012664
z105_i100,2013,1,2013-05-24,16.72202147153159,0.6701627670089252
z105_i100,2013,1,2013-05-25,17.426424498523765,0.6675854864900166
z105_i100,2013,1,2013-05-26,18.19089426301675,0.6646789872875
z105_i100,2013,1,2013-05-27,18.878300679968074,0.6629729851811358
z105_i100,2013,1,2013-05-28,19.278077067061947,0.6629662635651169
z105_i100,2013,1,2013-05-29,14.264822918266091,0.769851874441544
z105_i100,2013,1,2013-05-30,18.766495340517576,0.8562569579389742
z105_i100,2013,1,2013-05-31,19.522996993130608,0.8891377189005879
z105_i100,2013,1,2013-06-01,20.124614717088775,0.940433763094904
z105_i100,2013,1,2013-06-02,20.741244225204785,1.0055776446089706
z105_i100,2013,1,2013-06-03,21.461051421653206,1.0598237548093243
z105_i100,2013,1,2013-06-04,21.588662714801455,1.2068323281224844
z105_i100,2013,1,2013-06-05,21.842948029064935,1.3477393410922183
z105_i100,2013,1,2013-06-06,22.3741866234739,1.4686962024777035
z105_i100,2013,1,2013-06-07,8.78458741127828,1.728916773887542
z105_i100,2013,1,2013-06-08,13.407435434490008,2.021498591202249
z105_i100,2013,1,2013-06-09,15.945030202013832,2.3331225094416808
z105_i100,2013,1,2013-06-10,17.595852117829615,2.6763755432668765
z105_i100,2013,1,2013-06-11,19.332646451755128,3.0093800913014603
z105_i100,2013,1,2013-06-12,20.75604851603137,3.3597079157686394
z105_i100,2013,1,2013-06-13,7.793259583320567,3.9549740519080125
z105_i100,2013,1,2013-06-14,13.654936201081163,4.6288854711821825
z105_i100,2013,1,2013-06-15,16.158837629350018,5.365845225861981
z105_i100,2013,1,2013-06-16,17.821725706066477,6.21084958232581
z105_i100,2013,1,2013-06-17,19.252363848612752,7.163964507675412
z105_i100,2013,1,2013-06-18,20.806311052523164,8.209562151667791
z105_i100,2013,1,2013-06-19,22.790315928202087,9.259038380272532
z105_i100,2013,1,2013-06-20,10.94096326446471,10.899535750631005
z105_i100,2013,1,2013-06-21,15.422574345421094,12.79486339164281
z105_i100,2013,1,2013-06-22,18.20726042336399,14.892145531245069
z105_i100,2013,1,2013-06-23,20.680046390689455,17.22968473297718
z105_i100,2013,1,2013-06-24,23.372176786030142,19.828083265897185
z105_i100,2013,1,2013-06-25,26.048698262274527,22.667756931367652
z105_i100,2013,1,2013-06-26,13.613911891863808,26.68398346705884
z105_i100,2013,1,2013-06-27,21.389624050724578,31.335395095779937
z105_i100,2013,1,2013-06-28,26.259474669300936,35.866521391180626
z105_i100,2013,1,2013-06-29,30.232317529678603,40.88212905391132
z105_i100,2013,1,2013-06-30,34.14236569097964,46.14669088092416
z105_i100,2013,1,2013-07-01,20.100517519409365,53.485177998562186
z105_i100,2013,1,2013-07-02,26.973892168747835,59.75650236913661
z105_i100,2013,1,2013-07-03,34.065908440238026,64.01203146595728
z105_i100,2013,1,2013-07-04,41.18925843039828,66.8599978452286
z105_i100,2013,1,2013-07-05,16.881495540816154,71.10319846280922
z105_i100,2013,1,2013-07-06,22.86854230018719,74.70692931780079
z105_i100,2013,1,2013-07-07,28.282047796396764,77.47130319145441
z105_i100,2013,1,2013-07-08,34.31972228998032,79.61515394715653
z105_i100,2013,1,2013-07-09,40.48083553331598,81.19513538394688
z105_i100,2013,1,2013-07-10,7.1541901722009245,83.2595572574332
z105_i100,2013,1,2013-07-11,16.062752873567288,85.01112625598331
z105_i100,2013,1,2013-07-12,14.095055012701076,86.49651904610454
z105_i100,2013,1,2013-07-13,12.491464308051563,87.75530089921166
z105_i100,2013,1,2013-07-14,16.59093862322339,88.82097529886582
z105_i100,2013,1,2013-07-15,12.244708562432942,89.72186952504035
z105_i100,2013,1,2013-07-16,-6.2272924978427,90.48187874379565
z105_i100,2013,1,2013-07-17,6.132879045274481,91.12108681799397
z105_i100,2013,1,2013-07-18,10.079639459843214,91.65627793310178
z105_i100,2013,1,2013-07-19,-11.061497149199594,92.10134891272472
z105_i100,2013,1,2013-07-20,3.584105574016493,92.46762736811027
z105_i100,2013,1,2013-07-21,9.487350604935749,92.76409494394753
z105_i100,2013,1,2013-07-22,15.905325213926213,92.99605157516015
z105_i100,2013,1,2013-07-23,21.537452181966522,93.1651679492511
z105_i100,2013,1,2013-07-24,-14.086764346169014,93.28393999060842
z105_i100,2013,1,2013-07-25,0.5848115080020195,93.28393999060842
z105_i100,2013,1,2013-07-26,7.677891356261053,93.28393999060842
z105_i100,2013,1,2013-07-27,10.46439383018089,93.28393999060842
z105_i100,2013,1,2013-07-28,12.236557850302848,93.28393999060842
z105_i100,2013,1,2013-07-29,-16.307158003204094,93.28393999060842
z105_i100,2013,1,2013-07-30,3.2095320511868657,93.28393999060842
z105_i100,2013,1,2013-07-31,10.662574856330394,93.28393999060842
z105_i100,2013,1,2013-08-01,15.317279620503706,93.28393999060842
z105_i100,2013,1,2013-08-02,-4.267665890150299,93.28393999060842
z105_i100,2013,1,2013-08-03,-14.317276243406086,93.28393999060842
z105_i100,2013,1,2013-08-04,2.432069169805722,93.28393999060842
z105_i100,2013,1,2013-08-05,9.388494671852202,93.28393999060842
z105_i100,2013,1,2013-08-06,14.739383760173421,93.28393999060842
z105_i100,2013,1,2013-08-07,-2.387235326099922,93.28393999060842
z105_i100,2013,1,2013-08-08,1.893884549486444,93.28393999060842
z105_i100,2013,1,2013-08-09,6.824230107304415,93.28393999060842
z105_i100,2013,1,2013-08-10,11.933633465137534,93.28393999060842
z105_i100,2013,1,2013-08-11,15.569120459839477,93.28393999060842
z105_i100,2013,1,2013-08-12,-11.735658376752989,93.28393999060842
z105_i100,2013,1,2013-08-13,0.9894013236310967,93.28393999060842
z105_i100,2013,1,2013-08-14,6.905055226291814,93.28393999060842
z105_i100,2013,1,2013-08-15,11.586446419705062,93.28393999060842
z105_i100,2013,1,2013-08-16,-8.956827170341453,93.28393999060842
z105_i100,2013,1,2013-08-17,2.7478516857445965,93.28393999060842
z105_i100,2013,1,2013-08-18,8.332239607232651,93.28393999060842
z105_i100,2013,1,2013-08-19,13.849188293559079,93.28393999060842
z105_i100,2013,1,2013-08-20,18.90706018490381,93.28393999060842
z105_i100,2013,1,2013-08-21,-11.427072324272494,93.28393999060842
z105_i100,2013,1,2013-08-22,-5.406734496891546,93.28393999060842
z105_i100,2013,1,2013-08-23,3.4797557997078163,93.28393999060842
z105_i100,2013,1,2013-08-24,8.595775521418458,93.28393999060842
z105_i100,2013,1,2013-08-25,12.429066973953645,93.28393999060842
z105_i100,2013,1,2013-08-26,-6.789278206387155,93.28393999060842
z105_i100,2013,1,2013-08-27,3.140659624491448,93.28393999060842
z105_i100,2013,1,2013-08-28,6.799712882370241,93.28393999060842
z105_i100,2013,1,2013-08-29,12.25471216307496,93.28393999060842
z105_i100,2013,1,2013-08-30,-14.216691023116299,92.69038545218793
z105_i100,2013,1,2013-08-31,1.4459905341523491,92.02129658489689
z105_i100,2013,1,2013-09-01,7.274953781895182,91.26706107096393
z105_i100,2013,1,2013-09-02,11.696407128395132,90.4168433520817
z105_i100,2013,1,2013-09-03,15.31427408895125,89.45842896274603
z105_i100,2013,1,2013-09-04,18.85883859244514,88.37804905382896
z105_i100,2013,1,2013-09-05,-2.0835764023252845,87.16018258544183
z105_i100,2013,1,2013-09-06,3.834048058985306,85.78733334733593
z105_i100,2013,1,2013-09-07,8.202935900855522,84.23977860345335
z105_i100,2013,1,2013-09-08,12.453862055263377,82.49528574958569
z105_i100,2013,1,2013-09-09,-12.337582797606313,80.52879291356471
z105_i100,2013,1,2013-09-10,-3.0623203294313392,78.31204890939858
z105_i100,2013,1,2013-09-11,-4.019375529985012,75.81320737283369
z105_i100,2013,1,2013-09-12,-10.48417670158194,72.9963692475803
z105_i100,2013,1,2013-09-13,-10.604323589714403,69.82106704943114
z105_i100,2013,1,2013-09-14,-3.410043519235753,66.24168349906684
z105_i100,2013,1,2013-09-15,-14.827591886606049,62.20679617146494
z105_i100,2013,1,2013-09-16,-1.316655356429759,57.658438746962204
z105_i100,2013,1,2013-09-17,2.687369666901442,52.53126825089668
z105_i100,2013,1,2013-09-18,4.234047698898306,46.7516263181612
z105_i100,2013,1,2013-09-19,4.704098387035147,40.23648099653242
z105_i100,2013,1,2013-09-20,5.801138751561863,32.89223388642621
z105_i100,2013,1,2013-09-21,7.046908716957103,24.613375480115295
z105_i100,2013,1,2013-09-22,3.76303251042795,15.28096938263669
z105_i100,2013,1,2013-09-23,-11.254577497717651,4.760943638282283
z105_i100,2013,2,2013-05-15,3.4670577679065073,0.0
z105_i100,2013,2,2013-05-16,5.6231336678676165,0.0
z105_i100,2013,2,2013-05-17,7.267662207480288,0.0
z105_i100,2013,2,2013-05-18,8.716390949850577,0.0
z105_i100,2013,2,2013-05-19,12.352459181814435,0.0
z105_i100,2013,2,2013-05-20,12.46321389360388,0.4875
z105_i100,2013,2,2013-05-21,14.09263948841991,0.5738742470010385
z105_i100,2013,2,2013-05-22,15.150202201301557,0.6755521053764285
z105_i100,2013,2,2013-05-23,15.803437804692999,0.6727559359012664
z105_i100,2013,2,2013-05-24,16.72202147153159,0.6701627670089252
z105_i100,2013,2,2013-05-25,17.426424498523765,0.6675854864900166
z105_i100,2013,2,2013-05-26,18.19089426301675,0.6646789872875
z105_i100,2013,2,2013-05-27,18.878300679968074,0.6629729851811358
z105_i100,2013,2,2013-05-28,19.278077067061947,0.6629662635651169
z105_i100,2013,2,2013-05-29,14.264822918266091,0.769851874441544
z105_i100,2013,2,2013-05-30,18.766495340517576,0.8562569579389742
z105_i100,2013,2,2013-05-31,19.522996993130608,0.8891377189005879
z105_i100,2013,2,2013-06-01,20.124614717088775,0.940433763094904
z105_i100,2013,2,2013-06-02,20.741244225204785,1.0055776446089706
z105_i100,2013,2,2013-06-03,21.461051421653206,1.0598237548093243
z105_i100,2013,2,2013-06-04,21.588662714801455,1.2068323281224844
z105_i100,2013,2,2013-06-05,21.842948029064935,1.3477393410922183
z105_i100,2013,2,2013-06-06,22.3741866234739,1.4686962024777035
z105_i100,2013,2,2013-06-07,8.78458741127828,1.728916773887542
z105_i100,2013,2,2013-06-08,13.407435434490008,2.021498591202249
z105_i100,2013,2,2013-06-09,15.945030202013832,2.3331225094416808
z105_i100,2013,2,2013-06-10,17.595852117829615,2.6763755432668765
z105_i100,2013,2,2013-06-11,19.332646451755128,3.0093800913014603
z105_i100,2013,2,2013-06-12,20.75604851603137,3.3597079157686394
z105_i100,2013,2,2013-06-13,7.793259583320567,3.9549740519080125
z105_i100,2013,2,2013-06-14,13.654936201081163,4.6288854711821825
z105_i100,2013,2,2013-06-15,16.158837629350018,5.365845225861981
z105_i100,2013,2,2013-06-16,17.821725706066477,6.21084958232581
z105_i100,2013,2,2013-06-17,19.252363848612752,7.163964507675412
z105_i100,2013,2,2013-06-18,20.806311052523164,8.209562151667791
z105_i100,2013,2,2013-06-19,22.790315928202087,9.259038380272532
z105_i100,2013,2,2013-06-20,10.94096326446471,10.899535750631005
z105_i100,2013,2,2013-06-21,15.422574345421094,12.79486339164281
z105_i100,2013,2,2013-06-22,18.20726042336399,14.892145531245069
z105_i100,2013,2,2013-06-23,20.680046390689455,17.22968473297718
z105_i100,2013,2,2013-06-24,23.372176786030142,19.828083265897185
z105_i100,2013,2,2013-06-25,26.048698262274527,22.667756931367652
z105_i100,2013,2,2013-06-26,13.5139118918638,26.68398346705884
z105_i100,2013,2,2013-06-27,21.3199889355759,31.34930900544144
z105_i100,2013,2,2013-06-28,26.20085914244097,35.8891270651341
z105_i100,2013,2,2013-06-29,30.177562218942867,40.915300704702524
z105_i100,2013,2,2013-06-30,34.09180731222682,46.19273298462356
z105_i100,2013,2,2013-07-01,20.04974865304016,53.52681652757558
z105_i100,2013,2,2013-07-02,26.922962854407253,59.791998834995
z105_i100,2013,2,2013-07-03,34.01486205006097,64.04917517312553
z105_i100,2013,2,2013-07-04,41.147737800403526,66.90263638629679
z105_i100,2013,2,2013-07-05,16.839893086990593,71.13962822314936
z105_i100,2013,2,2013-07-06,22.829881138248396,74.73808598909845
z105_i100,2013,2,2013-07-07,28.243692841443263,77.5000359303504
z105_i100,2013,2,2013-07-08,34.28354261797809,79.64230698649727
z105_i100,2013,2,2013-07-09,40.44618828594443,81.22195015726
z105_i100,2013,2,2013-07-10,7.1194815452496405,83.28263292160915
z105_i100,2013,2,2013-07-11,16.02797836121001,85.03102945442883
z105_i100,2013,2,2013-07-12,14.060243084553385,86.51373188080942
z105_i100,2013,2,2013-07-13,12.45661870163955,87.7702338110049
z105_i100,2013,2,2013-07-14,16.556062936250065,88.83397804660869
z105_i100,2013,2,2013-07-15,15.709807181293158,89.73324056083717
z105_i100,2013,2,2013-07-16,-6.362236216922798,90.49187324049906
z105_i100,2013,2,2013-07-17,6.1244507531898815,91.12992357228946
z105_i100,2013,2,2013-07-18,10.082118352417124,91.66414534192852
z105_i100,2013,2,2013-07-19,-11.058306216845912,92.1084102029049
z105_i100,2013,2,2013-07-20,3.5843766780951003,92.47402524974162
z105_i100,2013,2,2013-07-21,9.487334388725044,92.76995585945005
z105_i100,2013,2,2013-07-22,15.905448962095454,93.0014923676392
z105_i100,2013,2,2013-07-23,21.537720376765225,93.17031474683273
z105_i100,2013,2,2013-07-24,-14.086518017099403,93.28887115084567
z105_i100,2013,2,2013-07-25,0.5848144354665172,93.28887115084567
z105_i100,2013,2,2013-07-26,7.677847786630599,93.28887115084567
z105_i100,2013,2,2013-07-27,10.46430596258049,93.28887115084567
z105_i100,2013,2,2013-07-28,12.236452206666725,93.28887115084567
z105_i100,2013,2,2013-07-29,-16.2072762394242,93.28887115084567
z105_i100,2013,2,2013-07-30,3.210355015701995,93.28887115084567
z105_i100,2013,2,2013-07-31,10.656482248438701,93.28887115084567
z105_i100,2013,2,2013-08-01,15.31059142515347,93.28887115084567
z105_i100,2013,2,2013-08-02,-4.374446777981717,93.28887115084567
z105_i100,2013,2,2013-08-03,-14.338560560866636,93.28887115084567
z105_i100,2013,2,2013-08-04,2.430970397636216,93.28887115084567
z105_i100,2013,2,2013-08-05,9.388385692324173,93.28887115084567
z105_i100,2013,2,2013-08-06,14.73928188221733,93.28887115084567
z105_i100,2013,2,2013-08-07,-2.3873650960816164,93.28887115084567
z105_i100,2013,2,2013-08-08,1.8938122633668175,93.28887115084567
z105_i100,2013,2,2013-08-09,6.824129065071674,93.28887115084567
z105_i100,2013,2,2013-08-10,11.93349034301542,93.28887115084567
z105_i100,2013,2,2013-08-11,15.568944514454968,93.28887115084567
z105_i100,2013,2,2013-08-12,-6.635876528178763,93.28887115084567
z105_i100,2013,2,2013-08-13,1.471298583101967,93.28887115084567
z105_i100,2013,2,2013-08-14,6.927563784818824,93.28887115084567
z105_i100,2013,2,2013-08-15,11.587232797661349,93.28887115084567
z105_i100,2013,2,2013-08-16,16.443037360301012,93.28887115084567
z105_i100,2013,2,2013-08-17,21.257133349265075,93.28887115084567
z105_i100,2013,2,2013-08-18,25.42209075083938,93.28887115084567
z105_i100,2013,2,2013-08-19,30.762068443187427,93.28887115084567
z105_i100,2013,2,2013-08-20,35.78106712816488,93.28887115084567
z105_i100,2013,2,2013-08-21,23.5457332127537,93.28887115084567
z105_i100,2013,2,2013-08-22,20.42556852349276,93.28887115084567
z105_i100,2013,2,2013-08-23,25.0778240946556,93.28887115084567
z105_i100,2013,2,2013-08-24,29.395990584639023,93.28887115084567
z105_i100,2013,2,2013-08-25,33.12891466861813,93.28887115084567
z105_i100,2013,2,2013-08-26,26.000183875442797,93.28887115084567
z105_i100,2013,2,2013-08-27,30.893309814746658,93.28887115084567
z105_i100,2013,2,2013-08-28,33.38631359733517,93.28887115084567
z105_i100,2013,2,2013-08-29,38.68572192485663,93.28887115084567
z105_i100,2013,2,2013-08-30,30.400891683883454,92.69528523604315
z105_i100,2013,2,2013-08-31,34.41955674176055,92.02616099948683
z105_i100,2013,2,2013-09-01,38.254785162862056,91.27188561528065
z105_i100,2013,2,2013-09-02,42.45155676937263,90.42162295232971
z105_i100,2013,2,2013-09-03,46.047645253831085,89.46315789945079
z105_i100,2013,2,2013-09-04,49.56283830069846,88.38272087966934
z105_i100,2013,2,2013-09-05,43.92018995388771,87.16479003262599
z105_i100,2013,2,2013-09-06,48.57737955897341,85.79186822319026
z105_i100,2013,2,2013-09-07,52.60133343829401,84.24423167272428
z105_i100,2013,2,2013-09-08,56.80230728367142,82.49964660176335
z105_i100,2013,2,2013-09-09,31.96561911802465,80.53304981332269
z105_i100,2013,2,2013-09-10,31.31520005906987,78.31618862800094
z105_i100,2013,2,2013-09-11,27.763536414644864,75.81721499808722
z105_i100,2013,2,2013-09-12,18.333164196887918,73.00022796960184
z105_i100,2013,2,2013-09-13,10.028157271518747,69.82475791915203
z105_i100,2013,2,2013-09-14,8.795139076836666,66.24518515600533
z105_i100,2013,2,2013-09-15,-5.383812103450624,62.21008453685558
z105_i100,2013,2,2013-09-16,-0.6265613051758387,57.66148667783349
z105_i100,2013,2,2013-09-17,2.7120374718875757,52.534045150127554
z105_i100,2013,2,2013-09-18,4.23439680417154,46.75409769491426
z105_i100,2013,2,2013-09-19,4.703876769592026,40.23860797074899
z105_i100,2013,2,2013-09-20,5.800887696585943,32.89397263026434
z105_i100,2013,2,2013-09-21,7.046645556318736,24.614676588306985
z105_i100,2013,2,2013-09-22,3.7626842774078706,15.281777162717821
z105_i100,2013,2,2013-09-23,-11.255031614284533,4.761195310499044
z105_i100,2013,3,2013-05-15,3.4670577679065073,0.0
z105_i100,2013,3,2013-05-16,5.6231336678676165,0.0
z105_i100,2013,3,2013-05-17,7.267662207480288,0.0
z105_i100,2013,3,2013-05-18,8.716390949850577,0.0
z105_i100,2013,3,2013-05-19,12.352459181814435,0.0
z105_i100,2013,3,2013-05-20,12.46321389360388,0.4875
z105_i100,2013,3,2013-05-21,14.09263948841991,0.5738742470010385
z105_i100,2013,3,2013-05-22,15.150202201301557,0.6755521053764285
z105_i100,2013,3,2013-05-23,15.803437804692999,0.6727559359012664
z105_i100,2013,3,2013-05-24,16.72202147153159,0.6701627670089252
z105_i100,2013,3,2013-05-25,17.426424498523765,0.6675854864900166
z105_i100,2013,3,2013-05-26,18.19089426301675,0.6646789872875
z105_i100,2013,3,2013-05-27,18.878300679968074,0.6629729851811358
z105_i100,2013,3,2013-05-28,19.278077067061947,0.6629662635651169
z105_i100,2013,3,2013-05-29,14.264822918266091,0.769851874441544
z105_i100,2013,3,2013-05-30,18.766495340517576,0.8562569579389742
z105_i100,2013,3,2013-05-31,19.522996993130608,0.8891377189005879
z105_i100,2013,3,2013-06-01,20.124614717088775,0.940433763094904
z105_i100,2013,3,2013-06-02,20.741244225204785,1.0055776446089706
z105_i100,2013,3,2013-06-03,21.461051421653206,1.0598237548093243
z105_i100,2013,3,2013-06-04,21.588662714801455,1.2068323281224844
z105_i100,2013,3,2013-06-05,21.842948029064935,1.3477393410922183
z105_i100,2013,3,2013-06-06,22.3741866234739,1.4686962024777035
z105_i100,2013,3,2013-06-07,8.78458741127828,1.728916773887542
z105_i100,2013,3,2013-06-08,13.407435434490008,2.021498591202249
z105_i100,2013,3,2013-06-09,15.945030202013832,2.3331225094416808
z105_i100,2013,3,2013-06-10,17.595852117829615,2.6763755432668765
z105_i100,2013,3,2013-06-11,19.332646451755128,3.0093800913014603
z105_i100,2013,3,2013-06-12,20.75604851603137,3.3597079157686394
z105_i100,2013,3,2013-06-13,7.793259583320567,3.9549740519080125
z105_i100,2013,3,2013-06-14,13.654936201081163,4.6288854711821825
z105_i100,2013,3,2013-06-15,16.158837629350018,5.365845225861981
z105_i100,2013,3,2013-06-16,17.821725706066477,6.21084958232581
z105_i100,2013,3,2013-06-17,19.252363848612752,7.163964507675412
z105_i100,2013,3,2013-06-18,20.806311052523164,8.209562151667791
z105_i100,2013,3,2013-06-19,22.790315928202087,9.259038380272532
z105_i100,2013,3,2013-06-20,10.94096326446471,10.899535750631005
z105_i100,2013,3,2013-06-21,15.422574345421094,12.79486339164281
z105_i100,2013,3,2013-06-22,18.20726042336399,14.892145531245069
z105_i100,2013,3,2013-06-23,20.680046390689455,17.22968473297718
z105_i100,2013,3,2013-06-24,23.372176786030142,19.828083265897185
z105_i100,2013,3,2013-06-25,26.048698262274527,22.667756931367652
z105_i100,2013,3,2013-06-26,18.61391189186381,26.68398346705884
z105_i100,2013,3,2013-06-27,25.333865215212285,30.605961585554237
z105_i100,2013,3,2013-06-28,29.703607593387726,34.60842050980673
z105_i100,2013,3,2013-06-29,33.56519777035331,38.98343311388665
z105_i100,2013,3,2013-06-30,37.3314097322544,43.387603637314776
z105_i100,2013,3,2013-07-01,28.403185005995716,50.83168291250498
z105_i100,2013,3,2013-07-02,35.2910271611229,56.61154850887225
z105_i100,2013,3,2013-07-03,42.395895093763414,60.02133381349159
z105_i100,2013,3,2013-07-04,47.97774746396919,61.36524473440461
z105_i100,2013,3,2013-07-05,28.412841933818843,66.40855990480738
z105_i100,2013,3,2013-07-06,34.371766659455375,70.69182438580435
z105_i100,2013,3,2013-07-07,39.706848183024,73.65624443319881
z105_i100,2013,3,2013-07-08,45.496379151844515,75.32938680187455
z105_i100,2013,3,2013-07-09,51.40931467713894,76.15901450387817
z105_i100,2013,3,2013-07-10,26.194392188201558,78.92568380562275
z105_i100,2013,3,2013-07-11,35.11549965605006,81.27307812478503
z105_i100,2013,3,2013-07-12,33.15490849517826,83.2637519721421
z105_i100,2013,3,2013-07-13,31.557690048279213,84.95072940408689
z105_i100,2013,3,2013-07-14,35.662841087920626,86.37891067122251
z105_i100,2013,3,2013-07-15,40.221931722676985,87.37505921349418
z105_i100,2013,3,2013-07-16,21.858686191692893,88.41916534271654
z105_i100,2013,3,2013-07-17,29.692572672938354,89.29731399098151
z105_i100,2013,3,2013-07-18,32.78052744005146,90.02122242563311
z105_i100,2013,3,2013-07-19,19.746742081030494,90.63382616753674
z105_i100,2013,3,2013-07-20,25.303473813365088,91.13797845474711
z105_i100,2013,3,2013-07-21,30.128414335689357,91.50820542128952
z105_i100,2013,3,2013-07-22,36.40568975048184,91.76624182308231
z105_i100,2013,3,2013-07-23,41.992759689467334,91.94265808669904
z105_i100,2013,3,2013-07-24,14.373056311811643,92.11265009077565
z105_i100,2013,3,2013-07-25,17.181970283634126,92.11265009077565
z105_i100,2013,3,2013-07-26,22.598531487705767,92.11265009077565
z105_i100,2013,3,2013-07-27,25.24950435149221,92.11265009077565
z105_i100,2013,3,2013-07-28,27.012322466501953,92.11265009077565
z105_i100,2013,3,2013-07-29,-7.529666689127581,92.11265009077565
z105_i100,2013,3,2013-07-30,3.692204437025491,92.11265009077565
z105_i100,2013,3,2013-07-31,10.766194003493817,92.11265009077565
z105_i100,2013,3,2013-08-01,15.41363718785094,92.11265009077565
z105_i100,2013,3,2013-08-02,-4.162499314403581,92.11265009077565
z105_i100,2013,3,2013-08-03,-14.286466221772328,92.11265009077565
z105_i100,2013,3,2013-08-04,2.440552652687889,92.11265009077565
z105_i100,2013,3,2013-08-05,9.404537745674501,92.11265009077565
z105_i100,2013,3,2013-08-06,14.764911262481679,92.11265009077565
z105_i100,2013,3,2013-08-07,-2.2540462099584038,92.11265009077565
z105_i100,2013,3,2013-08-08,1.9379907949257653,92.11265009077565
z105_i100,2013,3,2013-08-09,6.857443816735891,92.11265009077565
z105_i100,2013,3,2013-08-10,11.974482922893507,92.11265009077565
z105_i100,2013,3,2013-08-11,15.617558893906043,92.11265009077565
z105_i100,2013,3,2013-08-12,-6.477228559375931,92.11265009077565
z105_i100,2013,3,2013-08-13,1.5068269774475544,92.11265009077565
z105_i100,2013,3,2013-08-14,6.951015569635477,92.11265009077565
z105_i100,2013,3,2013-08-15,11.621089594833299,92.11265009077565
z105_i100,2013,3,2013-08-16,3.2887458763167987,92.11265009077565
z105_i100,2013,3,2013-08-17,8.115387806765021,92.11265009077565
z105_i100,2013,3,2013-08-18,12.291955477814978,92.11265009077565
z105_i100,2013,3,2013-08-19,17.58702417759751,92.11265009077565
z105_i100,2013,3,2013-08-20,22.600510905921023,92.11265009077565
z105_i100,2013,3,2013-08-21,-0.6205660116578062,92.11265009077565
z105_i100,2013,3,2013-08-22,-3.678158828486119,92.11265009077565
z105_i100,2013,3,2013-08-23,3.62971496440315,92.11265009077565
z105_i100,2013,3,2013-08-24,8.627264790369138,92.11265009077565
z105_i100,2013,3,2013-08-25,12.466532458048482,92.11265009077565
z105_i100,2013,3,2013-08-26,-2.736349968630365,92.11265009077565
z105_i100,2013,3,2013-08-27,4.098213822128546,92.11265009077565
z105_i100,2013,3,2013-08-28,7.1134791437586795,92.11265009077565
z105_i100,2013,3,2013-08-29,12.503069045552385,92.11265009077565
z105_i100,2013,3,2013-08-30,-7.862045468141082,91.52654832971344
z105_i100,2013,3,2013-08-31,2.071131826717315,90.86586066237628
z105_i100,2013,3,2013-09-01,7.24803448059884,90.1210954649807
z105_i100,2013,3,2013-09-02,11.633899817199772,89.28155323243499
z105_i100,2013,3,2013-09-03,15.26185623808039,88.33517286625695
z105_i100,2013,3,2013-09-04,18.76463515777197,87.26835840146055
z105_i100,2013,3,2013-09-05,5.039050308378632,86.06578368312074
z105_i100,2013,3,2013-09-06,9.714261101758003,84.7101721865462
z105_i100,2013,3,2013-09-07,13.754070452708476,83.18204881789426
z105_i100,2013,3,2013-09-08,17.97193571085059,81.45946012952679
z105_i100,2013,3,2013-09-09,-6.851995788972245,79.51765893064248
z105_i100,2013,3,2013-09-10,-2.38073712886104,77.3287487622133
z105_i100,2013,3,2013-09-11,-3.9682331978059713,74.8612831286533
z105_i100,2013,3,2013-09-12,-10.477239245909448,72.07981372866932
z105_i100,2013,3,2013-09-13,-10.595490536511663,68.9443811950517
z105_i100,2013,3,2013-09-14,-3.396658404328615,65.40994102723099
z105_i100,2013,3,2013-09-15,-14.821313016670256,61.42571646938624
z105_i100,2013,3,2013-09-16,-1.3073392329305602,56.93446903737188
z105_i100,2013,3,2013-09-17,2.7108441540013724,51.871676214648275
z105_i100,2013,3,2013-09-18,4.271791476835511,46.164604503766014
z105_i100,2013,3,2013-09-19,4.758259321081699,39.73126451660251
z105_i100,2013,3,2013-09-20,5.86077606125054,32.47923309188444
z105_i100,2013,3,2013-09-21,7.1093474592664725,24.3043255182081
z105_i100,2013,3,2013-09-22,3.8457372983171676,15.089098787340886
z105_i100,2013,3,2013-09-23,-11.146697416124786,4.701164375123431
z105_i100,2013,4,2013-05-15,3.4670577679065073,0.0
z105_i100,2013,4,2013-05-16,5.6231336678676165,0.0
z105_i100,2013,4,2013-05-17,7.267662207480288,0.0
z105_i100,2013,4,2013-05-18,8.716390949850577,0.0
z105_i100,2013,4,2013-05-19,12.352459181814435,0.0
z105_i100,2013,4,2013-05-20,12.46321389360388,0.4875
z105_i100,2013,4,2013-05-21,14.09263948841991,0.5738742470010385
z105_i100,2013,4,2013-05-22,15.150202201301557,0.6755521053764285
z105_i100,2013,4,2013-05-23,15.803437804692999,0.6727559359012664
z105_i100,2013,4,2013-05-24,16.72202147153159,0.6701627670089252
z105_i100,2013,4,2013-05-25,17.426424498523765,0.6675854864900166
z105_i100,2013,4,2013-05-26,18.19089426301675,0.6646789872875
z105_i100,2013,4,2013-05-27,18.878300679968074,0.6629729851811358
z105_i100,2013,4,2013-05-28,19.278077067061947,0.6629662635651169
z105_i100,2013,4,2013-05-29,14.264822918266091,0.769851874441544
z105_i100,2013,4,2013-05-30,18.766495340517576,0.8562569579389742
z105_i100,2013,4,2013-05-31,19.522996993130608,0.8891377189005879
z105_i100,2013,4,2013-06-01,20.124614717088775,0.940433763094904
z105_i100,2013,4,2013-06-02,20.741244225204785,1.0055776446089706
z105_i100,2013,4,2013-06-03,21.461051421653206,1.0598237548093243
z105_i100,2013,4,2013-06-04,21.588662714801455,1.2068323281224844
z105_i100,2013,4,2013-06-05,21.842948029064935,1.3477393410922183
z105_i100,2013,4,2013-06-06,22.3741866234739,1.4686962024777035
z105_i100,2013,4,2013-06-07,8.78458741127828,1.728916773887542
z105_i100,2013,4,2013-06-08,13.407435434490008,2.021498591202249
z105_i100,2013,4,2013-06-09,15.945030202013832,2.3331225094416808
z105_i100,2013,4,2013-06-10,17.595852117829615,2.6763755432668765
z105_i100,2013,4,2013-06-11,19.332646451755128,3.0093800913014603
z105_i100,2013,4,2013-06-12,20.75604851603137,3.3597079157686394
z105_i100,2013,4,2013-06-13,7.893259583320569,3.9549740519080125
z105_i100,2013,4,2013-06-14,13.693423538706103,4.626131725921258
z105_i100,2013,4,2013-06-15,16.184610285038275,5.362148717953015
z105_i100,2013,4,2013-06-16,17.84201062112144,6.206106691647251
z105_i100,2013,4,2013-06-17,19.26913054961764,7.158099463684364
z105_i100,2013,4,2013-06-18,20.820067212166947,8.202312682510835
z105_i100,2013,4,2013-06-19,22.801092504366906,9.250463521595417
z105_i100,2013,4,2013-06-20,10.951193816002114,10.88944161613568
z105_i100,2013,4,2013-06-21,15.426779761953572,12.78221264018865
z105_i100,2013,4,2013-06-22,18.20914255584961,14.877164800432432
z105_i100,2013,4,2013-06-23,20.68014714001729,17.212352558212327
z105_i100,2013,4,2013-06-24,23.370417766060882,19.808137236138506
z105_i100,2013,4,2013-06-25,26.04572255222711,22.644954336267947
z105_i100,2013,4,2013-06-26,18.611076592382453,26.657140755074188
z105_i100,2013,4,2013-06-27,25.327403809162185,30.575173565734453
z105_i100,2013,4,2013-06-28,29.694583299068146,34.57482567650642
z105_i100,2013,4,2013-06-29,33.553889445290785,38.94710257609695
z105_i100,2013,4,2013-06-30,37.31802573422905,43.349227495135615
z105_i100,2013,4,2013-07-01,28.390005642012902,50.792438483555415
z105_i100,2013,4,2013-07-02,35.27797246886485,56.584919222120945
z105_i100,2013,4,2013-07-03,42.38291396783195,59.99897655524815
z105_i100,2013,4,2013-07-04,47.95948491514662,61.346535241839625
z105_i100,2013,4,2013-07-05,28.294617005038976,66.39257478164993
z105_i100,2013,4,2013-07-06,34.261340845641925,70.67815305710991
z105_i100,2013,4,2013-07-07,39.59784898899037,73.64235679510551
z105_i100,2013,4,2013-07-08,45.389445878632465,75.32908274179113
z105_i100,2013,4,2013-07-09,51.30366734030946,76.1724830741144
z105_i100,2013,4,2013-07-10,25.988712956614346,78.93727428972164
z105_i100,2013,4,2013-07-11,34.909786401140515,81.2830751373668
z105_i100,2013,4,2013-07-12,32.94917601411959,83.27239766421937
z105_i100,2013,4,2013-07-13,31.351940394888704,84.95822993258176
z105_i100,2013,4,2013-07-14,35.457076177039546,86.38544171361448
z105_i100,2013,4,2013-07-15,40.01615368708405,87.38082788607241
z105_i100,2013,4,2013-07-16,21.452886588240254,88.42423567932406
z105_i100,2013,4,2013-07-17,29.28675243263417,89.30179698998842
z105_i100,2013,4,2013-07-18,32.37469210981608,90.02510543134524
z105_i100,2013,4,2013-07-19,19.24089680449487,90.63731130866877
z105_i100,2013,4,2013-07-20,24.797615782911684,91.14113616670375
z105_i100,2013,4,2013-07-21,29.622536600053383,91.51321546681567
z105_i100,2013,4,2013-07-22,35.90012668671654,91.77342147320459
z105_i100,2013,4,2013-07-23,41.48751219308087,91.95187610494739
z105_i100,2013,4,2013-07-24,13.867770015286437,92.12148189819209
z105_i100,2013,4,2013-07-25,16.67665533314951,92.12148189819209
z105_i100,2013,4,2013-07-26,22.093163362562247,92.12148189819209
z105_i100,2013,4,2013-07-27,24.74405845775155,92.12148189819209
z105_i100,2013,4,2013-07-28,26.506844908351887,92.12148189819209
z105_i100,2013,4,2013-07-29,-8.03516674849314,92.12148189819209
z105_i100,2013,4,2013-07-30,3.656360436409975,92.12148189819209
z105_i100,2013,4,2013-07-31,10.764511644618546,92.12148189819209
z105_i100,2013,4,2013-08-01,15.413378047505743,92.12148189819209
z105_i100,2013,4,2013-08-02,-4.06275175575892,92.12148189819209
z105_i100,2013,4,2013-08-03,-14.26611148686933,92.12148189819209
z105_i100,2013,4,2013-08-04,2.441532202486589,92.12148189819209
z105_i100,2013,4,2013-08-05,9.404457522832049,92.12148189819209
z105_i100,2013,4,2013-08-06,14.764712552145696,92.12148189819209
z105_i100,2013,4,2013-08-07,-2.2543070304679986,92.12148189819209
z105_i100,2013,4,2013-08-08,1.9378546588883356,92.12148189819209
z105_i100,2013,4,2013-08-09,6.857261988928059,92.12148189819209
z105_i100,2013,4,2013-08-10,11.97422684555943,92.12148189819209
z105_i100,2013,4,2013-08-11,15.6172443555066,92.12148189819209
z105_i100,2013,4,2013-08-12,-6.77761844425932,92.12148189819209
z105_i100,2013,4,2013-08-13,1.4619142563648606,92.12148189819209
z105_i100,2013,4,2013-08-14,6.947201965431107,92.12148189819209
z105_i100,2013,4,2013-08-15,11.62056188726714,92.12148189819209
z105_i100,2013,4,2013-08-16,6.288380244219892,92.12148189819209
z105_i100,2013,4,2013-08-17,11.114951299205662,92.12148189819209
z105_i100,2013,4,2013-08-18,15.291434290612738,92.12148189819209
z105_i100,2013,4,2013-08-19,20.574860826535016,92.12148189819209
z105_i100,2013,4,2013-08-20,25.572711934596224,92.12148189819209
z105_i100,2013,4,2013-08-21,7.451528236170364,92.12148189819209
z105_i100,2013,4,2013-08-22,4.342814820902283,92.12148189819209
z105_i100,2013,4,2013-08-23,9.008689619539037,92.12148189819209
z105_i100,2013,4,2013-08-24,13.339788167820382,92.12148189819209
z105_i100,2013,4,2013-08-25,17.08647820901743,92.12148189819209
z105_i100,2013,4,2013-08-26,5.873624082414302,92.12148189819209
z105_i100,2013,4,2013-08-27,10.782404425140951,92.12148189819209
z105_i100,2013,4,2013-08-28,13.289366816353388,92.12148189819209
z105_i100,2013,4,2013-08-29,18.606462445713827,92.12148189819209
z105_i100,2013,4,2013-08-30,4.234940692908918,91.53532394139697
z105_i100,2013,4,2013-08-31,8.267512132029957,90.87457292699256
z105_i100,2013,4,2013-09-01,12.1162461168055,90.12973632113369
z105_i100,2013,4,2013-09-02,16.32805248163786,89.29011359285465
z105_i100,2013,4,2013-09-03,19.938040202395293,88.34364248724911
z105_i100,2013,4,2013-09-04,23.430939277241286,87.27672573574297
z105_i100,2013,4,2013-09-05,12.705097438192503,86.07403571393176
z105_i100,2013,4,2013-09-06,17.380161056749557,84.71829424064222
z105_i100,2013,4,2013-09-07,21.419850200561516,83.19002435474982
z105_i100,2013,4,2013-09-08,25.63758838464215,81.46727050370886
z105_i100,2013,4,2013-09-09,0.8135609201837839,79.52528312394477
z105_i100,2013,4,2013-09-10,0.17086111101180523,77.33616308170306
z105_i100,2013,4,2013-09-11,-3.375841921788089,74.86846086629181
z105_i100,2013,4,2013-09-12,-10.420639749450178,72.08672477761684
z105_i100,2013,4,2013-09-13,-10.593035777959036,68.95099161714423
z105_i100,2013,4,2013-09-14,-3.3967124798677557,65.41621256541497
z105_i100,2013,4,2013-09-15,-14.821360033066851,61.431605998107194
z105_i100,2013,4,2013-09-16,-1.3074098914002699,56.93992794302054
z105_i100,2013,4,2013-09-17,2.7106657890184653,51.87664969716389
z105_i100,2013,4,2013-09-18,4.271505837487522,46.1690307893634
z105_i100,2013,4,2013-09-19,4.757850260433257,39.73507397031242
z105_i100,2013,4,2013-09-20,5.860326148142422,32.48234721715839
z105_i100,2013,4,2013-09-21,7.108876942209428,24.306655829214797
z105_i100,2013,4,2013-09-22,3.8451135302997357,15.090545537754057
z105_i100,2013,4,2013-09-23,-11.147511197971422,4.701615125138308
z105_i100,2013,5,2013-05-15,3.4670577679065073,0.0
z105_i100,2013,5,2013-05-16,5.6231336678676165,0.0
z105_i100,2013,5,2013-05-17,7.267662207480288,0.0
z105_i100,2013,5,2013-05-18,8.716390949850577,0.0
z105_i100,2013,5,2013-05-19,12.352459181814435,0.0
z105_i100,2013,5,2013-05-20,12.46321389360388,0.4875
z105_i100,2013,5,2013-05-21,14.09263948841991,0.5738742470010385
z105_i100,2013,5,2013-05-22,15.150202201301557,0.6755521053764285
z105_i100,2013,5,2013-05-23,15.803437804692999,0.6727559359012664
z105_i100,2013,5,2013-05-24,16.72202147153159,0.6701627670089252
z105_i100,2013,5,2013-05-25,17.426424498523765,0.6675854864900166
z105_i100,2013,5,2013-05-26,18.19089426301675,0.6646789872875
z105_i100,2013,5,2013-05-27,18.878300679968074,0.6629729851811358
z105_i100,2013,5,2013-05-28,19.278077067061947,0.6629662635651169
z105_i100,2013,5,2013-05-29,14.264822918266091,0.769851874441544
z105_i100,2013,5,2013-05-30,18.766495340517576,0.8562569579389742
z105_i100,2013,5,2013-05-31,19.522996993130608,0.8891377189005879
z105_i100,2013,5,2013-06-01,20.124614717088775,0.940433763094904
z105_i100,2013,5,2013-06-02,20.741244225204785,1.0055776446089706
z105_i100,2013,5,2013-06-03,21.461051421653206,1.0598237548093243
z105_i100,2013,5,2013-06-04,21.588662714801455,1.2068323281224844
z105_i100,2013,5,2013-06-05,21.842948029064935,1.3477393410922183
z105_i100,2013,5,2013-06-06,22.3741866234739,1.4686962024777035
z105_i100,2013,5,2013-06-07,8.084587411278283,1.728916773887542
z105_i100,2013,5,2013-06-08,12.747133717902315,2.024056262252564
z105_i100,2013,5,2013-06-09,15.343971479958526,2.3408857849667437
z105_i100,2013,5,2013-06-10,17.0400308013631,2.691265126121755
z105_i100,2013,5,2013-06-11,18.82732795941535,3.035116304577711
z105_i100,2013,5,2013-06-12,20.292627359272345,3.398720003333449
z105_i100,2013,5,2013-06-13,7.329545589247619,4.000898220882769
z105_i100,2013,5,2013-06-14,13.107206601346602,4.69449287296644
z105_i100,2013,5,2013-06-15,15.639842120146847,5.44874735981306
z105_i100,2013,5,2013-06-16,17.33267958021598,6.314780756232327
z105_i100,2013,5,2013-06-17,18.793361158968803,7.293453762495961
z105_i100,2013,5,2013-06-18,20.335067010845957,8.369825047129591
z105_i100,2013,5,2013-06-19,22.326524027066235,9.458553800868492
z105_i100,2013,5,2013-06-20,10.481618095706988,11.134400902958392
z105_i100,2013,5,2013-06-21,15.040668170020712,13.05785972991886
z105_i100,2013,5,2013-06-22,17.86049278158788,15.208045840975556
z105_i100,2013,5,2013-06-23,20.364848315309256,17.60825536478641
z105_i100,2013,5,2013-06-24,23.09365676736723,20.279313053526728
z105_i100,2013,5,2013-06-25,25.852354862223358,23.202756305074637
z105_i100,2013,5,2013-06-26,18.414287260727225,27.313772929073437
z105_i100,2013,5,2013-06-27,25.28637242690217,31.344112069817132
z105_i100,2013,5,2013-06-28,29.741385029273754,35.449343949901994
z105_i100,2013,5,2013-06-29,33.673965875772666,39.9244533975838
z105_i100,2013,5,2013-06-30,37.505918545119755,44.413752148212524
z105_i100,2013,5,2013-07-01,28.472383565862238,51.85635924183213
z105_i100,2013,5,2013-07-02,35.35509660289148,57.71402522298865
z105_i100,2013,5,2013-07-03,42.4567130108209,61.01495761999524
z105_i100,2013,5,2013-07-04,48.22884643200564,62.305334467334085
z105_i100,2013,5,2013-07-05,29.06205847151871,67.21175914218503
z105_i100,2013,5,2013-07-06,35.05035416000504,71.37876315212833
z105_i100,2013,5,2013-07-07,40.38953885802494,74.26369602272248
z105_i100,2013,5,2013-07-08,46.190382516793385,75.81633675044253
z105_i100,2013,5,2013-07-09,52.11796528355133,76.53261013624325
z105_i100,2013,5,2013-07-10,26.80215921464728,79.24718446682158
z105_i100,2013,5,2013-07-11,35.72232391247539,81.55037854879055
z105_i100,2013,5,2013-07-12,33.761199904282265,83.50356902340985
z105_i100,2013,5,2013-07-13,32.16350539495983,85.15878153114782
z105_i100,2013,5,2013-07-14,36.26823337407008,86.56007087380058
z105_i100,2013,5,2013-07-15,40.82694342245167,87.54237988382381
z105_i100,2013,5,2013-07-16,22.463072412030602,88.56623073921169
z105_i100,2013,5,2013-07-17,30.296360373210053,89.42734362756669
z105_i100,2013,5,2013-07-18,33.38386374730856,90.13738171366272
z105_i100,2013,5,2013-07-19,20.34978084974912,90.73808342147682
z105_i100,2013,5,2013-07-20,25.90613104646024,91.2324407347126
z105_i100,2013,5,2013-07-21,30.730738439350123,91.59290132443543
z105_i100,2013,5,2013-07-22,37.01047413876437,91.84304789268045
z105_i100,2013,5,2013-07-23,42.59958888823912,92.01334105726528
z105_i100,2013,5,2013-07-24,14.979587980549683,92.18037162992265
z105_i100,2013,5,2013-07-25,17.788282232110216,92.18037162992265
z105_i100,2013,5,2013-07-26,23.204435673379113,92.18037162992265
z105_i100,2013,5,2013-07-27,25.85481225773663,92.18037162992265
z105_i100,2013,5,2013-07-28,27.61738757216909,92.18037162992265
z105_i100,2013,5,2013-07-29,-6.924774127548384,92.18037162992265
z105_i100,2013,5,2013-07-30,3.7326914886091287,92.18037162992265
z105_i100,2013,5,2013-07-31,10.766756033847976,92.18037162992265
z105_i100,2013,5,2013-08-01,15.41237529171621,92.18037162992265
z105_i100,2013,5,2013-08-02,-4.164374680152849,92.18037162992265
z105_i100,2013,5,2013-08-03,-14.287510265142721,92.18037162992265
z105_i100,2013,5,2013-08-04,2.4401040055901477,92.18037162992265
z105_i100,2013,5,2013-08-05,9.403614038332822,92.18037162992265
z105_i100,2013,5,2013-08-06,14.763438153092569,92.18037162992265
z105_i100,2013,5,2013-08-07,-2.355962093064965,92.18037162992265
z105_i100,2013,5,2013-08-08,1.9105397082600517,92.18037162992265
z105_i100,2013,5,2013-08-09,6.846874571942484,92.18037162992265
z105_i100,2013,5,2013-08-10,11.96561601461183,92.18037162992265
z105_i100,2013,5,2013-08-11,15.60842820345383,92.18037162992265
z105_i100,2013,5,2013-08-12,-6.586919902903379,92.18037162992265
z105_i100,2013,5,2013-08-13,1.4896526162223238,92.18037162992265
z105_i100,2013,5,2013-08-14,6.948423471300486,92.18037162992265
z105_i100,2013,5,2013-08-15,11.619048864930658,92.18037162992265
z105_i100,2013,5,2013-08-16,16.48611077280811,92.18037162992265
z105_i100,2013,5,2013-08-17,21.31017826323798,92.18037162992265
z105_i100,2013,5,2013-08-18,25.48603123889853,92.18037162992265
z105_i100,2013,5,2013-08-19,30.764095698177783,92.18037162992265
z105_i100,2013,5,2013-08-20,35.75647311484655,92.18037162992265
z105_i100,2013,5,2013-08-21,23.5345772863826,92.18037162992265
z105_i100,2013,5,2013-08-22,20.424566537636412,92.18037162992265
z105_i100,2013,5,2013-08-23,25.089755971002802,92.18037162992265
z105_i100,2013,5,2013-08-24,29.420203747681782,92.18037162992265
z105_i100,2013,5,2013-08-25,33.166201066741785,92.18037162992265
z105_i100,2013,5,2013-08-26,25.952548018829447,92.18037162992265
z105_i100,2013,5,2013-08-27,30.86054063855255,92.18037162992265
z105_i100,2013,5,2013-08-28,33.36680065040336,92.18037162992265
z105_i100,2013,5,2013-08-29,38.68300629193413,92.18037162992265
z105_i100,2013,5,2013-08-30,30.410814743354972,91.5938389648172
z105_i100,2013,5,2013-08-31,34.44268613219563,90.93266555762038
z105_i100,2013,5,2013-09-01,38.29074006707595,90.18735280627408
z105_i100,2013,5,2013-09-02,42.50178916236535,89.34719333937335
z105_i100,2013,5,2013-09-03,46.111199984296206,88.40011719107468
z105_i100,2013,5,2013-09-04,49.57389346395329,87.33251840059154
z105_i100,2013,5,2013-09-05,43.947204192937114,86.12905954515672
z105_i100,2013,5,2013-09-06,48.6213661457222,84.77245139831815
z105_i100,2013,5,2013-09-07,52.66026111416133,83.24320454807676
z105_i100,2013,5,2013-09-08,56.87715270958511,81.51934940654377
z105_i100,2013,5,2013-09-09,32.05248548979776,79.57612058869749
z105_i100,2013,5,2013-09-10,31.409395192121917,77.38560112593672
z105_i100,2013,5,2013-09-11,27.86244104400002,74.91632140310308
z105_i100,2013,5,2013-09-12,18.43533826656758,72.1328070571896
z105_i100,2013,5,2013-09-13,10.138073285102584,68.99506934272159
z105_i100,2013,5,2013-09-14,8.916613006160073,65.45803064225686
z105_i100,2013,5,2013-09-15,-5.259890235777608,61.47087686872784
z105_i100,2013,5,2013-09-16,-0.5975484855890921,56.97632745605733
z105_i100,2013,5,2013-09-17,2.7354264589171886,51.909812450528214
z105_i100,2013,5,2013-09-18,4.270143757950235,46.198544880772054
z105_i100,2013,5,2013-09-19,4.755129907302442,39.760475079784314
z105_i100,2013,5,2013-09-20,5.857326485673083,32.50311193646365
z105_i100,2013,5,2013-09-21,7.105739612470165,24.322194142445923
z105_i100,2013,5,2013-09-22,3.840954507245869,15.100192344992442
z105_i100,2013,5,2013-09-23,-11.152937144589027,4.704620687442668
z105_i100,2013,6,2013-05-15,3.4670577679065073,0.0
z105_i100,2013,6,2013-05-16,5.6231336678676165,0.0
z105_i100,2013,6,2013-05-17,7.267662207480288,0.0
z105_i100,2013,6,2013-05-18,8.716390949850577,0.0
z105_i100,2013,6,2013-05-19,12.352459181814435,0.0
z105_i100,2013,6,2013-05-20,12.46321389360388,0.4875
z105_i100,2013,6,2013-05-21,14.09263948841991,0.5738742470010385
z105_i100,2013,6,2013-05-22,15.150202201301557,0.6755521053764285
z105_i100,2013,6,2013-05-23,15.803437804692999,0.6727559359012664
z105_i100,2013,6,2013-05-24,16.72202147153159,0.6701627670089252
z105_i100,2013,6,2013-05-25,17.426424498523765,0.6675854864900166
z105_i100,2013,6,2013-05-26,18.19089426301675,0.6646789872875
z105_i100,2013,6,2013-05-27,18.878300679968074,0.6629729851811358
z105_i100,2013,6,2013-05-28,19.278077067061947,0.6629662635651169
z105_i100,2013,6,2013-05-29,14.264822918266091,0.769851874441544
z105_i100,2013,6,2013-05-30,18.766495340517576,0.8562569579389742
z105_i100,2013,6,2013-05-31,19.522996993130608,0.8891377189005879
z105_i100,2013,6,2013-06-01,20.124614717088775,0.940433763094904
z105_i100,2013,6,2013-06-02,20.741244225204785,1.0055776446089706
z105_i100,2013,6,2013-06-03,21.461051421653206,1.0598237548093243
z105_i100,2013,6,2013-06-04,21.588662714801455,1.2068323281224844
z105_i100,2013,6,2013-06-05,21.842948029064935,1.3477393410922183
z105_i100,2013,6,2013-06-06,22.3741866234739,1.4686962024777035
z105_i100,2013,6,2013-06-07,8.084587411278283,1.728916773887542
z105_i100,2013,6,2013-06-08,12.747133717902315,2.024056262252564
z105_i100,2013,6,2013-06-09,15.343971479958526,2.3408857849667437
z105_i100,2013,6,2013-06-10,17.0400308013631,2.691265126121755
z105_i100,2013,6,2013-06-11,18.82732795941535,3.035116304577711
z105_i100,2013,6,2013-06-12,20.292627359272345,3.398720003333449
z105_i100,2013,6,2013-06-13,7.329545589247619,4.000898220882769
z105_i100,2013,6,2013-06-14,13.107206601346602,4.69449287296644
z105_i100,2013,6,2013-06-15,15.639842120146847,5.44874735981306
z105_i100,2013,6,2013-06-16,17.33267958021598,6.314780756232327
z105_i100,2013,6,2013-06-17,18.793361158968803,7.293453762495961
z105_i100,2013,6,2013-06-18,20.335067010845957,8.369825047129591
z105_i100,2013,6,2013-06-19,22.326524027066235,9.458553800868492
z105_i100,2013,6,2013-06-20,10.578570502302725,11.134400902958392
z105_i100,2013,6,2013-06-21,15.092420902419546,13.051033523785874
z105_i100,2013,6,2013-06-22,17.89941766581336,15.198824640482536
z105_i100,2013,6,2013-06-23,20.396908110573065,17.59610233972245
z105_i100,2013,6,2013-06-24,23.12031412621269,20.263826900614866
z105_i100,2013,6,2013-06-25,25.87479499149192,23.18300669552355
z105_i100,2013,6,2013-06-26,18.436848071324768,27.29052412433563
z105_i100,2013,6,2013-06-27,25.30191770967799,31.31664880754874
z105_i100,2013,6,2013-06-28,29.75277625140255,35.41703808070252
z105_i100,2013,6,2013-06-29,33.682143667360776,39.88806924979405
z105_i100,2013,6,2013-06-30,37.510953252035804,44.37115243766889
z105_i100,2013,6,2013-07-01,28.577632704317075,51.81474624153897
z105_i100,2013,6,2013-07-02,35.46074682503812,57.6273247966288
z105_i100,2013,6,2013-07-03,42.56268417989656,60.91640306048305
z105_i100,2013,6,2013-07-04,48.3197021642607,62.182899870137966
z105_i100,2013,6,2013-07-05,29.253158498750626,67.10715277148242
z105_i100,2013,6,2013-07-06,35.22667036733746,71.28929821255159
z105_i100,2013,6,2013-07-07,40.56175937956125,74.1860317285146
z105_i100,2013,6,2013-07-08,46.3550293543119,75.72195287448413
z105_i100,2013,6,2013-07-09,52.276042318065635,76.41810026971822
z105_i100,2013,6,2013-07-10,26.960506825017017,79.14864210012279
z105_i100,2013,6,2013-07-11,35.880960273257266,81.46538388667636
z105_i100,2013,6,2013-07-12,33.91999948686267,83.43006329648995
z105_i100,2013,6,2013-07-13,32.32245083496559,85.09501199200955
z105_i100,2013,6,2013-07-14,36.42730845080971,86.5045439114388
z105_i100,2013,6,2013-07-15,40.9861353275347,87.49100823194064
z105_i100,2013,6,2013-07-16,22.522456333591848,88.52107796557095
z105_i100,2013,6,2013-07-17,30.355928043848866,89.38742126046171
z105_i100,2013,6,2013-07-18,33.44357023109524,90.10165913750649
z105_i100,2013,6,2013-07-19,20.40957883521578,90.70602108916668
z105_i100,2013,6,2013-07-20,25.96604636703,91.20339066005047
z105_i100,2013,6,2013-07-21,30.790760052762106,91.56587762306731
z105_i100,2013,6,2013-07-22,37.069685587017545,91.81730467343525
z105_i100,2013,6,2013-07-23,42.65807671108193,91.98841174624866
z105_i100,2013,6,2013-07-24,15.038180743480073,92.15648679177288
z105_i100,2013,6,2013-07-25,17.84695248969392,92.15648679177288
z105_i100,2013,6,2013-07-26,23.26324975193,92.15648679177288
z105_i100,2013,6,2013-07-27,25.91383662780733,92.15648679177288
z105_i100,2013,6,2013-07-28,27.676497576200266,92.15648679177288
z105_i100,2013,6,2013-07-29,-6.8656032668531015,92.15648679177288
z105_i100,2013,6,2013-07-30,3.7372368182793156,92.15648679177288
z105_i100,2013,6,2013-07-31,10.767285925632942,92.15648679177288
z105_i100,2013,6,2013-08-01,15.4128524541951,92.15648679177288
z105_i100,2013,6,2013-08-02,-3.963710790962928,92.15648679177288
z105_i100,2013,6,2013-08-03,-14.245969280206245,92.15648679177288
z105_i100,2013,6,2013-08-04,2.442352872270842,92.15648679177288
z105_i100,2013,6,2013-08-05,9.404021112824696,92.15648679177288
z105_i100,2013,6,2013-08-06,14.763944302344726,92.15648679177288
z105_i100,2013,6,2013-08-07,-2.255308608431516,92.15648679177288
z105_i100,2013,6,2013-08-08,1.9373226450275463,92.15648679177288
z105_i100,2013,6,2013-08-09,6.856542381928248,92.15648679177288
z105_i100,2013,6,2013-08-10,11.973212012962113,92.15648679177288
z105_i100,2013,6,2013-08-11,15.61599771347,92.15648679177288
z105_i100,2013,6,2013-08-12,-6.479163746991395,92.15648679177288
z105_i100,2013,6,2013-08-13,1.5061605374526312,92.15648679177288
z105_i100,2013,6,2013-08-14,6.950204732312095,92.15648679177288
z105_i100,2013,6,2013-08-15,11.619835068515393,92.15648679177288
z105_i100,2013,6,2013-08-16,16.487045849337715,92.15648679177288
z105_i100,2013,6,2013-08-17,21.30800731510895,92.15648679177288
z105_i100,2013,6,2013-08-18,25.484094000731904,92.15648679177288
z105_i100,2013,6,2013-08-19,30.760793833425396,92.15648679177288
z105_i100,2013,6,2013-08-20,35.75258721001625,92.15648679177288
z105_i100,2013,6,2013-08-21,26.730980226803883,92.15648679177288
z105_i100,2013,6,2013-08-22,23.621187727589923,92.15648679177288
z105_i100,2013,6,2013-08-23,28.286655156504864,92.15648679177288
z105_i100,2013,6,2013-08-24,32.617366897177675,92.15648679177288
z105_i100,2013,6,2013-08-25,36.363645196255234,92.15648679177288
z105_i100,2013,6,2013-08-26,31.350316204762073,92.15648679177288
z105_i100,2013,6,2013-08-27,36.258628338856454,92.15648679177288
z105_i100,2013,6,2013-08-28,38.765173248343906,92.15648679177288
z105_i100,2013,6,2013-08-29,44.08173988505192,92.15648679177288
z105_i100,2013,6,2013-08-30,48.009820015961445,91.57010610303212
z105_i100,2013,6,2013-08-31,52.0419753538878,90.90910401234814
z105_i100,2013,6,2013-09-01,55.890305123180596,90.16398437884376
z105_i100,2013,6,2013-09-02,60.10166137105563,89.32404260549896
z105_i100,2013,6,2013-09-03,63.71135889215182,88.37721185391673
z105_i100,2013,6,2013-09-04,67.17881966283389,87.30988968874837
z105_i100,2013,6,2013-09-05,71.29659851731365,86.10674266130334
z105_i100,2013,6,2013-09-06,75.5494194789287,84.75048602493763
z105_i100,2013,6,2013-09-07,79.17513825332234,83.22163541754993
z105_i100,2013,6,2013-09-08,82.90218066331505,81.4982269437871
z105_i100,2013,6,2013-09-09,58.077772905246086,79.55550163558155
z105_i100,2013,6,2013-09-10,57.43484097014068,77.36554975789235
z105_i100,2013,6,2013-09-11,53.88798865955659,74.89690984964706
z105_i100,2013,6,2013-09-12,44.4609566677854,72.11411673959394
z105_i100,2013,6,2013-09-13,36.16385933113299,68.97719204373436
z105_i100,2013,6,2013-09-14,34.94264953959147,65.4410698246788
z105_i100,2013,6,2013-09-15,20.766199426924494,61.45494916178793
z105_i100,2013,6,2013-09-16,22.074790187661115,56.961564330940874
z105_i100,2013,6,2013-09-17,24.066664256758596,51.8963621091286
z105_i100,2013,6,2013-09-18,25.401514055168743,46.186574384800736
z105_i100,2013,6,2013-09-19,25.865653747658754,39.75017275082587
z105_i100,2013,6,2013-09-20,26.965956187828077,32.494690061456645
z105_i100,2013,6,2013-09-21,28.21424007591181,24.315892023456083
z105_i100,2013,6,2013-09-22,24.94985228591309,15.09627973709321
z105_i100,2013,6,2013-09-23,9.956472898157923,4.703401674092169
z105_i100,2013,7,2013-05-15,3.4670577679065073,0.0
z105_i100,2013,7,2013-05-16,5.6231336678676165,0.0
z105_i100,2013,7,2013-05-17,7.267662207480288,0.0
z105_i100,2013,7,2013-05-18,8.716390949850577,0.0
z105_i100,2013,7,2013-05-19,12.352459181814435,0.0
z105_i100,2013,7,2013-05-20,12.46321389360388,0.4875
z105_i100,2013,7,2013-05-21,14.09263948841991,0.5738742470010385
z105_i100,2013,7,2013-05-22,15.150202201301557,0.6755521053764285
z105_i100,2013,7,2013-05-23,15.803437804692999,0.6727559359012664
z105_i100,2013,7,2013-05-24,16.72202147153159,0.6701627670089252
z105_i100,2013,7,2013-05-25,17.426424498523765,0.6675854864900166
z105_i100,2013,7,2013-05-26,18.19089426301675,0.6646789872875
z105_i100,2013,7,2013-05-27,18.878300679968074,0.6629729851811358
z105_i100,2013,7,2013-05-28,19.278077067061947,0.6629662635651169
z105_i100,2013,7,2013-05-29,14.264822918266091,0.769851874441544
z105_i100,2013,7,2013-05-30,18.766495340517576,0.8562569579389742
z105_i100,2013,7,2013-05-31,19.522996993130608,0.8891377189005879
z105_i100,2013,7,2013-06-01,20.124614717088775,0.940433763094904
z105_i100,2013,7,2013-06-02,20.741244225204785,1.0055776446089706
z105_i100,2013,7,2013-06-03,21.461051421653206,1.0598237548093243
z105_i100,2013,7,2013-06-04,21.588662714801455,1.2068323281224844
z105_i100,2013,7,2013-06-05,21.842948029064935,1.3477393410922183
z105_i100,2013,7,2013-06-06,22.3741866234739,1.4686962024777035
z105_i100,2013,7,2013-06-07,8.884587411278282,1.728916773887542
z105_i100,2013,7,2013-06-08,13.451350860143293,2.021116306245044
z105_i100,2013,7,2013-06-09,15.971210833063175,2.332303268798466
z105_i100,2013,7,2013-06-10,17.61485964086106,2.6751277269898432
z105_i100,2013,7,2013-06-11,19.34639537451998,3.007643062338255
z105_i100,2013,7,2013-06-12,20.76666479336744,3.357564147907213
z105_i100,2013,7,2013-06-13,7.803891957048442,3.9524504556675595
z105_i100,2013,7,2013-06-14,13.658576551783344,4.62562804759604
z105_i100,2013,7,2013-06-15,16.160873443031818,5.362069191456478
z105_i100,2013,7,2013-06-16,17.82293671628256,6.206478904320183
z105_i100,2013,7,2013-06-17,19.252917734310426,7.158726027760777
z105_i100,2013,7,2013-06-18,20.806136509794378,8.203559103161144
z105_i100,2013,7,2013-06-19,22.789224985044168,9.252666324224132
z105_i100,2013,7,2013-06-20,11.03535007380258,10.89203470680203
z105_i100,2013,7,2013-06-21,15.472350133483392,12.77986033872302
z105_i100,2013,7,2013-06-22,18.24374538764082,14.8733997999096
z105_i100,2013,7,2013-06-23,20.7089920834009,17.206511622676594
z105_i100,2013,7,2013-06-24,23.394831878657403,19.799924325981273
z105_i100,2013,7,2013-06-25,26.073877393030408,22.633539225938623
z105_i100,2013,7,2013-06-26,21.639328493653466,26.638590529898394
z105_i100,2013,7,2013-06-27,28.044707094079598,30.29356618295812
z105_i100,2013,7,2013-06-28,32.27389867712932,33.89736194386921
z105_i100,2013,7,2013-06-29,36.00099697265096,37.76611450537547
z105_i100,2013,7,2013-06-30,39.603574048390726,41.5054583828472
z105_i100,2013,7,2013-07-01,33.687625093877095,48.508601590942405
z105_i100,2013,7,2013-07-02,40.59300460975226,52.94215801010934
z105_i100,2013,7,2013-07-03,47.48819371676556,55.275747033759146
z105_i100,2013,7,2013-07-04,52.44808373732725,55.23753414206007
z105_i100,2013,7,2013-07-05,36.89108245587253,61.17313151723731
z105_i100,2013,7,2013-07-06,42.79008118536233,66.21420718900919
z105_i100,2013,7,2013-07-07,47.88545106969489,69.21182880090511
z105_i100,2013,7,2013-07-08,53.31412946388837,69.81488367752061
z105_i100,2013,7,2013-07-09,58.24178845438071,69.7281124249878
z105_i100,2013,7,2013-07-10,40.04246328720051,73.39152041784574
z105_i100,2013,7,2013-07-11,48.98013501874022,76.49975713619361
z105_i100,2013,7,2013-07-12,47.02887101496021,79.13565239081714
z105_i100,2013,7,2013-07-13,45.43993938093677,81.36941650713584
z105_i100,2013,7,2013-07-14,49.55242655373164,83.2605028997074
z105_i100,2013,7,2013-07-15,37.71726524973537,84.85917958070665
z105_i100,2013,7,2013-07-16,45.56345053889911,86.20784957998931
z105_i100,2013,7,2013-07-17,53.40822139822502,86.93722537920371
z105_i100,2013,7,2013-07-18,56.50703648829545,87.23018173627723
z105_i100,2013,7,2013-07-19,46.48040338905381,88.12876399951523
z105_i100,2013,7,2013-07-20,52.0464020112255,88.84320083305207
z105_i100,2013,7,2013-07-21,56.867912730053035,89.0482618078033
z105_i100,2013,7,2013-07-22,62.34969937168555,89.09707705935391
z105_i100,2013,7,2013-07-23,67.68985445820158,89.07171962560678
z105_i100,2013,7,2013-07-24,54.21089971127112,89.36199643510778
z105_i100,2013,7,2013-07-25,57.05733729592328,89.36199643510778
z105_i100,2013,7,2013-07-26,62.518926521314626,89.36199643510778
z105_i100,2013,7,2013-07-27,65.22262614947458,89.36199643510778
z105_i100,2013,7,2013-07-28,67.02363101850423,89.36199643510778
z105_i100,2013,7,2013-07-29,16.403585137282054,89.36199643510778
z105_i100,2013,7,2013-07-30,21.805590612642906,89.36199643510778
z105_i100,2013,7,2013-07-31,27.68671659564463,89.36199643510778
z105_i100,2013,7,2013-08-01,32.212750259806796,89.36199643510778
z105_i100,2013,7,2013-08-02,7.646089227497621,89.36199643510778
z105_i100,2013,7,2013-08-03,-5.467212181010989,89.36199643510778
z105_i100,2013,7,2013-08-04,2.7846252055605176,89.36199643510778
z105_i100,2013,7,2013-08-05,9.530475305039028,89.36199643510778
z105_i100,2013,7,2013-08-06,14.911369661112031,89.36199643510778
z105_i100,2013,7,2013-08-07,-2.08974519089675,89.36199643510778
z105_i100,2013,7,2013-08-08,2.0014724372375126,89.36199643510778
z105_i100,2013,7,2013-08-09,6.9204089853696615,89.36199643510778
z105_i100,2013,7,2013-08-10,12.058501850484303,89.36199643510778
z105_i100,2013,7,2013-08-11,15.720719342180578,89.36199643510778
z105_i100,2013,7,2013-08-12,-6.450685509299477,89.36199643510778
z105_i100,2013,7,2013-08-13,1.5342909222325083,89.36199643510778
z105_i100,2013,7,2013-08-14,7.000545663464049,89.36199643510778
z105_i100,2013,7,2013-08-15,11.699429595665265,89.36199643510778
z105_i100,2013,7,2013-08-16,3.3949645582829056,89.36199643510778
z105_i100,2013,7,2013-08-17,8.250082299898924,89.36199643510778
z105_i100,2013,7,2013-08-18,12.453466224193566,89.36199643510778
z105_i100,2013,7,2013-08-19,17.637517990480607,89.36199643510778
z105_i100,2013,7,2013-08-20,22.593864826529224,89.36199643510778
z105_i100,2013,7,2013-08-21,-0.5941479559240608,89.36199643510778
z105_i100,2013,7,2013-08-22,-3.6387927708061243,89.36199643510778
z105_i100,2013,7,2013-08-23,3.6706313359591807,89.36199643510778
z105_i100,2013,7,2013-08-24,8.691762205324299,89.36199643510778
z105_i100,2013,7,2013-08-25,12.562310155834176,89.36199643510778
z105_i100,2013,7,2013-08-26,-2.603579346498321,89.36199643510778
z105_i100,2013,7,2013-08-27,4.174153559768809,89.36199643510778
z105_i100,2013,7,2013-08-28,7.199213713095053,89.36199643510778
z105_i100,2013,7,2013-08-29,12.626989082837298,89.36199643510778
z105_i100,2013,7,2013-08-30,-7.707291698370731,88.79339675383666
z105_i100,2013,7,2013-08-31,2.131186997007478,88.15243843904365
z105_i100,2013,7,2013-09-01,7.318349368326306,87.42991330434101
z105_i100,2013,7,2013-09-02,11.737174111132202,86.61544135159686
z105_i100,2013,7,2013-09-03,15.343866190427057,85.6973216489793
z105_i100,2013,7,2013-09-04,18.817396275178567,84.66236423209781
z105_i100,2013,7,2013-09-05,5.131351827301747,83.4957006132862
z105_i100,2013,7,2013-09-06,9.848683667960252,82.18057017675112
z105_i100,2013,7,2013-09-07,13.925640633412824,80.69807939087852
z105_i100,2013,7,2013-09-08,18.183161947162603,79.02693037847524
z105_i100,2013,7,2013-09-09,-6.61075442056902,77.14311494550935
z105_i100,2013,7,2013-09-10,-2.323678115769618,75.01956967268121
z105_i100,2013,7,2013-09-11,-3.9476554612447314,72.62578711477367
z105_i100,2013,7,2013-09-12,-10.464894378749538,69.9273775221631
z105_i100,2013,7,2013-09-13,-10.574509870240906,66.88557478805942
z105_i100,2013,7,2013-09-14,-3.364605604683541,63.45667952377555
z105_i100,2013,7,2013-09-15,-14.806230208957974,59.59143126108937
z105_i100,2013,7,2013-09-16,-1.2849211161314875,55.234300762582
z105_i100,2013,7,2013-09-17,2.7674325993134032,50.32269227308507
z105_i100,2013,7,2013-09-18,4.36140506485615,44.786044251557385
z105_i100,2013,7,2013-09-19,4.897355018563305,38.54481566425484
z105_i100,2013,7,2013-09-20,6.0639023590815455,31.5093432759966
z105_i100,2013,7,2013-09-21,7.36397027515428,23.57855352305522
z105_i100,2013,7,2013-09-22,4.148416499872705,14.638510462075754
z105_i100,2013,7,2013-09-23,-10.832565361978,4.560778934452818
z105_i100,2013,8,2013-05-15,3.4670577679065073,0.0
z105_i100,2013,8,2013-05-16,5.6231336678676165,0.0
z105_i100,2013,8,2013-05-17,7.267662207480288,0.0
z105_i100,2013,8,2013-05-18,8.716390949850577,0.0
z105_i100,2013,8,2013-05-19,12.352459181814435,0.0
z105_i100,2013,8,2013-05-20,12.46321389360388,0.4875
z105_i100,2013,8,2013-05-21,14.09263948841991,0.5738742470010385
z105_i100,2013,8,2013-05-22,15.150202201301557,0.6755521053764285
z105_i100,2013,8,2013-05-23,15.803437804692999,0.6727559359012664
z105_i100,2013,8,2013-05-24,16.72202147153159,0.6701627670089252
z105_i100,2013,8,2013-05-25,17.426424498523765,0.6675854864900166
z105_i100,2013,8,2013-05-26,18.19089426301675,0.6646789872875
z105_i100,2013,8,2013-05-27,18.878300679968074,0.6629729851811358
z105_i100,2013,8,2013-05-28,19.278077067061947,0.6629662635651169
z105_i100,2013,8,2013-05-29,14.264822918266091,0.769851874441544
z105_i100,2013,8,2013-05-30,18.766495340517576,0.8562569579389742
z105_i100,2013,8,2013-05-31,19.522996993130608,0.8891377189005879
z105_i100,2013,8,2013-06-01,20.124614717088775,0.940433763094904
z105_i100,2013,8,2013-06-02,20.741244225204785,1.0055776446089706
z105_i100,2013,8,2013-06-03,21.461051421653206,1.0598237548093243
z105_i100,2013,8,2013-06-04,21.588662714801455,1.2068323281224844
z105_i100,2013,8,2013-06-05,21.842948029064935,1.3477393410922183
z105_i100,2013,8,2013-06-06,22.3741866234739,1.4686962024777035
z105_i100,2013,8,2013-06-07,7.084587411278285,1.728916773887542
z105_i100,2013,8,2013-06-08,11.776872681535298,2.03059453245159
z105_i100,2013,8,2013-06-09,14.450625621530211,2.354947846794434
z105_i100,2013,8,2013-06-10,16.20944291725484,2.7156927093107575
z105_i100,2013,8,2013-06-11,18.068743492610146,3.0754937745995337
z105_i100,2013,8,2013-06-12,19.59472064549099,3.4585813285761975
z105_i100,2013,8,2013-06-13,5.1311898440907555,4.071365652571315
z105_i100,2013,8,2013-06-14,11.158051955628366,4.7927218423287306
z105_i100,2013,8,2013-06-15,13.827466111956397,5.5848799978501225
z105_i100,2013,8,2013-06-16,15.612807801294771,6.4981307782733335
z105_i100,2013,8,2013-06-17,17.15354843969866,7.536683389200658
z105_i100,2013,8,2013-06-18,18.779157965541888,8.690111967690262
z105_i100,2013,8,2013-06-19,20.876366873278506,9.880623459155606
z105_i100,2013,8,2013-06-20,9.02620869703382,11.631251994920452
z105_i100,2013,8,2013-06-21,13.634988674555679,13.667883713343304
z105_i100,2013,8,2013-06-22,16.542871738151526,15.953679947786723
z105_i100,2013,8,2013-06-23,19.144818701601924,18.519734088124977
z105_i100,2013,8,2013-06-24,22.05982012685977,21.38989254373112
z105_i100,2013,8,2013-06-25,24.982924540327716,24.544226864380615
z105_i100,2013,8,2013-06-26,20.536739119261078,28.892922482090437
z105_i100,2013,8,2013-06-27,27.435244375890363,32.966890869332246
z105_i100,2013,8,2013-06-28,31.957538611699462,36.982943385115426
z105_i100,2013,8,2013-06-29,35.94125180148912,41.26484644691766
z105_i100,2013,8,2013-06-30,39.78862690489275,45.36599728580698
z105_i100,2013,8,2013-07-01,33.852015844648705,52.45551570531911
z105_i100,2013,8,2013-07-02,40.74043560130551,56.48824235609082
z105_i100,2013,8,2013-07-03,47.85006279306863,58.586119166932505
z105_i100,2013,8,2013-07-04,53.30344382708849,58.53671658886853
z105_i100,2013,8,2013-07-05,37.74060842245899,63.99190586656329
z105_i100,2013,8,2013-07-06,43.57422777697716,68.62497314092111
z105_i100,2013,8,2013-07-07,48.72116984488972,70.94404871164626
z105_i100,2013,8,2013-07-08,54.21282173457723,71.36127933630634
z105_i100,2013,8,2013-07-09,59.032658452939046,71.24392818478564
z105_i100,2013,8,2013-07-10,40.82958789396992,74.69596759766286
z105_i100,2013,8,2013-07-11,49.76329572383022,77.6248675938433
z105_i100,2013,8,2013-07-12,47.80980582393051,80.10867893151467
z105_i100,2013,8,2013-07-13,46.2189046151833,82.21356099314586
z105_i100,2013,8,2013-07-14,50.32965306052167,83.99553689455783
z105_i100,2013,8,2013-07-15,39.193018423306825,85.50197432167931
z105_i100,2013,8,2013-07-16,47.03678933105811,86.77282976599928
z105_i100,2013,8,2013-07-17,54.87913353160912,87.46260019451503
z105_i100,2013,8,2013-07-18,57.97607804346513,87.71032738832959
z105_i100,2013,8,2013-07-19,47.948213959604125,88.55971246711853
z105_i100,2013,8,2013-07-20,53.51262130495943,89.2372729894564
z105_i100,2013,8,2013-07-21,58.343195831967144,89.42993310874523
z105_i100,2013,8,2013-07-22,64.40231594967277,89.45715271774365
z105_i100,2013,8,2013-07-23,69.34530617267873,89.36846232549956
z105_i100,2013,8,2013-07-24,55.83641824131973,89.64630639274523
z105_i100,2013,8,2013-07-25,58.653328947007026,89.64630639274523
z105_i100,2013,8,2013-07-26,64.08470462034123,89.64630639274523
z105_i100,2013,8,2013-07-27,66.75746647113924,89.64630639274523
z105_i100,2013,8,2013-07-28,68.5291276975007,89.64630639274523
z105_i100,2013,8,2013-07-29,17.89341282443218,89.64630639274523
z105_i100,2013,8,2013-07-30,23.293572428539296,89.64630639274523
z105_i100,2013,8,2013-07-31,29.1726069887295,89.64630639274523
z105_i100,2013,8,2013-08-01,33.696967822039156,89.64630639274523
z105_i100,2013,8,2013-08-02,9.127971325333666,89.64630639274523
z105_i100,2013,8,2013-08-03,-3.9873294753787163,89.64630639274523
z105_i100,2013,8,2013-08-04,2.9074165238738625,89.64630639274523
z105_i100,2013,8,2013-08-05,9.529934250643779,89.64630639274523
z105_i100,2013,8,2013-08-06,14.905913720124477,89.64630639274523
z105_i100,2013,8,2013-08-07,-2.1972337642941744,89.64630639274523
z105_i100,2013,8,2013-08-08,1.9706014067052966,89.64630639274523
z105_i100,2013,8,2013-08-09,6.905277345575995,89.64630639274523
z105_i100,2013,8,2013-08-10,12.043282346564336,89.64630639274523
z105_i100,2013,8,2013-08-11,15.702635552628307,89.64630639274523
z105_i100,2013,8,2013-08-12,-6.471175007414755,89.64630639274523
z105_i100,2013,8,2013-08-13,1.5287248073192214,89.64630639274523
z105_i100,2013,8,2013-08-14,6.995210108180442,89.64630639274523
z105_i100,2013,8,2013-08-15,11.69133977467073,89.64630639274523
z105_i100,2013,8,2013-08-16,6.484023756333308,89.64630639274523
z105_i100,2013,8,2013-08-17,11.336214084290981,89.64630639274523
z105_i100,2013,8,2013-08-18,15.536840167490666,89.64630639274523
z105_i100,2013,8,2013-08-19,20.697177086719947,89.64630639274523
z105_i100,2013,8,2013-08-20,25.63719347836842,89.64630639274523
z105_i100,2013,8,2013-08-21,7.5457807171904445,89.64630639274523
z105_i100,2013,8,2013-08-22,4.459560840290749,89.64630639274523
z105_i100,2013,8,2013-08-23,9.15408538428798,89.64630639274523
z105_i100,2013,8,2013-08-24,13.512386317348138,89.64630639274523
z105_i100,2013,8,2013-08-25,17.28803097953659,89.64630639274523
z105_i100,2013,8,2013-08-26,6.208568972488074,89.64630639274523
z105_i100,2013,8,2013-08-27,11.150272009529585,89.64630639274523
z105_i100,2013,8,2013-08-28,13.686588996367137,89.64630639274523
z105_i100,2013,8,2013-08-29,19.040878512983745,89.64630639274523
z105_i100,2013,8,2013-08-30,4.7973620151583,89.0758976812628
z105_i100,2013,8,2013-08-31,8.859219412527903,88.43290012340678
z105_i100,2013,8,2013-09-01,12.736419664323035,87.70807623645337
z105_i100,2013,8,2013-09-02,16.979945767167674,86.891012997753
z105_i100,2013,8,2013-09-03,20.560974246502767,85.96997224833511
z105_i100,2013,8,2013-09-04,24.016814197906502,84.93172205923402
z105_i100,2013,8,2013-09-05,13.3265576336654,83.76134663789702
z105_i100,2013,8,2013-09-06,18.039523137269413,82.44203204373773
z105_i100,2013,8,2013-09-07,22.11263433548779,80.9548246343636
z105_i100,2013,8,2013-09-08,26.366046122793232,79.27835877224929
z105_i100,2013,8,2013-09-09,1.5690150809493804,77.38854988001316
z105_i100,2013,8,2013-09-10,0.9428347554416322,75.25824843464362
z105_i100,2013,8,2013-09-11,-2.5932279598911414,72.85684992985955
z105_i100,2013,8,2013-09-12,-10.309878188375214,70.14985520321471
z105_i100,2013,8,2013-09-13,-10.568927081845166,67.09837481148278
z105_i100,2013,8,2013-09-14,-3.367773588445464,63.65857033404095
z105_i100,2013,8,2013-09-15,-14.80780314559929,59.7810245778602
z105_i100,2013,8,2013-09-16,-1.2872501259668747,55.410031636291244
z105_i100,2013,8,2013-09-17,2.7614915280577925,50.48279660243219
z105_i100,2013,8,2013-09-18,4.352084972599305,44.928533439935755
z105_i100,2013,8,2013-09-19,4.883570511464335,38.6674480510168
z105_i100,2013,8,2013-09-20,6.048891431057391,31.609591932129643
z105_i100,2013,8,2013-09-21,7.3484553633044545,23.653569948613264
z105_i100,2013,8,2013-09-22,4.127904195638667,14.68508366383242
z105_i100,2013,8,2013-09-23,-10.859221481321635,4.575289295874709
z105_i100,2013,9,2013-05-15,3.4670577679065073,0.0
z105_i100,2013,9,2013-05-16,5.6231336678676165,0.0
z105_i100,2013,9,2013-05-17,7.267662207480288,0.0
z105_i100,2013,9,2013-05-18,8.716390949850577,0.0
z105_i100,2013,9,2013-05-19,12.352459181814435,0.0
z105_i100,2013,9,2013-05-20,12.46321389360388,0.4875
z105_i100,2013,9,2013-05-21,14.09263948841991,0.5738742470010385
z105_i100,2013,9,2013-05-22,15.150202201301557,0.6755521053764285
z105_i100,2013,9,2013-05-23,15.803437804692999,0.6727559359012664
z105_i100,2013,9,2013-05-24,16.72202147153159,0.6701627670089252
z105_i100,2013,9,2013-05-25,17.426424498523765,0.6675854864900166
z105_i100,2013,9,2013-05-26,18.19089426301675,0.6646789872875
z105_i100,2013,9,2013-05-27,18.878300679968074,0.6629729851811358
z105_i100,2013,9,2013-05-28,19.278077067061947,0.6629662635651169
z105_i100,2013,9,2013-05-29,14.264822918266091,0.769851874441544
z105_i100,2013,9,2013-05-30,18.766495340517576,0.8562569579389742
z105_i100,2013,9,2013-05-31,19.522996993130608,0.8891377189005879
z105_i100,2013,9,2013-06-01,20.124614717088775,0.940433763094904
z105_i100,2013,9,2013-06-02,20.741244225204785,1.0055776446089706
z105_i100,2013,9,2013-06-03,21.461051421653206,1.0598237548093243
z105_i100,2013,9,2013-06-04,21.588662714801455,1.2068323281224844
z105_i100,2013,9,2013-06-05,21.842948029064935,1.3477393410922183
z105_i100,2013,9,2013-06-06,22.3741866234739,1.4686962024777035
z105_i100,2013,9,2013-06-07,6.984587411278282,1.728916773887542
z105_i100,2013,9,2013-06-08,11.730257230838207,2.0315431695643755
z105_i100,2013,9,2013-06-09,14.422459358218877,2.356301879555975
z105_i100,2013,9,2013-06-10,16.18892283781183,2.717519539392429
z105_i100,2013,9,2013-06-11,18.05392845951983,3.0780079127619113
z105_i100,2013,9,2013-06-12,19.58335835925239,3.4615947650477525
z105_i100,2013,9,2013-06-13,5.219804963307862,4.074913003516956
z105_i100,2013,9,2013-06-14,11.218903874688383,4.796897705616479
z105_i100,2013,9,2013-06-15,13.882368838571086,5.589122584139538
z105_i100,2013,9,2013-06-16,15.665307463207624,6.502415865720233
z105_i100,2013,9,2013-06-17,17.204643058024196,7.540805049321836
z105_i100,2013,9,2013-06-18,18.829285319892126,8.69370002746502
z105_i100,2013,9,2013-06-19,20.925536886721407,9.882538202023694
z105_i100,2013,9,2013-06-20,9.07515749158764,11.633505987990453
z105_i100,2013,9,2013-06-21,13.680694458081636,13.672558545667526
z105_i100,2013,9,2013-06-22,16.587821116818994,15.958186134253873
z105_i100,2013,9,2013-06-23,19.18947107077715,18.52356599268129
z105_i100,2013,9,2013-06-24,22.10416518399628,21.39241109233014
z105_i100,2013,9,2013-06-25,25.026963314758824,24.544466976738537
z105_i100,2013,9,2013-06-26,20.58077645457393,28.8932051370619
z105_i100,2013,9,2013-06-27,27.478786583186675,32.96336799675016
z105_i100,2013,9,2013-06-28,31.999360737292882,36.97141193472547
z105_i100,2013,9,2013-06-29,35.9813962759826,41.244430835303724
z105_i100,2013,9,2013-06-30,39.8257054635486,45.330741344542375
z105_i100,2013,9,2013-07-01,33.8892603460174,52.42308788831522
z105_i100,2013,9,2013-07-02,40.777856321725366,56.45065706776943
z105_i100,2013,9,2013-07-03,47.887641566529666,58.53884242217665
z105_i100,2013,9,2013-07-04,53.324249028511886,58.48842102017529
z105_i100,2013,9,2013-07-05,38.26119924963861,63.95064282263847
z105_i100,2013,9,2013-07-06,44.00916407227441,68.53708712526678
z105_i100,2013,9,2013-07-07,49.130862520528105,70.4972877221114
z105_i100,2013,9,2013-07-08,54.58383458603992,70.84910406592066
z105_i100,2013,9,2013-07-09,59.316940080104075,70.72036703482367
z105_i100,2013,9,2013-07-10,41.01515815408451,74.24541293024022
z105_i100,2013,9,2013-07-11,49.950230786368266,77.23625563936682
z105_i100,2013,9,2013-07-12,47.99750772391451,79.77259660007154
z105_i100,2013,9,2013-07-13,46.40728562240176,81.92199438620649
z105_i100,2013,9,2013-07-14,50.51863392934338,83.74165693512506
z105_i100,2013,9,2013-07-15,38.182507797497166,85.27995370235415
z105_i100,2013,9,2013-07-16,46.027112235370595,86.57768621113048
z105_i100,2013,9,2013-07-17,53.870267932446836,87.28685525939723
z105_i100,2013,9,2013-07-18,56.96785985200991,87.54411783443173
z105_i100,2013,9,2013-07-19,46.94042185759254,88.41053324983908
z105_i100,2013,9,2013-07-20,52.505374770899905,89.10216482732439
z105_i100,2013,9,2013-07-21,57.333563930344624,89.29996397597387
z105_i100,2013,9,2013-07-22,63.39641678669456,89.34061202933495
z105_i100,2013,9,2013-07-23,68.52315727249174,89.28428522200382
z105_i100,2013,9,2013-07-24,55.014622396205645,89.56565608951094
z105_i100,2013,9,2013-07-25,57.83179447034258,89.56565608951094
z105_i100,2013,9,2013-07-26,63.2636534722675,89.56565608951094
z105_i100,2013,9,2013-07-27,65.9371304080832,89.56565608951094
z105_i100,2013,9,2013-07-28,67.70908087945531,89.56565608951094
z105_i100,2013,9,2013-07-29,16.97357089434985,89.56565608951094
z105_i100,2013,9,2013-07-30,22.374254244239083,89.56565608951094
z105_i100,2013,9,2013-07-31,28.253882231269802,89.56565608951094
z105_i100,2013,9,2013-08-01,32.7787177251397,89.56565608951094
z105_i100,2013,9,2013-08-02,8.210383917411722,89.56565608951094
z105_i100,2013,9,2013-08-03,-4.904349548383836,89.56565608951094
z105_i100,2013,9,2013-08-04,2.876595514481826,89.56565608951094
z105_i100,2013,9,2013-08-05,9.53053477659027,89.56565608951094
z105_i100,2013,9,2013-08-06,14.907501394686564,89.56565608951094
z105_i100,2013,9,2013-08-07,-2.1951053173892374,89.56565608951094
z105_i100,2013,9,2013-08-08,1.9717597492057908,89.56565608951094
z105_i100,2013,9,2013-08-09,6.906889430514883,89.56565608951094
z105_i100,2013,9,2013-08-10,12.04557115853721,89.56565608951094
z105_i100,2013,9,2013-08-11,15.70545370814213,89.56565608951094
z105_i100,2013,9,2013-08-12,-6.467673101218687,89.56565608951094
z105_i100,2013,9,2013-08-13,1.5299471124466593,89.56565608951094
z105_i100,2013,9,2013-08-14,6.996693669501526,89.56565608951094
z105_i100,2013,9,2013-08-15,11.693632820045407,89.56565608951094
z105_i100,2013,9,2013-08-16,16.465268835594873,89.56565608951094
z105_i100,2013,9,2013-08-17,21.104742345057755,89.56565608951094
z105_i100,2013,9,2013-08-18,25.30609989543682,89.56565608951094
z105_i100,2013,9,2013-08-19,30.433812752990683,89.56565608951094
z105_i100,2013,9,2013-08-20,35.36141505089209,89.56565608951094
z105_i100,2013,9,2013-08-21,23.170967154278163,89.56565608951094
z105_i100,2013,9,2013-08-22,20.084716991589453,89.56565608951094
z105_i100,2013,9,2013-08-23,24.7801699798339,89.56565608951094
z105_i100,2013,9,2013-08-24,29.139352410137423,89.56565608951094
z105_i100,2013,9,2013-08-25,32.91593530714258,89.56565608951094
z105_i100,2013,9,2013-08-26,25.83755527724223,89.56565608951094
z105_i100,2013,9,2013-08-27,30.780325034766236,89.56565608951094
z105_i100,2013,9,2013-08-28,33.31759309320113,89.56565608951094
z105_i100,2013,9,2013-08-29,38.673087621263385,89.56565608951094
z105_i100,2013,9,2013-08-30,30.43047888670413,88.99576054624926
z105_i100,2013,9,2013-08-31,34.49328607870593,88.35334146117262
z105_i100,2013,9,2013-09-01,38.37141010234618,87.62916966205891
z105_i100,2013,9,2013-09-02,42.61596625401572,86.81284149433485
z105_i100,2013,9,2013-09-03,46.1823195924576,85.89262935926509
z105_i100,2013,9,2013-09-04,49.60004897806612,84.85531323198933
z105_i100,2013,9,2013-09-05,43.91095092449026,83.68599073894828
z105_i100,2013,9,2013-09-06,48.625151651156976,82.3678630662179
z105_i100,2013,9,2013-09-07,52.69935334549199,80.8819936230508
z105_i100,2013,9,2013-09-08,56.9539306003186,79.20703599351832
z105_i100,2013,9,2013-09-09,32.15778280258521,77.31892726792981
z105_i100,2013,9,2013-09-10,31.532144321465058,75.19054234834324
z105_i100,2013,9,2013-09-11,27.99643116813662,72.7913042618228
z105_i100,2013,9,2013-09-12,18.57716398607717,70.08674488309515
z105_i100,2013,9,2013-09-13,10.298462557269994,67.0380097558232
z105_i100,2013,9,2013-09-14,9.104792097095586,63.60129989862101
z105_i100,2013,9,2013-09-15,-5.065797520208498,59.72724257663933
z105_i100,2013,9,2013-09-16,-0.5559473002562585,55.360181999050106
z105_i100,2013,9,2013-09-17,2.7900843977011527,50.43737975239194
z105_i100,2013,9,2013-09-18,4.355297915290946,44.88811348297815
z105_i100,2013,9,2013-09-19,4.887493244010443,38.63266087978691
z105_i100,2013,9,2013-09-20,6.053154757013445,31.58115436144745
z105_i100,2013,9,2013-09-21,7.352861479194287,23.63229001343588
z105_i100,2013,9,2013-09-22,4.13372721315752,14.671872227710159
z105_i100,2013,9,2013-09-23,-10.851655944133062,4.571173136671477
z105_i100,2013,10,2013-05-15,3.4670577679065073,0.0
z105_i100,2013,10,2013-05-16,5.6231336678676165,0.0
z105_i100,2013,10,2013-05-17,7.267662207480288,0.0
z105_i100,2013,10,2013-05-18,8.716390949850577,0.0
z105_i100,2013,10,2013-05-19,12.352459181814435,0.0
z105_i100,2013,10,2013-05-20,12.46321389360388,0.4875
z105_i100,2013,10,2013-05-21,14.09263948841991,0.5738742470010385
z105_i100,2013,10,2013-05-22,15.150202201301557,0.6755521053764285
z105_i100,2013,10,2013-05-23,15.803437804692999,0.6727559359012664
z105_i100,2013,10,2013-05-24,16.72202147153159,0.6701627670089252
z105_i100,2013,10,2013-05-25,17.426424498523765,0.6675854864900166
z105_i100,2013,10,2013-05-26,18.19089426301675,0.6646789872875
z105_i100,2013,10,2013-05-27,18.878300679968074,0.6629729851811358
z105_i100,2013,10,2013-05-28,19.278077067061947,0.6629662635651169
z105_i100,2013,10,2013-05-29,14.264822918266091,0.769851874441544
z105_i100,2013,10,2013-05-30,18.766495340517576,0.8562569579389742
z105_i100,2013,10,2013-05-31,19.522996993130608,0.8891377189005879
z105_i100,2013,10,2013-06-01,20.124614717088775,0.940433763094904
z105_i100,2013,10,2013-06-02,20.741244225204785,1.0055776446089706
z105_i100,2013,10,2013-06-03,21.461051421653206,1.0598237548093243
z105_i100,2013,10,2013-06-04,21.588662714801455,1.2068323281224844
z105_i100,2013,10,2013-06-05,21.842948029064935,1.3477393410922183
z105_i100,2013,10,2013-06-06,22.3741866234739,1.4686962024777035
z105_i100,2013,10,2013-06-07,6.784587411278279,1.728916773887542
z105_i100,2013,10,2013-06-08,11.467402145170714,2.033330342256056
z105_i100,2013,10,2013-06-09,14.160390290646635,2.3600614813085135
z105_i100,2013,10,2013-06-10,15.937389261039169,2.724124316443156
z105_i100,2013,10,2013-06-11,17.818664266272833,3.089159181138226
z105_i100,2013,10,2013-06-12,19.335931403684135,3.47856790389594
z105_i100,2013,10,2013-06-13,4.772250761870991,4.094893408185155
z105_i100,2013,10,2013-06-14,10.725506464608149,4.820418197275428
z105_i100,2013,10,2013-06-15,13.400492909249104,5.621543953772252
z105_i100,2013,10,2013-06-16,15.196784418058604,6.546300144435746
z105_i100,2013,10,2013-06-17,16.750049110358567,7.599411197553289
z105_i100,2013,10,2013-06-18,18.391136921456255,8.771648192915501
z105_i100,2013,10,2013-06-19,20.510682254972107,9.986926546233631
z105_i100,2013,10,2013-06-20,8.558954783122509,11.7563896442554
z105_i100,2013,10,2013-06-21,13.17752408447814,13.82330200981476
z105_i100,2013,10,2013-06-22,16.109859552876067,16.145919449171352
z105_i100,2013,10,2013-06-23,18.73934611291955,18.758175351789948
z105_i100,2013,10,2013-06-24,21.713303218076334,21.684749745240094
z105_i100,2013,10,2013-06-25,24.685689545570046,24.90573225814821
z105_i100,2013,10,2013-06-26,20.1373430262642,29.318478657752365
z105_i100,2013,10,2013-06-27,27.13626489446496,33.49088762831309
z105_i100,2013,10,2013-06-28,31.71911511759326,37.61493356238216
z105_i100,2013,10,2013-06-29,35.757840319199,42.01565591430926
z105_i100,2013,10,2013-06-30,39.65987916889552,46.23238527855683
z105_i100,2013,10,2013-07-01,33.619049074157004,53.28406193488917
z105_i100,2013,10,2013-07-02,40.50375705822877,57.28361034730503
z105_i100,2013,10,2013-07-03,47.6106613107258,59.40449005917898
z105_i100,2013,10,2013-07-04,53.2801360905728,59.36061266504695
z105_i100,2013,10,2013-07-05,38.11784427754266,64.69583090359437
z105_i100,2013,10,2013-07-06,43.896032182671156,69.1889665280986
z105_i100,2013,10,2013-07-07,49.04528246908425,71.19642482071804
z105_i100,2013,10,2013-07-08,54.5351235964303,71.55189799245345
z105_i100,2013,10,2013-07-09,59.306777493342075,71.4231806603655
z105_i100,2013,10,2013-07-10,41.00326694472384,74.8502247260335
z105_i100,2013,10,2013-07-11,49.936508540855215,77.75791729564968
z105_i100,2013,10,2013-07-12,47.98275657332371,80.22374398153646
z105_i100,2013,10,2013-07-13,46.39162314073917,82.31338512275153
z105_i100,2013,10,2013-07-14,50.502166376460096,84.08245818585635
z105_i100,2013,10,2013-07-15,38.76535773290412,85.57798787930612
z105_i100,2013,10,2013-07-16,46.608843357809306,86.83964137970709
z105_i100,2013,10,2013-07-17,54.4508812172232,87.528958234878
z105_i100,2013,10,2013-07-18,57.5475457988631,87.78220402221896
z105_i100,2013,10,2013-07-19,47.3194974650724,88.62422440240047
z105_i100,2013,10,2013-07-20,52.88363721790829,89.30354158818305
z105_i100,2013,10,2013-07-21,57.71636215945878,89.52787793063088
z105_i100,2013,10,2013-07-22,63.78724367201987,89.5623365534574
z105_i100,2013,10,2013-07-23,68.84342240579767,89.49357793705208
z105_i100,2013,10,2013-07-24,55.3340096489391,89.76617998772542
z105_i100,2013,10,2013-07-25,58.150531862523906,89.76617998772542
z105_i100,2013,10,2013-07-26,63.5811890233702,89.76617998772542
z105_i100,2013,10,2013-07-27,66.25288833603113,89.76617998772542
z105_i100,2013,10,2013-07-28,68.02411966056744,89.76617998772542
z105_i100,2013,10,2013-07-29,17.288100224912665,89.76617998772542
z105_i100,2013,10,2013-07-30,22.687481179096853,89.76617998772542
z105_i100,2013,10,2013-07-31,28.565633482538082,89.76617998772542
z105_i100,2013,10,2013-08-01,33.08928862153584,89.76617998772542
z105_i100,2013,10,2013-08-02,8.519306870177388,89.76617998772542
z105_i100,2013,10,2013-08-03,-4.59683742685026,89.76617998772542
z105_i100,2013,10,2013-08-04,2.8892623207956514,89.76617998772542
z105_i100,2013,10,2013-08-05,9.528381484460658,89.76617998772542
z105_i100,2013,10,2013-08-06,14.903524992987888,89.76617998772542
z105_i100,2013,10,2013-08-07,-2.200400735007541,89.76617998772542
z105_i100,2013,10,2013-08-08,1.9688777447707493,89.76617998772542
z105_i100,2013,10,2013-08-09,6.90287933292767,89.76617998772542
z105_i100,2013,10,2013-08-10,12.039878199707251,89.76617998772542
z105_i100,2013,10,2013-08-11,15.698444351254706,89.76617998772542
z105_i100,2013,10,2013-08-12,-6.476382736061959,89.76617998772542
z105_i100,2013,10,2013-08-13,1.5269068508713413,89.76617998772542
z105_i100,2013,10,2013-08-14,6.9930042673246176,89.76617998772542
z105_i100,2013,10,2013-08-15,11.68793065131357,89.76617998772542
z105_i100,2013,10,2013-08-16,16.475080663438305,89.76617998772542
z105_i100,2013,10,2013-08-17,21.118593658979826,89.76617998772542
z105_i100,2013,10,2013-08-18,25.318004789022233,89.76617998772542
z105_i100,2013,10,2013-08-19,30.457368058430653,89.76617998772542
z105_i100,2013,10,2013-08-20,35.390030231312565,89.76617998772542
z105_i100,2013,10,2013-08-21,26.197182727036804,89.76617998772542
z105_i100,2013,10,2013-08-22,23.10911962325345,89.76617998772542
z105_i100,2013,10,2013-08-23,27.802263601882448,89.76617998772542
z105_i100,2013,10,2013-08-24,32.15925377332813,89.76617998772542
z105_i100,2013,10,2013-08-25,35.93350330152095,89.76617998772542
z105_i100,2013,10,2013-08-26,30.752432413070835,89.76617998772542
z105_i100,2013,10,2013-08-27,35.692549249597626,89.76617998772542
z105_i100,2013,10,2013-08-28,38.227451999682984,89.76617998772542
z105_i100,2013,10,2013-08-29,43.57994966699662,89.76617998772542
z105_i100,2013,10,2013-08-30,47.5350833795108,89.19500853491427
z105_i100,2013,10,2013-08-31,51.59552854985111,88.55115117109496
z105_i100,2013,10,2013-09-01,55.47135533301768,87.82535806133077
z105_i100,2013,10,2013-09-02,59.71335003572136,87.00720225884623
z105_i100,2013,10,2013-09-03,63.2833581029835,86.08492990859394
z105_i100,2013,10,2013-09-04,66.7052688968193,85.04529138808617
z105_i100,2013,10,2013-09-05,70.7691461411668,83.87335095961305
z105_i100,2013,10,2013-09-06,74.96531879302255,82.552272199258
z105_i100,2013,10,2013-09-07,78.54170203314327,81.06307612012361
z105_i100,2013,10,2013-09-08,82.21673485093892,79.38436851489864
z105_i100,2013,10,2013-09-09,57.41839143867659,77.49203260069301
z105_i100,2013,10,2013-09-10,56.791406173370966,75.3588825505909
z105_i100,2013,10,2013-09-11,53.25482422900506,72.954272934459
z105_i100,2013,10,2013-09-12,43.83494986882003,70.2436584581275
z105_i100,2013,10,2013-09-13,35.5548095377851,67.18809767603386
z105_i100,2013,10,2013-09-14,34.35898126718522,63.743693547526284
z105_i100,2013,10,2013-09-15,20.187931100540883,59.860962799702286
z105_i100,2013,10,2013-09-16,21.515473759135613,55.48412503687273
z105_i100,2013,10,2013-09-17,23.53776004368535,50.550301383799024
z105_i100,2013,10,2013-09-18,24.901378756172516,44.988611150187836
z105_i100,2013,10,2013-09-19,25.4092591613261,38.719153538873464
z105_i100,2013,10,2013-09-20,26.57205078445011,31.6518597686221
z105_i100,2013,10,2013-09-21,27.87121614546655,23.685199120834074
z105_i100,2013,10,2013-09-22,24.648542987208966,14.70472032084823
z105_i100,2013,10,2013-09-23,9.658826207040251,4.581407298925142
z105_i100,2013,11,2013-05-15,3.4670577679065073,0.0
z105_i100,2013,11,2013-05-16,5.6231336678676165,0.0
z105_i100,2013,11,2013-05-17,7.267662207480288,0.0
z105_i100,2013,11,2013-05-18,8.716390949850577,0.0
z105_i100,2013,11,2013-05-19,12.352459181814435,0.0
z105_i100,2013,11,2013-05-20,12.46321389360388,0.4875
z105_i100,2013,11,2013-05-21,14.09263948841991,0.5738742470010385
z105_i100,2013,11,2013-05-22,15.150202201301557,0.6755521053764285
z105_i100,2013,11,2013-05-23,15.803437804692999,0.6727559359012664
z105_i100,2013,11,2013-05-24,16.72202147153159,0.6701627670089252
z105_i100,2013,11,2013-05-25,17.426424498523765,0.6675854864900166
z105_i100,2013,11,2013-05-26,18.19089426301675,0.6646789872875
z105_i100,2013,11,2013-05-27,18.878300679968074,0.6629729851811358
z105_i100,2013,11,2013-05-28,19.278077067061947,0.6629662635651169
z105_i100,2013,11,2013-05-29,14.264822918266091,0.769851874441544
z105_i100,2013,11,2013-05-30,18.766495340517576,0.8562569579389742
z105_i100,2013,11,2013-05-31,19.522996993130608,0.8891377189005879
z105_i100,2013,11,2013-06-01,20.124614717088775,0.940433763094904
z105_i100,2013,11,2013-06-02,20.741244225204785,1.0055776446089706
z105_i100,2013,11,2013-06-03,21.461051421653206,1.0598237548093243
z105_i100,2013,11,2013-06-04,21.588662714801455,1.2068323281224844
z105_i100,2013,11,2013-06-05,21.842948029064935,1.3477393410922183
z105_i100,2013,11,2013-06-06,22.3741866234739,1.4686962024777035
z105_i100,2013,11,2013-06-07,7.984587411278284,1.728916773887542
z105_i100,2013,11,2013-06-08,12.70216132473476,2.0244052984698166
z105_i100,2013,11,2013-06-09,15.317068200143215,2.341570280679646
z105_i100,2013,11,2013-06-10,17.020459848225197,2.6923416142197305
z105_i100,2013,11,2013-06-11,18.813128027886748,3.03664875377103
z105_i100,2013,11,2013-06-12,20.281638927073267,3.4008296729291163
z105_i100,2013,11,2013-06-13,6.718541325689435,4.003381677396891
z105_i100,2013,11,2013-06-14,12.683700033883301,4.709902494432129
z105_i100,2013,11,2013-06-15,15.275282299646815,5.471651030148315
z105_i100,2013,11,2013-06-16,17.001134464605617,6.346648025200737
z105_i100,2013,11,2013-06-17,18.487309614234615,7.3365290815729525
z105_i100,2013,11,2013-06-18,20.053050081241047,8.427223035613983
z105_i100,2013,11,2013-06-19,22.07051765856145,9.534348358427925
z105_i100,2013,11,2013-06-20,10.22279247742846,11.223624584283925
z105_i100,2013,11,2013-06-21,14.774111744166985,13.180710385689956
z105_i100,2013,11,2013-06-22,17.61249064919398,15.35771724963419
z105_i100,2013,11,2013-06-23,20.13952002536047,17.790768149169082
z105_i100,2013,11,2013-06-24,22.917466138443373,20.500945692932188
z105_i100,2013,11,2013-06-25,25.7120000046544,23.46857251830142
z105_i100,2013,11,2013-06-26,28.88019100648121,26.55946245810365
z105_i100,2013,11,2013-06-27,32.949596606584024,29.315938148474512
z105_i100,2013,11,2013-06-28,37.030997412316836,31.990210523875213
z105_i100,2013,11,2013-06-29,40.55195251420066,34.708828403984946
z105_i100,2013,11,2013-06-30,43.8869084664586,36.99821584802868
z105_i100,2013,11,2013-07-01,35.19829133869931,43.5534836106038
z105_i100,2013,11,2013-07-02,42.1208275365345,49.495747582613966
z105_i100,2013,11,2013-07-03,48.15610456483573,51.47189117911157
z105_i100,2013,11,2013-07-04,52.840941222978415,51.41830594046656
z105_i100,2013,11,2013-07-05,41.7987852506128,57.910037504571065
z105_i100,2013,11,2013-07-06,47.377323804217845,63.33137657755887
z105_i100,2013,11,2013-07-07,52.29171055108708,65.34841329585588
z105_i100,2013,11,2013-07-08,56.97341814602478,65.28252392279609
z105_i100,2013,11,2013-07-09,60.276843126404536,65.08233289081431
z105_i100,2013,11,2013-07-10,48.21183260917323,69.39355828278192
z105_i100,2013,11,2013-07-11,57.18477520243125,73.05143889299855
z105_i100,2013,11,2013-07-12,55.26322498183996,76.15345171124176
z105_i100,2013,11,2013-07-13,53.70308197281118,78.78222267989013
z105_i100,2013,11,2013-07-14,57.843530684991045,81.00771863610184
z105_i100,2013,11,2013-07-15,49.23541006062355,82.88909671741503
z105_i100,2013,11,2013-07-16,57.11143322493731,84.47625827780581
z105_i100,2013,11,2013-07-17,64.96840574777923,85.26418048286057
z105_i100,2013,11,2013-07-18,68.05586912832435,85.43698216108743
z105_i100,2013,11,2013-07-19,69.46731458091016,85.26723832552756
z105_i100,2013,11,2013-07-20,72.66639078277602,84.91118891805776
z105_i100,2013,11,2013-07-21,75.39379368098216,84.47201697639643
z105_i100,2013,11,2013-07-22,78.15300362310201,83.87949411882317
z105_i100,2013,11,2013-07-23,80.2438269122115,83.16519669102486
z105_i100,2013,11,2013-07-24,66.68330379470314,83.7029413482521
z105_i100,2013,11,2013-07-25,69.48076473646435,83.7029413482521
z105_i100,2013,11,2013-07-26,74.82606887905533,83.7029413482521
z105_i100,2013,11,2013-07-27,77.50665239909381,83.7029413482521
z105_i100,2013,11,2013-07-28,78.74194567985643,83.46915546798355
z105_i100,2013,11,2013-07-29,19.992420589669546,83.46915546798355
z105_i100,2013,11,2013-07-30,25.313903635727865,83.46915546798355
z105_i100,2013,11,2013-07-31,31.108702486947568,83.46915546798355
z105_i100,2013,11,2013-08-01,35.56933422263135,83.46915546798355
z105_i100,2013,11,2013-08-02,10.916108273567314,83.46915546798355
z105_i100,2013,11,2013-08-03,-2.26750874220933,83.46915546798355
z105_i100,2013,11,2013-08-04,2.7924141487622665,83.46915546798355
z105_i100,2013,11,2013-08-05,9.376922418863824,83.46915546798355
z105_i100,2013,11,2013-08-06,14.718250832149211,83.46915546798355
z105_i100,2013,11,2013-08-07,-2.414991678277046,83.46915546798355
z105_i100,2013,11,2013-08-08,1.9042347420800128,83.46915546798355
z105_i100,2013,11,2013-08-09,6.837799015344529,83.46915546798355
z105_i100,2013,11,2013-08-10,11.920963832247933,83.46915546798355
z105_i100,2013,11,2013-08-11,15.539745952588792,83.46915546798355
z105_i100,2013,11,2013-08-12,-6.671857629382789,83.46915546798355
z105_i100,2013,11,2013-08-13,1.4626388099543939,83.46915546798355
z105_i100,2013,11,2013-08-14,6.91973287274409,83.46915546798355
z105_i100,2013,11,2013-08-15,11.343370079070613,83.46915546798355
z105_i100,2013,11,2013-08-16,15.807802397013296,83.46915546798355
z105_i100,2013,11,2013-08-17,20.177434316892,83.46915546798355
z105_i100,2013,11,2013-08-18,24.1599417653345,83.46915546798355
z105_i100,2013,11,2013-08-19,28.982758069895038,83.46915546798355
z105_i100,2013,11,2013-08-20,33.61865813281565,83.46915546798355
z105_i100,2013,11,2013-08-21,21.381457049674328,83.46915546798355
z105_i100,2013,11,2013-08-22,18.261699071895478,83.46915546798355
z105_i100,2013,11,2013-08-23,22.916695171664546,83.46915546798355
z105_i100,2013,11,2013-08-24,27.239491412766355,83.46915546798355
z105_i100,2013,11,2013-08-25,30.979418941513128,83.46915546798355
z105_i100,2013,11,2013-08-26,23.76106835641574,83.46915546798355
z105_i100,2013,11,2013-08-27,28.66661571234183,83.46915546798355
z105_i100,2013,11,2013-08-28,31.17257404400211,83.46915546798355
z105_i100,2013,11,2013-08-29,36.4906928701167,83.46915546798355
z105_i100,2013,11,2013-08-30,28.22202789246431,82.93805122805614
z105_i100,2013,11,2013-08-31,32.259769979733406,82.3393599346627
z105_i100,2013,11,2013-09-01,36.11566965969182,81.66448062126447
z105_i100,2013,11,2013-09-02,40.337885904575984,80.90371778292209
z105_i100,2013,11,2013-09-03,43.70463182867795,80.04614208796038
z105_i100,2013,11,2013-09-04,46.93354067198992,79.0794333641333
z105_i100,2013,11,2013-09-05,41.32812616405907,77.98970360358412
z105_i100,2013,11,2013-09-06,46.02840729874338,76.76129744384104
z105_i100,2013,11,2013-09-07,50.09362570770227,75.376567258502
z105_i100,2013,11,2013-09-08,54.342454995950234,73.81561962649886
z105_i100,2013,11,2013-09-09,29.54517462103238,72.05602953764716
z105_i100,2013,11,2013-09-10,28.92605394577706,70.07251822867917
z105_i100,2013,11,2013-09-11,25.395947118779237,67.83659002146163
z105_i100,2013,11,2013-09-12,15.984545063174203,65.31612294611523
z105_i100,2013,11,2013-09-13,7.718051085926201,62.474907267812775
z105_i100,2013,11,2013-09-14,6.5482275141068085,59.27212528760288
z105_i100,2013,11,2013-09-15,-7.611524125921232,55.66176494393274
z105_i100,2013,11,2013-09-16,-0.700548212616812,51.59195879050483
z105_i100,2013,11,2013-09-17,2.8664791196657475,47.0042388540395
z105_i100,2013,11,2013-09-18,4.486568998837659,41.83269666702054
z105_i100,2013,11,2013-09-19,5.105202398298067,36.00303640822052
z105_i100,2013,11,2013-09-20,6.3022935471197,29.43150754815668
z105_i100,2013,11,2013-09-21,7.617410157252603,22.023701665564648
z105_i100,2013,11,2013-09-22,4.504440773062517,13.673196149618205
z105_i100,2013,11,2013-09-23,-10.393201406052949,4.260025302941791
z105_i100,2013,12,2013-05-15,3.4670577679065073,0.0
z105_i100,2013,12,2013-05-16,5.6231336678676165,0.0
z105_i100,2013,12,2013-05-17,7.267662207480288,0.0
z105_i100,2013,12,2013-05-18,8.716390949850577,0.0
z105_i100,2013,12,2013-05-19,12.352459181814435,0.0
z105_i100,2013,12,2013-05-20,12.46321389360388,0.4875
z105_i100,2013,12,2013-05-21,14.09263948841991,0.5738742470010385
z105_i100,2013,12,2013-05-22,15.150202201301557,0.6755521053764285
z105_i100,2013,12,2013-05-23,15.803437804692999,0.6727559359012664
z105_i100,2013,12,2013-05-24,16.72202147153159,0.6701627670089252
z105_i100,2013,12,2013-05-25,17.426424498523765,0.6675854864900166
z105_i100,2013,12,2013-05-26,18.19089426301675,0.6646789872875
z105_i100,2013,12,2013-05-27,18.878300679968074,0.6629729851811358
z105_i100,2013,12,2013-05-28,19.278077067061947,0.6629662635651169
z105_i100,2013,12,2013-05-29,14.264822918266091,0.769851874441544
z105_i100,2013,12,2013-05-30,18.766495340517576,0.8562569579389742
z105_i100,2013,12,2013-05-31,19.522996993130608,0.8891377189005879
z105_i100,2013,12,2013-06-01,20.124614717088775,0.940433763094904
z105_i100,2013,12,2013-06-02,20.741244225204785,1.0055776446089706
z105_i100,2013,12,2013-06-03,21.461051421653206,1.0598237548093243
z105_i100,2013,12,2013-06-04,21.588662714801455,1.2068323281224844
z105_i100,2013,12,2013-06-05,21.842948029064935,1.3477393410922183
z105_i100,2013,12,2013-06-06,22.3741866234739,1.4686962024777035
z105_i100,2013,12,2013-06-07,0.3845874112782903,1.728916773887542
z105_i100,2013,12,2013-06-08,5.356656964874324,2.035242690753185
z105_i100,2013,12,2013-06-09,8.375913255849024,2.389785740989251
z105_i100,2013,12,2013-06-10,10.397988937047701,2.7961267175096363
z105_i100,2013,12,2013-06-11,12.554002694094233,3.2346632173263488
z105_i100,2013,12,2013-06-12,14.280953907353679,3.721982485372065
z105_i100,2013,12,2013-06-13,-7.484548305739328,4.3814356843978395
z105_i100,2013,12,2013-06-14,4.92346574471798,5.157729444445721
z105_i100,2013,12,2013-06-15,8.582583531816137,6.057682529100163
z105_i100,2013,12,2013-06-16,10.604676843469413,7.1060121352608165
z105_i100,2013,12,2013-06-17,12.307361571888034,8.316161850136627
z105_i100,2013,12,2013-06-18,14.113224458965027,9.690316503884802
z105_i100,2013,12,2013-06-19,16.46506629358615,11.174232280746898
z105_i100,2013,12,2013-06-20,4.5073976959938316,13.154059766006817
z105_i100,2013,12,2013-06-21,10.038439638591967,15.48427676282373
z105_i100,2013,12,2013-06-22,13.295958818549934,18.157689431645803
z105_i100,2013,12,2013-06-23,16.1732719434398,21.192212710370757
z105_i100,2013,12,2013-06-24,19.414110893217735,24.621374967564147
z105_i100,2013,12,2013-06-25,22.671286589572972,28.43537256528518
z105_i100,2013,12,2013-06-26,26.434079200500285,32.49953986786276
z105_i100,2013,12,2013-06-27,31.172711752599493,36.29942959690071
z105_i100,2013,12,2013-06-28,35.952941259381234,40.01171611670446
z105_i100,2013,12,2013-06-29,40.095898448884626,43.71053396207392
z105_i100,2013,12,2013-06-30,43.99841119216274,46.52108456211409
z105_i100,2013,12,2013-07-01,38.05665567366413,53.466855703160476
z105_i100,2013,12,2013-07-02,44.94541428563793,56.41598285993204
z105_i100,2013,12,2013-07-03,51.76211334205544,57.17347677155459
z105_i100,2013,12,2013-07-04,56.36043486567285,57.01416312827172
z105_i100,2013,12,2013-07-05,47.298135119557756,62.57116401996292
z105_i100,2013,12,2013-07-06,52.308005801370456,63.644147624164624
z105_i100,2013,12,2013-07-07,56.55476054191612,63.59536584608371
z105_i100,2013,12,2013-07-08,59.621039792974614,63.39537806377407
z105_i100,2013,12,2013-07-09,62.86045307982218,63.0993110361717
z105_i100,2013,12,2013-07-10,54.81580010792461,67.68705322167263
z105_i100,2013,12,2013-07-11,63.81276079025445,70.72027659349332
z105_i100,2013,12,2013-07-12,61.91163748483261,74.01731303076703
z105_i100,2013,12,2013-07-13,60.37121757513404,76.92902586248078
z105_i100,2013,12,2013-07-14,64.5324061768549,78.72015686188347
z105_i100,2013,12,2013-07-15,58.94409178615729,80.8886005656461
z105_i100,2013,12,2013-07-16,66.83830603167904,82.07083564395693
z105_i100,2013,12,2013-07-17,71.57558504048377,81.67857791415956
z105_i100,2013,12,2013-07-18,71.67411088175298,81.25547244497537
z105_i100,2013,12,2013-07-19,72.53093442853302,80.8846471990406
z105_i100,2013,12,2013-07-20,75.6751515334954,80.33192788799465
z105_i100,2013,12,2013-07-21,77.77826771146803,79.66999870573066
z105_i100,2013,12,2013-07-22,79.96017383956713,78.86149838377395
z105_i100,2013,12,2013-07-23,81.30961745299706,77.91840989717386
z105_i100,2013,12,2013-07-24,73.79647856839543,78.67598118501498
z105_i100,2013,12,2013-07-25,76.57551203022294,78.67598118501498
z105_i100,2013,12,2013-07-26,80.53760933728478,78.60703979077739
z105_i100,2013,12,2013-07-27,81.85349382183766,78.16323228117066
z105_i100,2013,12,2013-07-28,82.74863499765594,77.71885940544811
z105_i100,2013,12,2013-07-29,23.983959079490386,77.71885940544811
z105_i100,2013,12,2013-07-30,29.203828505881265,77.71885940544811
z105_i100,2013,12,2013-07-31,34.88466488634575,77.71885940544811
z105_i100,2013,12,2013-08-01,39.258500836883535,77.71885940544811
z105_i100,2013,12,2013-08-02,14.489765627877834,77.71885940544811
z105_i100,2013,12,2013-08-03,1.2117924445607042,77.71885940544811
z105_i100,2013,12,2013-08-04,5.901917658986343,77.71885940544811
z105_i100,2013,12,2013-08-05,10.931604476023704,77.71885940544811
z105_i100,2013,12,2013-08-06,15.99020708959773,77.71885940544811
z105_i100,2013,12,2013-08-07,-1.7065530672385338,77.71885940544811
z105_i100,2013,12,2013-08-08,1.680409480752653,77.71885940544811
z105_i100,2013,12,2013-08-09,6.6569703544414915,77.71885940544811
z105_i100,2013,12,2013-08-10,11.669980011340495,77.71885940544811
z105_i100,2013,12,2013-08-11,15.228042407268145,77.71885940544811
z105_i100,2013,12,2013-08-12,-7.0435385066586615,77.71885940544811
z105_i100,2013,12,2013-08-13,1.350611855137955,77.71885940544811
z105_i100,2013,12,2013-08-14,6.777371982431906,77.71885940544811
z105_i100,2013,12,2013-08-15,11.019284768682859,77.71885940544811
z105_i100,2013,12,2013-08-16,15.233896554214372,77.71885940544811
z105_i100,2013,12,2013-08-17,19.32529444684156,77.71885940544811
z105_i100,2013,12,2013-08-18,23.05352188305517,77.71885940544811
z105_i100,2013,12,2013-08-19,27.563540604449294,77.71885940544811
z105_i100,2013,12,2013-08-20,31.889650349590223,77.71885940544811
z105_i100,2013,12,2013-08-21,22.57608869647923,77.71885940544811
z105_i100,2013,12,2013-08-22,19.40080767428377,77.71885940544811
z105_i100,2013,12,2013-08-23,23.987740149790163,77.71885940544811
z105_i100,2013,12,2013-08-24,28.2483338996502,77.71885940544811
z105_i100,2013,12,2013-08-25,31.924531900451534,77.71885940544811
z105_i100,2013,12,2013-08-26,26.73543688519975,77.71885940544811
z105_i100,2013,12,2013-08-27,31.573847471747616,77.71885940544811
z105_i100,2013,12,2013-08-28,34.02219058465358,77.71885940544811
z105_i100,2013,12,2013-08-29,39.27005141425877,77.71885940544811
z105_i100,2013,12,2013-08-30,42.86794223346474,77.22434361070776
z105_i100,2013,12,2013-08-31,46.22470274600487,76.6668969203988
z105_i100,2013,12,2013-09-01,49.40985040897386,76.03851089948404
z105_i100,2013,12,2013-09-02,52.87218044774092,75.33015797866528
z105_i100,2013,12,2013-09-03,56.015839629707614,74.53166176179839
z105_i100,2013,12,2013-09-04,59.03051000060798,73.63155082894062
z105_i100,2013,12,2013-09-05,62.61081331004779,72.61689393472369
z105_i100,2013,12,2013-09-06,66.3075253231819,71.4731142344669
z105_i100,2013,12,2013-09-07,69.45796264822516,70.18377986915007
z105_i100,2013,12,2013-09-08,72.6947554108182,68.73036790073193
z105_i100,2013,12,2013-09-09,47.88037829918988,67.09199820644243
z105_i100,2013,12,2013-09-10,47.259861488548346,65.24513350910006
z105_i100,2013,12,2013-09-11,43.730718758835685,63.16324123400605
z105_i100,2013,12,2013-09-12,34.32492783035957,60.816412334556546
z105_i100,2013,12,2013-09-13,26.06413675640268,58.170931610515396
z105_i100,2013,12,2013-09-14,24.91002573834209,55.18879334601945
z105_i100,2013,12,2013-09-15,10.760653348521206,51.82715530883656
z105_i100,2013,12,2013-09-16,12.146838497698317,48.03772326687689
z105_i100,2013,12,2013-09-17,14.27197902976595,43.766057179749836
z105_i100,2013,12,2013-09-18,15.729250969554824,38.950789097920044
z105_i100,2013,12,2013-09-19,16.404575533016246,33.52274153358359
z105_i100,2013,12,2013-09-20,17.62819078745836,27.403933637533335
z105_i100,2013,12,2013-09-21,18.95580938439952,20.50646090447265
z105_i100,2013,12,2013-09-22,15.945407336498695,12.731232312310828
z105_i100,2013,12,2013-09-23,1.1324301247357036,3.9665467528298604
