config,Year,Trt_code,Date,SWD_AC,Canopy_AC,SWD_obs,SWD_USDA,root_raw,stage,dap,gdd_cum,z_root_m,canopy_cover_frac,Es_mm,Tr_mm,DeepPerc_mm,Tmean,Tmax,Tmin,ETo,Rain,Irr,irr7,irr14,rain7,rain14,eto7,eto14,days_since_irr,cum_irr,cum_rain,cum_eto,LV,GF
z105_i85,2012,1,2012-05-25,19.492124396707062,1.0253415388655285,9.5,16.5,250.0,,26.0,170.81500000000003,0.3632042236964614,0.0367908364229044,0.7418366506921328,0.1133432531135234,0.0,13.788333333333334,20.39,8.59,3.080429485416971,0.0,0.0,0.0,0.0,18.034,20.827999999999996,34.73861077361653,70.17618679392763,999,0.0,61.21399999999999,481.2322125635401,100,100
z105_i85,2012,1,2012-05-31,9.792989188524396,2.157938959200005,8.8,6.8,335.0,,32.0,222.77100000000004,0.4235401400422253,0.0843782469552127,4.136253258083696,0.5634087979713702,0.0,15.408291666666669,22.44,7.636,5.978116480167955,0.0,0.0,24.7,24.7,1.5240000000000018,20.828,43.371280937077245,80.4328257248344,1,24.7,62.73799999999999,521.5230640152004,100,100
z105_i85,2012,1,2012-06-05,23.364946939746083,4.34473985279527,23.2,20.5,410.0,V6,37.0,282.3710000000001,0.471626049213841,0.1742348908495063,2.064779701941775,2.7232433618132794,0.0,23.3125,30.39,14.34,9.639048177050427,1.524,0.0,24.7,24.7,4.572000000000002,19.304,50.49049122375436,90.95375931042508,6,24.7,65.78599999999999,558.9783425275236,100,100
z105_i85,2012,1,2012-06-07,-4.163331838544652,6.020714163833267,9.1,0.0,440.0,,39.0,310.9310000000001,0.4903935058271342,0.2414456355762383,4.022580622608102,2.1564627253345474,0.0,21.245416666666667,28.21,15.45,5.724743934348226,13.212,0.0,29.7,54.4,16.514000000000003,18.038,50.986848233500496,94.35812917057774,1,54.4,79.252,572.5099122487009,100,100
z105_i85,2012,1,2012-06-08,4.816912216247961,7.087451912160623,3.6,2.8,455.0,,40.0,324.7210000000001,0.4996865236120791,0.2842244765292329,4.385755615444275,3.0784195410866197,2.759819038650672,22.698333333333334,31.18,13.58,7.113575072493404,0.0,0.0,29.7,54.4,16.259999999999998,18.038,51.382411065278575,98.39127475765417,2,54.4,79.252,579.6234873211943,100,100
z105_i85,2012,1,2012-06-13,18.438042473798014,15.367234852045875,24.8,18.6,540.0,,45.0,382.7660000000001,0.5453205739046572,0.5658365094474933,0.1071427268492596,5.720959693364433,7.565361384654064e-05,22.312083333333334,33.55,9.78,7.92625597002916,0.0,0.0,0.0,29.7,13.212000000000002,16.514,48.82480085385032,100.06502163317055,7,54.4,79.252,615.609969168203,100,100
z105_i85,2012,1,2012-06-15,3.9978822533754688,21.29511355510488,9.8,3.7,580.0,,47.0,411.47600000000006,0.5632171062683229,0.674216049873892,1.2929426751045985,5.236863921508262,5.625205728350079e-07,22.609166666666663,28.57,16.83,6.300509774824604,0.254,0.0,35.4,65.1,0.2540000000000018,16.514000000000003,49.85381860239431,101.23622966767289,1,89.8,79.506,629.4773059235886,100,100
z105_i85,2012,1,2012-06-18,18.284235836914576,34.225461717874964,26.1,18.1,640.0,,50.0,449.59100000000007,0.5897147724411134,0.7748055687275486,0.3558750089663144,7.421784815246434,4.3793434937952344e-10,26.388749999999998,36.86,12.35,8.162593465531245,0.254,0.0,35.4,65.1,0.5080000000000018,15.498000000000001,49.61466024257243,101.4347042858135,4,89.8,79.76,650.7739986362867,100,100
z105_i85,2012,1,2012-06-20,4.821750141049865,47.42515875338333,12.6,4.8,680.0,,52.0,473.951,0.6071626339566236,0.8249293138420524,0.5918851437559685,5.229410999198051,3.6896084865546146e-12,18.627083333333335,23.9,13.89,5.772213116288185,0.0,0.0,66.0,66.0,2.032000000000002,15.244,49.81559648900293,98.64039734285325,1,120.4,81.284,665.4255656572059,100,100
z105_i85,2012,1,2012-06-24,33.48125363385726,67.85510873801259,52.1,37.8,760.0,,56.0,530.4110000000001,0.6415753539303661,0.8750139642097458,0.0279739807216417,8.17510091212985,0.0,28.72458333333333,38.09,15.89,8.336355262668803,0.0,0.0,30.6,66.0,2.286000000000002,2.54,54.627622278407216,103.25920577230863,5,120.4,81.792,697.2390274491627,100,100
z105_i85,2012,1,2012-06-26,10.34259420382281,75.10952483268906,19.4,18.4,800.0,,58.0,561.801,0.6585552842662803,0.896919327428976,0.3723879327129891,7.440160562024491,0.0,28.306666666666672,37.25,16.09,7.472974664793583,0.0,0.0,40.1,106.1,0.5080000000000018,2.54,53.71015183933196,105.67979118207586,1,160.5,81.792,713.3635043802497,100,100
z105_i85,2012,1,2012-06-28,21.72626321216176,80.21133641044031,41.9,33.1,840.0,V12,60.0,591.336,0.6753932871099155,0.9110453387434764,0.1100703976544939,6.272020239907035,0.0,24.32625,34.52,13.56,6.2561836575041525,0.0,0.0,40.1,70.70000000000002,0.7620000000000018,2.794,50.84179320765543,101.80644079481135,3,160.5,82.046,724.9832369435753,100,100
z105_i85,2012,1,2012-07-03,27.167240372176742,87.50655848185257,55.8,40.0,920.0,V14,65.0,662.6260000000001,0.7169063175072954,0.933648053024096,0.0589566504856161,5.896899246444858,0.0,25.039583333333336,32.41,15.54,5.87383146584034,0.0,0.0,40.1,80.20000000000002,0.5080000000000018,1.016,45.71502533683088,99.42517717616283,4,200.6,82.30000000000001,759.0785297170805,100,100
z105_i85,2012,1,2012-07-05,4.82733471185234,89.09302024687695,20.8,15.9,940.0,V14,67.0,693.686,0.7332927636204041,0.9385702457797532,0.1334189008433759,6.554662107415961,6.508340729979955,25.224166666666665,34.58,20.3,6.544412738876417,0.0,0.0,84.2,124.30000000000001,0.2540000000000018,1.016,47.75981212122133,98.60160532887676,1,244.7,82.30000000000001,772.7430490647967,100,100
z105_i85,2012,1,2012-07-10,12.533797325291475,90.70271030871142,22.9,24.5,970.0,V17,72.0,760.8460000000001,0.7737531436190817,0.9588257236290676,0.0404713941320784,6.433604448108533,0.2153347310890009,21.675,27.29,16.38,6.4338582856580615,0.0,0.0,44.1,84.20000000000002,34.038000000000004,34.546,40.090822093723546,85.80584743055442,6,244.7,116.33800000000001,799.1693518108041,100,100
z105_i85,2012,1,2012-07-12,25.106307504829324,90.70271030871142,50.7,42.5,980.0,V18,74.0,789.4460000000001,0.7897459385664269,0.9588257236290676,0.0398695054653175,6.301916305429742,0.0018521742028205,24.383333333333336,32.6,15.32,6.338174248358882,0.0,0.0,0.0,84.20000000000002,34.038000000000004,34.292,38.893111015052455,86.65292313627378,8,244.7,116.33800000000001,811.6361600798491,100,100
z105_i85,2012,1,2012-07-17,20.374890741928755,90.70271030871142,35.6,38.8,1005.0,,79.0,862.9560000000002,0.8292820668494585,0.9588257236290676,0.0391025352773347,6.092398269682325,0.0211154748919299,23.698333333333334,31.26,16.76,6.216246709052939,0.0,0.0,48.9,93.0,6.096000000000004,40.134,46.0865016479047,86.17732374162824,4,293.59999999999997,122.43400000000001,845.2558534587088,100,100
z105_i85,2012,1,2012-07-19,5.188691723219214,90.70271030871142,12.2,25.1,1015.0,VT,81.0,892.3710000000002,0.8449269196959719,0.9588257236290676,0.0413698381970686,6.408294114726852,3.6200938003865537,25.111666666666668,35.53,15.46,6.576686619489919,0.0,0.0,80.9,80.9,6.096000000000004,40.134,47.01472867524717,85.90783969029962,1,325.59999999999997,122.43400000000001,858.6508887550963,100,100
z105_i85,2012,1,2012-07-22,26.454171988429195,90.70271030871142,64.2,52.7,1030.0,,84.0,939.5560000000002,0.8682220072287179,0.9588257236290676,0.0443333697282928,6.807293670049245,0.0076217515642908,25.936666666666667,33.49,20.09,7.0478080697357655,0.0,0.0,32.0,80.9,6.096000000000004,6.096,47.3264156205114,92.55047468729845,4,325.59999999999997,122.43400000000001,879.683214561891,100,100
z105_i85,2012,1,2012-07-24,4.863273635966453,90.70271030871142,6.8,28.1,1040.0,,86.0,969.851,0.8836413454779724,0.9588257236290676,0.0441672690159559,6.741899885348113,7.067566339554354,25.595000000000002,34.36,16.07,7.02140254387632,0.0,0.0,74.5,123.4,0.0,6.096,48.58994729217375,94.67644894007844,1,368.09999999999997,122.43400000000001,893.8458007508825,100,100
z105_i85,2012,1,2012-07-26,16.44037887648619,90.70271030871142,38.5,48.4,1050.0,,88.0,998.341,0.8989751700926818,0.9588257236290676,0.0377121687083719,5.722503487309869,0.146776931442076,21.907916666666665,31.23,12.73,5.99521598694264,0.0,0.0,42.5,123.4,0.5080000000000036,6.604000000000001,46.43757181541878,93.45230049066595,3,368.09999999999997,122.94200000000001,905.088460570515,100,100
z105_i85,2012,1,2012-07-31,20.55834386352872,90.70271030871142,49.3,53.5,1050.0,,93.0,1071.1760000000002,0.9369515111920594,0.9588257236290676,0.0375804616192795,5.61766668349632,0.0112002089441852,24.329583333333336,33.64,15.19,5.974278117995709,0.0,0.0,30.4,104.9,1.2700000000000036,1.270000000000001,40.97742756412481,89.56737485629856,4,398.49999999999994,123.70400000000001,934.8232283150073,100,100
z105_i85,2012,1,2012-08-02,2.847788468614,90.70271030871142,10.4,32.1,1050.0,,95.0,1101.1560000000002,0.952004683609012,0.9588257236290676,0.0385884160546797,5.733488575176312,7.650297951181586,23.089166666666667,32.28,15.01,6.1345156421739375,1.016,0.0,64.69999999999999,107.19999999999999,2.0320000000000036,2.540000000000001,40.47451499609451,86.91208681151329,1,432.79999999999995,124.97400000000002,945.5629755666096,100,100
z105_i85,2012,1,2012-08-05,20.11267749585601,90.70271030871142,56.0,51.8,1050.0,,98.0,1139.976,0.9744438076685248,0.9588257236290676,0.0345824889766797,5.091436255724723,0.0157415266526414,22.12125,33.45,11.43,5.4976814615074545,0.0,0.0,34.3,107.19999999999999,1.5240000000000036,2.794000000000001,38.81357251723239,83.06747252699279,4,432.79999999999995,125.22800000000002,962.7506870888838,100,100
z105_i85,2012,1,2012-08-07,0.4356941693474764,90.70271030871142,21.4,33.3,1050.0,,100.0,1169.6760000000002,0.9893123040553382,0.9588257236290676,0.0341136089876219,4.991595521293009,3.2226484430369537,23.909999999999997,32.75,15.98,5.423142210580409,3.302,0.0,64.6,95.0,4.826000000000004,6.096000000000001,39.361605266618426,80.33903283074324,1,463.09999999999997,128.53000000000003,974.1848335816258,100,100
z105_i85,2012,1,2012-08-09,12.740839426744524,90.70271030871142,42.8,47.8,1050.0,R3,102.0,1196.1710000000005,1.0041102167038205,0.9588257236290676,0.0402003383032636,5.84591554530955,0.1046198153386288,22.66416666666667,31.16,12.53,6.3907677317620255,0.0,0.0,30.3,95.0,3.5560000000000036,5.588000000000001,40.69318177585956,81.16769677195407,3,463.09999999999997,128.53000000000003,986.2561573424691,100,100
z105_i85,2012,1,2012-08-14,16.70103823658476,90.70271030871142,43.7,47.2,1050.0,,107.0,1263.0510000000004,1.040807497631016,0.9588257236290676,0.0310339633868617,4.442875032172174,0.0201470341866932,21.169999999999998,32.36,10.83,4.933561760233715,0.0,0.0,31.1,95.7,0.7620000000000036,5.588000000000001,37.61659569054609,76.97820095716452,4,494.2,129.29200000000003,1011.8014292721718,100,100
z105_i85,2012,1,2012-08-16,0.8060883795112712,89.47500509961553,16.1,27.6,1050.0,R4,109.0,1284.6860000000004,1.048097582600758,0.9458475520671812,0.0574601130623213,2.8732636571332986,8.034851523599094,16.910833333333333,21.11,12.7,3.803217158652842,0.0,0.0,63.5,93.80000000000001,0.7620000000000036,4.318000000000001,35.577762400440406,76.27094417629996,1,526.6,129.29200000000003,1021.8339197429095,100,100
z105_i85,2012,1,2012-08-20,15.566429173501708,85.93256869066185,55.4,47.9,1050.0,,113.0,1324.7680000000005,1.048097582600758,0.9084001688339292,0.0896637611497681,1.6784884450414346,0.0022079628315654,17.687916666666666,25.76,9.68,2.2672385051846504,0.0,0.0,32.4,63.500000000000014,1.0160000000000036,5.080000000000002,32.33600797064719,70.44218411153997,5,526.6,130.30800000000005,1039.2038754825853,100,100
z105_i85,2012,1,2012-08-22,1.545239997694518,83.41353983915832,17.5,28.8,1050.0,,115.0,1349.5380000000002,1.048097582600758,0.8817713100802629,0.2573093834419866,3.522385947353991,8.239151352100532,21.413750000000004,30.86,11.29,4.591812904924154,0.0,0.0,30.3,93.80000000000001,1.0160000000000036,1.778000000000001,30.742226358823245,68.90753933237283,1,556.9,130.30800000000005,1048.77292894308,100,100
z105_i85,2012,1,2012-08-27,19.96171350753142,73.71540467313777,68.5,56.2,1050.0,,120.0,1412.7830000000004,1.048097582600758,0.7792515349074689,0.0758281095352716,2.844135114618925,0.0001767248522281,22.351250000000004,32.84,11.59,4.604432802676456,0.0,0.0,30.3,62.7,0.7620000000000036,1.778000000000001,33.44002958407509,65.77603755472228,6,556.9,131.07000000000005,1072.6439050666604,100,100
z105_i85,2012,1,2012-08-29,1.043320309946202,67.88907092332566,20.4,32.2,1050.0,,122.0,1439.3830000000005,1.048097582600758,0.7176608872327266,0.6959326304329876,2.633154061576843,9.589171749049695,24.2175,34.84,12.57,4.910846418817528,0.0,0.0,35.9,66.20000000000002,0.7620000000000036,1.778000000000001,34.23754468551488,64.97977104433812,1,592.8,131.07000000000005,1083.0104736285948,100,100
z105_i85,2012,1,2012-09-04,20.234520210012267,39.123110366456224,67.9,68.9,1050.0,,128.0,1523.7230000000002,1.048097582600758,0.4135735798860073,0.5433517211943257,1.0911492383503405,1.6922950244881674e-05,20.936666666666664,31.7,8.99,5.4824640327715315,0.0,0.0,0.0,35.90000000000002,0.0,0.7620000000000009,38.209045978219365,72.12755714984087,7,592.8,131.07000000000005,1116.3086731879966,100,100
z105_i85,2012,1,2012-09-06,-0.4677456519416842,23.932306741301883,17.1,34.4,1050.0,,130.0,1544.8590000000002,1.048097582600758,0.2529903599488984,1.9486722725458443,0.4274575392524153,19.112691854035248,21.002041666666667,31.72,6.672,5.4533833265304565,0.0,0.0,45.4,81.30000000000001,0.0,0.7620000000000009,38.10949743895617,74.1885421511106,1,638.1999999999999,131.07000000000005,1127.3905951091083,100,100
z105_i85,2012,2,2012-05-25,19.492124396707062,1.0253415388655285,6.3,16.5,250.0,,26.0,170.81500000000003,0.3632042236964614,0.0367908364229044,0.7418366506921328,0.1133432531135234,0.0,13.788333333333334,20.39,8.59,3.080429485416971,0.0,0.0,0.0,0.0,18.034,20.827999999999996,34.73861077361653,70.17618679392763,999,0.0,61.21399999999999,481.2322125635401,100,50
z105_i85,2012,2,2012-05-31,9.14596481472076,2.157938959200005,6.9,6.6,335.0,,32.0,222.77100000000004,0.4235401400422253,0.0843782469552127,4.108101859349022,0.5634087979713702,0.0,15.408291666666669,22.44,7.636,5.978116480167955,0.0,0.0,25.2,25.2,1.5240000000000018,20.828,43.371280937077245,80.4328257248344,1,25.2,62.73799999999999,521.5230640152004,100,50
z105_i85,2012,2,2012-06-05,22.98224734145694,4.377741126916564,20.9,20.5,410.0,V6,37.0,282.3710000000001,0.471626049213841,0.1749194081916362,2.071434063950996,2.732864659853546,0.0,23.3125,30.39,14.34,9.639048177050427,1.524,0.0,25.2,25.2,4.572000000000002,19.304,50.49049122375436,90.95375931042508,6,25.2,65.78599999999999,558.9783425275236,100,50
z105_i85,2012,2,2012-06-07,-7.734380682031083,6.066445610423518,0.9,0.0,440.0,,39.0,310.9310000000001,0.4903935058271342,0.2423942040514026,4.01488198159845,2.163761396386768,1.5913491489514966,21.245416666666667,28.21,15.45,5.724743934348226,13.212,0.0,34.5,59.7,16.514000000000003,18.038,50.986848233500496,94.35812917057774,1,59.7,79.252,572.5099122487009,100,50
z105_i85,2012,2,2012-06-08,4.756258404197192,7.1412859623683085,1.9,2.7,455.0,,40.0,324.7210000000001,0.4996865236120791,0.2853411104152098,4.391544055458794,3.0885539564683606,5.556964712200319,22.698333333333334,31.18,13.58,7.113575072493404,0.0,0.0,34.5,59.7,16.259999999999998,18.038,51.382411065278575,98.39127475765417,2,59.7,79.252,579.6234873211943,100,50
z105_i85,2012,2,2012-06-13,18.474322736415598,15.482877179173943,25.8,17.4,540.0,,45.0,382.7660000000001,0.5453205739046572,0.5672332934063667,0.1064616409738892,5.730852635519714,0.0001196766314265,22.312083333333334,33.55,9.78,7.92625597002916,0.0,0.0,0.0,34.5,13.212000000000002,16.514,48.82480085385032,100.06502163317055,7,59.7,79.252,615.609969168203,100,50
z105_i85,2012,2,2012-06-15,7.912692851353601,21.455364668052542,10.7,3.5,580.0,,47.0,411.47600000000006,0.5632171062683229,0.6752287728855546,1.2824694281582094,5.242055979783856,8.920243652611491e-07,22.609166666666663,28.57,16.83,6.300509774824604,0.254,0.0,24.3,58.8,0.2540000000000018,16.514000000000003,49.85381860239431,101.23622966767289,1,84.0,79.506,629.4773059235886,100,50
z105_i85,2012,2,2012-06-18,20.59028117201978,34.227767534725345,27.2,17.1,640.0,,50.0,449.59100000000007,0.5897147724411134,0.7592517430353732,0.2870204050821254,7.327057885636549,6.94473029067616e-10,26.388749999999998,36.86,12.35,8.162593465531245,0.254,0.0,24.3,58.8,0.5080000000000018,15.498000000000001,49.61466024257243,101.4347042858135,4,84.0,79.76,650.7739986362867,100,50
z105_i85,2012,2,2012-06-20,5.303080865838947,47.428306712503215,11.9,4.5,680.0,,52.0,473.951,0.6071626339566236,0.8135852043340698,0.6412650780271227,5.184560671624194,4.25413874679248e-12,18.627083333333335,23.9,13.89,5.772213116288185,0.0,0.0,54.400000000000006,54.400000000000006,2.032000000000002,15.244,49.81559648900293,98.64039734285325,1,114.1,81.284,665.4255656572059,100,50
z105_i85,2012,2,2012-06-24,33.49705823601331,67.85215790871536,47.6,36.6,760.0,,56.0,530.4110000000001,0.6415753539303661,0.8492338267142789,0.0246173503021235,5.948961304774164,0.0,28.72458333333333,38.09,15.89,8.336355262668803,0.0,0.0,30.1,54.400000000000006,2.286000000000002,2.54,54.627622278407216,103.25920577230863,5,114.1,81.792,697.2390274491627,100,50
z105_i85,2012,2,2012-06-26,10.35839384628718,75.10733458702128,15.6,16.7,800.0,,58.0,561.801,0.6584766415218637,0.877784084832168,0.4752566134617829,7.342636250731123,0.0,28.306666666666672,37.25,16.09,7.472974664793583,0.0,0.0,40.1,94.5,0.5080000000000018,2.54,53.71015183933196,105.67979118207586,1,154.2,81.792,713.3635043802497,100,50
z105_i85,2012,2,2012-06-28,21.741928249367906,80.209117104597,34.3,31.2,840.0,V12,60.0,591.336,0.6753146443654989,0.8936752892783761,0.1091303812793154,6.199069234325414,0.0,24.32625,34.52,13.56,6.2561836575041525,0.0,0.0,40.1,70.2,0.7620000000000018,2.794,50.84179320765543,101.80644079481135,3,154.2,82.046,724.9832369435753,100,50
z105_i85,2012,2,2012-07-03,27.1671503664724,87.50536461612201,48.7,38.2,920.0,V14,65.0,662.6260000000001,0.7168276747628788,0.92312080381676,0.0139647771799593,5.857430252492303,0.0,25.039583333333336,32.41,15.54,5.87383146584034,0.0,0.0,40.2,80.3,0.5080000000000018,1.016,45.71502533683088,99.42517717616283,4,194.39999999999998,82.30000000000001,759.0785297170805,100,50
z105_i85,2012,2,2012-07-05,4.811246452225772,89.09204937936566,13.5,14.4,940.0,V15,67.0,693.686,0.7332141208759875,0.9300093465287492,0.1726784295779463,6.5195441575959885,0.0,25.224166666666665,34.58,20.3,6.544412738876417,0.0,0.0,84.5,124.6,0.2540000000000018,1.016,47.75981212122133,98.60160532887676,1,238.7,82.30000000000001,772.7430490647967,100,50
z105_i85,2012,2,2012-07-10,12.533802593765934,90.70196570446429,17.7,21.9,970.0,V16,72.0,760.8460000000001,0.773674500874665,0.9369987483463478,0.138237759482364,6.349551581995494,0.2143989334109384,21.675,27.29,16.38,6.4338582856580615,0.0,0.0,44.3,84.5,34.038000000000004,34.546,40.090822093723546,85.80584743055442,6,238.7,116.33800000000001,799.1693518108041,100,50
z105_i85,2012,2,2012-07-12,25.106321409481325,90.70196570446429,44.9,38.4,980.0,V17,74.0,789.4460000000001,0.7896672958220103,0.9369987483463478,0.1361818940362832,6.220422054875414,0.0018490168311663,24.383333333333336,32.6,15.32,6.338174248358882,0.0,0.0,0.0,84.5,34.038000000000004,34.292,38.893111015052455,86.65292313627378,8,238.7,116.33800000000001,811.6361600798491,100,50
z105_i85,2012,2,2012-07-17,20.37473194745361,90.70196570446429,29.9,31.3,1005.0,,79.0,862.9560000000002,0.8292034241050419,0.9369987483463478,0.1335621611941061,6.015680255125775,0.0236798257279988,23.698333333333334,31.26,16.76,6.216246709052939,0.0,0.0,55.1,99.4,6.096000000000004,40.134,46.0865016479047,86.17732374162824,4,293.8,122.43400000000001,845.2558534587088,100,50
z105_i85,2012,2,2012-07-19,4.966698837446316,90.70196570446429,5.6,14.1,1015.0,VT,81.0,892.3710000000002,0.8448482769515553,0.9369987483463478,0.1413065664070562,6.328485547860625,4.755953025282221,25.111666666666668,35.53,15.46,6.576686619489919,0.0,0.0,88.6,88.6,6.096000000000004,40.134,47.01472867524717,85.90783969029962,1,327.3,122.43400000000001,858.6508887550963,100,50
z105_i85,2012,2,2012-07-22,26.421014650230028,90.70196570446429,54.0,38.9,1030.0,,84.0,939.5560000000002,0.8681433644843013,0.9369987483463478,0.1514290731261184,6.72395065579596,0.0096366969561021,25.936666666666667,33.49,20.09,7.0478080697357655,0.0,0.0,33.5,88.6,6.096000000000004,6.096,47.3264156205114,92.55047468729845,4,327.3,122.43400000000001,879.683214561891,100,50
z105_i85,2012,2,2012-07-24,4.860077688948426,90.70196570446429,3.6,13.4,1040.0,,86.0,969.851,0.8835627027335557,0.9369987483463478,0.1508617244885365,6.660318771730648,7.018920104893717,25.595000000000002,34.36,16.07,7.02140254387632,0.0,0.0,76.0,131.1,0.0,6.096,48.58994729217375,94.67644894007844,1,369.8,122.43400000000001,893.8458007508825,100,50
z105_i85,2012,2,2012-07-26,16.44083123340138,90.70196570446429,30.6,28.6,1050.0,,88.0,998.341,0.8988965273482652,0.9369987483463478,0.128813099209106,5.654083330896898,0.1458484781642214,21.907916666666665,31.23,12.73,5.99521598694264,0.0,0.0,42.5,131.1,0.5080000000000036,6.604000000000001,46.43757181541878,93.45230049066595,3,369.8,122.94200000000001,905.088460570515,100,50
z105_i85,2012,2,2012-07-31,20.558386907683165,90.70196570446429,43.0,33.6,1050.0,,93.0,1071.1760000000002,0.9368728684476428,0.9369987483463478,0.1283632285462704,5.552569117062578,0.0110783075008906,24.329583333333336,33.64,15.19,5.974278117995709,0.0,0.0,30.4,106.4,1.2700000000000036,1.270000000000001,40.97742756412481,89.56737485629856,4,400.2,123.70400000000001,934.8232283150073,100,50
z105_i85,2012,2,2012-08-02,2.7457525981154607,90.70196570446429,6.6,11.1,1050.0,,95.0,1101.1560000000002,0.9519260408645956,0.9369987483463478,0.1318060890110054,5.667911549291516,8.52823521684838,23.089166666666667,32.28,15.01,6.1345156421739375,1.016,0.0,65.8,108.30000000000001,2.0320000000000036,2.540000000000001,40.47451499609451,86.91208681151329,1,435.59999999999997,124.97400000000002,945.5629755666096,100,50
z105_i85,2012,2,2012-08-05,20.126811182856216,90.70196570446429,49.0,30.8,1050.0,,98.0,1139.976,0.974365164924108,0.9369987483463478,0.1181230816477001,5.034369473559557,0.016656842699332,22.12125,33.45,11.43,5.4976814615074545,0.0,0.0,35.4,108.30000000000001,1.5240000000000036,2.794000000000001,38.81357251723239,83.06747252699279,4,435.59999999999997,125.22800000000002,962.7506870888838,100,50
z105_i85,2012,2,2012-08-07,0.4216442570505572,90.70196570446429,20.1,12.2,1050.0,,100.0,1169.6760000000002,0.9892336613109216,0.9369987483463478,0.1165215326884049,4.936422134994487,3.177572796471597,23.909999999999997,32.75,15.98,5.423142210580409,3.302,0.0,65.8,96.19999999999999,4.826000000000004,6.096000000000001,39.361605266618426,80.33903283074324,1,465.99999999999994,128.53000000000003,974.1848335816258,100,50
z105_i85,2012,2,2012-08-09,12.740432884272018,90.70196570446429,36.0,26.7,1050.0,R3,102.0,1196.1710000000005,1.0040315739594037,0.9369987483463478,0.1373119166426608,5.782217277392753,0.1096595615506899,22.66416666666667,31.16,12.53,6.3907677317620255,0.0,0.0,30.4,96.19999999999999,3.5560000000000036,5.588000000000001,40.69318177585956,81.16769677195407,3,465.99999999999994,128.53000000000003,986.2561573424691,100,50
z105_i85,2012,2,2012-08-14,22.355122009448696,90.70196570446429,52.7,44.1,1050.0,,107.0,1263.0510000000004,1.0407288548865994,0.9369987483463478,0.1060024162364373,4.39624754425677,7.545187055057613e-07,21.169999999999998,32.36,10.83,4.933561760233715,0.0,0.0,13.1,78.89999999999999,0.7620000000000036,5.588000000000001,37.61659569054609,76.97820095716452,4,479.09999999999997,129.29200000000003,1011.8014292721718,100,50
z105_i85,2012,2,2012-08-16,30.93274760369713,89.47427057394829,63.5,56.7,1050.0,R3,109.0,1284.6860000000004,1.0480189398563415,0.9243160154892388,0.1141125021556821,2.8435477177408206,5.470298221704908e-09,16.910833333333333,21.11,12.7,3.803217158652842,0.0,0.0,13.1,43.5,0.7620000000000036,4.318000000000001,35.577762400440406,76.27094417629996,6,479.09999999999997,129.29200000000003,1021.8339197429095,100,50
z105_i85,2012,2,2012-08-20,43.76175947666334,85.93186324585875,78.0,75.3,1050.0,,113.0,1324.7680000000005,1.0480189398563415,0.887721094896581,0.0521007888975029,1.6615887869049208,3.3850917342774505e-13,17.687916666666666,25.76,9.68,2.2672385051846504,0.0,0.0,0.0,13.1,1.0160000000000036,5.080000000000002,32.33600797064719,70.44218411153997,10,479.09999999999997,130.30800000000005,1039.2038754825853,100,50
z105_i85,2012,2,2012-08-22,36.5420134812209,83.41285507377675,58.7,69.5,1050.0,,115.0,1349.5380000000002,1.0480189398563415,0.8616984228851973,0.3197216469021357,3.4872847085597143,0.0,21.413750000000004,30.86,11.29,4.591812904924154,0.0,0.0,15.3,28.4,1.0160000000000036,1.778000000000001,30.742226358823245,68.90753933237283,1,494.4,130.30800000000005,1048.77292894308,100,50
z105_i85,2012,2,2012-08-27,52.74528499103625,73.7147995224955,92.5,87.5,1050.0,,120.0,1412.7830000000004,1.0480189398563415,0.7615124363702807,0.0182279962894813,2.815804676751916,0.0,22.351250000000004,32.84,11.59,4.604432802676456,0.0,0.0,15.3,15.3,0.7620000000000036,1.778000000000001,33.44002958407509,65.77603755472228,6,494.4,131.07000000000005,1072.6439050666604,100,50
z105_i85,2012,2,2012-08-29,43.271133032570646,67.88851360270786,72.5,76.8,1050.0,,122.0,1439.3830000000005,1.0480189398563415,0.7013238553186106,0.751832121292591,2.6063994602717737,0.0,24.2175,34.84,12.57,4.910846418817528,0.0,0.0,16.8,32.1,0.7620000000000036,1.778000000000001,34.23754468551488,64.97977104433812,1,511.2,131.07000000000005,1083.0104736285948,100,50
z105_i85,2012,2,2012-09-04,60.227978984084295,39.12278919375875,92.8,90.2,1050.0,,128.0,1523.7230000000002,1.0480189398563415,0.4041588759588007,0.0797335487051067,1.0775774981311943,0.0,20.936666666666664,31.7,8.99,5.4824640327715315,0.0,0.0,0.0,16.8,0.0,0.7620000000000009,38.209045978219365,72.12755714984087,7,511.2,131.07000000000005,1116.3086731879966,100,50
z105_i85,2012,2,2012-09-06,61.48458782444367,23.93211027421526,97.7,92.1,1050.0,,130.0,1544.8590000000002,1.0480189398563415,0.2472312170751861,0.0412121353019441,0.4214063558586116,0.0,21.002041666666667,31.72,6.672,5.4533833265304565,0.0,0.0,0.0,16.8,0.0,0.7620000000000009,38.10949743895617,74.1885421511106,9,511.2,131.07000000000005,1127.3905951091083,100,50
z105_i85,2012,3,2012-05-25,19.492124396707062,1.0253415388655285,7.1,16.2,250.0,,26.0,170.81500000000003,0.3632042236964614,0.0367908364229044,0.7418366506921328,0.1133432531135234,0.0,13.788333333333334,20.39,8.59,3.080429485416971,0.0,0.0,0.0,0.0,18.034,20.827999999999996,34.73861077361653,70.17618679392763,999,0.0,61.21399999999999,481.2322125635401,80,80
z105_i85,2012,3,2012-05-31,9.072553083751489,2.157938959200005,6.1,5.6,335.0,,32.0,222.77100000000004,0.4235401400422253,0.0843782469552127,4.132904582730854,0.5634087979713702,0.0,15.408291666666669,22.44,7.636,5.978116480167955,0.0,0.0,25.3,25.3,1.5240000000000018,20.828,43.371280937077245,80.4328257248344,1,25.3,62.73799999999999,521.5230640152004,80,80
z105_i85,2012,3,2012-06-05,22.93585643960879,4.380622896329445,21.2,18.4,410.0,V5/V6,37.0,282.3710000000001,0.471626049213841,0.1750341975840842,2.071993313481699,2.7344773157201923,0.0,23.3125,30.39,14.34,9.639048177050427,1.524,0.0,25.3,25.3,4.572000000000002,19.304,50.49049122375436,90.95375931042508,6,25.3,65.78599999999999,558.9783425275236,80,80
z105_i85,2012,3,2012-06-07,-5.006638877797212,6.07043901636009,4.7,0.0,440.0,,39.0,310.9310000000001,0.4903935058271342,0.2425532732119013,4.013591834083742,2.1649845164552164,0.0,21.245416666666667,28.21,15.45,5.724743934348226,13.212,0.0,30.1,55.400000000000006,16.514000000000003,18.038,50.986848233500496,94.35812917057774,1,55.400000000000006,79.252,572.5099122487009,80,80
z105_i85,2012,3,2012-06-08,4.798357036191747,7.145986911752557,0.8,2.4,455.0,,40.0,324.7210000000001,0.4996865236120791,0.2855283631222913,4.3796839733344655,3.09025208963911,3.286520491003605,22.698333333333334,31.18,13.58,7.113575072493404,0.0,0.0,30.1,55.400000000000006,16.259999999999998,18.038,51.382411065278575,98.39127475765417,2,55.400000000000006,79.252,579.6234873211943,80,80
z105_i85,2012,3,2012-06-13,18.477012251845608,15.492898847229297,24.8,15.9,540.0,,45.0,382.7660000000001,0.5453205739046572,0.5674703801348475,0.1065111799856298,5.732530305063567,8.682693805102786e-05,22.312083333333334,33.55,9.78,7.92625597002916,0.0,0.0,0.0,30.1,13.212000000000002,16.514,48.82480085385032,100.06502163317055,7,55.400000000000006,79.252,615.609969168203,80,80
z105_i85,2012,3,2012-06-15,7.994240145350652,21.46925217359959,8.9,3.1,580.0,,47.0,411.47600000000006,0.5632171062683229,0.6754006700384154,1.2730643430197155,5.242936741974314,6.458578202062019e-07,22.609166666666663,28.57,16.83,6.300509774824604,0.254,0.0,24.2,54.3,0.2540000000000018,16.514000000000003,49.85381860239431,101.23622966767289,1,79.60000000000001,79.506,629.4773059235886,80,80
z105_i85,2012,3,2012-06-18,20.66102948088732,34.24124861833675,29.9,15.4,640.0,,50.0,449.59100000000007,0.5897147724411134,0.7591858468375238,0.2869512301790431,7.326653826428116,5.028150057168609e-10,26.388749999999998,36.86,12.35,8.162593465531245,0.254,0.0,24.2,54.3,0.5080000000000018,15.498000000000001,49.61466024257243,101.4347042858135,4,79.60000000000001,79.76,650.7739986362867,80,80
z105_i85,2012,3,2012-06-20,5.127919126791516,47.44670327302878,8.2,4.0,680.0,,52.0,473.951,0.6071626339566236,0.813537143252548,0.6414752029042592,5.184369821439598,3.0847546362997605e-12,18.627083333333335,23.9,13.89,5.772213116288185,0.0,0.0,55.3,55.3,2.032000000000002,15.244,49.81559648900293,98.64039734285325,1,110.70000000000002,81.284,665.4255656572059,80,80
z105_i85,2012,3,2012-06-24,33.49083995190087,67.8644540577128,46.3,32.2,760.0,,56.0,530.4110000000001,0.6415753539303661,0.8517285449525356,0.028830966412823,8.040651151390545,0.0,28.72458333333333,38.09,15.89,8.336355262668803,0.0,0.0,31.1,55.3,2.286000000000002,2.54,54.627622278407216,103.25920577230863,5,110.70000000000002,81.792,697.2390274491627,80,80
z105_i85,2012,3,2012-06-26,18.35211572640898,75.11646137287003,19.3,17.9,800.0,,58.0,561.801,0.6585552842662803,0.8796357832068611,0.4652485245360578,7.352124386213559,0.0,28.306666666666672,37.25,16.09,7.472974664793583,0.0,0.0,32.1,87.4,0.5080000000000018,2.54,53.71015183933196,105.67979118207586,1,142.8,81.792,713.3635043802497,80,80
z105_i85,2012,3,2012-06-28,29.69303428130056,79.92201604264177,36.2,30.7,840.0,V12,60.0,591.336,0.6753932871099155,0.8925420564512972,0.0958167004820235,6.194283573436012,0.0,24.32625,34.52,13.56,6.2561836575041525,0.0,0.0,32.1,63.2,0.7620000000000018,2.794,50.84179320765543,101.80644079481135,3,142.8,82.046,724.9832369435753,80,80
z105_i85,2012,3,2012-07-03,32.13067301966296,87.2033082575398,50.1,39.3,920.0,V12/V13,65.0,662.6260000000001,0.7169063175072954,0.9174629588288862,0.0156914538296379,5.836118986090714,0.0,25.039583333333336,32.41,15.54,5.87383146584034,0.0,0.0,32.1,64.20000000000002,0.5080000000000018,1.016,45.71502533683088,99.42517717616283,4,174.9,82.30000000000001,759.0785297170805,80,80
z105_i85,2012,3,2012-07-05,19.06728234694791,88.846413125961,31.6,28.6,940.0,V15,67.0,693.686,0.7332927636204041,0.9254083116368206,0.1938489083000741,6.500598621825457,0.0,25.224166666666665,34.58,20.3,6.544412738876417,0.0,0.0,59.2,91.30000000000001,0.2540000000000018,1.016,47.75981212122133,98.60160532887676,1,202.0,82.30000000000001,772.7430490647967,80,80
z105_i85,2012,3,2012-07-10,12.547081017730928,90.51357563536368,27.6,30.4,970.0,V17,72.0,760.8460000000001,0.7737531436190817,0.9334699969132408,0.1541393293414046,6.335861073429852,0.0,21.675,27.29,16.38,6.4338582856580615,0.0,0.0,27.1,59.2,34.038000000000004,34.546,40.090822093723546,85.80584743055442,6,202.0,116.33800000000001,799.1693518108041,80,80
z105_i85,2012,3,2012-07-12,25.111391945955774,90.51357563536368,54.9,44.6,980.0,V18,74.0,789.4460000000001,0.7897459385664269,0.9334699969132408,0.1518469764975675,6.207145047132326,0.0,24.383333333333336,32.6,15.32,6.338174248358882,0.0,0.0,0.0,59.2,34.038000000000004,34.292,38.893111015052455,86.65292313627378,8,202.0,116.33800000000001,811.6361600798491,80,80
z105_i85,2012,3,2012-07-17,20.29925752618928,90.51357563536368,43.7,42.4,1005.0,,79.0,862.9560000000002,0.8292820668494585,0.9334699969132408,0.1489258942631701,6.003173303470487,0.0,23.698333333333334,31.26,16.76,6.216246709052939,0.0,0.0,38.1,65.2,6.096000000000004,40.134,46.0865016479047,86.17732374162824,4,240.1,122.43400000000001,845.2558534587088,80,80
z105_i85,2012,3,2012-07-19,7.6542878397825715,90.51357563536368,21.2,32.4,1015.0,V20/VT,81.0,892.3710000000002,0.8449269196959719,0.9334699969132408,0.157561142911167,6.315471193879983,0.0,25.111666666666668,35.53,15.46,6.576686619489919,0.0,0.0,64.0,64.0,6.096000000000004,40.134,47.01472867524717,85.90783969029962,1,266.0,122.43400000000001,858.6508887550963,80,80
z105_i85,2012,3,2012-07-22,28.32915187947708,90.51357563536368,69.2,57.4,1030.0,,84.0,939.5560000000002,0.8682220072287179,0.9334699969132408,0.1688480474643992,6.710354112465989,0.0,25.936666666666667,33.49,20.09,7.0478080697357655,0.0,0.0,25.9,64.0,6.096000000000004,6.096,47.3264156205114,92.55047468729845,4,266.0,122.43400000000001,879.683214561891,80,80
z105_i85,2012,3,2012-07-24,4.358635407601919,90.51357563536368,7.7,23.9,1040.0,,86.0,969.851,0.8836413454779724,0.9334699969132408,0.1682154363831208,6.647005691758173,0.0,25.595000000000002,34.36,16.07,7.02140254387632,0.0,0.0,76.5,114.6,0.0,6.096,48.58994729217375,94.67644894007844,1,316.6,122.43400000000001,893.8458007508825,80,80
z105_i85,2012,3,2012-07-26,16.522142412077443,90.51357563536368,34.5,41.1,1050.0,,88.0,998.341,0.8989751700926818,0.9334699969132408,0.1436305449164378,5.642914512572476,0.0,21.907916666666665,31.23,12.73,5.99521598694264,0.0,0.0,50.6,114.6,0.5080000000000036,6.604000000000001,46.43757181541878,93.45230049066595,3,316.6,122.94200000000001,905.088460570515,80,80
z105_i85,2012,3,2012-07-31,20.568394016464254,90.51357563536368,46.0,46.2,1050.0,,93.0,1071.1760000000002,0.9369515111920594,0.9334699969132408,0.1431289253696548,5.541933918469345,0.0109081161291263,24.329583333333336,33.64,15.19,5.974278117995709,0.0,0.0,30.4,106.9,1.2700000000000036,1.270000000000001,40.97742756412481,89.56737485629856,4,347.0,123.70400000000001,934.8232283150073,80,80
z105_i85,2012,3,2012-08-02,2.757597310299254,90.51357563536368,6.4,23.8,1050.0,,95.0,1101.1560000000002,0.952004683609012,0.9334699969132408,0.1469678200756846,5.65719425335115,8.420790283086237,23.089166666666667,32.28,15.01,6.1345156421739375,1.016,0.0,65.69999999999999,116.3,2.0320000000000036,2.540000000000001,40.47451499609451,86.91208681151329,1,382.3,124.97400000000002,945.5629755666096,80,80
z105_i85,2012,3,2012-08-05,20.12177336101357,90.51357563536368,51.2,43.5,1050.0,,98.0,1139.976,0.9744438076685248,0.9334699969132408,0.1240186510358008,5.025037851226435,0.0165475643244329,22.12125,33.45,11.43,5.4976814615074545,0.0,0.0,35.3,116.3,1.5240000000000036,2.794000000000001,38.81357251723239,83.06747252699279,4,382.3,125.22800000000002,962.7506870888838,80,80
z105_i85,2012,3,2012-08-07,0.4235147276340594,90.51357563536368,20.9,24.9,1050.0,,100.0,1169.6760000000002,0.9893123040553382,0.9334699969132408,0.1299250723512677,4.92739662750154,3.1676412442774247,23.909999999999997,32.75,15.98,5.423142210580409,3.302,0.0,65.69999999999999,96.1,4.826000000000004,6.096000000000001,39.361605266618426,80.33903283074324,1,412.7,128.53000000000003,974.1848335816258,80,80
z105_i85,2012,3,2012-08-09,12.752525340521531,90.51357563536368,38.6,39.4,1050.0,R3,102.0,1196.1710000000005,1.0041102167038205,0.9334699969132408,0.1531069862614691,5.771793029361902,0.1104386816544304,22.66416666666667,31.16,12.53,6.3907677317620255,0.0,0.0,30.4,96.1,3.5560000000000036,5.588000000000001,40.69318177585956,81.16769677195407,3,412.7,128.53000000000003,986.2561573424691,80,80
z105_i85,2012,3,2012-08-14,16.728065376020737,90.51357563536368,49.7,47.4,1050.0,,107.0,1263.0510000000004,1.040807497631016,0.9334699969132408,0.1181959358169239,4.388608657719731,0.0110438942273316,21.169999999999998,32.36,10.83,4.933561760233715,0.0,0.0,21.8,87.5,0.7620000000000036,5.588000000000001,37.61659569054609,76.97820095716452,4,434.5,129.29200000000003,1011.8014292721718,80,80
z105_i85,2012,3,2012-08-16,3.014009824588534,89.2884304558733,29.1,36.8,1050.0,R3,109.0,1284.6860000000004,1.048097582600758,0.920835027419556,0.1233331514508756,2.8386750027223857,8.282777782390213e-05,16.910833333333333,21.11,12.7,3.803217158652842,0.0,0.0,44.2,74.6,0.7620000000000036,4.318000000000001,35.577762400440406,76.27094417629996,1,456.9,129.29200000000003,1021.8339197429095,80,80
z105_i85,2012,3,2012-08-20,15.942679436605458,85.75338078928688,58.5,55.3,1050.0,,113.0,1324.7680000000005,1.048097582600758,0.8843779238503614,0.0466171815394816,1.65881166658478,5.9320638127844745e-09,17.687916666666666,25.76,9.68,2.2672385051846504,0.0,0.0,22.4,44.2,1.0160000000000036,5.080000000000002,32.33600797064719,70.44218411153997,5,456.9,130.30800000000005,1039.2038754825853,80,80
z105_i85,2012,3,2012-08-22,2.586195270205985,83.23960465512069,32.9,41.3,1050.0,,115.0,1349.5380000000002,1.048097582600758,0.8584532536146635,0.3299114283866682,3.481509424223469,3.133072372620583,21.413750000000004,30.86,11.29,4.591812904924154,0.0,0.0,24.4,68.6,1.0160000000000036,1.778000000000001,30.742226358823245,68.90753933237283,1,481.29999999999995,130.30800000000005,1048.77292894308,80,80
z105_i85,2012,3,2012-08-27,19.98664261743782,73.56169218829474,80.0,66.8,1050.0,,120.0,1412.7830000000004,1.048097582600758,0.7586445690375729,0.0837305234536908,2.811129335033034,0.0001017055899863,22.351250000000004,32.84,11.59,4.604432802676456,0.0,0.0,24.4,46.8,0.7620000000000036,1.778000000000001,33.44002958407509,65.77603755472228,6,481.29999999999995,131.07000000000005,1072.6439050666604,80,80
z105_i85,2012,3,2012-08-29,1.9677455487730895,67.74750759837912,38.2,48.8,1050.0,,122.0,1439.3830000000005,1.048097582600758,0.6986826590908726,0.7610135317345184,2.6019809205220934,3.4360183234047588,24.2175,34.84,12.57,4.910846418817528,0.0,0.0,28.8,53.199999999999996,0.7620000000000036,1.778000000000001,34.23754468551488,64.97977104433812,1,510.09999999999997,131.07000000000005,1083.0104736285948,80,80
z105_i85,2012,3,2012-09-04,20.08589979104234,39.041530260698416,81.8,80.5,1050.0,,128.0,1523.7230000000002,1.048097582600758,0.4026368075299372,0.1303950810395067,1.075343541829809,9.912431815474844e-06,20.936666666666664,31.7,8.99,5.4824640327715315,0.0,0.0,0.0,28.8,0.0,0.7620000000000009,38.209045978219365,72.12755714984087,7,510.09999999999997,131.07000000000005,1116.3086731879966,80,80
z105_i85,2012,3,2012-09-06,0.1014246374011302,23.88240273068781,35.7,52.5,1050.0,,130.0,1544.8590000000002,1.048097582600758,0.2463001405789764,2.0234536830530607,0.42041390929728,11.0461715494592,21.002041666666667,31.72,6.672,5.4533833265304565,0.0,0.0,36.4,65.19999999999999,0.0,0.7620000000000009,38.10949743895617,74.1885421511106,1,546.5,131.07000000000005,1127.3905951091083,80,80
z105_i85,2012,4,2012-05-25,19.492124396707062,1.0253415388655285,10.4,16.0,250.0,,26.0,170.81500000000003,0.3632042236964614,0.0367908364229044,0.7418366506921328,0.1133432531135234,0.0,13.788333333333334,20.39,8.59,3.080429485416971,0.0,0.0,0.0,0.0,18.034,20.827999999999996,34.73861077361653,70.17618679392763,999,0.0,61.21399999999999,481.2322125635401,80,65
z105_i85,2012,4,2012-05-31,8.56511037205864,2.157938959200005,7.0,4.7,335.0,,32.0,222.77100000000004,0.4235401400422253,0.0843782469552127,4.104061383038273,0.5634087979713702,0.0,15.408291666666669,22.44,7.636,5.978116480167955,0.0,0.0,25.8,25.8,1.5240000000000018,20.828,43.371280937077245,80.4328257248344,1,25.8,62.73799999999999,521.5230640152004,80,65
z105_i85,2012,4,2012-06-05,22.578585875920403,4.409059032931946,24.6,17.9,410.0,V6,37.0,282.3710000000001,0.471626049213841,0.1760246075117697,2.099773237882102,2.7483821427561246,0.0,23.3125,30.39,14.34,9.639048177050427,1.524,0.0,25.8,25.8,4.572000000000002,19.304,50.49049122375436,90.95375931042508,6,25.8,65.78599999999999,558.9783425275236,80,65
z105_i85,2012,4,2012-06-07,-5.352101460318429,6.109844333181815,6.8,0.0,440.0,,39.0,310.9310000000001,0.4903935058271342,0.243925731697714,4.00247070426654,2.175527866659884,0.0,21.245416666666667,28.21,15.45,5.724743934348226,13.212,0.0,30.1,55.900000000000006,16.514000000000003,18.038,50.986848233500496,94.35812917057774,1,55.900000000000006,79.252,572.5099122487009,80,65
z105_i85,2012,4,2012-06-08,4.792173884480235,7.192373981534924,3.1,2.7,455.0,,40.0,324.7210000000001,0.4996865236120791,0.2871439909788778,4.3696697592076434,3.104887640762084,3.60673078233729,22.698333333333334,31.18,13.58,7.113575072493404,0.0,0.0,30.1,55.900000000000006,16.259999999999998,18.038,51.382411065278575,98.39127475765417,2,55.900000000000006,79.252,579.6234873211943,80,65
z105_i85,2012,4,2012-06-13,18.50768260499529,15.591881152050096,27.6,18.3,540.0,,45.0,382.7660000000001,0.5453205739046572,0.5695005808633807,0.1057832846356253,5.746878187465034,9.3144189086385e-05,22.312083333333334,33.55,9.78,7.92625597002916,0.0,0.0,0.0,30.1,13.212000000000002,16.514,48.82480085385032,100.06502163317055,7,55.900000000000006,79.252,615.609969168203,80,65
z105_i85,2012,4,2012-06-15,8.101700047226336,21.60641669547999,14.8,4.5,580.0,,47.0,411.47600000000006,0.5632171062683229,0.6768726449870233,1.2579644294748304,5.250472580807634,6.93025553318571e-07,22.609166666666663,28.57,16.83,6.300509774824604,0.254,0.0,24.1,54.2,0.2540000000000018,16.514000000000003,49.85381860239431,101.23622966767289,1,80.0,79.506,629.4773059235886,80,65
z105_i85,2012,4,2012-06-18,20.783833146928018,34.44605109770536,32.3,18.5,640.0,,50.0,449.59100000000007,0.5897147724411134,0.7598369954752909,0.2861351407993446,7.33064548227021,5.39549796222339e-10,26.388749999999998,36.86,12.35,8.162593465531245,0.254,0.0,24.1,54.2,0.5080000000000018,15.498000000000001,49.61466024257243,101.4347042858135,4,80.0,79.76,650.7739986362867,80,65
z105_i85,2012,4,2012-06-20,5.145723539240706,47.72447870157844,16.1,4.5,680.0,,52.0,473.951,0.6071626339566236,0.814012055444506,0.6393992132453026,5.186255381184025,3.306534381393208e-12,18.627083333333335,23.9,13.89,5.772213116288185,0.0,0.0,55.2,55.2,2.032000000000002,15.244,49.81559648900293,98.64039734285325,1,111.1,81.284,665.4255656572059,80,65
z105_i85,2012,4,2012-06-24,33.626039221171936,68.00404245886853,45.8,34.5,760.0,,56.0,530.4110000000001,0.6415753539303661,0.8517494291029089,0.028382632999297,8.038437346854957,0.0,28.72458333333333,38.09,15.89,8.336355262668803,0.0,0.0,31.1,55.2,2.286000000000002,2.54,54.627622278407216,103.25920577230863,5,111.1,81.792,697.2390274491627,80,65
z105_i85,2012,4,2012-06-26,18.58654925173589,75.22007051460888,24.4,20.2,800.0,,58.0,561.801,0.6585552473917029,0.8796512844152582,0.4651647930552681,7.35220376756596,0.0,28.306666666666672,37.25,16.09,7.472974664793583,0.0,0.0,32.0,87.2,0.5080000000000018,2.54,53.71015183933196,105.67979118207586,1,143.1,81.792,713.3635043802497,80,65
z105_i85,2012,4,2012-06-28,29.91770673425417,79.99121271054686,42.4,32.8,840.0,V11,60.0,591.336,0.6753932502353381,0.8924639404485584,0.095519471212662,6.1939535661823,0.0,24.32625,34.52,13.56,6.2561836575041525,0.0,0.0,32.0,63.1,0.7620000000000018,2.794,50.84179320765543,101.80644079481135,3,143.1,82.046,724.9832369435753,80,65
z105_i85,2012,4,2012-07-03,32.357085252739786,87.23365822137644,54.1,41.0,920.0,V13,65.0,662.6260000000001,0.716906280632718,0.917325894766468,0.0157285780723427,5.835601830035525,0.0,25.039583333333336,32.41,15.54,5.87383146584034,0.0,0.0,32.1,64.1,0.5080000000000018,1.016,45.71502533683088,99.42517717616283,4,175.2,82.30000000000001,759.0785297170805,80,65
z105_i85,2012,4,2012-07-05,19.293440987482832,88.87109412073559,36.4,30.6,940.0,V14,67.0,693.686,0.7332927267458267,0.925296849315925,0.1943624003901711,6.500139022832387,0.0,25.224166666666665,34.58,20.3,6.544412738876417,0.0,0.0,59.2,91.19999999999999,0.2540000000000018,1.016,47.75981212122133,98.60160532887676,1,202.29999999999998,82.30000000000001,772.7430490647967,80,65
z105_i85,2012,4,2012-07-10,12.622265025003584,90.53250465844806,32.2,34.1,970.0,V16,72.0,760.8460000000001,0.7737531067445043,0.9333845111836528,0.1545248999820588,6.335529047264706,0.0,21.675,27.29,16.38,6.4338582856580615,0.0,0.0,27.1,59.2,34.038000000000004,34.546,40.090822093723546,85.80584743055442,6,202.29999999999998,116.33800000000001,799.1693518108041,80,65
z105_i85,2012,4,2012-07-12,25.18322326493379,90.53250465844806,55.0,48.7,980.0,V17,74.0,789.4460000000001,0.7897459016918496,0.9333845111836528,0.1522268129498196,6.206823037983121,0.0,24.383333333333336,32.6,15.32,6.338174248358882,0.0,0.0,0.0,59.2,34.038000000000004,34.292,38.893111015052455,86.65292313627378,8,202.29999999999998,116.33800000000001,811.6361600798491,80,65
z105_i85,2012,4,2012-07-17,20.29864949997372,90.53250465844806,43.4,45.5,1005.0,,79.0,862.9560000000002,0.8292820299748811,0.9333845111836528,0.1492984237967188,6.002869942392927,0.0,23.698333333333334,31.26,16.76,6.216246709052939,0.0,0.0,38.1,65.2,6.096000000000004,40.134,46.0865016479047,86.17732374162824,4,240.39999999999998,122.43400000000001,845.2558534587088,80,65
z105_i85,2012,4,2012-07-19,7.453330924742417,90.53250465844806,18.2,33.9,1015.0,VT,81.0,892.3710000000002,0.8449268828213945,0.9333845111836528,0.1579552730210749,6.31515551312906,0.0,25.111666666666668,35.53,15.46,6.576686619489919,0.0,0.0,64.2,64.2,6.096000000000004,40.134,47.01472867524717,85.90783969029962,1,266.5,122.43400000000001,858.6508887550963,80,65
z105_i85,2012,4,2012-07-22,28.12760767889533,90.53250465844806,67.0,56.4,1030.0,,84.0,939.5560000000002,0.8682219703541405,0.9333845111836528,0.1692704111149498,6.710024289612689,0.0,25.936666666666667,33.49,20.09,7.0478080697357655,0.0,0.0,26.1,64.2,6.096000000000004,6.096,47.3264156205114,92.55047468729845,4,266.5,122.43400000000001,879.683214561891,80,65
z105_i85,2012,4,2012-07-24,4.343082405606384,90.53250465844806,7.8,21.3,1040.0,,86.0,969.851,0.883641308603395,0.9333845111836528,0.1686362175935445,6.646682731276949,0.0,25.595000000000002,34.36,16.07,7.02140254387632,0.0,0.0,76.7,114.80000000000001,0.0,6.096,48.58994729217375,94.67644894007844,1,317.1,122.43400000000001,893.8458007508825,80,65
z105_i85,2012,4,2012-07-26,16.52153703194327,90.53250465844806,32.7,38.4,1050.0,,88.0,998.341,0.8989751332181044,0.9333845111836528,0.1439898284390635,5.642643557466565,0.0,21.907916666666665,31.23,12.73,5.99521598694264,0.0,0.0,50.6,114.80000000000001,0.5080000000000036,6.604000000000001,46.43757181541878,93.45230049066595,3,317.1,122.94200000000001,905.088460570515,80,65
z105_i85,2012,4,2012-07-31,20.56901396746802,90.53250465844806,43.5,42.0,1050.0,,93.0,1071.1760000000002,0.936951474317482,0.9333845111836528,0.1434869541199206,5.541675878474654,0.0107735681944833,24.329583333333336,33.64,15.19,5.974278117995709,0.0,0.0,30.3,107.0,1.2700000000000036,1.270000000000001,40.97742756412481,89.56737485629856,4,347.40000000000003,123.70400000000001,934.8232283150073,80,65
z105_i85,2012,4,2012-08-02,2.748827058514689,90.53250465844806,7.4,19.5,1050.0,,95.0,1101.1560000000002,0.9520046467344347,0.9333845111836528,0.1473354515996069,5.656934208340094,8.509019013543874,23.089166666666667,32.28,15.01,6.1345156421739375,1.016,0.0,65.69999999999999,116.3,2.0320000000000036,2.540000000000001,40.47451499609451,86.91208681151329,1,382.8,124.97400000000002,945.5629755666096,80,65
z105_i85,2012,4,2012-08-05,20.12384591874958,90.53250465844806,49.6,39.2,1050.0,,98.0,1139.976,0.9744437707939472,0.9333845111836528,0.1238116028142097,5.024811410322507,0.0166370017354218,22.12125,33.45,11.43,5.4976814615074545,0.0,0.0,35.39999999999999,116.3,1.5240000000000036,2.794000000000001,38.81357251723239,83.06747252699279,4,382.8,125.22800000000002,962.7506870888838,80,65
z105_i85,2012,4,2012-08-07,0.4402633923815023,90.53250465844806,20.9,20.6,1050.0,,100.0,1169.6760000000002,0.9893122671807608,0.9333845111836528,0.1302500724248866,4.927177602624211,3.084234024547838,23.909999999999997,32.75,15.98,5.423142210580409,3.302,0.0,65.69999999999999,96.0,4.826000000000004,6.096000000000001,39.361605266618426,80.33903283074324,1,413.1,128.53000000000003,974.1848335816258,80,65
z105_i85,2012,4,2012-08-09,12.751853666622225,90.53250465844806,35.4,34.3,1050.0,R3,102.0,1196.1710000000005,1.0041101798292429,0.9333845111836528,0.1534899745554607,5.771540046200009,0.1091427912128909,22.66416666666667,31.16,12.53,6.3907677317620255,0.0,0.0,30.3,96.0,3.5560000000000036,5.588000000000001,40.69318177585956,81.16769677195407,3,413.1,128.53000000000003,986.2561573424691,80,65
z105_i85,2012,4,2012-08-14,19.077399882694777,90.53250465844806,51.1,44.9,1050.0,,107.0,1263.0510000000004,1.0408074607564386,0.9333845111836528,0.11849159613211,4.388423242966981,7.529041970527483e-07,21.169999999999998,32.36,10.83,4.933561760233715,0.0,0.0,16.4,82.1,0.7620000000000036,5.588000000000001,37.61659569054609,76.97820095716452,4,429.5,129.29200000000003,1011.8014292721718,80,65
z105_i85,2012,4,2012-08-16,12.462029541883018,89.3071032654425,39.1,40.0,1050.0,R4,109.0,1284.6860000000004,1.0480975457261807,0.9207506987808106,0.1235567486634128,2.838556714845428,6.3716952753568e-09,16.910833333333333,21.11,12.7,3.803217158652842,0.0,0.0,31.7,62.0,0.7620000000000036,4.318000000000001,35.577762400440406,76.27094417629996,1,444.8,129.29200000000003,1021.8339197429095,80,65
z105_i85,2012,4,2012-08-20,25.303378904546765,85.77131431708234,62.1,56.4,1050.0,,113.0,1324.7680000000005,1.0480975457261807,0.8842969338964239,0.0327053968813892,1.6587442302665327,4.831030264605999e-13,17.687916666666666,25.76,9.68,2.2672385051846504,0.0,0.0,15.3,31.7,1.0160000000000036,5.080000000000002,32.33600797064719,70.44218411153997,5,444.8,130.30800000000005,1039.2038754825853,80,65
z105_i85,2012,4,2012-08-22,14.088044095756317,83.25701247916246,36.8,46.2,1050.0,,115.0,1349.5380000000002,1.0480975457261807,0.8583746378016806,0.3301586340436553,3.4813691602240144,0.0,21.413750000000004,30.86,11.29,4.591812904924154,0.0,0.0,19.3,51.0,1.0160000000000036,1.778000000000001,30.742226358823245,68.90753933237283,1,464.1,130.30800000000005,1048.77292894308,80,65
z105_i85,2012,4,2012-08-27,30.324461026218945,73.57707607916176,74.5,65.9,1050.0,,120.0,1412.7830000000004,1.0480975457261807,0.7585750935485945,0.0202152447594789,2.811015738691683,0.0,22.351250000000004,32.84,11.59,4.604432802676456,0.0,0.0,19.3,34.6,0.7620000000000036,1.778000000000001,33.44002958407509,65.77603755472228,6,464.1,131.07000000000005,1072.6439050666604,80,65
z105_i85,2012,4,2012-08-29,15.95522638483178,67.76167557402518,42.2,51.4,1050.0,,122.0,1439.3830000000005,1.0480975457261807,0.6986186748202902,0.7612364600351942,2.601873553340257,0.0,24.2175,34.84,12.57,4.910846418817528,0.0,0.0,21.7,41.0,0.7620000000000036,1.778000000000001,34.23754468551488,64.97977104433812,1,485.8,131.07000000000005,1083.0104736285948,80,65
z105_i85,2012,4,2012-09-04,32.91066532713313,39.049694980988896,74.7,71.7,1050.0,,128.0,1523.7230000000002,1.0480975457261807,0.4025999346777143,0.0479380188882816,1.0752892848243814,0.0,20.936666666666664,31.7,8.99,5.4824640327715315,0.0,0.0,0.0,21.7,0.0,0.7620000000000009,38.209045978219365,72.12755714984087,7,485.8,131.07000000000005,1116.3086731879966,80,65
z105_i85,2012,4,2012-09-06,34.200227636934926,23.887397236201775,79.4,75.4,1050.0,,130.0,1544.8590000000002,1.0480975457261807,0.2462775847954109,0.0650498476412448,0.4203898177398933,0.0,21.002041666666667,31.72,6.672,5.4533833265304565,0.0,0.0,0.0,21.7,0.0,0.7620000000000009,38.10949743895617,74.1885421511106,9,485.8,131.07000000000005,1127.3905951091083,80,65
z105_i85,2012,5,2012-05-25,19.492124396707062,1.0253415388655285,8.4,15.6,250.0,,26.0,170.81500000000003,0.3632042236964614,0.0367908364229044,0.7418366506921328,0.1133432531135234,0.0,13.788333333333334,20.39,8.59,3.080429485416971,0.0,0.0,0.0,0.0,18.034,20.827999999999996,34.73861077361653,70.17618679392763,999,0.0,61.21399999999999,481.2322125635401,80,50
z105_i85,2012,5,2012-05-31,8.998366515086218,2.157938959200005,6.1,4.7,335.0,,32.0,222.77100000000004,0.4235401400422253,0.0843782469552127,4.15780314504411,0.5634087979713702,0.0,15.408291666666669,22.44,7.636,5.978116480167955,0.0,0.0,25.4,25.4,1.5240000000000018,20.828,43.371280937077245,80.4328257248344,1,25.4,62.73799999999999,521.5230640152004,80,50
z105_i85,2012,5,2012-06-05,22.88903130461472,4.383953434814491,23.7,17.9,410.0,V5,37.0,282.3710000000001,0.471626049213841,0.1754807015840193,2.093402245152531,2.740748049279756,0.0,23.3125,30.39,14.34,9.639048177050427,1.524,0.0,25.4,25.4,4.572000000000002,19.304,50.49049122375436,90.95375931042508,6,25.4,65.78599999999999,558.9783425275236,80,50
z105_i85,2012,5,2012-06-07,-4.962796873686623,6.075054303099802,5.2,0.0,440.0,,39.0,310.9310000000001,0.4903935058271342,0.2431720151959323,4.008575829381514,2.16973992306166,0.0,21.245416666666667,28.21,15.45,5.724743934348226,13.212,0.0,30.0,55.4,16.514000000000003,18.038,50.986848233500496,94.35812917057774,1,55.4,79.252,572.5099122487009,80,50
z105_i85,2012,5,2012-06-08,4.799704238922754,7.151419925501163,3.4,2.7,455.0,,40.0,324.7210000000001,0.4996865236120791,0.2862567325380322,4.374625959548223,3.096853756898028,3.349182968253592,22.698333333333334,31.18,13.58,7.113575072493404,0.0,0.0,30.0,55.4,16.259999999999998,18.038,51.382411065278575,98.39127475765417,2,55.4,79.252,579.6234873211943,80,50
z105_i85,2012,5,2012-06-13,18.48054720980883,15.504327692016393,25.4,17.2,540.0,,45.0,382.7660000000001,0.5453205739046572,0.568387197497366,0.1061892871436866,5.739013690035268,8.809115755961437e-05,22.312083333333334,33.55,9.78,7.92625597002916,0.0,0.0,0.0,30.0,13.212000000000002,16.514,48.82480085385032,100.06502163317055,7,55.4,79.252,615.609969168203,80,50
z105_i85,2012,5,2012-06-15,8.076630734140574,21.485089671359457,11.6,3.3,580.0,,47.0,411.47600000000006,0.5632171062683229,0.6760653984916709,1.2611007659458302,5.246341228094755,6.552939838296679e-07,22.609166666666663,28.57,16.83,6.300509774824604,0.254,0.0,24.1,54.1,0.2540000000000018,16.514000000000003,49.85381860239431,101.23622966767289,1,79.5,79.506,629.4773059235886,80,50
z105_i85,2012,5,2012-06-18,20.732842915037065,34.25657448066953,30.7,16.4,640.0,,50.0,449.59100000000007,0.5897147724411134,0.7593778515058702,0.2862624999319924,7.327831086361073,5.101740608949617e-10,26.388749999999998,36.86,12.35,8.162593465531245,0.254,0.0,24.1,54.1,0.5080000000000018,15.498000000000001,49.61466024257243,101.4347042858135,4,79.5,79.76,650.7739986362867,80,50
z105_i85,2012,5,2012-06-20,5.23198947553641,47.46760035654551,12.2,4.3,680.0,,52.0,473.951,0.6071626339566236,0.8136771809530388,0.6408629746472301,5.184925890180535,3.125078226316751e-12,18.627083333333335,23.9,13.89,5.772213116288185,0.0,0.0,54.7,54.7,2.032000000000002,15.244,49.81559648900293,98.64039734285325,1,110.1,81.284,665.4255656572059,80,50
z105_i85,2012,5,2012-06-24,33.49760293529226,67.87630510969373,48.3,33.7,760.0,,56.0,530.4110000000001,0.6415753539303661,0.8498117146937461,0.026238789446407,7.482541340702535,0.0,28.72458333333333,38.09,15.89,8.336355262668803,0.0,0.0,30.6,54.7,2.286000000000002,2.54,54.627622278407216,103.25920577230863,5,110.1,81.792,697.2390274491627,80,50
z105_i85,2012,5,2012-06-26,18.45880913981519,75.12525778657118,18.0,19.4,800.0,,58.0,561.801,0.6585446342761451,0.8782130207400088,0.4729372437930417,7.34483512144602,0.0,28.306666666666672,37.25,16.09,7.472974664793583,0.0,0.0,32.0,86.7,0.5080000000000018,2.54,53.71015183933196,105.67979118207586,1,142.1,81.792,713.3635043802497,80,50
z105_i85,2012,5,2012-06-28,29.792984702415836,79.92435268471458,41.4,32.1,840.0,V11,60.0,591.336,0.6753826371197803,0.8913019475147611,0.1068405116138201,6.189042768914155,0.0,24.32625,34.52,13.56,6.2561836575041525,0.0,0.0,32.0,62.6,0.7620000000000018,2.794,50.84179320765543,101.80644079481135,3,142.1,82.046,724.9832369435753,80,50
z105_i85,2012,5,2012-07-03,32.23045056090553,87.20138166754715,57.1,40.2,920.0,V12,65.0,662.6260000000001,0.7168956675171602,0.9166211008315572,0.0160456060979593,5.83294190931248,0.0,25.039583333333336,32.41,15.54,5.87383146584034,0.0,0.0,32.1,64.1,0.5080000000000018,1.016,45.71502533683088,99.42517717616283,4,174.2,82.30000000000001,759.0785297170805,80,50
z105_i85,2012,5,2012-07-05,19.16707598610248,88.8448463973218,35.5,29.1,940.0,V14,67.0,693.686,0.7332821136302689,0.9247237015020324,0.1970032889264501,6.497775251604447,0.0,25.224166666666665,34.58,20.3,6.544412738876417,0.0,0.0,59.2,91.19999999999999,0.2540000000000018,1.016,47.75981212122133,98.60160532887676,1,201.29999999999998,82.30000000000001,772.7430490647967,80,50
z105_i85,2012,5,2012-07-10,12.549143554145324,90.51237403701448,35.2,30.4,970.0,V16,72.0,760.8460000000001,0.7737424936289464,0.9329449369971572,0.1565077952764534,6.333821467290746,0.0,21.675,27.29,16.38,6.4338582856580615,0.0,0.0,27.1,59.2,34.038000000000004,34.546,40.090822093723546,85.80584743055442,6,201.29999999999998,116.33800000000001,799.1693518108041,80,50
z105_i85,2012,5,2012-07-12,25.111455753447785,90.51237403701448,57.7,44.4,980.0,V17,74.0,789.4460000000001,0.7897352885762917,0.9329449369971572,0.1541802187188183,6.205166966124174,0.0,24.383333333333336,32.6,15.32,6.338174248358882,0.0,0.0,0.0,59.2,34.038000000000004,34.292,38.893111015052455,86.65292313627378,8,201.29999999999998,116.33800000000001,811.6361600798491,80,50
z105_i85,2012,5,2012-07-17,20.299296594739488,90.51237403701448,49.2,42.3,1005.0,,79.0,862.9560000000002,0.8292714168593233,0.9329449369971572,0.1512142518738857,6.001309755231327,0.0,23.698333333333334,31.26,16.76,6.216246709052939,0.0,0.0,38.1,65.2,6.096000000000004,40.134,46.0865016479047,86.17732374162824,4,239.39999999999998,122.43400000000001,845.2558534587088,80,50
z105_i85,2012,5,2012-07-19,8.154348784359927,90.51237403701448,26.1,32.7,1015.0,V20,81.0,892.3710000000002,0.8449162697058367,0.9329449369971572,0.1599821875677575,6.313531956541752,0.0,25.111666666666668,35.53,15.46,6.576686619489919,0.0,0.0,63.5,63.5,6.096000000000004,40.134,47.01472867524717,85.90783969029962,1,264.79999999999995,122.43400000000001,858.6508887550963,80,50
z105_i85,2012,5,2012-07-22,28.829250100887016,90.51237403701448,70.0,57.8,1030.0,,84.0,939.5560000000002,0.8682113572385827,0.9329449369971572,0.1714425238405949,6.708327984525345,0.0,25.936666666666667,33.49,20.09,7.0478080697357655,0.0,0.0,25.4,63.5,6.096000000000004,6.096,47.3264156205114,92.55047468729845,4,264.79999999999995,122.43400000000001,879.683214561891,80,50
z105_i85,2012,5,2012-07-24,4.397754657529534,90.51237403701448,8.5,24.0,1040.0,,86.0,969.851,0.8836306954878371,0.9329449369971572,0.1708001922175019,6.645021709560179,0.0,25.595000000000002,34.36,16.07,7.02140254387632,0.0,0.0,76.0,114.1,0.0,6.096,48.58994729217375,94.67644894007844,1,315.4,122.43400000000001,893.8458007508825,80,50
z105_i85,2012,5,2012-07-26,16.52247000722439,90.51237403701448,39.0,43.7,1050.0,,88.0,998.341,0.8989645201025466,0.9329449369971572,0.145837535528896,5.641249996191799,0.0,21.907916666666665,31.23,12.73,5.99521598694264,0.0,0.0,50.6,114.1,0.5080000000000036,6.604000000000001,46.43757181541878,93.45230049066595,3,315.4,122.94200000000001,905.088460570515,80,50
z105_i85,2012,5,2012-07-31,20.569863140036748,90.51237403701448,46.6,48.8,1050.0,,93.0,1071.1760000000002,0.9369408612019242,0.9329449369971572,0.1453282082230745,5.540348718679828,0.0107645921891387,24.329583333333336,33.64,15.19,5.974278117995709,0.0,0.0,30.3,106.30000000000001,1.2700000000000036,1.270000000000001,40.97742756412481,89.56737485629856,4,345.7,123.70400000000001,934.8232283150073,80,50
z105_i85,2012,5,2012-08-02,2.802818409772672,90.51237403701448,10.9,26.9,1050.0,,95.0,1101.1560000000002,0.9519940336188768,0.9329449369971572,0.1492260904138581,5.6555967264784535,7.972905846177891,23.089166666666667,32.28,15.01,6.1345156421739375,1.016,0.0,65.1,115.7,2.0320000000000036,2.540000000000001,40.47451499609451,86.91208681151329,1,380.5,124.97400000000002,945.5629755666096,80,50
z105_i85,2012,5,2012-08-05,20.114389915911524,90.51237403701448,53.4,46.6,1050.0,,98.0,1139.976,0.9744331576783894,0.9329449369971572,0.1227517846127318,5.023646750053411,0.0160819085043203,22.12125,33.45,11.43,5.4976814615074545,0.0,0.0,34.8,115.7,1.5240000000000036,2.794000000000001,38.81357251723239,83.06747252699279,4,380.5,125.22800000000002,962.7506870888838,80,50
z105_i85,2012,5,2012-08-07,0.4222001471091012,90.51237403701448,18.6,28.1,1050.0,,100.0,1169.6760000000002,0.989301654065203,0.9329449369971572,0.1319214681399839,4.92605107634082,3.1745576066112657,23.909999999999997,32.75,15.98,5.423142210580409,3.302,0.0,65.19999999999999,95.5,4.826000000000004,6.096000000000001,39.361605266618426,80.33903283074324,1,410.9,128.53000000000003,974.1848335816258,80,50
z105_i85,2012,5,2012-08-09,12.752561709367964,90.51237403701448,37.4,42.5,1050.0,R3,102.0,1196.1710000000005,1.004099566713685,0.9329449369971572,0.1554595894739503,5.770238848928936,0.1107159378738283,22.66416666666667,31.16,12.53,6.3907677317620255,0.0,0.0,30.4,95.5,3.5560000000000036,5.588000000000001,40.69318177585956,81.16769677195407,3,410.9,128.53000000000003,986.2561573424691,80,50
z105_i85,2012,5,2012-08-14,21.979517663773446,90.51237403701448,54.2,59.3,1050.0,,107.0,1263.0510000000004,1.0407968476408809,0.9329449369971572,0.1200121046613046,4.387469556533383,7.617409512769877e-07,21.169999999999998,32.36,10.83,4.933561760233715,0.0,0.0,13.5,78.69999999999999,0.7620000000000036,5.588000000000001,37.61659569054609,76.97820095716452,4,424.4,129.29200000000003,1011.8014292721718,80,50
z105_i85,2012,5,2012-08-16,30.538066418033623,89.28724512174095,65.5,69.6,1050.0,R3,109.0,1284.6860000000004,1.0480869326106228,0.9203170744442888,0.1247066700146292,2.83794828638342,5.533928846751719e-09,16.910833333333333,21.11,12.7,3.803217158652842,0.0,0.0,13.5,43.9,0.7620000000000036,4.318000000000001,35.577762400440406,76.27094417629996,6,424.4,129.29200000000003,1021.8339197429095,80,50
z105_i85,2012,5,2012-08-20,43.36253285607387,85.75224238413524,77.7,80.1,1050.0,,113.0,1324.7680000000005,1.0480869326106228,0.8838804773335815,0.0263597356845765,1.6583973481268846,3.4275051514441783e-13,17.687916666666666,25.76,9.68,2.2672385051846504,0.0,0.0,0.0,13.5,1.0160000000000036,5.080000000000002,32.33600797064719,70.44218411153997,10,424.4,130.30800000000005,1039.2038754825853,80,50
z105_i85,2012,5,2012-08-22,36.247722046206135,83.23849962119797,56.7,70.6,1050.0,,115.0,1349.5380000000002,1.0480869326106228,0.8579703892539502,0.3314300494676189,3.480647645897979,0.0,21.413750000000004,30.86,11.29,4.591812904924154,0.0,0.0,15.2,28.7,1.0160000000000036,1.778000000000001,30.742226358823245,68.90753933237283,1,439.59999999999997,130.30800000000005,1048.77292894308,80,50
z105_i85,2012,5,2012-08-27,52.44838579410764,73.56071563193532,85.9,82.7,1050.0,,120.0,1412.7830000000004,1.0480869326106228,0.7582178452488351,0.0281535053306944,2.8104313675252897,0.0,22.351250000000004,32.84,11.59,4.604432802676456,0.0,0.0,15.2,15.2,0.7620000000000036,1.778000000000001,33.44002958407509,65.77603755472228,6,439.59999999999997,131.07000000000005,1072.6439050666604,80,50
z105_i85,2012,5,2012-08-29,42.97973572751214,67.74660822728784,60.8,70.5,1050.0,,122.0,1439.3830000000005,1.0480869326106228,0.6982896627872267,0.7623831518302072,2.6013212190872563,0.0,24.2175,34.84,12.57,4.910846418817528,0.0,0.0,16.8,32.0,0.7620000000000036,1.778000000000001,34.23754468551488,64.97977104433812,1,456.4,131.07000000000005,1083.0104736285948,80,50
z105_i85,2012,5,2012-09-04,59.91871443475203,39.04101197117132,89.1,80.2,1050.0,,128.0,1523.7230000000002,1.0480869326106228,0.4024103316398998,0.0459727114989017,1.07501018771091,0.0,20.936666666666664,31.7,8.99,5.4824640327715315,0.0,0.0,0.0,16.8,0.0,0.7620000000000009,38.209045978219365,72.12755714984087,7,456.4,131.07000000000005,1116.3086731879966,80,50
z105_i85,2012,5,2012-09-06,61.18134906095842,23.882085683709,90.0,81.9,1050.0,,130.0,1544.8590000000002,1.0480869326106228,0.2461616012241269,0.0624258221795722,0.420265900437098,0.0,21.002041666666667,31.72,6.672,5.4533833265304565,0.0,0.0,0.0,16.8,0.0,0.7620000000000009,38.10949743895617,74.1885421511106,9,456.4,131.07000000000005,1127.3905951091083,80,50
z105_i85,2012,6,2012-05-25,19.492124396707062,1.0253415388655285,11.4,17.5,250.0,,26.0,170.81500000000003,0.3632042236964614,0.0367908364229044,0.7418366506921328,0.1133432531135234,0.0,13.788333333333334,20.39,8.59,3.080429485416971,0.0,0.0,0.0,0.0,18.034,20.827999999999996,34.73861077361653,70.17618679392763,999,0.0,61.21399999999999,481.2322125635401,80,40
z105_i85,2012,6,2012-05-31,10.30084282029949,2.157938959200005,10.1,8.3,335.0,,32.0,222.77100000000004,0.4235401400422253,0.0843782469552127,4.007454467628299,0.5634087979713702,0.0,15.408291666666669,22.44,7.636,5.978116480167955,0.0,0.0,24.2,24.2,1.5240000000000018,20.828,43.371280937077245,80.4328257248344,1,24.2,62.73799999999999,521.5230640152004,80,40
z105_i85,2012,6,2012-06-05,23.72651664876884,4.314028518003632,24.8,21.9,410.0,V5/V6,37.0,282.3710000000001,0.471626049213841,0.1733085017487088,2.0418989924059923,2.7102097627011648,0.0,23.3125,30.39,14.34,9.639048177050427,1.524,0.0,24.2,24.2,4.572000000000002,19.304,50.49049122375436,90.95375931042508,6,24.2,65.78599999999999,558.9783425275236,80,40
z105_i85,2012,6,2012-06-07,-4.119239163601777,5.978155995879605,1.8,0.0,440.0,,39.0,310.9310000000001,0.4903935058271342,0.2401618938173839,4.033013677329294,2.1465717024404656,0.0,21.245416666666667,28.21,15.45,5.724743934348226,13.212,0.0,30.0,54.2,16.514000000000003,18.038,50.986848233500496,94.35812917057774,1,54.2,79.252,572.5099122487009,80,40
z105_i85,2012,6,2012-06-08,4.815328266705047,7.037353375569539,0.7,2.8,455.0,,40.0,324.7210000000001,0.4996865236120791,0.2827132840467581,4.396632611953111,3.064682238958088,2.6985018541334576,22.698333333333334,31.18,13.58,7.113575072493404,0.0,0.0,30.0,54.2,16.259999999999998,18.038,51.382411065278575,98.39127475765417,2,54.2,79.252,579.6234873211943,80,40
z105_i85,2012,6,2012-06-13,18.404828259144985,15.25988983554631,27.2,18.2,540.0,,45.0,382.7660000000001,0.5453205739046572,0.5638817786104773,0.1078270961659449,5.707088995441486,7.428849644939569e-05,22.312083333333334,33.55,9.78,7.92625597002916,0.0,0.0,0.0,30.0,13.212000000000002,16.514,48.82480085385032,100.06502163317055,7,54.2,79.252,615.609969168203,80,40
z105_i85,2012,6,2012-06-15,8.006730924435692,21.14636042300651,11.7,4.2,580.0,,47.0,411.47600000000006,0.5632171062683229,0.6727987935489782,1.2736797123259398,5.229588989621874,5.523454391008906e-07,22.609166666666663,28.57,16.83,6.300509774824604,0.254,0.0,24.1,54.1,0.2540000000000018,16.514000000000003,49.85381860239431,101.23622966767289,1,78.30000000000001,79.506,629.4773059235886,80,40
z105_i85,2012,6,2012-06-18,20.590699030852647,33.728057914759155,31.2,18.7,640.0,,50.0,449.59100000000007,0.5897147724411134,0.7574569952414304,0.2867896780298573,7.316044556555298,4.2999060214617636e-10,26.388749999999998,36.86,12.35,8.162593465531245,0.254,0.0,24.1,54.1,0.5080000000000018,15.498000000000001,49.61466024257243,101.4347042858135,4,78.30000000000001,79.76,650.7739986362867,80,40
z105_i85,2012,6,2012-06-20,5.216676733767663,46.738585711946,13.3,4.8,680.0,,52.0,473.951,0.6071626339566236,0.8122762134840603,0.6469908463695597,5.17936012631038,2.6613569411213617e-12,18.627083333333335,23.9,13.89,5.772213116288185,0.0,0.0,54.7,54.7,2.032000000000002,15.244,49.81559648900293,98.64039734285325,1,108.9,81.284,665.4255656572059,80,40
z105_i85,2012,6,2012-06-24,33.40212180655825,67.46083131300922,54.9,38.2,760.0,,56.0,530.4110000000001,0.6415753539303661,0.8490626376850302,0.0264053943392712,7.500496346794193,0.0,28.72458333333333,38.09,15.89,8.336355262668803,0.0,0.0,30.6,54.7,2.286000000000002,2.54,54.627622278407216,103.25920577230863,5,108.9,81.792,697.2390274491627,80,40
z105_i85,2012,6,2012-06-26,18.365610052839365,74.81687339980937,27.6,26.4,800.0,,58.0,561.801,0.6585451431465714,0.8776570202032394,0.4759438073490722,7.341984758847538,0.0,28.306666666666672,37.25,16.09,7.472974664793583,0.0,0.0,32.0,86.7,0.5080000000000018,2.54,53.71015183933196,105.67979118207586,1,140.9,81.792,713.3635043802497,80,40
z105_i85,2012,6,2012-06-28,29.68800452038775,79.69117896666525,49.4,41.1,840.0,V12,60.0,591.336,0.6753831459902067,0.8908942919028845,0.1070792995601018,6.18731911021314,0.0,24.32625,34.52,13.56,6.2561836575041525,0.0,0.0,32.0,62.6,0.7620000000000018,2.794,50.84179320765543,101.80644079481135,3,140.9,82.046,724.9832369435753,80,40
z105_i85,2012,6,2012-07-03,32.12672578448451,87.07701116671782,68.8,52.2,920.0,V13,65.0,662.6260000000001,0.7168961763875865,0.916418216767252,0.0161030159929344,5.832176010060625,0.0,25.039583333333336,32.41,15.54,5.87383146584034,0.0,0.0,32.1,64.1,0.5080000000000018,1.016,45.71502533683088,99.42517717616283,4,173.0,82.30000000000001,759.0785297170805,80,40
z105_i85,2012,6,2012-07-05,19.1565074635451,88.74370664975558,47.2,41.7,940.0,V15,67.0,693.686,0.7332826225006952,0.9245587134790508,0.19776364986086,6.497094660896645,0.0,25.224166666666665,34.58,20.3,6.544412738876417,0.0,0.0,59.2,91.19999999999999,0.2540000000000018,1.016,47.75981212122133,98.60160532887676,1,200.1,82.30000000000001,772.7430490647967,80,40
z105_i85,2012,6,2012-07-10,12.782378210840678,90.4348051774967,43.2,44.0,970.0,V17,72.0,760.8460000000001,0.7737430024993728,0.9328183998731806,0.1570786786191707,6.333329832540502,0.0,21.675,27.29,16.38,6.4338582856580615,0.0,0.0,27.1,59.2,34.038000000000004,34.546,40.090822093723546,85.80584743055442,6,200.1,116.33800000000001,799.1693518108041,80,40
z105_i85,2012,6,2012-07-12,25.409483074853608,90.4348051774967,70.4,58.6,980.0,V17/V18,74.0,789.4460000000001,0.7897357974467181,0.9328183998731806,0.1547426119113592,6.204690158607051,0.0,24.383333333333336,32.6,15.32,6.338174248358882,0.0,0.0,0.0,59.2,34.038000000000004,34.292,38.893111015052455,86.65292313627378,8,200.1,116.33800000000001,811.6361600798491,80,40
z105_i85,2012,6,2012-07-17,20.305027233125085,90.4348051774967,60.4,56.1,1005.0,,79.0,862.9560000000002,0.8292719257297496,0.9328183998731806,0.1517658263013688,6.000860547779905,0.0,23.698333333333334,31.26,16.76,6.216246709052939,0.0,0.0,37.9,65.0,6.096000000000004,40.134,46.0865016479047,86.17732374162824,4,238.0,122.43400000000001,845.2558534587088,80,40
z105_i85,2012,6,2012-07-19,8.561473473003835,90.4348051774967,35.0,45.8,1015.0,VT,81.0,892.3710000000002,0.844916778576263,0.9328183998731806,0.1605657442260861,6.3130645009447095,0.0,25.111666666666668,35.53,15.46,6.576686619489919,0.0,0.0,62.9,62.9,6.096000000000004,40.134,47.01472867524717,85.90783969029962,1,263.0,122.43400000000001,858.6508887550963,80,40
z105_i85,2012,6,2012-07-22,29.238780725099463,90.4348051774967,87.4,68.6,1030.0,,84.0,939.5560000000002,0.868211866109009,0.9328183998731806,0.1720678836248863,6.707839578408894,0.0,25.936666666666667,33.49,20.09,7.0478080697357655,0.0,0.0,25.0,62.9,6.096000000000004,6.096,47.3264156205114,92.55047468729845,4,263.0,122.43400000000001,879.683214561891,80,40
z105_i85,2012,6,2012-07-24,4.439583625661497,90.4348051774967,18.0,33.6,1040.0,,86.0,969.851,0.8836312043582635,0.9328183998731806,0.1714232090103565,6.644543459141515,0.0,25.595000000000002,34.36,16.07,7.02140254387632,0.0,0.0,75.5,113.4,0.0,6.096,48.58994729217375,94.67644894007844,1,313.5,122.43400000000001,893.8458007508825,80,40
z105_i85,2012,6,2012-07-26,16.524794348234042,90.4348051774967,42.5,57.3,1050.0,,88.0,998.341,0.8989650289729729,0.9328183998731806,0.1463694976565927,5.640848751648,0.0,21.907916666666665,31.23,12.73,5.99521598694264,0.0,0.0,50.5,113.4,0.5080000000000036,6.604000000000001,46.43757181541878,93.45230049066595,3,313.5,122.94200000000001,905.088460570515,80,40
z105_i85,2012,6,2012-07-31,20.57170212379105,90.4348051774967,56.4,59.0,1050.0,,93.0,1071.1760000000002,0.9369413700723506,0.9328183998731806,0.1458583125105635,5.539966585865409,0.010861969579224,24.329583333333336,33.64,15.19,5.974278117995709,0.0,0.0,30.4,105.9,1.2700000000000036,1.270000000000001,40.97742756412481,89.56737485629856,4,343.9,123.70400000000001,934.8232283150073,80,40
z105_i85,2012,6,2012-08-02,2.873198398911436,90.4348051774967,20.5,37.1,1050.0,,95.0,1101.1560000000002,0.9519945424893032,0.9328183998731806,0.1497704127536215,5.655211618560072,7.356526527690093,23.089166666666667,32.28,15.01,6.1345156421739375,1.016,0.0,64.5,115.0,2.0320000000000036,2.540000000000001,40.47451499609451,86.91208681151329,1,378.0,124.97400000000002,945.5629755666096,80,40
z105_i85,2012,6,2012-08-05,20.107101816967067,90.4348051774967,63.8,56.7,1050.0,,98.0,1139.976,0.9744336665488158,0.9328183998731806,0.1224483468660746,5.023311399363126,0.0154113646275399,22.12125,33.45,11.43,5.4976814615074545,0.0,0.0,34.1,115.0,1.5240000000000036,2.794000000000001,38.81357251723239,83.06747252699279,4,378.0,125.22800000000002,962.7506870888838,80,40
z105_i85,2012,6,2012-08-07,0.422027344242128,90.4348051774967,29.2,38.1,1050.0,,100.0,1169.6760000000002,0.9893021629356292,0.9328183998731806,0.1324026695304635,4.925726703077915,3.1807463412220423,23.909999999999997,32.75,15.98,5.423142210580409,3.302,0.0,64.5,94.9,4.826000000000004,6.096000000000001,39.361605266618426,80.33903283074324,1,408.4,128.53000000000003,974.1848335816258,80,40
z105_i85,2012,6,2012-08-09,12.757512578723782,90.4348051774967,50.8,52.6,1050.0,R3,102.0,1196.1710000000005,1.0041000755841114,0.9328183998731806,0.1560266493442882,5.769864177312968,0.1108740249468088,22.66416666666667,31.16,12.53,6.3907677317620255,0.0,0.0,30.4,94.9,3.5560000000000036,5.588000000000001,40.69318177585956,81.16769677195407,3,408.4,128.53000000000003,986.2561573424691,80,40
z105_i85,2012,6,2012-08-14,22.489487355324357,90.4348051774967,70.3,70.1,1050.0,,107.0,1263.0510000000004,1.0407973565113071,0.9328183998731806,0.1204498650383808,4.387194941815338,7.627256266528077e-07,21.169999999999998,32.36,10.83,4.933561760233715,0.0,0.0,13.0,77.5,0.7620000000000036,5.588000000000001,37.61659569054609,76.97820095716452,4,421.4,129.29200000000003,1011.8014292721718,80,40
z105_i85,2012,6,2012-08-16,31.03996233805327,89.21072619438696,81.4,82.0,1050.0,R4,109.0,1284.6860000000004,1.0480874414810493,0.9201922500617036,0.1250377417568336,2.8377730854925804,5.541066122184726e-09,16.910833333333333,21.11,12.7,3.803217158652842,0.0,0.0,13.0,43.4,0.7620000000000036,4.318000000000001,35.577762400440406,76.27094417629996,6,421.4,129.29200000000003,1021.8339197429095,80,40
z105_i85,2012,6,2012-08-20,43.86034271204747,85.67875294455753,97.7,96.2,1050.0,,113.0,1324.7680000000005,1.0480874414810493,0.883760594917047,0.0252414060174173,1.6582974565238446,3.313362634008527e-13,17.687916666666666,25.76,9.68,2.2672385051846504,0.0,0.0,0.0,13.0,1.0160000000000036,5.080000000000002,32.33600797064719,70.44218411153997,10,421.4,130.30800000000005,1039.2038754825853,80,40
z105_i85,2012,6,2012-08-22,39.7475509862121,83.16716445236297,79.8,91.2,1050.0,,115.0,1349.5380000000002,1.0480874414810493,0.8578540210727125,0.3317961251550517,3.480439866025664,0.0,21.413750000000004,30.86,11.29,4.591812904924154,0.0,0.0,12.2,25.2,1.0160000000000036,1.778000000000001,30.742226358823245,68.90753933237283,1,433.59999999999997,130.30800000000005,1048.77292894308,80,40
z105_i85,2012,6,2012-08-27,55.93422775716206,73.49767429777977,115.3,105.2,1050.0,,120.0,1412.7830000000004,1.0480874414810493,0.7581150066978328,0.0123669248152571,2.8102630710741523,0.0,22.351250000000004,32.84,11.59,4.604432802676456,0.0,0.0,12.2,12.2,0.7620000000000036,1.778000000000001,33.44002958407509,65.77603755472228,6,433.59999999999997,131.07000000000005,1072.6439050666604,80,40
z105_i85,2012,6,2012-08-29,49.56783108739852,67.68854956743832,93.0,96.1,1050.0,,122.0,1439.3830000000005,1.0480874414810493,0.6981949524113752,0.7627133590742774,2.601162146774705,0.0,24.2175,34.84,12.57,4.910846418817528,0.0,0.0,13.7,25.9,0.7620000000000036,1.778000000000001,34.23754468551488,64.97977104433812,1,447.29999999999995,131.07000000000005,1083.0104736285948,80,40
z105_i85,2012,6,2012-09-04,66.47217464876945,39.00755392960249,119.5,106.9,1050.0,,128.0,1523.7230000000002,1.0480874414810493,0.4023557519492826,0.0186986410849958,1.0749298138865695,0.0,20.936666666666664,31.7,8.99,5.4824640327715315,0.0,0.0,0.0,13.7,0.0,0.7620000000000009,38.209045978219365,72.12755714984087,7,447.29999999999995,131.07000000000005,1116.3086731879966,80,40
z105_i85,2012,6,2012-09-06,67.68833108460025,23.861618800930756,120.4,108.5,1050.0,,130.0,1544.8590000000002,1.0480874414810493,0.2461282138506423,0.0258904465580938,0.4202302178556416,0.0,21.002041666666667,31.72,6.672,5.4533833265304565,0.0,0.0,0.0,13.7,0.0,0.7620000000000009,38.10949743895617,74.1885421511106,9,447.29999999999995,131.07000000000005,1127.3905951091083,80,40
z105_i85,2012,7,2012-05-25,19.492124396707062,1.0253415388655285,7.3,16.5,250.0,,26.0,170.81500000000003,0.3632042236964614,0.0367908364229044,0.7418366506921328,0.1133432531135234,0.0,13.788333333333334,20.39,8.59,3.080429485416971,0.0,0.0,0.0,0.0,18.034,20.827999999999996,34.73861077361653,70.17618679392763,999,0.0,61.21399999999999,481.2322125635401,65,80
z105_i85,2012,7,2012-05-31,9.072553083751489,2.157938959200005,8.5,6.2,335.0,,32.0,222.77100000000004,0.4235401400422253,0.0843782469552127,4.132904582730854,0.5634087979713702,0.0,15.408291666666669,22.44,7.636,5.978116480167955,0.0,0.0,25.3,25.3,1.5240000000000018,20.828,43.371280937077245,80.4328257248344,1,25.3,62.73799999999999,521.5230640152004,65,80
z105_i85,2012,7,2012-06-05,22.93585643960879,4.380622896329445,21.6,19.7,410.0,V5/V6,37.0,282.3710000000001,0.471626049213841,0.1750341975840842,2.071993313481699,2.7344773157201923,0.0,23.3125,30.39,14.34,9.639048177050427,1.524,0.0,25.3,25.3,4.572000000000002,19.304,50.49049122375436,90.95375931042508,6,25.3,65.78599999999999,558.9783425275236,65,80
z105_i85,2012,7,2012-06-07,-5.0972142753578575,6.07043901636009,6.6,0.0,440.0,,39.0,310.9310000000001,0.4903935058271342,0.2425532732119013,4.013591834083742,2.1649845164552164,0.0,21.245416666666667,28.21,15.45,5.724743934348226,13.212,0.0,30.2,55.5,16.514000000000003,18.038,50.986848233500496,94.35812917057774,1,55.5,79.252,572.5099122487009,65,80
z105_i85,2012,7,2012-06-08,4.796120186452359,7.145986911752557,3.2,2.5,455.0,,40.0,324.7210000000001,0.4996865236120791,0.2855283631222913,4.3802502460771855,3.09025208963911,3.36565421839199,22.698333333333334,31.18,13.58,7.113575072493404,0.0,0.0,30.2,55.5,16.259999999999998,18.038,51.382411065278575,98.39127475765417,2,55.5,79.252,579.6234873211943,65,80
z105_i85,2012,7,2012-06-13,18.47702735945009,15.492898847229297,26.1,16.2,540.0,,45.0,382.7660000000001,0.5453205739046572,0.5674737126303012,0.1065031392330643,5.732553883247144,8.842119543799028e-05,22.312083333333334,33.55,9.78,7.92625597002916,0.0,0.0,0.0,30.2,13.212000000000002,16.514,48.82480085385032,100.06502163317055,7,55.5,79.252,615.609969168203,65,80
z105_i85,2012,7,2012-06-15,12.487062407313616,21.45660724702867,14.8,5.3,580.0,,47.0,411.47600000000006,0.5632171062683229,0.6754030862279846,1.2795579398385917,5.242949120898684,6.57757593885346e-07,22.609166666666663,28.57,16.83,6.300509774824604,0.254,0.0,19.6,49.8,0.2540000000000018,16.514000000000003,49.85381860239431,101.23622966767289,1,75.1,79.506,629.4773059235886,65,80
z105_i85,2012,7,2012-06-18,24.514174925191703,33.62984272427186,30.3,17.0,640.0,,50.0,449.59100000000007,0.5897147724411134,0.7470222640231783,0.2829632343213867,7.251664082105145,5.120491078307517e-10,26.388749999999998,36.86,12.35,8.162593465531245,0.254,0.0,19.6,49.8,0.5080000000000018,15.498000000000001,49.61466024257243,101.4347042858135,4,75.1,79.76,650.7739986362867,65,80
z105_i85,2012,7,2012-06-20,16.47340602957397,46.60248421714878,18.1,6.3,680.0,,52.0,473.951,0.6071626339566236,0.804665691419012,0.6803974154343237,5.149017931899063,3.125078226316751e-12,18.627083333333335,23.9,13.89,5.772213116288185,0.0,0.0,41.6,41.599999999999994,2.032000000000002,15.244,49.81559648900293,98.64039734285325,1,97.1,81.284,665.4255656572059,65,80
z105_i85,2012,7,2012-06-24,42.22123803733898,64.63027209677806,52.9,31.8,760.0,,56.0,530.4110000000001,0.6414875282764476,0.8174788149548744,0.0247817218701273,4.2015599008498725,0.0,28.72458333333333,38.09,15.89,8.336355262668803,0.0,0.0,22.0,41.599999999999994,2.286000000000002,2.54,54.627622278407216,103.25920577230863,5,97.1,81.792,697.2390274491627,65,80
z105_i85,2012,7,2012-06-26,33.10044682087289,72.71589789893244,30.2,21.4,800.0,,58.0,561.801,0.6581532534409466,0.8542140067521908,0.6037149736613759,7.220851728783828,0.0,28.306666666666672,37.25,16.09,7.472974664793583,0.0,0.0,26.1,67.7,0.5080000000000018,2.54,53.71015183933196,105.67979118207586,1,123.19999999999999,81.792,713.3635043802497,65,80
z105_i85,2012,7,2012-06-28,43.989766617677375,76.79200555823246,48.4,32.6,840.0,V11,60.0,591.336,0.6749912562845818,0.8641344990839452,0.0710974641859509,4.964968459134252,0.0,24.32625,34.52,13.56,6.2561836575041525,0.0,0.0,26.1,48.10000000000001,0.7620000000000018,2.794,50.84179320765543,101.80644079481135,3,123.19999999999999,82.046,724.9832369435753,65,80
z105_i85,2012,7,2012-07-03,52.05035107725645,83.94096926908708,62.2,42.0,920.0,V13,65.0,662.6260000000001,0.7164311800500158,0.8891760435761205,0.0109281515213255,4.327870668882378,0.0,25.039583333333336,32.41,15.54,5.87383146584034,0.0,0.0,26.2,52.300000000000004,0.5080000000000018,1.016,45.71502533683088,99.42517717616283,4,149.39999999999998,82.30000000000001,759.0785297170805,65,80
z105_i85,2012,7,2012-07-05,44.10487647831105,86.19343561467512,51.1,34.6,940.0,V14,67.0,693.686,0.7327513183120697,0.9024050154450814,0.3004818926466067,6.4050825673437615,0.0,25.224166666666665,34.58,20.3,6.544412738876417,0.0,0.0,48.4,74.5,0.2540000000000018,1.016,47.75981212122133,98.60160532887676,1,171.59999999999997,82.30000000000001,772.7430490647967,65,80
z105_i85,2012,7,2012-07-10,37.71127857831629,88.47888161220536,41.7,35.4,970.0,V17,72.0,760.8460000000001,0.7732116983107473,0.915827680280264,0.2340744980620935,6.266957568242154,0.0,21.675,27.29,16.38,6.4338582856580615,0.0,0.0,22.2,48.400000000000006,34.038000000000004,34.546,40.090822093723546,85.80584743055442,6,171.59999999999997,116.33800000000001,799.1693518108041,65,80
z105_i85,2012,7,2012-07-12,50.48482092369743,88.47888161220536,66.3,49.2,980.0,V18,74.0,789.4460000000001,0.7892044932580926,0.915827680280264,0.2305933531551119,6.1403088047771455,0.0,24.383333333333336,32.6,15.32,6.338174248358882,0.0,0.0,0.0,48.400000000000006,34.038000000000004,34.292,38.893111015052455,86.65292313627378,8,171.59999999999997,116.33800000000001,811.6361600798491,65,80
z105_i85,2012,7,2012-07-17,49.59274060241738,88.47888161220536,59.1,55.8,1005.0,,79.0,862.9560000000002,0.8287406215411242,0.915827680280264,0.2261574258629916,5.940178985581998,0.0,23.698333333333334,31.26,16.76,6.216246709052939,0.0,0.0,29.0,51.2,6.096000000000004,40.134,46.0865016479047,86.17732374162824,4,200.59999999999997,122.43400000000001,845.2558534587088,65,80
z105_i85,2012,7,2012-07-19,42.16558739650581,88.47888161220536,43.2,50.7,1015.0,VT,81.0,892.3710000000002,0.8443854743876376,0.915827680280264,0.2392708311279403,6.249906008046523,0.0,25.111666666666668,35.53,15.46,6.576686619489919,0.0,0.0,50.0,50.0,6.096000000000004,40.134,47.01472867524717,85.90783969029962,1,221.59999999999997,122.43400000000001,858.6508887550963,65,80
z105_i85,2012,7,2012-07-22,63.32267644728864,88.47888161220536,84.8,74.7,1030.0,,84.0,939.5560000000002,0.8676805619203836,0.9148591166831248,0.2612420866359502,5.894426268059592,0.0,25.936666666666667,33.49,20.09,7.0478080697357655,0.0,0.0,21.0,50.0,6.096000000000004,6.096,47.3264156205114,92.55047468729845,4,221.59999999999997,122.43400000000001,879.683214561891,65,80
z105_i85,2012,7,2012-07-24,21.77614885732065,88.47888161220536,12.4,33.5,1040.0,,86.0,969.851,0.8830817390724702,0.9148591166831248,0.2602633093188063,6.568699417853555,0.0,25.595000000000002,34.36,16.07,7.02140254387632,0.0,0.0,76.7,105.7,0.0,6.096,48.58994729217375,94.67644894007844,1,277.29999999999995,122.43400000000001,893.8458007508825,65,80
z105_i85,2012,7,2012-07-26,32.423301329022905,88.47888161220536,43.1,55.1,1050.0,,88.0,998.341,0.8984155636871797,0.9148591166831248,0.2222255088057218,5.577092744390506,0.0,21.907916666666665,31.23,12.73,5.99521598694264,0.0,0.0,55.7,105.7,0.5080000000000036,6.604000000000001,46.43757181541878,93.45230049066595,3,277.29999999999995,122.94200000000001,905.088460570515,65,80
z105_i85,2012,7,2012-07-31,30.49185126324609,88.47888161220536,49.9,56.5,1050.0,,93.0,1071.1760000000002,0.9363919047865572,0.9148591166831248,0.2214494018914467,5.478932818698558,0.0,24.329583333333336,33.64,15.19,5.974278117995709,0.0,0.0,30.4,107.1,1.2700000000000036,1.270000000000001,40.97742756412481,89.56737485629856,4,307.69999999999993,123.70400000000001,934.8232283150073,65,80
z105_i85,2012,7,2012-08-02,4.37189521142397,88.47888161220536,10.2,32.5,1050.0,,95.0,1101.1560000000002,0.95144507720351,0.9148591166831248,0.2273889485929885,5.593567497699544,0.0,23.089166666666667,32.28,15.01,6.1345156421739375,1.016,0.0,65.8,121.5,2.0320000000000036,2.540000000000001,40.47451499609451,86.91208681151329,1,343.0999999999999,124.97400000000002,945.5629755666096,65,80
z105_i85,2012,7,2012-08-05,20.820898232210943,88.47888161220536,56.0,49.2,1050.0,,98.0,1139.976,0.9738842012630226,0.9148591166831248,0.0783433050247955,4.969446760446166,0.0,22.12125,33.45,11.43,5.4976814615074545,0.0,0.0,35.4,121.5,1.5240000000000036,2.794000000000001,38.81357251723239,83.06747252699279,4,343.0999999999999,125.22800000000002,962.7506870888838,65,80
z105_i85,2012,7,2012-08-07,0.4522005669014318,88.47888161220536,19.8,27.7,1050.0,,100.0,1169.6760000000002,0.988752697649836,0.9148591166831248,0.2010203701913015,4.873499972298131,0.0,23.909999999999997,32.75,15.98,5.423142210580409,3.302,0.0,65.8,96.19999999999999,4.826000000000004,6.096000000000001,39.361605266618426,80.33903283074324,1,373.4999999999999,128.53000000000003,974.1848335816258,65,80
z105_i85,2012,7,2012-08-09,12.848787623443783,88.47888161220536,41.8,39.2,1050.0,R3,102.0,1196.1710000000005,1.0035506102983185,0.9148591166831248,0.2368874806083934,5.70938841156574,0.0,22.66416666666667,31.16,12.53,6.3907677317620255,0.0,0.0,30.4,96.19999999999999,3.5560000000000036,5.588000000000001,40.69318177585956,81.16769677195407,3,373.4999999999999,128.53000000000003,986.2561573424691,65,80
z105_i85,2012,7,2012-08-14,16.869148141046896,88.47888161220536,47.8,42.3,1050.0,,107.0,1263.0510000000004,1.040247891225514,0.9148591166831248,0.1828730232205527,4.342572852050436,0.0,21.169999999999998,32.36,10.83,4.933561760233715,0.0,0.0,21.3,87.1,0.7620000000000036,5.588000000000001,37.61659569054609,76.97820095716452,4,394.7999999999999,129.29200000000003,1011.8014292721718,65,80
z105_i85,2012,7,2012-08-16,12.41286293804199,87.28127700391339,30.3,39.4,1050.0,R3,109.0,1284.6860000000004,1.047537976195256,0.9024760544866596,0.1722693414936821,2.809221726606056,0.0,16.910833333333333,21.11,12.7,3.803217158652842,0.0,0.0,34.5,64.9,0.7620000000000036,4.318000000000001,35.577762400440406,76.27094417629996,1,407.9999999999999,129.29200000000003,1021.8339197429095,65,80
z105_i85,2012,7,2012-08-20,25.193320486072544,83.82569325586661,62.4,55.8,1050.0,,113.0,1324.7680000000005,1.047537976195256,0.8667458074745122,0.0096086521928537,1.6419243927597733,0.0,17.687916666666666,25.76,9.68,2.2672385051846504,0.0,0.0,13.2,34.5,1.0160000000000036,5.080000000000002,32.33600797064719,70.44218411153997,5,407.9999999999999,130.30800000000005,1039.2038754825853,65,80
z105_i85,2012,7,2012-08-22,9.031427917012763,81.36842538844209,30.6,40.8,1050.0,,115.0,1349.5380000000002,1.047537976195256,0.841338005412786,0.3841330224911551,3.446294106109506,0.0,21.413750000000004,30.86,11.29,4.591812904924154,0.0,0.0,24.3,58.8,1.0160000000000036,1.778000000000001,30.742226358823245,68.90753933237283,1,432.2999999999999,130.30800000000005,1048.77292894308,65,80
z105_i85,2012,7,2012-08-27,25.308039192900434,71.90806692403704,79.2,63.4,1050.0,,120.0,1412.7830000000004,1.047537976195256,0.7435192374701156,0.0474606534598036,2.782515481092192,0.0,22.351250000000004,32.84,11.59,4.604432802676456,0.0,0.0,24.3,37.5,0.7620000000000036,1.778000000000001,33.44002958407509,65.77603755472228,6,432.2999999999999,131.07000000000005,1072.6439050666604,65,80
z105_i85,2012,7,2012-08-29,3.798922748115766,66.22458191759935,37.1,44.0,1050.0,,122.0,1439.3830000000005,1.047537976195256,0.684752806679764,0.8101153992964013,2.574974214578371,0.0,24.2175,34.84,12.57,4.910846418817528,0.0,0.0,28.9,53.2,0.7620000000000036,1.778000000000001,34.23754468551488,64.97977104433812,1,461.1999999999999,131.07000000000005,1083.0104736285948,65,80
z105_i85,2012,7,2012-09-04,20.719310428556053,38.163898726215486,80.2,72.9,1050.0,,128.0,1523.7230000000002,1.047537976195256,0.3946093128852725,0.144418634561035,1.062004174259603,0.0,20.936666666666664,31.7,8.99,5.4824640327715315,0.0,0.0,0.0,28.9,0.0,0.7620000000000009,38.209045978219365,72.12755714984087,7,461.1999999999999,131.07000000000005,1116.3086731879966,65,80
z105_i85,2012,7,2012-09-06,0.1974287973387733,23.345539815332955,39.0,44.8,1050.0,,130.0,1544.8590000000002,1.047537976195256,0.2413895784482879,2.079313603559895,0.4145750326458461,5.790069450310227,21.002041666666667,31.72,6.672,5.4533833265304565,0.0,0.0,36.5,65.4,0.0,0.7620000000000009,38.10949743895617,74.1885421511106,1,497.6999999999999,131.07000000000005,1127.3905951091083,65,80
z105_i85,2012,8,2012-05-25,19.492124396707062,1.0253415388655285,9.4,16.3,250.0,,26.0,170.81500000000003,0.3632042236964614,0.0367908364229044,0.7418366506921328,0.1133432531135234,0.0,13.788333333333334,20.39,8.59,3.080429485416971,0.0,0.0,0.0,0.0,18.034,20.827999999999996,34.73861077361653,70.17618679392763,999,0.0,61.21399999999999,481.2322125635401,65,65
z105_i85,2012,8,2012-05-31,9.432055623478876,2.157938959200005,10.0,6.1,335.0,,32.0,222.77100000000004,0.4235401400422253,0.0843782469552127,4.056809176309439,0.5634087979713702,0.0,15.408291666666669,22.44,7.636,5.978116480167955,0.0,0.0,25.0,25.0,1.5240000000000018,20.828,43.371280937077245,80.4328257248344,1,25.0,62.73799999999999,521.5230640152004,65,65
z105_i85,2012,8,2012-06-05,23.20199061941332,4.358400643064679,25.0,19.3,410.0,V6,37.0,282.3710000000001,0.471626049213841,0.1746974895116848,2.070350096350288,2.729746330690061,0.0,23.3125,30.39,14.34,9.639048177050427,1.524,0.0,25.0,25.0,4.572000000000002,19.304,50.49049122375436,90.95375931042508,6,25.0,65.78599999999999,558.9783425275236,65,65
z105_i85,2012,8,2012-06-07,-4.628810219649245,6.039644575377073,4.4,0.0,440.0,,39.0,310.9310000000001,0.4903935058271342,0.2420866807048107,4.017376889234281,2.1613961074848973,0.0,21.245416666666667,28.21,15.45,5.724743934348226,13.212,0.0,30.0,55.0,16.514000000000003,18.038,50.986848233500496,94.35812917057774,1,55.0,79.252,572.5099122487009,65,65
z105_i85,2012,8,2012-06-08,4.806029944264493,7.10973637507369,1.2,2.5,455.0,,40.0,324.7210000000001,0.4996865236120791,0.2849791007147777,4.382998851525119,3.085269913308591,3.131384378750723,22.698333333333334,31.18,13.58,7.113575072493404,0.0,0.0,30.0,55.0,16.259999999999998,18.038,51.382411065278575,98.39127475765417,2,55.0,79.252,579.6234873211943,65,65
z105_i85,2012,8,2012-06-13,18.45290421480594,15.41511084973505,24.8,15.9,540.0,,45.0,382.7660000000001,0.5453205739046572,0.5667765820760828,0.1067796100406818,5.727619607170849,8.363793245836538e-05,22.312083333333334,33.55,9.78,7.92625597002916,0.0,0.0,0.0,30.0,13.212000000000002,16.514,48.82480085385032,100.06502163317055,7,55.0,79.252,615.609969168203,65,65
z105_i85,2012,8,2012-06-15,12.465409295940868,21.349348353143306,14.9,5.1,580.0,,47.0,411.47600000000006,0.5632171062683229,0.6748976393047832,1.28147519879254,5.240358896699833,6.220616801912705e-07,22.609166666666663,28.57,16.83,6.300509774824604,0.254,0.0,19.6,49.6,0.2540000000000018,16.514000000000003,49.85381860239431,101.23622966767289,1,74.6,79.506,629.4773059235886,65,65
z105_i85,2012,8,2012-06-18,24.467172159062077,33.46719648304403,30.2,17.3,640.0,,50.0,449.59100000000007,0.5897147724411134,0.7467272263976824,0.2830474718892312,7.24983500315423,4.842459925140369e-10,26.388749999999998,36.86,12.35,8.162593465531245,0.254,0.0,19.6,49.6,0.5080000000000018,15.498000000000001,49.61466024257243,101.4347042858135,4,74.6,79.76,650.7739986362867,65,65
z105_i85,2012,8,2012-06-20,16.52873601294858,46.3770975285477,18.3,7.3,680.0,,52.0,473.951,0.6071626339566236,0.8044505071165232,0.681344897299672,5.148157362263676,2.9637838662487897e-12,18.627083333333335,23.9,13.89,5.772213116288185,0.0,0.0,41.5,41.5,2.032000000000002,15.244,49.81559648900293,98.64039734285325,1,96.5,81.284,665.4255656572059,65,65
z105_i85,2012,8,2012-06-24,42.216919937905104,64.48130901305682,52.4,35.1,760.0,,56.0,530.4110000000001,0.6414853262870936,0.8171754142846257,0.026548853437785,3.3200000000000007,0.0,28.72458333333333,38.09,15.89,8.336355262668803,0.0,0.0,21.9,41.5,2.286000000000002,2.54,54.627622278407216,103.25920577230863,5,96.5,81.792,697.2390274491627,65,65
z105_i85,2012,8,2012-06-26,33.09696643021918,72.60533042249926,33.6,25.8,800.0,,58.0,561.801,0.6578258448710814,0.8539888083633047,0.6049521946875361,7.219678785497148,0.0,28.306666666666672,37.25,16.09,7.472974664793583,0.0,0.0,26.1,67.6,0.5080000000000018,2.54,53.71015183933196,105.67979118207586,1,122.6,81.792,713.3635043802497,65,65
z105_i85,2012,8,2012-06-28,43.98838416641373,76.70159771752813,51.9,38.0,840.0,V11,60.0,591.336,0.6746638477147167,0.8642302672052231,0.0737405891172334,5.147198919125922,0.0,24.32625,34.52,13.56,6.2561836575041525,0.0,0.0,26.1,48.0,0.7620000000000018,2.794,50.84179320765543,101.80644079481135,3,122.6,82.046,724.9832369435753,65,65
z105_i85,2012,8,2012-07-03,52.15197027087592,83.87186726364213,65.0,49.5,920.0,V13,65.0,662.6260000000001,0.71611892067654,0.8895752197315643,0.0106419956780489,4.412705921180595,0.0,25.039583333333336,32.41,15.54,5.87383146584034,0.0,0.0,26.1,52.2,0.5080000000000018,1.016,45.71502533683088,99.42517717616283,4,148.7,82.30000000000001,759.0785297170805,65,65
z105_i85,2012,8,2012-07-05,44.38382788336889,86.13724094358818,53.4,42.7,940.0,V14,67.0,693.686,0.7324462214439531,0.9027296308106773,0.2989675373158031,6.406440098132074,0.0,25.224166666666665,34.58,20.3,6.544412738876417,0.0,0.0,48.2,74.30000000000001,0.2540000000000018,1.016,47.75981212122133,98.60160532887676,1,170.79999999999998,82.30000000000001,772.7430490647967,65,65
z105_i85,2012,8,2012-07-10,38.18083465639637,88.43578325916333,43.1,44.1,970.0,V17,72.0,760.8460000000001,0.7729066014426307,0.916076643168714,0.2329412560062303,6.267935386040903,0.0,21.675,27.29,16.38,6.4338582856580615,0.0,0.0,22.1,48.2,34.038000000000004,34.546,40.090822093723546,85.80584743055442,6,170.79999999999998,116.33800000000001,799.1693518108041,65,65
z105_i85,2012,8,2012-07-12,51.029842688555576,88.43578325916333,65.2,57.7,980.0,V17,74.0,789.4460000000001,0.788899396389976,0.916076643168714,0.2294769646217119,6.141257447791884,0.0,24.383333333333336,32.6,15.32,6.338174248358882,0.0,0.0,0.0,48.2,34.038000000000004,34.292,38.893111015052455,86.65292313627378,8,170.79999999999998,116.33800000000001,811.6361600798491,65,65
z105_i85,2012,8,2012-07-17,50.159338444767705,88.43578325916333,57.2,60.5,1005.0,,79.0,862.9560000000002,0.8284355246730075,0.916076643168714,0.2250625133101269,5.9410735014542,0.0,23.698333333333334,31.26,16.76,6.216246709052939,0.0,0.0,29.1,51.2,6.096000000000004,40.134,46.0865016479047,86.17732374162824,4,199.89999999999998,122.43400000000001,845.2558534587088,65,65
z105_i85,2012,8,2012-07-19,43.13296551891144,88.43578325916333,41.9,53.6,1015.0,VT,81.0,892.3710000000002,0.8440803775195209,0.916076643168714,0.2381124316832319,6.250837207735133,0.0,25.111666666666668,35.53,15.46,6.576686619489919,0.0,0.0,49.7,49.7,6.096000000000004,40.134,47.01472867524717,85.90783969029962,1,220.49999999999997,122.43400000000001,858.6508887550963,65,65
z105_i85,2012,8,2012-07-22,64.29138303753683,88.43578325916333,82.0,73.7,1030.0,,84.0,939.5560000000002,0.8673754650522669,0.915086599274749,0.2601072022293088,5.880852537645319,0.0,25.936666666666667,33.49,20.09,7.0478080697357655,0.0,0.0,20.6,49.7,6.096000000000004,6.096,47.3264156205114,92.55047468729845,4,220.49999999999997,122.43400000000001,879.683214561891,65,65
z105_i85,2012,8,2012-07-24,22.84581934679733,88.43578325916333,19.0,31.1,1040.0,,86.0,969.851,0.8827761586687887,0.915086599274749,0.2591326769035998,6.56940644353242,0.0,25.595000000000002,34.36,16.07,7.02140254387632,0.0,0.0,76.2,105.30000000000001,0.0,6.096,48.58994729217375,94.67644894007844,1,276.09999999999997,122.43400000000001,893.8458007508825,65,65
z105_i85,2012,8,2012-07-26,33.49193790528499,88.43578325916333,40.1,54.2,1050.0,,88.0,998.341,0.8981099832834981,0.915086599274749,0.2212601196988242,5.577683798314383,0.0,21.907916666666665,31.23,12.73,5.99521598694264,0.0,0.0,55.6,105.30000000000001,0.5080000000000036,6.604000000000001,46.43757181541878,93.45230049066595,3,276.09999999999997,122.94200000000001,905.088460570515,65,65
z105_i85,2012,8,2012-07-31,31.65853780522293,88.43578325916333,48.4,55.8,1050.0,,93.0,1071.1760000000002,0.9360863243828758,0.915086599274749,0.2204873843379087,5.479490321039763,0.0,24.329583333333336,33.64,15.19,5.974278117995709,0.0,0.0,30.3,106.5,1.2700000000000036,1.270000000000001,40.97742756412481,89.56737485629856,4,306.4,123.70400000000001,934.8232283150073,65,65
z105_i85,2012,8,2012-08-02,5.739503707682834,88.43578325916333,11.5,32.2,1050.0,,95.0,1101.1560000000002,0.9511394967998285,0.915086599274749,0.2264011285394748,5.594127020183216,0.0,23.089166666666667,32.28,15.01,6.1345156421739375,1.016,0.0,65.5,121.10000000000001,2.0320000000000036,2.540000000000001,40.47451499609451,86.91208681151329,1,341.59999999999997,124.97400000000002,945.5629755666096,65,65
z105_i85,2012,8,2012-08-05,21.940447164645708,88.43578325916333,51.7,50.0,1050.0,,98.0,1139.976,0.973578620859341,0.915086599274749,0.0789234933205574,4.969930812695925,0.0,22.12125,33.45,11.43,5.4976814615074545,0.0,0.0,35.2,121.10000000000001,1.5240000000000036,2.794000000000001,38.81357251723239,83.06747252699279,4,341.59999999999997,125.22800000000002,962.7506870888838,65,65
z105_i85,2012,8,2012-08-07,0.4691809260466453,88.43578325916333,21.9,30.1,1050.0,,100.0,1169.6760000000002,0.9884471172461544,0.915086599274749,0.2001471001662259,4.873966028574003,0.0,23.909999999999997,32.75,15.98,5.423142210580409,3.302,0.0,65.5,95.80000000000001,4.826000000000004,6.096000000000001,39.361605266618426,80.33903283074324,1,371.9,128.53000000000003,974.1848335816258,65,65
z105_i85,2012,8,2012-08-09,12.851047203104706,88.43578325916333,35.1,43.1,1050.0,R3,102.0,1196.1710000000005,1.0032450298946367,0.915086599274749,0.2358583971581236,5.70992415106154,0.0,22.66416666666667,31.16,12.53,6.3907677317620255,0.0,0.0,30.3,95.80000000000001,3.5560000000000036,5.588000000000001,40.69318177585956,81.16769677195407,3,371.9,128.53000000000003,986.2561573424691,65,65
z105_i85,2012,8,2012-08-14,20.0527065349574,88.43578325916333,52.1,54.8,1050.0,,107.0,1263.0510000000004,1.0399423108218324,0.915086599274749,0.182078588659411,4.342960431357845,0.0,21.169999999999998,32.36,10.83,4.933561760233715,0.0,0.0,15.7,81.2,0.7620000000000036,5.588000000000001,37.61659569054609,76.97820095716452,4,387.59999999999997,129.29200000000003,1011.8014292721718,65,65
z105_i85,2012,8,2012-08-16,13.608891327213268,87.23876200799879,37.7,51.2,1050.0,R4,109.0,1284.6860000000004,1.0472323957915746,0.9027004579909912,0.1716679756665403,2.8094679033060435,0.0,16.910833333333333,21.11,12.7,3.803217158652842,0.0,0.0,30.9,61.2,0.7620000000000036,4.318000000000001,35.577762400440406,76.27094417629996,1,402.79999999999995,129.29200000000003,1021.8339197429095,65,65
z105_i85,2012,8,2012-08-20,26.383499922686195,83.7848614861143,66.2,68.7,1050.0,,113.0,1324.7680000000005,1.0472323957915746,0.8669613265407469,0.0089123513858927,1.6420636559958024,0.0,17.687916666666666,25.76,9.68,2.2672385051846504,0.0,0.0,15.2,30.9,1.0160000000000036,5.080000000000002,32.33600797064719,70.44218411153997,5,402.79999999999995,130.30800000000005,1039.2038754825853,65,65
z105_i85,2012,8,2012-08-22,15.222728684224077,81.32879056191666,37.3,58.5,1050.0,,115.0,1349.5380000000002,1.0472323957915746,0.8415472067492684,0.383465287904126,3.446582974236741,0.0,21.413750000000004,30.86,11.29,4.591812904924154,0.0,0.0,19.3,50.2,1.0160000000000036,1.778000000000001,30.742226358823245,68.90753933237283,1,422.09999999999997,130.30800000000005,1048.77292894308,65,65
z105_i85,2012,8,2012-08-27,31.357360320376195,71.87304026910661,79.3,78.1,1050.0,,120.0,1412.7830000000004,1.0472323957915746,0.7437041158628406,0.0204112402336322,2.7827496815377297,0.0,22.351250000000004,32.84,11.59,4.604432802676456,0.0,0.0,19.3,34.5,0.7620000000000036,1.778000000000001,33.44002958407509,65.77603755472228,6,422.09999999999997,131.07000000000005,1072.6439050666604,65,65
z105_i85,2012,8,2012-08-29,17.049516096769086,66.19232370683157,47.9,63.6,1050.0,,122.0,1439.3830000000005,1.0472323957915746,0.6849230726149719,0.8095082623363209,2.575196893984778,0.0,24.2175,34.84,12.57,4.910846418817528,0.0,0.0,21.7,41.0,0.7620000000000036,1.778000000000001,34.23754468551488,64.97977104433812,1,443.79999999999995,131.07000000000005,1083.0104736285948,65,65
z105_i85,2012,8,2012-09-04,33.76783752293982,38.14530896614176,81.3,81.5,1050.0,,128.0,1523.7230000000002,1.0472323957915746,0.3947074337298236,0.0562983995871932,1.0621220213031848,0.0,20.936666666666664,31.7,8.99,5.4824640327715315,0.0,0.0,0.0,21.7,0.0,0.7620000000000009,38.209045978219365,72.12755714984087,7,443.79999999999995,131.07000000000005,1116.3086731879966,65,65
z105_i85,2012,8,2012-09-06,35.05088857432977,23.33416812642164,85.7,84.5,1050.0,,130.0,1544.8590000000002,1.0472323957915746,0.2414496007248274,0.0757140694438009,0.4146285571841753,0.0,21.002041666666667,31.72,6.672,5.4533833265304565,0.0,0.0,0.0,21.7,0.0,0.7620000000000009,38.10949743895617,74.1885421511106,9,443.79999999999995,131.07000000000005,1127.3905951091083,65,65
z105_i85,2012,9,2012-05-25,19.492124396707062,1.0253415388655285,10.6,16.2,250.0,,26.0,170.81500000000003,0.3632042236964614,0.0367908364229044,0.7418366506921328,0.1133432531135234,0.0,13.788333333333334,20.39,8.59,3.080429485416971,0.0,0.0,0.0,0.0,18.034,20.827999999999996,34.73861077361653,70.17618679392763,999,0.0,61.21399999999999,481.2322125635401,65,50
z105_i85,2012,9,2012-05-31,9.505278151913128,2.157938959200005,6.1,6.3,335.0,,32.0,222.77100000000004,0.4235401400422253,0.0843782469552127,4.030995973041743,0.5634087979713702,0.0,15.408291666666669,22.44,7.636,5.978116480167955,0.0,0.0,24.9,24.9,1.5240000000000018,20.828,43.371280937077245,80.4328257248344,1,24.9,62.73799999999999,521.5230640152004,65,50
z105_i85,2012,9,2012-06-05,23.248406794542262,4.354799738496606,20.4,20.9,410.0,V6,37.0,282.3710000000001,0.471626049213841,0.174575538186412,2.069821707359415,2.7280323550550776,0.0,23.3125,30.39,14.34,9.639048177050427,1.524,0.0,24.9,24.9,4.572000000000002,19.304,50.49049122375436,90.95375931042508,6,24.9,65.78599999999999,558.9783425275236,65,50
z105_i85,2012,9,2012-06-07,-4.582644294774772,6.034654629403287,3.3,0.0,440.0,,39.0,310.9310000000001,0.4903935058271342,0.2419176869108794,4.018748316393896,2.160095930518916,0.0,21.245416666666667,28.21,15.45,5.724743934348226,13.212,0.0,30.0,54.9,16.514000000000003,18.038,50.986848233500496,94.35812917057774,1,54.9,79.252,572.5099122487009,65,50
z105_i85,2012,9,2012-06-08,4.806919215354414,7.103862320738751,0.4,2.9,455.0,,40.0,324.7210000000001,0.4996865236120791,0.2847801649481311,4.384206020989147,3.083464612375518,3.0923738418203146,22.698333333333334,31.18,13.58,7.113575072493404,0.0,0.0,30.0,54.9,16.259999999999998,18.038,51.382411065278575,98.39127475765417,2,54.9,79.252,579.6234873211943,65,50
z105_i85,2012,9,2012-06-13,18.44898078024453,15.402374906525123,24.0,18.5,540.0,,45.0,382.7660000000001,0.5453205739046572,0.5665308468131551,0.106869450642978,5.7258793802136765,8.282270680986877e-05,22.312083333333334,33.55,9.78,7.92625597002916,0.0,0.0,0.0,30.0,13.212000000000002,16.514,48.82480085385032,100.06502163317055,7,54.9,79.252,615.609969168203,65,50
z105_i85,2012,9,2012-06-15,12.515945374112054,21.33013294924248,14.7,8.4,580.0,,47.0,411.47600000000006,0.5632171062683229,0.6747194716261221,1.261826720183693,5.2394455406704665,6.159798948887529e-07,22.609166666666663,28.57,16.83,6.300509774824604,0.254,0.0,19.5,49.5,0.2540000000000018,16.514000000000003,49.85381860239431,101.23622966767289,1,74.4,79.506,629.4773059235886,65,50
z105_i85,2012,9,2012-06-18,24.489457099594528,33.431142749734434,30.3,21.4,640.0,,50.0,449.59100000000007,0.5897147724411134,0.7463858585960814,0.2831602522040282,7.247718094850876,4.795482942770575e-10,26.388749999999998,36.86,12.35,8.162593465531245,0.254,0.0,19.5,49.5,0.5080000000000018,15.498000000000001,49.61466024257243,101.4347042858135,4,74.4,79.76,650.7739986362867,65,50
z105_i85,2012,9,2012-06-20,18.851538844514963,46.32713614302159,21.2,13.7,680.0,,52.0,473.951,0.6071626339566236,0.804201532118314,0.6824413661069363,5.147161472214283,2.9436220712402944e-12,18.627083333333335,23.9,13.89,5.772213116288185,0.0,0.0,39.1,39.1,2.032000000000002,15.244,49.81559648900293,98.64039734285325,1,94.0,81.284,665.4255656572059,65,50
z105_i85,2012,9,2012-06-24,44.11063118049649,63.57829755110737,50.0,41.1,760.0,,56.0,530.4110000000001,0.6414770948718022,0.8121698276695458,0.0242927880892659,3.3200000000000007,0.0,28.72458333333333,38.09,15.89,8.336355262668803,0.0,0.0,19.6,39.1,2.286000000000002,2.54,54.627622278407216,103.25920577230863,5,94.0,81.792,697.2390274491627,65,50
z105_i85,2012,9,2012-06-26,34.99577692009646,71.93507242270621,32.4,31.5,800.0,,58.0,561.801,0.657827715649961,0.8502734242139482,0.6253921795068762,7.200300725743267,0.0,28.306666666666672,37.25,16.09,7.472974664793583,0.0,0.0,26.1,65.2,0.5080000000000018,2.54,53.71015183933196,105.67979118207586,1,120.1,81.792,713.3635043802497,65,50
z105_i85,2012,9,2012-06-28,45.87127876413056,75.86329105318903,50.4,43.6,840.0,V11,60.0,591.336,0.6746657184935962,0.8600626154825777,0.0712397905942954,4.632913432401329,0.0,24.32625,34.52,13.56,6.2561836575041525,0.0,0.0,26.1,45.7,0.7620000000000018,2.794,50.84179320765543,101.80644079481135,3,120.1,82.046,724.9832369435753,65,50
z105_i85,2012,9,2012-07-03,53.987817770191086,83.0806987710816,61.5,54.7,920.0,V13,65.0,662.6260000000001,0.7160698193866871,0.885565500877773,0.0120596643712051,4.13633767502967,0.0,25.039583333333336,32.41,15.54,5.87383146584034,0.0,0.0,26.1,52.2,0.5080000000000018,1.016,45.71502533683088,99.42517717616283,4,146.2,82.30000000000001,759.0785297170805,65,50
z105_i85,2012,9,2012-07-05,46.23386303404401,85.49385218912998,48.6,46.9,940.0,V14/V15,67.0,693.686,0.732372111910621,0.8994688740397407,0.3141922152849463,6.392790681416246,0.0,25.224166666666665,34.58,20.3,6.544412738876417,0.0,0.0,48.2,74.30000000000001,0.2540000000000018,1.016,47.75981212122133,98.60160532887676,1,168.29999999999998,82.30000000000001,772.7430490647967,65,50
z105_i85,2012,9,2012-07-10,40.010923662121215,87.9423379707301,41.1,46.1,970.0,V17,72.0,760.8460000000001,0.7728324919092986,0.913575814464146,0.2443316852739969,6.258105879878996,0.0,21.675,27.29,16.38,6.4338582856580615,0.0,0.0,22.1,48.2,34.038000000000004,34.546,40.090822093723546,85.80584743055442,6,168.29999999999998,116.33800000000001,799.1693518108041,65,50
z105_i85,2012,9,2012-07-12,52.87367326391826,87.9423379707301,62.0,58.8,980.0,V18,74.0,789.4460000000001,0.7888252868566439,0.913575814464146,0.2406979959620575,6.131721008552154,0.0,24.383333333333336,32.6,15.32,6.338174248358882,0.0,0.0,0.0,48.2,34.038000000000004,34.292,38.893111015052455,86.65292313627378,8,168.29999999999998,116.33800000000001,811.6361600798491,65,50
z105_i85,2012,9,2012-07-17,52.03473076304665,87.9423379707301,56.9,61.2,1005.0,,79.0,862.9560000000002,0.8283614151396754,0.913575814464146,0.2360676855266629,5.9320806582686085,0.0,23.698333333333334,31.26,16.76,6.216246709052939,0.0,0.0,29.1,51.2,6.096000000000004,40.134,46.0865016479047,86.17732374162824,4,197.39999999999998,122.43400000000001,845.2558534587088,65,50
z105_i85,2012,9,2012-07-19,45.01728487514302,87.9423379707301,42.3,54.4,1015.0,VT,81.0,892.3710000000002,0.8440062679861888,0.913575814464146,0.2497557226028585,6.241475338116744,0.0,25.111666666666668,35.53,15.46,6.576686619489919,0.0,0.0,49.7,49.7,6.096000000000004,40.134,47.01472867524717,85.90783969029962,1,217.99999999999997,122.43400000000001,858.6508887550963,65,50
z105_i85,2012,9,2012-07-22,66.19090004786406,87.9423379707301,80.8,74.7,1030.0,,84.0,939.5560000000002,0.8673013555189348,0.9123044696955604,0.2739966964273462,5.679457282418521,0.0,25.936666666666667,33.49,20.09,7.0478080697357655,0.0,0.0,20.6,49.7,6.096000000000004,6.096,47.3264156205114,92.55047468729845,4,217.99999999999997,122.43400000000001,879.683214561891,65,50
z105_i85,2012,9,2012-07-24,24.75636267169662,87.9423379707301,15.5,32.2,1040.0,,86.0,969.851,0.8826949466414613,0.9123044696955604,0.2729701323124716,6.5565482844242124,0.0,25.595000000000002,34.36,16.07,7.02140254387632,0.0,0.0,76.2,105.30000000000001,0.0,6.096,48.58994729217375,94.67644894007844,1,273.59999999999997,122.43400000000001,893.8458007508825,65,50
z105_i85,2012,9,2012-07-26,35.39056193322396,87.9423379707301,43.2,53.5,1050.0,,88.0,998.341,0.8980287712561708,0.9123044696955604,0.2330752141001879,5.566859329564587,0.0,21.907916666666665,31.23,12.73,5.99521598694264,0.0,0.0,55.6,105.30000000000001,0.5080000000000036,6.604000000000001,46.43757181541878,93.45230049066595,3,273.59999999999997,122.94200000000001,905.088460570515,65,50
z105_i85,2012,9,2012-07-31,33.534766217522346,87.9423379707301,51.0,55.1,1050.0,,93.0,1071.1760000000002,0.9360051123555484,0.9123044696955604,0.2322612153554827,5.469088444181288,0.0,24.329583333333336,33.64,15.19,5.974278117995709,0.0,0.0,30.3,106.5,1.2700000000000036,1.270000000000001,40.97742756412481,89.56737485629856,4,303.9,123.70400000000001,934.8232283150073,65,50
z105_i85,2012,9,2012-08-02,7.526276877423439,87.9423379707301,15.9,31.4,1050.0,,95.0,1101.1560000000002,0.9510582847725012,0.9123044696955604,0.2384907482590621,5.583604195606351,0.0,23.089166666666667,32.28,15.01,6.1345156421739375,1.016,0.0,65.6,121.2,2.0320000000000036,2.540000000000001,40.47451499609451,86.91208681151329,1,339.2,124.97400000000002,945.5629755666096,65,50
z105_i85,2012,9,2012-08-05,23.719092346801794,87.9423379707301,55.0,49.2,1050.0,,98.0,1139.976,0.9734974088320136,0.9123044696955604,0.0719835291903581,4.960712834968628,0.0,22.12125,33.45,11.43,5.4976814615074545,0.0,0.0,35.3,121.2,1.5240000000000036,2.794000000000001,38.81357251723239,83.06747252699279,4,339.2,125.22800000000002,962.7506870888838,65,50
z105_i85,2012,9,2012-08-07,1.289034701880274,87.9423379707301,22.9,29.2,1050.0,,100.0,1169.6760000000002,0.9883659052188272,0.9123044696955604,0.210834778026303,4.865012747384252,0.0,23.909999999999997,32.75,15.98,5.423142210580409,3.302,0.0,65.69999999999999,96.0,4.826000000000004,6.096000000000001,39.361605266618426,80.33903283074324,1,369.59999999999997,128.53000000000003,974.1848335816258,65,50
z105_i85,2012,9,2012-08-09,12.9227609840567,87.9423379707301,42.6,42.2,1050.0,R3,102.0,1196.1710000000005,1.0031638178673092,0.9123044696955604,0.2484530266447692,5.699538023707657,0.0,22.66416666666667,31.16,12.53,6.3907677317620255,0.0,0.0,30.4,96.0,3.5560000000000036,5.588000000000001,40.69318177585956,81.16769677195407,3,369.59999999999997,128.53000000000003,986.2561573424691,65,50
z105_i85,2012,9,2012-08-14,23.06912355676508,87.9423379707301,56.2,56.4,1050.0,,107.0,1263.0510000000004,1.039861098794505,0.9123044696955604,0.1918014240099761,4.335260279599233,0.0,21.169999999999998,32.36,10.83,4.933561760233715,0.0,0.0,13.2,78.89999999999999,0.7620000000000036,5.588000000000001,37.61659569054609,76.97820095716452,4,382.79999999999995,129.29200000000003,1011.8014292721718,65,50
z105_i85,2012,9,2012-08-16,19.758636136075243,86.75199574105179,49.3,55.8,1050.0,R3,109.0,1284.6860000000004,1.047151183764247,0.8999559858860404,0.179028368881096,2.8045305414009905,0.0,16.910833333333333,21.11,12.7,3.803217158652842,0.0,0.0,25.4,55.8,0.7620000000000036,4.318000000000001,35.577762400440406,76.27094417629996,1,394.99999999999994,129.29200000000003,1021.8339197429095,65,50
z105_i85,2012,9,2012-08-20,32.50189916512584,83.3173669537122,72.4,72.3,1050.0,,113.0,1324.7680000000005,1.047151183764247,0.8643255117965541,0.0051238258979911,1.6392203594543522,0.0,17.687916666666666,25.76,9.68,2.2672385051846504,0.0,0.0,12.2,25.4,1.0160000000000036,5.080000000000002,32.33600797064719,70.44218411153997,5,394.99999999999994,130.30800000000005,1039.2038754825853,65,50
z105_i85,2012,9,2012-08-22,25.453965881225862,80.87500017257679,54.4,65.5,1050.0,,115.0,1349.5380000000002,1.047151183764247,0.838988658325506,0.3916403714960221,3.440642041377066,0.0,21.413750000000004,30.86,11.29,4.591812904924154,0.0,0.0,15.2,40.599999999999994,1.0160000000000036,1.778000000000001,30.742226358823245,68.90753933237283,1,410.19999999999993,130.30800000000005,1048.77292894308,65,50
z105_i85,2012,9,2012-08-27,41.53194365014599,71.47201014556227,88.1,82.0,1050.0,,120.0,1412.7830000000004,1.047151183764247,0.7414430389106196,0.020191015521611,2.777910023002715,0.0,22.351250000000004,32.84,11.59,4.604432802676456,0.0,0.0,15.2,27.4,0.7620000000000036,1.778000000000001,33.44002958407509,65.77603755472228,6,410.19999999999993,131.07000000000005,1072.6439050666604,65,50
z105_i85,2012,9,2012-08-29,32.33869673633188,65.82299028703399,62.3,71.0,1050.0,,122.0,1439.3830000000005,1.047151183764247,0.6828407071412549,0.8169455452489375,2.570633759047748,0.0,24.2175,34.84,12.57,4.910846418817528,0.0,0.0,16.6,31.8,0.7620000000000036,1.778000000000001,34.23754468551488,64.97977104433812,1,426.79999999999995,131.07000000000005,1083.0104736285948,65,50
z105_i85,2012,9,2012-09-04,48.97625767365332,37.93246952161496,87.9,84.1,1050.0,,128.0,1523.7230000000002,1.047151183764247,0.3935074082596925,0.0311314160511523,1.0599075959278634,0.0,20.936666666666664,31.7,8.99,5.4824640327715315,0.0,0.0,0.0,16.6,0.0,0.7620000000000009,38.209045978219365,72.12755714984087,7,426.79999999999995,131.07000000000005,1116.3086731879966,65,50
z105_i85,2012,9,2012-09-06,50.22362811129851,23.203970429322556,91.0,85.7,1050.0,,130.0,1544.8590000000002,1.047151183764247,0.2407155236696155,0.0423918356675981,0.4136703599992462,0.0,21.002041666666667,31.72,6.672,5.4533833265304565,0.0,0.0,0.0,16.6,0.0,0.7620000000000009,38.10949743895617,74.1885421511106,9,426.79999999999995,131.07000000000005,1127.3905951091083,65,50
z105_i85,2012,10,2012-05-25,19.492124396707062,1.0253415388655285,9.9,16.5,250.0,,26.0,170.81500000000003,0.3632042236964614,0.0367908364229044,0.7418366506921328,0.1133432531135234,0.0,13.788333333333334,20.39,8.59,3.080429485416971,0.0,0.0,0.0,0.0,18.034,20.827999999999996,34.73861077361653,70.17618679392763,999,0.0,61.21399999999999,481.2322125635401,65,40
z105_i85,2012,10,2012-05-31,9.57814149635678,2.157938959200005,3.7,6.4,335.0,,32.0,222.77100000000004,0.4235401400422253,0.0843782469552127,4.16157308378963,0.5634087979713702,0.0,15.408291666666669,22.44,7.636,5.978116480167955,0.0,0.0,24.8,24.8,1.5240000000000018,20.828,43.371280937077245,80.4328257248344,1,24.8,62.73799999999999,521.5230640152004,65,40
z105_i85,2012,10,2012-06-05,23.29453521996527,4.351392401809004,23.2,19.5,410.0,V6,37.0,282.3710000000001,0.471626049213841,0.1743467523332306,2.065316066654833,2.724816184235159,0.0,23.3125,30.39,14.34,9.639048177050427,1.524,0.0,24.8,24.8,4.572000000000002,19.304,50.49049122375436,90.95375931042508,6,24.8,65.78599999999999,558.9783425275236,65,40
z105_i85,2012,10,2012-06-07,-4.536765132732499,6.02993291971501,0.7,0.0,440.0,,39.0,310.9310000000001,0.4903935058271342,0.2416006473933472,4.021321930973844,2.15765602375996,0.0,21.245416666666667,28.21,15.45,5.724743934348226,13.212,0.0,30.0,54.8,16.514000000000003,18.038,50.986848233500496,94.35812917057774,1,54.8,79.252,572.5099122487009,65,40
z105_i85,2012,10,2012-06-08,4.807820449022419,7.098304028242514,2.3,2.4,455.0,,40.0,324.7210000000001,0.4996865236120791,0.2844069530211703,4.386576460103382,3.080076613184824,3.034025200604741,22.698333333333334,31.18,13.58,7.113575072493404,0.0,0.0,30.0,54.8,16.259999999999998,18.038,51.382411065278575,98.39127475765417,2,54.8,79.252,579.6234873211943,65,40
z105_i85,2012,10,2012-06-13,18.445267611151788,15.390323588382708,25.9,15.5,540.0,,45.0,382.7660000000001,0.5453205739046572,0.5660603928403821,0.1070378504978777,5.722546423846726,8.159332369749335e-05,22.312083333333334,33.55,9.78,7.92625597002916,0.0,0.0,0.0,30.0,13.212000000000002,16.514,48.82480085385032,100.06502163317055,7,54.8,79.252,615.609969168203,65,40
z105_i85,2012,10,2012-06-15,12.45853966627544,21.31501892908077,14.4,4.5,580.0,,47.0,411.47600000000006,0.5632171062683229,0.6743783740919411,1.2831497833691743,5.2376964864232445,6.068095443706789e-07,22.609166666666663,28.57,16.83,6.300509774824604,0.254,0.0,19.6,49.6,0.2540000000000018,16.514000000000003,49.85381860239431,101.23622966767289,1,74.4,79.506,629.4773059235886,65,40
z105_i85,2012,10,2012-06-18,24.452022178927656,33.414109045774445,32.2,15.9,640.0,,50.0,449.59100000000007,0.5897147724411134,0.746440702960464,0.2831309170882067,7.248058242554951,4.724110188440503e-10,26.388749999999998,36.86,12.35,8.162593465531245,0.254,0.0,19.6,49.6,0.5080000000000018,15.498000000000001,49.61466024257243,101.4347042858135,4,74.4,79.76,650.7739986362867,65,40
z105_i85,2012,10,2012-06-20,18.91434870317949,46.303531723385646,21.2,7.5,680.0,,52.0,473.951,0.6071626339566236,0.8042415325971521,0.682265192087173,5.147321485843565,2.8831366862148088e-12,18.627083333333335,23.9,13.89,5.772213116288185,0.0,0.0,39.1,39.1,2.032000000000002,15.244,49.81559648900293,98.64039734285325,1,93.9,81.284,665.4255656572059,65,40
z105_i85,2012,10,2012-06-24,44.14271285111597,63.53790549636306,53.5,33.1,760.0,,56.0,530.4110000000001,0.6414767735008016,0.8121464658744212,0.0238869270767104,3.3200000000000007,0.0,28.72458333333333,38.09,15.89,8.336355262668803,0.0,0.0,19.5,39.1,2.286000000000002,2.54,54.627622278407216,103.25920577230863,5,93.9,81.792,697.2390274491627,65,40
z105_i85,2012,10,2012-06-26,35.02808753343626,71.90509152106625,26.7,23.1,800.0,,58.0,561.801,0.6578274321210235,0.8502560839799295,0.6254877001806136,7.200210167685627,0.0,28.306666666666672,37.25,16.09,7.472974664793583,0.0,0.0,26.1,65.2,0.5080000000000018,2.54,53.71015183933196,105.67979118207586,1,120.0,81.792,713.3635043802497,65,40
z105_i85,2012,10,2012-06-28,45.89685600894235,75.83435171292417,46.0,34.9,840.0,V12,60.0,591.336,0.6746654349646587,0.8600436391884844,0.0703790072692343,4.6306146270364925,0.0,24.32625,34.52,13.56,6.2561836575041525,0.0,0.0,26.1,45.6,0.7620000000000018,2.794,50.84179320765543,101.80644079481135,3,120.0,82.046,724.9832369435753,65,40
z105_i85,2012,10,2012-07-03,54.10881706458191,83.0440853645337,61.2,46.0,920.0,V13,65.0,662.6260000000001,0.7160680972445632,0.8854822902218046,0.0116203674070887,4.119857363080076,0.0,25.039583333333336,32.41,15.54,5.87383146584034,0.0,0.0,26.0,52.1,0.5080000000000018,1.016,45.71502533683088,99.42517717616283,4,146.0,82.30000000000001,759.0785297170805,65,40
z105_i85,2012,10,2012-07-05,46.36268674708873,85.46407767932982,46.2,38.7,940.0,V13,67.0,693.686,0.7323686159843612,0.8994012060261576,0.3145084687709867,6.392507117298413,0.0,25.224166666666665,34.58,20.3,6.544412738876417,0.0,0.0,48.1,74.2,0.2540000000000018,1.016,47.75981212122133,98.60160532887676,1,168.1,82.30000000000001,772.7430490647967,65,40
z105_i85,2012,10,2012-07-10,40.15888661875224,87.91950248988822,42.6,38.2,970.0,V17,72.0,760.8460000000001,0.7728289959830388,0.9135239166616916,0.2445682282178264,6.257901722305455,0.0,21.675,27.29,16.38,6.4338582856580615,0.0,0.0,22.1,48.1,34.038000000000004,34.546,40.090822093723546,85.80584743055442,6,168.1,116.33800000000001,799.1693518108041,65,40
z105_i85,2012,10,2012-07-12,53.02926758706111,87.91950248988822,62.8,51.2,980.0,V18,74.0,789.4460000000001,0.7888217909303841,0.9135239166616916,0.2409310210503709,6.131522932940379,0.0,24.383333333333336,32.6,15.32,6.338174248358882,0.0,0.0,0.0,48.1,34.038000000000004,34.292,38.893111015052455,86.65292313627378,8,168.1,116.33800000000001,811.6361600798491,65,40
z105_i85,2012,10,2012-07-17,52.20297749388808,87.91950248988822,57.4,54.1,1005.0,,79.0,862.9560000000002,0.8283579192134156,0.9135239166616916,0.2362962279083637,5.931893860912449,0.0,23.698333333333334,31.26,16.76,6.216246709052939,0.0,0.0,29.1,51.2,6.096000000000004,40.134,46.0865016479047,86.17732374162824,4,197.2,122.43400000000001,845.2558534587088,65,40
z105_i85,2012,10,2012-07-19,45.28594443568443,87.91950248988822,38.4,48.0,1015.0,VT,81.0,892.3710000000002,0.844002772059929,0.9135239166616916,0.2499975166779761,6.2412808699454425,0.0,25.111666666666668,35.53,15.46,6.576686619489919,0.0,0.0,49.6,49.6,6.096000000000004,40.134,47.01472867524717,85.90783969029962,1,217.7,122.43400000000001,858.6508887550963,65,40
z105_i85,2012,10,2012-07-22,66.46026237282922,87.91950248988822,83.4,70.4,1030.0,,84.0,939.5560000000002,0.867297859592675,0.9122088039060234,0.2744746781563919,5.652240935674551,0.0,25.936666666666667,33.49,20.09,7.0478080697357655,0.0,0.0,20.5,49.6,6.096000000000004,6.096,47.3264156205114,92.55047468729845,4,217.7,122.43400000000001,879.683214561891,65,40
z105_i85,2012,10,2012-07-24,25.02623484111461,87.91950248988822,16.4,29.1,1040.0,,86.0,969.851,0.8826903537479921,0.9122088039060234,0.2734463232210548,6.555842401574166,0.0,25.595000000000002,34.36,16.07,7.02140254387632,0.0,0.0,76.1,105.2,0.0,6.096,48.58994729217375,94.67644894007844,1,273.3,122.43400000000001,893.8458007508825,65,40
z105_i85,2012,10,2012-07-26,35.65987885651839,87.91950248988822,42.9,58.4,1050.0,,88.0,998.341,0.8980241783627015,0.9122088039060234,0.233481809125916,5.566261918670027,0.0,21.907916666666665,31.23,12.73,5.99521598694264,0.0,0.0,55.6,105.2,0.5080000000000036,6.604000000000001,46.43757181541878,93.45230049066595,3,273.3,122.94200000000001,905.088460570515,65,40
z105_i85,2012,10,2012-07-31,33.70304654292659,87.91950248988822,51.5,60.0,1050.0,,93.0,1071.1760000000002,0.9360005194620792,0.9122088039060234,0.2326663903767637,5.468506339159482,0.0,24.329583333333336,33.64,15.19,5.974278117995709,0.0,0.0,30.4,106.5,1.2700000000000036,1.270000000000001,40.97742756412481,89.56737485629856,4,303.7,123.70400000000001,934.8232283150073,65,40
z105_i85,2012,10,2012-08-02,8.19504470290708,87.91950248988822,12.7,36.5,1050.0,,95.0,1101.1560000000002,0.951053691879032,0.9122088039060234,0.2389067905752676,5.583011907416108,0.0,23.089166666666667,32.28,15.01,6.1345156421739375,1.016,0.0,65.19999999999999,120.79999999999998,2.0320000000000036,2.540000000000001,40.47451499609451,86.91208681151329,1,338.5,124.97400000000002,945.5629755666096,65,40
z105_i85,2012,10,2012-08-05,24.38757116264475,87.91950248988822,53.4,53.1,1050.0,,98.0,1139.976,0.9734928159385444,0.9122088039060234,0.0717768150071203,4.960189332118627,0.0,22.12125,33.45,11.43,5.4976814615074545,0.0,0.0,34.8,120.79999999999998,1.5240000000000036,2.794000000000001,38.81357251723239,83.06747252699279,4,338.5,125.22800000000002,962.7506870888838,65,40
z105_i85,2012,10,2012-08-07,1.783745758005428,87.91950248988822,24.3,31.7,1050.0,,100.0,1169.6760000000002,0.988361312325358,0.9122088039060234,0.2112025750583767,4.864501142323622,0.0,23.909999999999997,32.75,15.98,5.423142210580409,3.302,0.0,65.19999999999999,95.6,4.826000000000004,6.096000000000001,39.361605266618426,80.33903283074324,1,368.9,128.53000000000003,974.1848335816258,65,40
z105_i85,2012,10,2012-08-09,13.517391140164351,87.91950248988822,38.5,43.2,1050.0,R3,102.0,1196.1710000000005,1.00315922497384,0.9122088039060234,0.2488864479553571,5.698940791798995,0.0,22.66416666666667,31.16,12.53,6.3907677317620255,0.0,0.0,30.4,95.6,3.5560000000000036,5.588000000000001,40.69318177585956,81.16769677195407,3,368.9,128.53000000000003,986.2561573424691,65,40
z105_i85,2012,10,2012-08-14,24.440269195177866,87.91950248988822,57.4,55.0,1050.0,,107.0,1263.0510000000004,1.0398565059010358,0.9122088039060234,0.1921360177385762,4.334810143566557,0.0,21.169999999999998,32.36,10.83,4.933561760233715,0.0,0.0,12.5,77.69999999999999,0.7620000000000036,5.588000000000001,37.61659569054609,76.97820095716452,4,381.4,129.29200000000003,1011.8014292721718,65,40
z105_i85,2012,10,2012-08-16,32.86868438588988,86.72946934952694,68.3,64.9,1050.0,R4,109.0,1284.6860000000004,1.047146590870778,0.8998616149793989,0.1444434499934003,2.8042401260444665,0.0,16.910833333333333,21.11,12.7,3.803217158652842,0.0,0.0,12.5,42.9,0.7620000000000036,4.318000000000001,35.577762400440406,76.27094417629996,6,381.4,129.29200000000003,1021.8339197429095,65,40
z105_i85,2012,10,2012-08-20,45.60608803224236,83.29573241248018,81.3,77.7,1050.0,,113.0,1324.7680000000005,1.047146590870778,0.864234877161682,0.004858739813271,1.6390512081708506,0.0,17.687916666666666,25.76,9.68,2.2672385051846504,0.0,0.0,0.0,12.5,1.0160000000000036,5.080000000000002,32.33600797064719,70.44218411153997,10,381.4,130.30800000000005,1039.2038754825853,65,40
z105_i85,2012,10,2012-08-22,41.55874883896265,80.85399982667238,64.7,71.9,1050.0,,115.0,1349.5380000000002,1.047146590870778,0.8389006805559373,0.391921813862815,3.4402869987408047,0.0,21.413750000000004,30.86,11.29,4.591812904924154,0.0,0.0,12.2,24.7,1.0160000000000036,1.778000000000001,30.742226358823245,68.90753933237283,1,393.59999999999997,130.30800000000005,1048.77292894308,65,40
z105_i85,2012,10,2012-08-27,57.6114501232868,71.45345141996923,96.5,84.3,1050.0,,120.0,1412.7830000000004,1.047146590870778,0.7413652899396673,0.0222330880190153,2.7776199654489915,0.0,22.351250000000004,32.84,11.59,4.604432802676456,0.0,0.0,12.2,12.2,0.7620000000000036,1.778000000000001,33.44002958407509,65.77603755472228,6,393.59999999999997,131.07000000000005,1072.6439050666604,65,40
z105_i85,2012,10,2012-08-29,51.41888013534246,65.80589840992067,75.7,75.4,1050.0,,122.0,1439.3830000000005,1.047146590870778,0.6827691033099172,0.8172017458053308,2.5703617108659285,0.0,24.2175,34.84,12.57,4.910846418817528,0.0,0.0,13.6,25.799999999999997,0.7620000000000036,1.778000000000001,34.23754468551488,64.97977104433812,1,407.2,131.07000000000005,1083.0104736285948,65,40
z105_i85,2012,10,2012-09-04,68.02537161661121,37.92261981553443,95.9,86.7,1050.0,,128.0,1523.7230000000002,1.047146590870778,0.3934661444073822,0.0308437841133328,1.0597830770371826,0.0,20.936666666666664,31.7,8.99,5.4824640327715315,0.0,0.0,0.0,13.6,0.0,0.7620000000000009,38.209045978219365,72.12755714984087,7,407.2,131.07000000000005,1116.3086731879966,65,40
z105_i85,2012,10,2012-09-06,69.23108263250533,23.197945187847075,101.2,88.6,1050.0,,130.0,1544.8590000000002,1.047146590870778,0.2406902818327168,0.0419420935594442,0.413618417335294,0.0,21.002041666666667,31.72,6.672,5.4533833265304565,0.0,0.0,0.0,13.6,0.0,0.7620000000000009,38.10949743895617,74.1885421511106,9,407.2,131.07000000000005,1127.3905951091083,65,40
z105_i85,2012,11,2012-05-25,19.492124396707062,1.0253415388655285,7.9,15.8,250.0,,26.0,170.81500000000003,0.3632042236964614,0.0367908364229044,0.7418366506921328,0.1133432531135234,0.0,13.788333333333334,20.39,8.59,3.080429485416971,0.0,0.0,0.0,0.0,18.034,20.827999999999996,34.73861077361653,70.17618679392763,999,0.0,61.21399999999999,481.2322125635401,50,50
z105_i85,2012,11,2012-05-31,9.219436528262,2.157938959200005,7.3,5.5,335.0,,32.0,222.77100000000004,0.4235401400422253,0.0843782469552127,4.082718433221652,0.5634087979713702,0.0,15.408291666666669,22.44,7.636,5.978116480167955,0.0,0.0,25.1,25.1,1.5240000000000018,20.828,43.371280937077245,80.4328257248344,1,25.1,62.73799999999999,521.5230640152004,50,50
z105_i85,2012,11,2012-06-05,23.028496745469667,4.3745059802364175,23.4,19.0,410.0,V6,37.0,282.3710000000001,0.471626049213841,0.1748118785501709,2.070883835325702,2.731353792470892,0.0,23.3125,30.39,14.34,9.639048177050427,1.524,0.0,25.1,25.1,4.572000000000002,19.304,50.49049122375436,90.95375931042508,6,25.1,65.78599999999999,558.9783425275236,50,50
z105_i85,2012,11,2012-06-07,-6.478532075705924,6.061962512677929,2.7,0.0,440.0,,39.0,310.9310000000001,0.4903935058271342,0.2422451950756441,4.016090760921107,2.162615417162676,0.0,21.245416666666667,28.21,15.45,5.724743934348226,13.212,0.0,31.8,56.900000000000006,16.514000000000003,18.038,50.986848233500496,94.35812917057774,1,56.900000000000006,79.252,572.5099122487009,50,50
z105_i85,2012,11,2012-06-08,4.769938275932967,7.136008558587833,3.3,2.6,455.0,,40.0,324.7210000000001,0.4996865236120791,0.2851657003357024,4.390213351428274,3.0869628694638145,4.568331721886324,22.698333333333334,31.18,13.58,7.113575072493404,0.0,0.0,31.8,56.900000000000006,16.259999999999998,18.038,51.382411065278575,98.39127475765417,2,56.900000000000006,79.252,579.6234873211943,50,50
z105_i85,2012,11,2012-06-13,18.47059464982029,15.47143534713016,24.6,16.7,540.0,,45.0,382.7660000000001,0.5453205739046572,0.5670050399599723,0.1065733471960367,5.729237051455693,0.0001100254354244,22.312083333333334,33.55,9.78,7.92625597002916,0.0,0.0,0.0,31.8,13.212000000000002,16.514,48.82480085385032,100.06502163317055,7,56.900000000000006,79.252,615.609969168203,50,50
z105_i85,2012,11,2012-06-15,15.771497767848697,21.345170403851764,18.9,9.9,580.0,,47.0,411.47600000000006,0.5632171062683229,0.6676255169583305,0.6778409487015927,5.202945370900402,8.193073030870898e-07,22.609166666666663,28.57,16.83,6.300509774824604,0.254,0.0,15.2,47.0,0.2540000000000018,16.514000000000003,49.85381860239431,101.23622966767289,1,72.10000000000001,79.506,629.4773059235886,50,50
z105_i85,2012,11,2012-06-18,27.05229631943336,32.94780750928227,34.5,21.9,640.0,,50.0,449.59100000000007,0.5897147724411134,0.728076072696596,0.2880579012241278,7.133204580734208,5.511831519422408e-10,26.388749999999998,36.86,12.35,8.162593465531245,0.254,0.0,15.2,47.0,0.5080000000000018,15.498000000000001,49.61466024257243,101.4347042858135,4,72.10000000000001,79.76,650.7739986362867,50,50
z105_i85,2012,11,2012-06-20,25.749302610639187,45.102174658383184,25.2,18.0,680.0,,52.0,473.951,0.6071626339566236,0.7880340539381816,0.7541153676450866,5.082062105539083,3.931550026656557e-12,18.627083333333335,23.9,13.89,5.772213116288185,0.0,0.0,30.4,30.4,2.032000000000002,15.244,49.81559648900293,98.64039734285325,1,87.30000000000001,81.284,665.4255656572059,50,50
z105_i85,2012,11,2012-06-24,49.35672493334678,59.18401249759464,56.9,45.1,760.0,,56.0,530.4110000000001,0.6407893884970871,0.7754489950442099,0.0276695271865764,3.3200000000000007,0.0,28.72458333333333,38.09,15.89,8.336355262668803,0.0,0.0,15.2,30.4,2.286000000000002,2.54,54.627622278407216,103.25920577230863,5,87.30000000000001,81.792,697.2390274491627,50,50
z105_i85,2012,11,2012-06-26,46.267328815261074,68.64035270360999,45.5,42.5,800.0,,58.0,561.801,0.6571993763251669,0.8230174780124923,0.7770172945599584,7.056553038763205,0.0,28.306666666666672,37.25,16.09,7.472974664793583,0.0,0.0,20.1,50.5,0.5080000000000018,2.54,53.71015183933196,105.67979118207586,1,107.4,81.792,713.3635043802497,50,50
z105_i85,2012,11,2012-06-28,56.41323610404096,70.53828803768063,63.0,55.8,840.0,V11,60.0,591.336,0.6740373791688021,0.8307182529479124,0.0510710217085663,2.6587201889632675,0.0,24.32625,34.52,13.56,6.2561836575041525,0.0,0.0,20.1,35.3,0.7620000000000018,2.794,50.84179320765543,101.80644079481135,3,107.4,82.046,724.9832369435753,50,50
z105_i85,2012,11,2012-07-03,67.31025303252511,77.47044128649004,79.0,70.9,920.0,V13,65.0,662.6260000000001,0.7143572958731876,0.8575802000239029,0.0193156194076896,2.0113947213699523,0.0,25.039583333333336,32.41,15.54,5.87383146584034,0.0,0.0,20.1,40.2,0.5080000000000018,1.016,45.71502533683088,99.42517717616283,4,127.5,82.30000000000001,759.0785297170805,50,50
z105_i85,2012,11,2012-07-05,63.22870568725905,80.87691249352633,68.5,64.7,940.0,V14,67.0,693.686,0.7298354576200451,0.8767108546939033,0.4212877194039582,6.025765441379099,0.0,25.224166666666665,34.58,20.3,6.544412738876417,0.0,0.0,38.3,58.400000000000006,0.2540000000000018,1.016,47.75981212122133,98.60160532887676,1,145.7,82.30000000000001,772.7430490647967,50,50
z105_i85,2012,11,2012-07-10,56.17419676668498,84.35509292593099,63.5,64.2,970.0,V16,72.0,760.8460000000001,0.7702879125561635,0.8961216122536444,0.3242789651404579,6.189034513701056,0.0,21.675,27.29,16.38,6.4338582856580615,0.0,0.0,18.2,38.3,34.038000000000004,34.546,40.090822093723546,85.80584743055442,6,145.7,116.33800000000001,799.1693518108041,50,50
z105_i85,2012,11,2012-07-12,68.42825510853994,84.31471336443059,84.3,75.2,980.0,V18,74.0,789.4460000000001,0.7862615705789495,0.8925415029912951,0.3357101738416449,4.386336441411115,0.0,24.383333333333336,32.6,15.32,6.338174248358882,0.0,0.0,0.0,38.3,34.038000000000004,34.292,38.893111015052455,86.65292313627378,8,145.7,116.33800000000001,811.6361600798491,50,50
z105_i85,2012,11,2012-07-17,76.79521812506329,84.09793178264047,84.8,82.0,1005.0,,79.0,862.9560000000002,0.8257163118614665,0.8886998942518084,0.3463960547510841,2.958204060224477,0.0,23.698333333333334,31.26,16.76,6.216246709052939,0.0,0.0,18.1,36.3,6.096000000000004,40.134,46.0865016479047,86.17732374162824,4,163.79999999999998,122.43400000000001,845.2558534587088,50,50
z105_i85,2012,11,2012-07-19,74.25078145998053,84.09793178264047,70.4,76.8,1015.0,VT,81.0,892.3710000000002,0.8410142721424665,0.8886998942518084,0.3664813198304725,6.093424691980585,0.0,25.111666666666668,35.53,15.46,6.576686619489919,0.0,0.0,34.2,34.2,6.096000000000004,40.134,47.01472867524717,85.90783969029962,1,179.89999999999998,122.43400000000001,858.6508887550963,50,50
z105_i85,2012,11,2012-07-22,88.42019816950814,83.1345078263379,105.4,91.4,1030.0,,84.0,939.5560000000002,0.8638298974967928,0.8775476018497501,0.4494236465217502,1.528062015503875,0.0,25.936666666666667,33.49,20.09,7.0478080697357655,0.0,0.0,16.1,34.2,6.096000000000004,6.096,47.3264156205114,92.55047468729845,4,179.89999999999998,122.43400000000001,879.683214561891,50,50
z105_i85,2012,11,2012-07-24,41.795548145368514,83.1345078263379,32.9,43.5,1040.0,,86.0,969.851,0.8774432573596206,0.8775476018497501,0.4477398226147066,6.287872209219751,0.0,25.595000000000002,34.36,16.07,7.02140254387632,0.0,0.0,76.80000000000001,94.9,0.0,6.096,48.58994729217375,94.67644894007844,1,240.59999999999997,122.43400000000001,893.8458007508825,50,50
z105_i85,2012,11,2012-07-26,52.108240264234034,83.1345078263379,62.0,66.1,1050.0,,88.0,998.341,0.89277708197433,0.8775476018497501,0.2757405743123418,5.339357872031961,0.0,21.907916666666665,31.23,12.73,5.99521598694264,0.0,0.0,60.7,94.9,0.5080000000000036,6.604000000000001,46.43757181541878,93.45230049066595,3,240.59999999999997,122.94200000000001,905.088460570515,50,50
z105_i85,2012,11,2012-07-31,49.62022174503152,83.1345078263379,67.7,70.1,1050.0,,93.0,1071.1760000000002,0.9307534230737076,0.8775476018497501,0.1278794837270211,5.2471330697049146,0.0,24.329583333333336,33.64,15.19,5.974278117995709,0.0,0.0,30.4,107.20000000000002,1.2700000000000036,1.270000000000001,40.97742756412481,89.56737485629856,4,270.99999999999994,123.70400000000001,934.8232283150073,50,50
z105_i85,2012,11,2012-08-02,23.665790846808225,83.1345078263379,26.6,46.6,1050.0,,95.0,1101.1560000000002,0.9458065954906604,0.8775476018497501,0.3911849417962217,5.357647300704193,0.0,23.089166666666667,32.28,15.01,6.1345156421739375,1.016,0.0,65.6,126.30000000000001,2.0320000000000036,2.540000000000001,40.47451499609451,86.91208681151329,1,306.19999999999993,124.97400000000002,945.5629755666096,50,50
z105_i85,2012,11,2012-08-05,39.53186106159141,83.1345078263379,69.8,65.2,1050.0,,98.0,1139.976,0.9682457195501728,0.8775476018497501,0.0636801802766744,4.760836395646466,0.0,22.12125,33.45,11.43,5.4976814615074545,0.0,0.0,35.2,126.30000000000001,1.5240000000000036,2.794000000000001,38.81357251723239,83.06747252699279,4,306.19999999999993,125.22800000000002,962.7506870888838,50,50
z105_i85,2012,11,2012-08-07,16.877959445676332,83.1345078263379,34.0,44.6,1050.0,,100.0,1169.6760000000002,0.9831142159369864,0.8775476018497501,0.3458221795725562,4.669571579228116,0.0,23.909999999999997,32.75,15.98,5.423142210580409,3.302,0.0,65.6,96.0,4.826000000000004,6.096000000000001,39.361605266618426,80.33903283074324,1,336.5999999999999,128.53000000000003,974.1848335816258,50,50
z105_i85,2012,11,2012-08-09,28.469546626371518,83.1345078263379,52.6,57.6,1050.0,R3,102.0,1196.1710000000005,0.9979121285854684,0.8775476018497501,0.4075255894687987,5.471258335219356,0.0,22.66416666666667,31.16,12.53,6.3907677317620255,0.0,0.0,30.4,96.0,3.5560000000000036,5.588000000000001,40.69318177585956,81.16769677195407,3,336.5999999999999,128.53000000000003,986.2561573424691,50,50
z105_i85,2012,11,2012-08-14,35.66503179059306,83.1345078263379,64.5,70.2,1050.0,,107.0,1263.0510000000004,1.034609409512664,0.8775476018497501,0.314602681384828,4.162956154990562,0.0,21.169999999999998,32.36,10.83,4.933561760233715,0.0,0.0,16.2,81.80000000000001,0.7620000000000036,5.588000000000001,37.61659569054609,76.97820095716452,4,352.7999999999999,129.29200000000003,1011.8014292721718,50,50
z105_i85,2012,11,2012-08-16,32.261168878368885,82.0092419112772,54.8,68.9,1050.0,R3/R4,109.0,1284.6860000000004,1.0418994944824065,0.8656695691167297,0.2720753928280542,2.6932813903355743,0.0,16.910833333333333,21.11,12.7,3.803217158652842,0.0,0.0,28.5,58.9,0.7620000000000036,4.318000000000001,35.577762400440406,76.27094417629996,1,365.0999999999999,129.29200000000003,1021.8339197429095,50,50
z105_i85,2012,11,2012-08-20,44.65740192332794,78.76238515956469,84.9,83.6,1050.0,,113.0,1324.7680000000005,1.0418994944824065,0.8313965406173379,0.0096905316449061,1.574324958035639,0.0,17.687916666666666,25.76,9.68,2.2672385051846504,0.0,0.0,12.3,28.5,1.0160000000000036,5.080000000000002,32.33600797064719,70.44218411153997,5,365.0999999999999,130.30800000000005,1039.2038754825853,50,50
z105_i85,2012,11,2012-08-22,37.61817481222975,76.45354319599682,59.3,76.0,1050.0,,115.0,1349.5380000000002,1.0418994944824065,0.8070249675948397,0.4954140492831337,3.304331605642044,0.0,21.413750000000004,30.86,11.29,4.591812904924154,0.0,0.0,15.2,43.7,1.0160000000000036,1.778000000000001,30.742226358823245,68.90753933237283,1,380.2999999999999,130.30800000000005,1048.77292894308,50,50
z105_i85,2012,11,2012-08-27,53.19727810265376,67.56461704245295,96.9,91.1,1050.0,,120.0,1412.7830000000004,1.0418994944824065,0.7131956296578599,0.0411870081265259,2.666434849329057,0.0,22.351250000000004,32.84,11.59,4.604432802676456,0.0,0.0,15.2,27.5,0.7620000000000036,1.778000000000001,33.44002958407509,65.77603755472228,6,380.2999999999999,131.07000000000005,1072.6439050666604,50,50
z105_i85,2012,11,2012-08-29,43.35731163735224,62.22443054665769,71.4,79.4,1050.0,,122.0,1439.3830000000005,1.0418994944824065,0.6568259225970465,0.9120927519524252,2.4661126227861403,0.0,24.2175,34.84,12.57,4.910846418817528,0.0,0.0,17.3,32.5,0.7620000000000036,1.778000000000001,34.23754468551488,64.97977104433812,1,397.5999999999999,131.07000000000005,1083.0104736285948,50,50
z105_i85,2012,11,2012-09-04,59.2404121903759,35.85869169599068,102.1,92.8,1050.0,,128.0,1523.7230000000002,1.0418994944824065,0.3785156095350915,0.0666744327583463,1.012406604578091,0.0,20.936666666666664,31.7,8.99,5.4824640327715315,0.0,0.0,0.0,17.3,0.0,0.7620000000000009,38.209045978219365,72.12755714984087,7,397.5999999999999,131.07000000000005,1116.3086731879966,50,50
z105_i85,2012,11,2012-09-06,60.46888758694671,21.93540342196359,105.0,94.5,1050.0,,130.0,1544.8590000000002,1.0418994944824065,0.2315447721030775,0.087587862481561,0.3939629156474794,0.0,21.002041666666667,31.72,6.672,5.4533833265304565,0.0,0.0,0.0,17.3,0.0,0.7620000000000009,38.10949743895617,74.1885421511106,9,397.5999999999999,131.07000000000005,1127.3905951091083,50,50
z105_i85,2012,12,2012-05-25,19.492124396707062,1.0253415388655285,9.3,16.4,250.0,,26.0,170.81500000000003,0.3632042236964614,0.0367908364229044,0.7418366506921328,0.1133432531135234,0.0,13.788333333333334,20.39,8.59,3.080429485416971,0.0,0.0,0.0,0.0,18.034,20.827999999999996,34.73861077361653,70.17618679392763,999,0.0,61.21399999999999,481.2322125635401,40,40
z105_i85,2012,12,2012-05-31,9.432055623478876,2.157938959200005,5.0,6.5,335.0,,32.0,222.77100000000004,0.4235401400422253,0.0843782469552127,4.056809176309439,0.5634087979713702,0.0,15.408291666666669,22.44,7.636,5.978116480167955,0.0,0.0,25.0,25.0,1.5240000000000018,20.828,43.371280937077245,80.4328257248344,1,25.0,62.73799999999999,521.5230640152004,40,40
z105_i85,2012,12,2012-06-05,23.20199061941332,4.358400643064679,23.7,21.4,410.0,V5,37.0,282.3710000000001,0.471626049213841,0.1746974895116848,2.070350096350288,2.729746330690061,0.0,23.3125,30.39,14.34,9.639048177050427,1.524,0.0,25.0,25.0,4.572000000000002,19.304,50.49049122375436,90.95375931042508,6,25.0,65.78599999999999,558.9783425275236,40,40
z105_i85,2012,12,2012-06-07,-6.803365319729593,6.039644575377073,1.3,0.0,440.0,,39.0,310.9310000000001,0.4903935058271342,0.2420866807048107,4.017376889234281,2.1613961074848973,0.0,21.245416666666667,28.21,15.45,5.724743934348226,13.212,0.0,32.4,57.4,16.514000000000003,18.038,50.986848233500496,94.35812917057774,1,57.4,79.252,572.5099122487009,40,40
z105_i85,2012,12,2012-06-08,4.76584354266963,7.10973637507369,0.4,2.9,455.0,,40.0,324.7210000000001,0.4996865236120791,0.2849791007147777,4.393602512701693,3.085269913308591,5.016884087028155,22.698333333333334,31.18,13.58,7.113575072493404,0.0,0.0,32.4,57.4,16.259999999999998,18.038,51.382411065278575,98.39127475765417,2,57.4,79.252,579.6234873211943,40,40
z105_i85,2012,12,2012-06-13,18.45325829185984,15.41511084973505,28.8,18.4,540.0,,45.0,382.7660000000001,0.5453205739046572,0.5667579585784208,0.1066337087195781,5.727487737638695,0.0001168608898749,22.312083333333334,33.55,9.78,7.92625597002916,0.0,0.0,0.0,32.4,13.212000000000002,16.514,48.82480085385032,100.06502163317055,7,57.4,79.252,615.609969168203,40,40
z105_i85,2012,12,2012-06-15,17.87327446603304,21.134327731900047,22.5,14.8,580.0,,47.0,411.47600000000006,0.5632171062683229,0.6639044427370939,0.4682907324814234,5.18369424180556,8.705741912280212e-07,22.609166666666663,28.57,16.83,6.300509774824604,0.254,0.0,12.1,44.5,0.2540000000000018,16.514000000000003,49.85381860239431,101.23622966767289,1,69.5,79.506,629.4773059235886,40,40
z105_i85,2012,12,2012-06-18,28.38479193507697,32.280561173983365,38.0,26.7,640.0,,50.0,449.59100000000007,0.5897147724411134,0.7103224167672267,0.3058830037493397,4.817141740159931,5.860832191019458e-10,26.388749999999998,36.86,12.35,8.162593465531245,0.254,0.0,12.1,44.5,0.5080000000000018,15.498000000000001,49.61466024257243,101.4347042858135,4,69.5,79.76,650.7739986362867,40,40
z105_i85,2012,12,2012-06-20,30.00380058844948,43.69283593462923,29.2,25.2,680.0,,52.0,473.951,0.6070415948966272,0.7706041714785776,0.8324684377088907,5.01089633930938,4.1734915667584986e-12,18.627083333333335,23.9,13.89,5.772213116288185,0.0,0.0,24.2,24.2,2.032000000000002,15.244,49.81559648900293,98.64039734285325,1,81.6,81.284,665.4255656572059,40,40
z105_i85,2012,12,2012-06-24,52.53196855790887,54.6080447991529,57.4,49.8,760.0,,56.0,530.4110000000001,0.6403329612616993,0.7553621683562983,0.0546254047049507,3.242701174957521,0.0,28.72458333333333,38.09,15.89,8.336355262668803,0.0,0.0,12.1,24.2,2.286000000000002,2.54,54.627622278407216,103.25920577230863,5,81.6,81.792,697.2390274491627,40,40
z105_i85,2012,12,2012-06-26,53.491629320755656,64.31094474135024,51.1,48.7,800.0,,58.0,561.801,0.6567381339343531,0.8066341764587949,0.8696624491325667,6.502755987641129,0.0,28.306666666666672,37.25,16.09,7.472974664793583,0.0,0.0,16.1,40.3,0.5080000000000018,2.54,53.71015183933196,105.67979118207586,1,97.69999999999999,81.792,713.3635043802497,40,40
z105_i85,2012,12,2012-06-28,61.65721838413658,64.15384824648861,65.7,59.7,840.0,V11,60.0,591.336,0.6735657890894176,0.8061228332582205,0.0287814259498172,1.738551240472925,0.0,24.32625,34.52,13.56,6.2561836575041525,0.0,0.0,16.1,28.2,0.7620000000000018,2.794,50.84179320765543,101.80644079481135,3,97.69999999999999,82.046,724.9832369435753,40,40
z105_i85,2012,12,2012-07-03,71.65832352708993,69.84234296315567,77.1,73.0,920.0,V12,65.0,662.6260000000001,0.7099682130643541,0.832567617308711,0.0227007247133031,0.9729577464788728,0.0,25.039583333333336,32.41,15.54,5.87383146584034,0.0,0.0,16.2,32.3,0.5080000000000018,1.016,45.71502533683088,99.42517717616283,4,113.89999999999999,82.30000000000001,759.0785297170805,40,40
z105_i85,2012,12,2012-07-05,71.74375289533322,74.19546176008984,71.7,68.5,940.0,V13,67.0,693.686,0.7235437667164143,0.8543764700972311,0.5279182178261798,5.855578633481254,0.0,25.224166666666665,34.58,20.3,6.544412738876417,0.0,0.0,30.299999999999997,46.4,0.2540000000000018,1.016,47.75981212122133,98.60160532887676,1,127.99999999999999,82.30000000000001,772.7430490647967,40,40
z105_i85,2012,12,2012-07-10,64.78770513943606,78.78935234599564,58.6,65.2,970.0,V15,72.0,760.8460000000001,0.7639942558920362,0.8776401944304837,0.4098422165141093,6.114955602209927,0.0,21.675,27.29,16.38,6.4338582856580615,0.0,0.0,14.1,30.299999999999997,34.038000000000004,34.546,40.090822093723546,85.80584743055442,6,127.99999999999999,116.33800000000001,799.1693518108041,40,40
z105_i85,2012,12,2012-07-12,74.24958286829876,78.41943886653398,80.1,74.8,980.0,V17,74.0,789.4460000000001,0.7798662664010968,0.8700250767784835,0.4387649992760921,3.282732840782061,0.0,24.383333333333336,32.6,15.32,6.338174248358882,0.0,0.0,0.0,30.299999999999997,34.038000000000004,34.292,38.893111015052455,86.65292313627378,8,127.99999999999999,116.33800000000001,811.6361600798491,40,40
z105_i85,2012,12,2012-07-17,83.75938416339422,77.61234612619484,84.7,82.3,1005.0,,79.0,862.9560000000002,0.8186114827509436,0.8574979192821865,0.4871990507926502,2.6649688512233327,0.0,23.698333333333334,31.26,16.76,6.216246709052939,0.0,0.0,12.1,26.2,6.096000000000004,40.134,46.0865016479047,86.17732374162824,4,140.1,122.43400000000001,845.2558534587088,40,40
z105_i85,2012,12,2012-07-19,85.1292857227191,77.61234612619484,84.0,79.2,1015.0,V20,81.0,892.3710000000002,0.833826795901031,0.8574979192821865,0.5154485702296674,5.880312906629771,0.0,25.111666666666668,35.53,15.46,6.576686619489919,0.0,0.0,24.2,24.2,6.096000000000004,40.134,47.01472867524717,85.90783969029962,1,152.2,122.43400000000001,858.6508887550963,40,40
z105_i85,2012,12,2012-07-22,94.13009115382556,75.90445357150574,102.4,91.4,1030.0,,84.0,939.5560000000002,0.8544990022711929,0.839169437535439,0.6477259428700629,1.3999999999999997,0.0,25.936666666666667,33.49,20.09,7.0478080697357655,0.0,0.0,12.1,24.2,6.096000000000004,6.096,47.3264156205114,92.55047468729845,4,152.2,122.43400000000001,879.683214561891,40,40
z105_i85,2012,12,2012-07-24,47.36721978186621,75.90445357150574,38.9,43.1,1040.0,,86.0,969.851,0.8680126064643219,0.839169437535439,0.6452991537229897,5.9819441874770085,0.0,25.595000000000002,34.36,16.07,7.02140254387632,0.0,0.0,72.7,84.80000000000001,0.0,6.096,48.58994729217375,94.67644894007844,1,212.79999999999998,122.43400000000001,893.8458007508825,40,40
z105_i85,2012,12,2012-07-26,57.24603859106024,75.90445357150574,66.3,70.1,1050.0,,88.0,998.341,0.8833464310790313,0.839169437535439,0.2914883616587378,5.080200099850289,0.0,21.907916666666665,31.23,12.73,5.99521598694264,0.0,0.0,60.6,84.80000000000001,0.5080000000000036,6.604000000000001,46.43757181541878,93.45230049066595,3,212.79999999999998,122.94200000000001,905.088460570515,40,40
z105_i85,2012,12,2012-07-31,53.85697701812473,75.90445357150574,68.1,72.1,1050.0,,93.0,1071.1760000000002,0.921322772178409,0.839169437535439,0.1087257511167163,4.994008653779711,0.0,24.329583333333336,33.64,15.19,5.974278117995709,0.0,0.0,30.3,103.00000000000001,1.2700000000000036,1.270000000000001,40.97742756412481,89.56737485629856,4,243.1,123.70400000000001,934.8232283150073,40,40
z105_i85,2012,12,2012-08-02,28.246960674259427,75.90445357150574,29.6,48.7,1050.0,,95.0,1101.1560000000002,0.9363759445953616,0.839169437535439,0.5637901726411848,5.099840100026786,0.0,23.089166666666667,32.28,15.01,6.1345156421739375,1.016,0.0,65.1,125.7,2.0320000000000036,2.540000000000001,40.47451499609451,86.91208681151329,1,277.9,124.97400000000002,945.5629755666096,40,40
z105_i85,2012,12,2012-08-05,43.54925718666712,75.90445357150574,65.5,68.1,1050.0,,98.0,1139.976,0.9588150686548742,0.839169437535439,0.0912137638141394,4.532624081297362,0.0,22.12125,33.45,11.43,5.4976814615074545,0.0,0.0,34.8,125.7,1.5240000000000036,2.794000000000001,38.81357251723239,83.06747252699279,4,277.9,125.22800000000002,962.7506870888838,40,40
z105_i85,2012,12,2012-08-07,20.953589214678697,75.90445357150574,35.1,48.2,1050.0,,100.0,1169.6760000000002,0.9736835650416876,0.839169437535439,0.4984116858616909,4.446315507796507,0.0,23.909999999999997,32.75,15.98,5.423142210580409,3.302,0.0,65.1,95.4,4.826000000000004,6.096000000000001,39.361605266618426,80.33903283074324,1,308.2,128.53000000000003,974.1848335816258,40,40
z105_i85,2012,12,2012-08-09,32.50878795649758,75.90445357150574,51.6,62.5,1050.0,R3,102.0,1196.1710000000005,0.9884814776901698,0.839169437535439,0.5873409170284524,5.21036205351644,0.0,22.66416666666667,31.16,12.53,6.3907677317620255,0.0,0.0,30.3,95.4,3.5560000000000036,5.588000000000001,40.69318177585956,81.16769677195407,3,308.2,128.53000000000003,986.2561573424691,40,40
z105_i85,2012,12,2012-08-14,42.31352763836269,75.90445357150574,67.6,75.8,1050.0,,107.0,1263.0510000000004,1.0251787586173655,0.839169437535439,0.3946330785314518,3.9657836786196254,0.0,21.169999999999998,32.36,10.83,4.933561760233715,0.0,0.0,13.1,78.20000000000002,0.7620000000000036,5.588000000000001,37.61659569054609,76.97820095716452,4,321.3,129.29200000000003,1011.8014292721718,40,40
z105_i85,2012,12,2012-08-16,49.740980546041285,74.87704995009086,76.1,83.3,1050.0,R3,109.0,1284.6860000000004,1.0324688435871077,0.8278108718843156,0.0171013322724581,2.5658695852418805,0.0,16.910833333333333,21.11,12.7,3.803217158652842,0.0,0.0,13.1,43.40000000000001,0.7620000000000036,4.318000000000001,35.577762400440406,76.27094417629996,6,321.3,129.29200000000003,1021.8339197429095,40,40
z105_i85,2012,12,2012-08-20,61.287066035030165,71.91256631979729,90.2,91.5,1050.0,,113.0,1324.7680000000005,1.0324688435871077,0.7950367203877511,0.0122560923616486,1.499869398175218,0.0,17.687916666666666,25.76,9.68,2.2672385051846504,0.0,0.0,0.0,13.100000000000014,1.0160000000000036,5.080000000000002,32.33600797064719,70.44218411153997,10,321.3,130.30800000000005,1039.2038754825853,40,40
z105_i85,2012,12,2012-08-22,57.27478236065309,69.80452006788866,72.1,84.0,1050.0,,115.0,1349.5380000000002,1.0324688435871077,0.7717309997840665,0.6137874334924165,3.147804123360602,0.0,21.413750000000004,30.86,11.29,4.591812904924154,0.0,0.0,12.2,25.30000000000001,1.0160000000000036,1.778000000000001,30.742226358823245,68.90753933237283,1,333.5,130.30800000000005,1048.77292894308,40,40
z105_i85,2012,12,2012-08-27,72.07963212475781,61.68864736756986,99.6,93.8,1050.0,,120.0,1412.7830000000004,1.0324688435871077,0.6820051403834738,0.0444603605544136,2.5382517650057053,0.0,22.351250000000004,32.84,11.59,4.604432802676456,0.0,0.0,12.2,12.200000000000014,0.7620000000000036,1.778000000000001,33.44002958407509,65.77603755472228,6,333.5,131.07000000000005,1072.6439050666604,40,40
z105_i85,2012,12,2012-08-29,65.44255839623901,56.81288700606019,79.0,83.7,1050.0,,122.0,1439.3830000000005,1.0324688435871077,0.6281006738126,1.0221369839317245,2.345965456197849,0.0,24.2175,34.84,12.57,4.910846418817528,0.0,0.0,14.2,26.400000000000013,0.7620000000000036,1.778000000000001,34.23754468551488,64.97977104433812,1,347.7,131.07000000000005,1083.0104736285948,40,40
z105_i85,2012,12,2012-09-04,80.08428389879246,32.74012765744618,102.9,94.4,1050.0,,128.0,1523.7230000000002,1.0324688435871077,0.3619618246148792,0.0481723784313617,0.9583001528735888,0.0,20.936666666666664,31.7,8.99,5.4824640327715315,0.0,0.0,0.0,14.200000000000014,0.0,0.7620000000000009,38.209045978219365,72.12755714984087,7,347.7,131.07000000000005,1116.3086731879966,40,40
z105_i85,2012,12,2012-09-06,81.22063388284583,20.02772199112236,104.9,95.8,1050.0,,130.0,1544.8590000000002,1.0324688435871077,0.2214185256280594,0.0627860852407528,0.3716786606347189,0.0,21.002041666666667,31.72,6.672,5.4533833265304565,0.0,0.0,0.0,14.200000000000014,0.0,0.7620000000000009,38.10949743895617,74.1885421511106,9,347.7,131.07000000000005,1127.3905951091083,40,40
z105_i85,2013,1,2013-06-06,24.91078522222663,0.9313134045352356,14.7,12.0,90.0,,23.0,201.63449999999995,0.3298381477900274,0.014686962024777,0.4121976966798398,0.1190408977291393,0.0,16.814875,25.99,5.286,6.198272599140182,0.0,0.0,0.0,0.0,6.096,16.002000000000002,44.82105320122537,87.28158844794416,999,0.0,83.05800000000002,445.64362764055915,100,100
z105_i85,2013,1,2013-06-10,20.481443034681856,1.6266855537784004,18.7,10.1,130.0,,27.0,245.90299999999996,0.3716329768158321,0.0267637554326687,1.3467128793326302,0.3041090364831609,0.0,24.17375,35.34,10.58,6.439476323546842,0.0,0.0,20.3,20.3,6.096,16.002000000000002,40.85664927187827,85.80417321013738,3,20.3,83.05800000000002,471.05069577957585,100,100
z105_i85,2013,1,2013-06-12,23.70086538186425,1.919735644459282,26.3,18.4,150.0,,29.0,273.1979999999999,0.3919165002920148,0.0335970791576863,0.9015046777825656,0.5218973864936852,0.0,24.22125,32.93,14.16,8.838447848334908,0.0,0.0,20.3,20.3,0.0,6.096,49.346285929279475,94.91857060134862,5,20.3,83.05800000000002,488.79164097069844,100,100
z105_i85,2013,1,2013-06-14,16.54283893941906,2.6491263850674813,4.5,5.9,170.0,,31.0,300.41799999999995,0.4118427481181079,0.0462888547118218,5.190183943369019,0.6714926743915921,0.0,23.691666666666674,32.38,14.36,8.314928553532809,0.0,0.0,20.3,40.6,0.0,6.096,52.03894611452597,94.99783964635208,1,40.6,83.05800000000002,503.80023315064574,100,100
z105_i85,2013,1,2013-06-19,25.262243027463533,4.92236137870812,20.1,20.9,220.0,,36.0,362.613,0.460288950839066,0.0925903838027253,0.619723981280411,1.3642808943985174,0.0,23.514166666666668,34.74,12.84,8.67553332587704,0.0,0.0,20.3,40.6,0.0,0.0,49.27305418389733,98.6193401131768,6,40.6,83.05800000000002,538.0646951545957,100,100
z105_i85,2013,1,2013-06-21,17.916407051473367,6.811513941125978,8.0,9.5,240.0,,38.0,391.698,0.4791824155179334,0.1279486339164281,3.0651121790836333,1.4164989018727614,0.0,24.11125,33.06,16.01,6.653141879010946,0.0,0.0,20.3,40.60000000000001,0.254,0.254,48.91174887912348,100.95069499364945,1,60.900000000000006,83.31200000000003,552.7119820297692,100,100
z105_i85,2013,1,2013-06-25,27.251460978447096,11.638562172341246,35.7,24.3,290.0,,42.0,445.303,0.5162427594925265,0.2266775693136765,0.3386310013572599,2.3378904748871303,0.0,25.49,31.31,18.04,6.560590788838454,0.0,0.0,20.3,40.60000000000001,0.762,0.762,49.05450271128211,98.49047141763731,5,60.900000000000006,83.82000000000002,578.4436645400008,100,100
z105_i85,2013,1,2013-06-27,22.41320940844298,16.09816652307922,8.4,16.2,320.0,,44.0,474.053,0.5344405528134383,0.3133539509577994,3.725931568639152,4.04978059022163,0.0,27.743333333333336,35.38,17.84,8.636774873360991,0.0,0.0,20.2,40.5,0.508,0.762,48.230494643212296,98.80403019685764,1,81.10000000000001,83.82000000000002,594.2893347939705,100,100
z105_i85,2013,1,2013-06-30,32.036648532848545,23.439124836449352,35.2,31.8,365.0,,47.0,516.9079999999999,0.5613588043136397,0.4614669088092416,0.1006075243826657,3.8094406369183753,0.0,21.35833333333333,27.27,15.01,5.9909079084172845,0.0,0.0,20.2,40.5,2.032,2.286,50.02835238847183,98.49256238696398,4,81.10000000000001,85.34400000000002,615.1605815259852,100,100
z105_i85,2013,1,2013-07-02,25.064748125606737,32.480718218347256,8.3,23.4,395.0,,49.0,540.3679999999999,0.5790685205413582,0.5975650236913661,1.927338023221455,4.946036626117013,0.0,20.3725,27.31,12.43,6.605367057956755,0.0,0.0,40.5,60.8,2.032,2.794,49.817554780689534,98.87205749197165,1,101.4,85.85200000000002,628.2612193206903,100,100
z105_i85,2013,1,2013-07-04,34.53725888321059,41.72302014476398,45.2,36.6,425.0,,51.0,565.6429999999999,0.5966013738835376,0.668599978452286,1.106077630534797,6.017272359625471,0.0,23.987083333333334,33.14,12.0,7.285675808088854,0.0,0.0,20.3,40.5,2.032,2.54,47.97776487580268,96.20825951901497,3,101.4,85.85200000000002,642.2670996697732,100,100
z105_i85,2013,1,2013-07-09,33.514032168411006,69.12587655468478,38.2,42.5,500.0,,56.0,638.3279999999999,0.639717051975683,0.8119513538394688,0.0660187632688611,6.0950944800668,0.0,25.22458333333333,35.74,13.55,6.5148397772572935,0.0,0.0,25.4,65.9,5.334,7.366,43.796917271538405,93.61447205222794,4,126.80000000000001,91.18600000000002,672.0581365922287,100,100
z105_i85,2013,1,2013-07-11,9.461103616916322,76.05274906725779,28.7,23.1,540.0,,58.0,666.2129999999999,0.6566969823115971,0.8501112625598332,0.7134916465770441,8.195071054789322,0.0,25.98,36.82,14.47,8.513537204824388,0.0,0.0,65.8,86.1,5.334,7.366,45.059855848696316,93.03762072449899,1,167.20000000000002,91.18600000000002,687.3269555184695,100,100
z105_i85,2013,1,2013-07-14,10.48946515120874,82.96847279332422,26.2,30.2,600.0,,61.0,709.9729999999998,0.6819026907621868,0.8882097529886581,0.2758473690081659,4.839626946163662,0.0,20.870833333333334,25.95,15.48,4.9191127277881606,1.016,0.0,40.4,86.1,16.002,21.844,43.899203468216,88.01490514220495,4,167.20000000000002,107.18800000000002,703.1754866681902,100,100
z105_i85,2013,1,2013-07-15,6.304910735409592,84.60379626795662,17.0,28.1,620.0,V13,62.0,724.1879999999999,0.6902371674235308,0.8972186952504034,0.2178952716393547,4.335874667570202,0.0,21.747083333333336,26.28,18.15,4.39152720104903,0.0,8.9,49.3,74.7,16.002,21.336,42.02371705426776,85.91116160650563,0,176.10000000000002,107.18800000000002,707.5670138692392,100,100
z105_i85,2013,1,2013-07-17,5.737471250189724,87.1436869885298,2.7,24.4,660.0,,64.0,750.7229999999998,0.7068091757718169,0.9112108681799396,0.3009707531585909,7.524530221492497,4.290627007912812,23.417083333333334,31.18,14.86,7.590234782546759,0.0,0.0,35.2,101.0,16.002,21.336,43.91466084071726,87.74665529267804,1,202.40000000000003,107.18800000000002,722.7280791543624,100,100
z105_i85,2013,1,2013-07-18,10.072997081876196,88.11517794553913,21.6,30.2,680.0,,65.0,765.0529999999999,0.7150480155526122,0.9165627793310176,0.21382381941143,5.91578032196951,1.0570532387826963,22.232916666666668,33.1,14.66,5.962461876682937,3.048,0.0,35.2,101.0,19.05,24.383999999999997,41.36358551257581,86.42344136127213,2,202.40000000000003,110.23600000000002,728.6905410310453,100,100
z105_i85,2013,1,2013-07-23,21.39851501040228,90.85225411217272,45.2,43.2,780.0,,70.0,831.6079999999998,0.7557946960982431,0.9316516794925108,0.0230668225802429,5.599473955851606,0.01532021520804,21.70375,28.64,13.15,5.665949362330139,0.0,0.0,23.4,99.0,5.334,21.336,39.95403988286853,83.03374766245543,4,225.80000000000004,112.52200000000002,755.0918842546841,100,100
z105_i85,2013,1,2013-07-25,0.61580711522548,91.06793118811257,4.0,14.1,820.0,V18,72.0,857.3679999999998,0.7718948416643985,0.9328393999060842,0.0696886705608611,2.735423612213332,11.356569028508128,19.297083333333333,24.97,14.25,2.8561332554672845,0.0,0.0,63.8,99.0,2.286,21.336,33.982164114073385,75.3457496266492,1,266.20000000000005,112.52200000000002,762.6727051451187,100,100
z105_i85,2013,1,2013-07-28,12.284089017828732,91.06793118811257,29.1,30.6,880.0,,75.0,889.0129999999998,0.7958449462765231,0.9328393999060842,0.0588910701498464,2.2077272949255287,0.0207667187481829,17.42125,22.46,14.06,2.4136024198960513,0.508,0.0,40.4,99.0,1.524,6.8580000000000005,31.678499319357798,71.69425371920806,4,266.20000000000005,114.046,774.8697403873982,100,100
z105_i85,2013,1,2013-07-30,3.260294742564354,91.06793118811257,11.5,10.2,910.0,,77.0,913.9979999999998,0.8116836014365074,0.9328393999060842,0.1319235009043363,5.244502422645221,13.609534395868556,21.17916666666667,30.69,13.01,5.406776956398971,0.0,0.0,70.8,94.19999999999999,1.524,6.8580000000000005,27.09857230790658,67.05261219077511,1,296.6,114.046,782.1904565625907,100,100
z105_i85,2013,1,2013-08-01,15.357556288921542,91.06793118811257,23.3,24.2,930.0,R1,79.0,941.213,0.8274237648947753,0.9328393999060842,0.1110947698592664,4.391746189939226,0.2165133693452942,21.539166666666663,30.19,14.24,4.553128423169255,0.0,0.0,30.4,94.19999999999999,1.524,3.81,29.972168463165872,63.954332577239256,3,296.6,114.046,792.6448736082846,100,100
z105_i85,2013,1,2013-08-06,14.787932046474843,91.06793118811257,20.8,19.9,965.0,,84.0,1010.4479999999998,0.8663637052740347,0.9328393999060842,0.1298538610127933,5.061061868627784,0.2213729753871762,20.744583333333335,30.85,12.62,5.321954455503146,0.0,0.0,25.4,96.19999999999999,20.07,21.593999999999998,37.19177419528387,64.29034650319045,4,322.0,134.116,819.3822307578746,100,100
z105_i85,2013,1,2013-08-08,1.9317201387990504,91.06793118811257,7.9,8.2,975.0,R2,86.0,1031.6729999999998,0.8817830435232892,0.9328393999060842,0.068430009174799,2.538074099830195,1.6212224902687085,17.9425,24.92,12.8,2.804548046377022,0.0,0.0,45.7,76.1,20.07,21.593999999999998,32.98520706994714,62.95737553311301,1,342.3,134.116,825.6300806782317,100,100
z105_i85,2013,1,2013-08-11,15.647980692816672,91.06793118811257,44.3,27.8,990.0,,89.0,1067.393,0.90475248980609,0.9328393999060842,0.0921094069703145,3.538713351994325,0.0063928112265425,21.0375,27.59,14.67,3.7750288285315037,0.0,0.0,20.3,76.1,0.0,20.07,30.79437022570346,64.70460121382166,4,342.3,134.116,839.5743416012199,100,100
z105_i85,2013,1,2013-08-13,1.051574809105193,91.06793118811257,7.6,9.2,1000.0,,91.0,1089.558,0.9199626356631796,0.9328393999060842,0.102855198890684,3.7803228279159873,9.325803617295213,18.892500000000002,26.06,12.06,4.215436335420236,0.762,0.0,45.7,71.1,6.604000000000001,26.674,28.664442912995582,65.85621710827945,1,367.7,140.72000000000003,848.0466736708702,100,100
z105_i85,2013,1,2013-08-15,11.650317519098357,91.06793118811257,31.6,22.8,1010.0,,93.0,1111.578,0.9350932092373764,0.9328393999060842,0.1197242526437159,4.360382709096021,0.2474774729745013,18.963333333333335,28.04,9.83,4.906800728291273,0.0,0.0,25.4,71.1,6.604000000000001,26.674,31.762524253485026,64.74773132343216,3,367.7,140.72000000000003,857.3926049317167,100,100
z105_i85,2013,1,2013-08-20,18.887493362412208,91.06793118811257,53.8,37.8,1035.0,,98.0,1176.4379999999996,0.9725855057138416,0.9328393999060842,0.0304107161649521,5.01281729825741,0.0185731750934149,23.830000000000002,35.32,11.66,5.490727498196065,0.0,0.0,25.4,71.1,0.254,6.8580000000000005,35.3957660344895,64.06020894748508,4,393.09999999999997,140.97400000000002,883.4424397053597,100,100
z105_i85,2013,1,2013-08-22,-5.368523989150201,91.06793118811257,8.4,10.8,1045.0,,100.0,1205.9279999999994,0.987454002100655,0.9328393999060842,0.097864746531239,3.6400158358551793,8.943772119058803,21.340416666666666,28.22,15.02,4.010906720650382,6.858,0.0,60.8,86.2,7.112,13.716000000000001,35.4796203521546,67.24214460563962,1,428.49999999999994,147.83200000000002,892.8722252838713,100,100
z105_i85,2013,1,2013-08-25,12.5066705650236,91.06793118811257,42.0,42.8,1050.0,,103.0,1247.3129999999996,1.009624952480304,0.9328393999060842,0.1187249508276988,4.376257433039342,0.1139405942649647,22.77,31.99,13.55,4.865845159387391,0.762,0.0,35.4,86.2,7.619999999999999,14.478,35.134301971153036,67.83124956247411,4,428.49999999999994,148.59400000000002,907.405591163694,100,100
z105_i85,2013,1,2013-08-27,3.2028651191556143,91.06793118811257,10.4,33.5,1050.0,,105.0,1277.0579999999995,1.024320248613784,0.9328393999060842,0.1300071121040675,4.763185127281656,4.954592244636529,25.059583333333336,32.97,16.27,5.328235326334834,0.0,0.0,59.7,85.1,7.619999999999999,7.873999999999999,34.797323829643574,70.19308986413307,1,452.79999999999995,148.59400000000002,918.2397635350032,100,100
z105_i85,2013,1,2013-08-29,12.349443965952537,91.06793118811257,28.8,48.0,1050.0,,107.0,1305.1229999999996,1.0389491956763328,0.9328393999060842,0.14163949649207,5.15784374350834,0.1719799740050746,24.50916666666667,34.64,14.62,5.804979101521894,0.0,0.0,24.3,85.1,2.54,9.652,35.8371042281251,71.3167245802797,3,452.79999999999995,150.372,928.7093295119964,100,100
z105_i85,2013,1,2013-09-04,18.885981396504334,86.27858225739634,61.0,56.0,1050.0,,113.0,1390.6479999999997,1.046239280646075,0.8837804905382897,0.072406743987542,3.4703932099599952,0.0020579424962522,23.8025,33.49,15.65,4.340326585806906,0.0,0.0,30.4,54.7,0.254,9.652,32.49019912822405,66.53323097547764,5,483.19999999999993,150.626,955.3945495386986,100,100
z105_i85,2013,1,2013-09-06,3.876507045890031,83.74941035802519,19.1,46.0,1050.0,,115.0,1422.1629999999998,1.046239280646075,0.8578733334733593,0.4055810701738973,4.251684037688449,1.2420508489117674,24.721666666666664,34.52,18.52,5.6139699492487125,0.0,0.0,25.4,80.1,0.254,2.794,33.259101307194214,68.41495374022998,1,508.5999999999999,150.626,966.2939003845938,100,100
z105_i85,2013,1,2013-09-17,2.736340208322574,51.2833604881888,23.1,11.7,1050.0,,126.0,1542.573,1.046239280646075,0.5253126825089668,0.8064917081375157,1.1713767096883732,2.1631294726472583,17.775000000000002,28.45,9.7,3.7621738291345537,0.0,0.0,0.0,25.4,43.688,73.91199999999999,15.201894072648429,46.89642286167509,12,508.5999999999999,224.538,997.9506458145668,100,100
z105_i85,2013,2,2013-06-06,24.91078522222663,0.9313134045352356,7.6,11.6,90.0,,23.0,201.63449999999995,0.3298381477900274,0.014686962024777,0.4121976966798398,0.1190408977291393,0.0,16.814875,25.99,5.286,6.198272599140182,0.0,0.0,0.0,0.0,6.096,16.002000000000002,44.82105320122537,87.28158844794416,999,0.0,83.05800000000002,445.64362764055915,100,50
z105_i85,2013,2,2013-06-10,20.481443034681856,1.6266855537784004,20.9,9.5,130.0,,27.0,245.90299999999996,0.3716329768158321,0.0267637554326687,1.3467128793326302,0.3041090364831609,0.0,24.17375,35.34,10.58,6.439476323546842,0.0,0.0,20.3,20.3,6.096,16.002000000000002,40.85664927187827,85.80417321013738,3,20.3,83.05800000000002,471.05069577957585,100,50
z105_i85,2013,2,2013-06-12,23.70086538186425,1.919735644459282,24.5,17.9,150.0,,29.0,273.1979999999999,0.3919165002920148,0.0335970791576863,0.9015046777825656,0.5218973864936852,0.0,24.22125,32.93,14.16,8.838447848334908,0.0,0.0,20.3,20.3,0.0,6.096,49.346285929279475,94.91857060134862,5,20.3,83.05800000000002,488.79164097069844,100,50
z105_i85,2013,2,2013-06-14,16.54283893941906,2.6491263850674813,5.6,5.6,170.0,,31.0,300.41799999999995,0.4118427481181079,0.0462888547118218,5.190183943369019,0.6714926743915921,0.0,23.691666666666674,32.38,14.36,8.314928553532809,0.0,0.0,20.3,40.6,0.0,6.096,52.03894611452597,94.99783964635208,1,40.6,83.05800000000002,503.80023315064574,100,50
z105_i85,2013,2,2013-06-19,25.262243027463533,4.92236137870812,22.9,21.1,220.0,,36.0,362.613,0.460288950839066,0.0925903838027253,0.619723981280411,1.3642808943985174,0.0,23.514166666666668,34.74,12.84,8.67553332587704,0.0,0.0,20.3,40.6,0.0,0.0,49.27305418389733,98.6193401131768,6,40.6,83.05800000000002,538.0646951545957,100,50
z105_i85,2013,2,2013-06-21,17.916407051473367,6.811513941125978,10.0,9.5,240.0,,38.0,391.698,0.4791824155179334,0.1279486339164281,3.0651121790836333,1.4164989018727614,0.0,24.11125,33.06,16.01,6.653141879010946,0.0,0.0,20.3,40.60000000000001,0.254,0.254,48.91174887912348,100.95069499364945,1,60.900000000000006,83.31200000000003,552.7119820297692,100,50
z105_i85,2013,2,2013-06-25,27.251460978447096,11.638562172341246,35.4,25.2,290.0,,42.0,445.303,0.5162427594925265,0.2266775693136765,0.3386310013572599,2.3378904748871303,0.0,25.49,31.31,18.04,6.560590788838454,0.0,0.0,20.3,40.60000000000001,0.762,0.762,49.05450271128211,98.49047141763731,5,60.900000000000006,83.82000000000002,578.4436645400008,100,50
z105_i85,2013,2,2013-06-27,22.19199886401585,16.104969100076648,7.1,17.0,320.0,,44.0,474.053,0.5344405528134383,0.3134930900544144,3.754816946503664,4.051260097208452,0.0,27.743333333333336,35.38,17.84,8.636774873360991,0.0,0.0,20.3,40.6,0.508,0.762,48.230494643212296,98.80403019685764,1,81.2,83.82000000000002,594.2893347939705,100,50
z105_i85,2013,2,2013-06-30,31.910250971899263,23.48952911159548,38.0,33.2,365.0,,47.0,516.9079999999999,0.5613588043136397,0.4619273298462356,0.1019635093406547,3.812281583943298,0.0,21.35833333333333,27.27,15.01,5.9909079084172845,0.0,0.0,20.3,40.6,2.032,2.286,50.02835238847183,98.49256238696398,4,81.2,85.34400000000002,615.1605815259852,100,50
z105_i85,2013,2,2013-07-02,24.95034022289128,32.550565837208694,9.2,24.7,395.0,,49.0,540.3679999999999,0.5790685205413582,0.59791998834995,1.925155861410677,4.948058339956421,0.0,20.3725,27.31,12.43,6.605367057956755,0.0,0.0,40.6,60.900000000000006,2.032,2.794,49.817554780689534,98.87205749197165,1,101.5,85.85200000000002,628.2612193206903,100,50
z105_i85,2013,2,2013-07-04,34.44854538898912,41.8409539244506,48.0,38.5,425.0,,51.0,565.6429999999999,0.5966013738835376,0.6690263638629679,1.113062562932167,6.0198131874103975,0.0,23.987083333333334,33.14,12.0,7.285675808088854,0.0,0.0,20.3,40.60000000000001,2.032,2.54,47.97776487580268,96.20825951901497,3,101.5,85.85200000000002,642.2670996697732,100,50
z105_i85,2013,2,2013-07-09,33.475839497684525,69.20720615524057,37.6,42.7,500.0,,56.0,638.3279999999999,0.639717051975683,0.8122195015725999,0.0662963567790886,6.096349311187256,0.0,25.22458333333333,35.74,13.55,6.5148397772572935,0.0,0.0,25.4,66.0,5.334,7.366,43.796917271538405,93.61447205222794,4,126.9,91.18600000000002,672.0581365922287,100,50
z105_i85,2013,2,2013-07-11,9.422493392264336,76.11311575991837,25.8,21.7,540.0,,58.0,666.2129999999999,0.6566969823115971,0.8503102945442883,0.7122425435762119,8.196254272384161,0.0,25.98,36.82,14.47,8.513537204824388,0.0,0.0,65.8,86.1,5.334,7.366,45.059855848696316,93.03762072449899,1,167.3,91.18600000000002,687.3269555184695,100,50
z105_i85,2013,2,2013-07-14,10.450534916402814,83.00791031784507,19.3,27.7,600.0,,61.0,709.9729999999998,0.6819026907621868,0.888339780466087,0.2753875224909997,4.840056712119516,0.0,20.870833333333334,25.95,15.48,4.9191127277881606,1.016,0.0,40.4,86.1,16.002,21.844,43.899203468216,88.01490514220495,4,167.3,107.18800000000002,703.1754866681902,100,50
z105_i85,2013,2,2013-07-15,9.76590128987367,84.6382847862246,19.2,28.5,620.0,V14,62.0,724.1879999999999,0.6902371674235308,0.8973324056083717,0.2175382046611184,4.3362060403819775,0.0,21.747083333333336,26.28,18.15,4.39152720104903,0.0,5.4,45.8,71.2,16.002,21.336,42.02371705426776,85.91116160650563,0,172.70000000000002,107.18800000000002,707.5670138692392,100,50
z105_i85,2013,2,2013-07-17,5.7300650159171616,87.17048899385235,3.4,19.2,660.0,,64.0,750.7229999999998,0.7068091757718169,0.9112992357228944,0.3004949901370673,7.524965398582266,4.410589913266807,23.417083333333334,31.18,14.86,7.590234782546759,0.0,0.0,35.3,101.1,16.002,21.336,43.91466084071726,87.74665529267804,1,202.60000000000002,107.18800000000002,722.7280791543624,100,50
z105_i85,2013,2,2013-07-18,10.072305715608008,88.13903991184466,18.7,24.2,680.0,,65.0,765.0529999999999,0.7150480155526122,0.9166414534192852,0.2134920625089708,5.91608153579005,1.0738524099858835,22.232916666666668,33.1,14.66,5.962461876682937,3.048,0.0,35.3,101.1,19.05,24.383999999999997,41.36358551257581,86.42344136127213,2,202.60000000000002,110.23600000000002,728.6905410310453,100,50
z105_i85,2013,2,2013-07-23,21.399464889279727,90.8678328199833,39.4,34.2,780.0,,70.0,831.6079999999998,0.7557946960982431,0.9317031474683272,0.0230346769624113,5.599652769452097,0.0153166466323218,21.70375,28.64,13.15,5.665949362330139,0.0,0.0,23.4,99.1,5.334,21.336,39.95403988286853,83.03374766245543,4,226.00000000000003,112.52200000000002,755.0918842546841,100,50
z105_i85,2013,2,2013-07-25,0.6158240446413887,91.08285718885082,-0.4,3.9,820.0,V18,72.0,857.3679999999998,0.7718948416643985,0.9328887115084566,0.0695899086802199,2.73550636170496,11.356350601845577,19.297083333333333,24.97,14.25,2.8561332554672845,0.0,0.0,63.8,99.1,2.286,21.336,33.982164114073385,75.3457496266492,1,266.40000000000003,112.52200000000002,762.6727051451187,100,50
z105_i85,2013,2,2013-07-28,12.283768997276129,91.08285718885082,25.0,19.1,880.0,,75.0,889.0129999999998,0.7958449462765231,0.9328887115084566,0.0588076104885534,2.207793071314709,0.020766566291712,17.42125,22.46,14.06,2.4136024198960513,0.508,0.0,40.4,99.1,1.524,6.8580000000000005,31.678499319357798,71.69425371920806,4,266.40000000000003,114.046,774.8697403873982,100,50
z105_i85,2013,2,2013-07-30,3.253319366155985,91.08285718885082,-0.3,6.4,910.0,,77.0,913.9979999999998,0.8116836014365074,0.9328887115084566,0.1317365406287962,5.24465705437101,13.51387285559855,21.17916666666667,30.69,13.01,5.406776956398971,0.0,0.0,70.7,94.10000000000001,1.524,6.8580000000000005,27.09857230790658,67.05261219077511,1,296.70000000000005,114.046,782.1904565625907,100,50
z105_i85,2013,2,2013-08-01,15.342592991951214,91.08285718885082,23.8,19.5,930.0,R1,79.0,941.213,0.8274237648947753,0.9328887115084566,0.1109373277913894,4.391874305437493,0.2156538562908913,21.539166666666663,30.19,14.24,4.553128423169255,0.0,0.0,30.3,94.10000000000001,1.524,3.81,29.972168463165872,63.954332577239256,3,296.70000000000005,114.046,792.6448736082846,100,50
z105_i85,2013,2,2013-08-06,14.787615733360663,91.08285718885082,18.7,19.9,965.0,,84.0,1010.4479999999998,0.8663637052740347,0.9328887115084566,0.1296698338040817,5.0612054743243045,0.221461675914671,20.744583333333335,30.85,12.62,5.321954455503146,0.0,0.0,25.5,96.20000000000002,20.07,21.593999999999998,37.19177419528387,64.29034650319045,4,322.20000000000005,134.116,819.3822307578746,100,50
z105_i85,2013,2,2013-08-08,1.9314996327804523,91.08285718885082,10.5,8.0,975.0,R2,86.0,1031.6729999999998,0.8817830435232892,0.9328887115084566,0.0683330310527599,2.538145291035633,1.6213032953358792,17.9425,24.92,12.8,2.804548046377022,0.0,0.0,45.8,76.10000000000001,20.07,21.593999999999998,32.98520706994714,62.95737553311301,1,342.50000000000006,134.116,825.6300806782317,100,50
z105_i85,2013,2,2013-08-11,15.647452305168263,91.08285718885082,46.1,26.3,990.0,,89.0,1067.393,0.90475248980609,0.9328887115084566,0.0919788707126428,3.538810858617518,0.006393094608374,21.0375,27.59,14.67,3.7750288285315037,0.0,0.0,20.3,76.10000000000001,0.0,20.07,30.79437022570346,64.70460121382166,4,342.50000000000006,134.116,839.5743416012199,100,50
z105_i85,2013,2,2013-08-13,1.5190456631684204,91.08285718885082,8.1,11.5,1000.0,,91.0,1089.558,0.9199626356631796,0.9328887115084566,0.1027094338359856,3.780425726118749,4.837113899791141,18.892500000000002,26.06,12.06,4.215436335420236,0.762,0.0,40.6,66.10000000000001,6.604000000000001,26.674,28.664442912995582,65.85621710827945,1,362.80000000000007,140.72000000000003,848.0466736708702,100,50
z105_i85,2013,2,2013-08-15,11.6508341932723,91.08285718885082,28.4,23.3,1010.0,,93.0,1111.578,0.9350932092373764,0.9328887115084566,0.1195545809846888,4.360499919061505,0.2130858236354132,18.963333333333335,28.04,9.83,4.906800728291273,0.0,0.0,20.3,66.10000000000001,6.604000000000001,26.674,31.762524253485026,64.74773132343216,3,362.80000000000007,140.72000000000003,857.3926049317167,100,50
z105_i85,2013,2,2013-08-20,35.57951044798524,91.08285718885082,72.1,57.5,1035.0,,98.0,1176.4379999999996,0.9725855057138416,0.9328887115084566,0.0060500155523333,5.012947712321914,1.2865623864172076e-06,23.830000000000002,35.32,11.66,5.490727498196065,0.0,0.0,0.0,40.60000000000001,0.254,6.8580000000000005,35.3957660344895,64.06020894748508,8,362.80000000000007,140.97400000000002,883.4424397053597,100,50
z105_i85,2013,2,2013-08-22,20.27085164135824,91.08285718885082,46.6,46.5,1045.0,,100.0,1205.9279999999994,0.987454002100655,0.9328887115084566,0.09772605388094,3.640109249810578,9.656915117013938e-09,21.340416666666666,28.22,15.02,4.010906720650382,6.858,0.0,17.3,37.60000000000001,7.112,13.716000000000001,35.4796203521546,67.24214460563962,1,380.1000000000001,147.83200000000002,892.8722252838713,100,50
z105_i85,2013,2,2013-08-25,33.05021186987887,91.08285718885082,73.4,62.3,1050.0,,103.0,1247.3129999999996,1.009624952480304,0.9328887115084566,0.1185566953662528,4.376367388607178,7.500187743160202e-12,22.77,31.99,13.55,4.865845159387391,0.762,0.0,17.3,37.60000000000001,7.619999999999999,14.478,35.134301971153036,67.83124956247411,4,380.1000000000001,148.59400000000002,907.405591163694,100,50
z105_i85,2013,2,2013-08-27,30.87405305620366,91.08285718885082,53.8,63.7,1050.0,,105.0,1277.0579999999995,1.024320248613784,0.9328887115084566,0.1298228677098957,4.763303071593923,8.326672684688675e-14,25.059583333333336,32.97,16.27,5.328235326334834,0.0,0.0,29.5,29.500000000000007,7.619999999999999,7.873999999999999,34.797323829643574,70.19308986413307,1,392.30000000000007,148.59400000000002,918.2397635350032,100,50
z105_i85,2013,2,2013-08-29,38.72612574006951,91.08285718885082,76.8,76.6,1050.0,,107.0,1305.1229999999996,1.0389491956763328,0.9328887115084566,0.1414387668335179,5.157969560687947,0.0,24.50916666666667,34.64,14.62,5.804979101521894,0.0,0.0,12.2,29.500000000000007,2.54,9.652,35.8371042281251,71.3167245802797,3,392.30000000000007,150.372,928.7093295119964,100,50
z105_i85,2013,2,2013-09-04,49.63263966651501,86.29272328559001,94.1,89.8,1050.0,,113.0,1390.6479999999997,1.046239280646075,0.8838272087966933,0.0447183698399013,3.470474677027484,0.0,23.8025,33.49,15.65,4.340326585806906,0.0,0.0,12.2,24.400000000000006,0.254,9.652,32.49019912822405,66.53323097547764,5,404.50000000000006,150.626,955.3945495386986,100,50
z105_i85,2013,2,2013-09-06,48.71270409337468,83.76313685586614,77.6,87.0,1050.0,,115.0,1422.1629999999998,1.046239280646075,0.8579186822319026,0.4054066510829316,4.251782954002777,0.0,24.721666666666664,34.52,18.52,5.6139699492487125,0.0,0.0,10.1,34.50000000000001,0.254,2.794,33.259101307194214,68.41495374022998,1,414.6000000000001,150.626,966.2939003845938,100,50
z105_i85,2013,2,2013-09-17,2.7612916063118464,51.29176581228611,38.2,37.4,1050.0,,126.0,1542.573,1.046239280646075,0.5253404515012755,0.8063999018593565,1.1714077312246696,1.3905570970880876,17.775000000000002,28.45,9.7,3.7621738291345537,0.0,0.0,0.0,10.100000000000007,43.688,73.91199999999999,15.201894072648429,46.89642286167509,12,414.6000000000001,224.538,997.9506458145668,100,50
z105_i85,2013,3,2013-06-06,24.91078522222663,0.9313134045352356,12.1,11.4,90.0,,23.0,201.63449999999995,0.3298381477900274,0.014686962024777,0.4121976966798398,0.1190408977291393,0.0,16.814875,25.99,5.286,6.198272599140182,0.0,0.0,0.0,0.0,6.096,16.002000000000002,44.82105320122537,87.28158844794416,999,0.0,83.05800000000002,445.64362764055915,80,80
z105_i85,2013,3,2013-06-10,20.481443034681856,1.6266855537784004,16.0,10.2,130.0,,27.0,245.90299999999996,0.3716329768158321,0.0267637554326687,1.3467128793326302,0.3041090364831609,0.0,24.17375,35.34,10.58,6.439476323546842,0.0,0.0,20.3,20.3,6.096,16.002000000000002,40.85664927187827,85.80417321013738,3,20.3,83.05800000000002,471.05069577957585,80,80
z105_i85,2013,3,2013-06-12,23.70086538186425,1.919735644459282,22.7,18.2,150.0,,29.0,273.1979999999999,0.3919165002920148,0.0335970791576863,0.9015046777825656,0.5218973864936852,0.0,24.22125,32.93,14.16,8.838447848334908,0.0,0.0,20.3,20.3,0.0,6.096,49.346285929279475,94.91857060134862,5,20.3,83.05800000000002,488.79164097069844,80,80
z105_i85,2013,3,2013-06-14,16.54283893941906,2.6491263850674813,2.8,5.7,170.0,,31.0,300.41799999999995,0.4118427481181079,0.0462888547118218,5.190183943369019,0.6714926743915921,0.0,23.691666666666674,32.38,14.36,8.314928553532809,0.0,0.0,20.3,40.6,0.0,6.096,52.03894611452597,94.99783964635208,1,40.6,83.05800000000002,503.80023315064574,80,80
z105_i85,2013,3,2013-06-19,25.262243027463533,4.92236137870812,23.6,21.8,220.0,,36.0,362.613,0.460288950839066,0.0925903838027253,0.619723981280411,1.3642808943985174,0.0,23.514166666666668,34.74,12.84,8.67553332587704,0.0,0.0,20.3,40.6,0.0,0.0,49.27305418389733,98.6193401131768,6,40.6,83.05800000000002,538.0646951545957,80,80
z105_i85,2013,3,2013-06-21,17.916407051473367,6.811513941125978,8.8,10.1,240.0,,38.0,391.698,0.4791824155179334,0.1279486339164281,3.0651121790836333,1.4164989018727614,0.0,24.11125,33.06,16.01,6.653141879010946,0.0,0.0,20.3,40.60000000000001,0.254,0.254,48.91174887912348,100.95069499364945,1,60.900000000000006,83.31200000000003,552.7119820297692,80,80
z105_i85,2013,3,2013-06-25,27.251460978447096,11.638562172341246,34.8,26.3,290.0,,42.0,445.303,0.5162427594925265,0.2266775693136765,0.3386310013572599,2.3378904748871303,0.0,25.49,31.31,18.04,6.560590788838454,0.0,0.0,20.3,40.60000000000001,0.762,0.762,49.05450271128211,98.49047141763731,5,60.900000000000006,83.82000000000002,578.4436645400008,80,80
z105_i85,2013,3,2013-06-27,25.353317093835575,15.613039416133704,9.3,23.0,320.0,,44.0,474.053,0.5344405528134383,0.3060596158555423,2.7480869431232877,3.97186638022519,0.0,27.743333333333336,35.38,17.84,8.636774873360991,0.0,0.0,15.2,35.5,0.508,0.762,48.230494643212296,98.80403019685764,1,76.10000000000001,83.82000000000002,594.2893347939705,80,80
z105_i85,2013,3,2013-06-30,33.69737157292635,22.133217671068863,37.8,37.6,365.0,,47.0,516.9079999999999,0.5613588043136397,0.4338760363731477,0.1298800760750525,3.63633188582604,0.0,21.35833333333333,27.27,15.01,5.9909079084172845,0.0,0.0,15.2,35.5,2.032,2.286,50.02835238847183,98.49256238696398,4,76.10000000000001,85.34400000000002,615.1605815259852,80,80
z105_i85,2013,3,2013-07-02,31.004722020055244,29.769363687323587,13.7,32.8,395.0,,49.0,540.3679999999999,0.5790685205413582,0.5661154850887224,2.12410235972135,4.76373979540583,0.0,20.3725,27.31,12.43,6.605367057956755,0.0,0.0,30.4,50.7,2.032,2.794,49.817554780689534,98.87205749197165,1,91.30000000000001,85.85200000000002,628.2612193206903,80,80
z105_i85,2013,3,2013-07-04,38.93624115509715,36.64817687019971,49.5,43.9,425.0,,51.0,565.6429999999999,0.5966013738835376,0.6136524473440461,0.5344923695773404,5.079424999562111,0.0,23.987083333333334,33.14,12.0,7.285675808088854,0.0,0.0,15.2,30.4,2.032,2.54,47.97776487580268,96.20825951901497,3,91.30000000000001,85.85200000000002,642.2670996697732,80,80
z105_i85,2013,3,2013-07-09,41.32369708414694,63.40685146815691,47.8,49.3,500.0,,56.0,638.3279999999999,0.6396978830743609,0.7615901450387818,0.0584330088422227,5.854502516452209,0.0,25.22458333333333,35.74,13.55,6.5148397772572935,0.0,0.0,20.7,51.099999999999994,5.334,7.366,43.796917271538405,93.61447205222794,4,112.00000000000001,91.18600000000002,672.0581365922287,80,80
z105_i85,2013,3,2013-07-11,25.400772100240584,71.80781699631036,31.3,34.3,540.0,,58.0,666.2129999999999,0.6566778134102751,0.8127307812478503,0.951324368731074,7.969783099117437,0.0,25.98,36.82,14.47,8.513537204824388,0.0,0.0,53.0,68.19999999999999,5.334,7.366,45.059855848696316,93.03762072449899,1,144.3,91.18600000000002,687.3269555184695,80,80
z105_i85,2013,3,2013-07-14,26.45189992053781,80.19526118839873,30.6,40.4,600.0,,61.0,709.9729999999998,0.6818835218608648,0.8637891067122252,0.3628862525002316,4.758264787141185,0.0,20.870833333333334,25.95,15.48,4.9191127277881606,1.016,0.0,32.3,68.19999999999999,16.002,21.844,43.899203468216,88.01490514220495,4,144.3,107.18800000000002,703.1754866681902,80,80
z105_i85,2013,3,2013-07-15,31.158062151888597,81.97814976356418,45.7,46.7,620.0,V13,62.0,724.1879999999999,0.6902179985222088,0.8737505921349418,0.2921218793934397,4.266968755362918,0.0,21.747083333333336,26.28,18.15,4.39152720104903,0.0,0.0,32.3,52.99999999999999,16.002,21.336,42.02371705426776,85.91116160650563,5,144.3,107.18800000000002,707.5670138692392,80,80
z105_i85,2013,3,2013-07-17,20.966671977296485,85.1032226508321,13.8,40.3,660.0,,64.0,750.7229999999998,0.7067900068704949,0.8929731399098151,0.3996783072411011,7.434208174004365,0.0,23.417083333333334,31.18,14.86,7.590234782546759,0.0,0.0,26.2,79.19999999999999,16.002,21.336,43.91466084071726,87.74665529267804,1,170.5,107.18800000000002,722.7280791543624,80,80
z105_i85,2013,3,2013-07-18,24.217532358582638,86.26947364488353,34.6,45.0,680.0,,65.0,765.0529999999999,0.7150288466512902,0.9002122242563312,0.2830887611983217,5.852866005914788,0.0,22.232916666666668,33.1,14.66,5.962461876682937,3.048,0.0,26.2,79.19999999999999,19.05,24.383999999999997,41.36358551257581,86.42344136127213,2,170.5,110.23600000000002,728.6905410310453,80,80
z105_i85,2013,3,2013-07-23,33.98752052745544,89.52631097281478,54.3,60.8,780.0,,70.0,831.6079999999998,0.7557755271969211,0.9194265808669904,0.0302291461197444,5.556840792865758,0.0,21.70375,28.64,13.15,5.665949362330139,0.0,0.0,15.2,73.69999999999999,5.334,21.336,39.95403988286853,83.03374766245543,4,185.7,112.52200000000002,755.0918842546841,80,80
z105_i85,2013,3,2013-07-25,9.484193644782149,89.79754159498452,14.7,37.7,820.0,V18,72.0,857.3679999999998,0.7718756727630764,0.9211265009077564,0.09321836888465,2.715695602937837,0.0,19.297083333333333,24.97,14.25,2.8561332554672845,0.0,0.0,47.6,73.79999999999998,2.286,21.336,33.982164114073385,75.3457496266492,1,218.1,112.52200000000002,762.6727051451187,80,80
z105_i85,2013,3,2013-07-28,19.78830493235019,89.79754159498452,42.4,52.2,880.0,,75.0,889.0129999999998,0.7958257773752011,0.9211265009077564,0.0787750642544665,2.1920430507552746,0.0,17.42125,22.46,14.06,2.4136024198960513,0.508,0.0,32.400000000000006,73.79999999999998,1.524,6.8580000000000005,31.678499319357798,71.69425371920806,4,218.1,114.046,774.8697403873982,80,80
z105_i85,2013,3,2013-07-30,3.163152121284399,89.79754159498452,7.1,24.5,910.0,,77.0,913.9979999999998,0.8116644325351854,0.9211265009077564,0.1764661812728219,5.207626353522513,5.606287957306243,21.17916666666667,30.69,13.01,5.406776956398971,0.0,0.0,68.80000000000001,83.99999999999999,1.524,6.8580000000000005,27.09857230790658,67.05261219077511,1,254.5,114.046,782.1904565625907,80,80
z105_i85,2013,3,2013-08-01,15.456204615493837,89.79754159498452,25.8,36.6,930.0,R1,79.0,941.213,0.8274045959934533,0.9211265009077564,0.1486048328164352,4.361189813344665,0.1833902146792532,21.539166666666663,30.19,14.24,4.553128423169255,0.0,0.0,36.4,83.99999999999999,1.524,3.81,29.972168463165872,63.954332577239256,3,254.5,114.046,792.6448736082846,80,80
z105_i85,2013,3,2013-08-06,14.816389343270682,89.79754159498452,17.3,23.9,965.0,,84.0,1010.4479999999998,0.8663445363727127,0.9211265009077564,0.1736977477051339,5.026799660822299,0.221215220541035,20.744583333333335,30.85,12.62,5.321954455503146,0.0,0.0,25.4,94.19999999999999,20.07,21.593999999999998,37.19177419528387,64.29034650319045,4,279.9,134.116,819.3822307578746,80,80
z105_i85,2013,3,2013-08-08,1.9773147154336157,89.79754159498452,5.2,11.5,975.0,R2,86.0,1031.6729999999998,0.8817638746219671,0.9211265009077564,0.0915347327865223,2.521086543734484,1.5290563055652948,17.9425,24.92,12.8,2.804548046377022,0.0,0.0,45.599999999999994,81.99999999999999,20.07,21.593999999999998,32.98520706994714,62.95737553311301,1,300.09999999999997,134.116,825.6300806782317,80,80
z105_i85,2013,3,2013-08-11,15.69976373391171,89.79754159498452,46.7,28.3,990.0,,89.0,1067.393,0.904733320904768,0.9211265009077564,0.1232092477529254,3.515441333274536,0.0060650490500105,21.0375,27.59,14.67,3.7750288285315037,0.0,0.0,20.2,81.99999999999999,0.0,20.07,30.79437022570346,64.70460121382166,4,300.09999999999997,134.116,839.5743416012199,80,80
z105_i85,2013,3,2013-08-13,1.554708929070824,89.79754159498452,9.5,12.9,1000.0,,91.0,1089.558,0.9199434667618576,0.9211265009077564,0.1375832512620881,3.7557602355484914,4.70762838855184,18.892500000000002,26.06,12.06,4.215436335420236,0.762,0.0,40.4,65.79999999999998,6.604000000000001,26.674,28.664442912995582,65.85621710827945,1,320.29999999999995,140.72000000000003,848.0466736708702,80,80
z105_i85,2013,3,2013-08-15,11.687560530905628,89.79754159498452,31.2,23.8,1010.0,,93.0,1111.578,0.9350740403360542,0.9211265009077564,0.1601479760994172,4.332399348193283,0.2104093660343174,18.963333333333335,28.04,9.83,4.906800728291273,0.0,0.0,20.2,65.79999999999998,6.604000000000001,26.674,31.762524253485026,64.74773132343216,3,320.29999999999995,140.72000000000003,857.3926049317167,80,80
z105_i85,2013,3,2013-08-20,22.595567867330686,89.79754159498452,58.9,42.1,1035.0,,98.0,1176.4379999999996,0.9725663368125196,0.9211265009077564,0.031817450526875,4.981668324284915,1.2913969025951146e-06,23.830000000000002,35.32,11.66,5.490727498196065,0.0,0.0,13.2,53.599999999999994,0.254,6.8580000000000005,35.3957660344895,64.06020894748508,4,333.49999999999994,140.97400000000002,883.4424397053597,80,80
z105_i85,2013,3,2013-08-22,-3.644556740534844,89.79754159498452,21.7,18.9,1045.0,,100.0,1205.9279999999994,0.987434833199333,0.9211265009077564,0.1309078214511872,3.617700175057749,0.0328782991548806,21.340416666666666,28.22,15.02,4.010906720650382,6.858,0.0,41.5,61.69999999999999,7.112,13.716000000000001,35.4796203521546,67.24214460563962,1,361.79999999999995,147.83200000000002,892.8722252838713,80,80
z105_i85,2013,3,2013-08-25,12.547422606875774,89.79754159498452,47.5,43.0,1050.0,,103.0,1247.3129999999996,1.009605783578982,0.9211265009077564,0.1588112697946065,4.349982644713507,0.103623685614503,22.77,31.99,13.55,4.865845159387391,0.762,0.0,28.3,61.69999999999999,7.619999999999999,14.478,35.134301971153036,67.83124956247411,4,361.79999999999995,148.59400000000002,907.405591163694,80,80
z105_i85,2013,3,2013-08-27,4.166583228154907,89.79754159498452,21.8,35.1,1050.0,,105.0,1277.0579999999995,1.024301079712462,0.9211265009077564,0.173902742529162,4.734995718582191,1.893792529713776,25.059583333333336,32.97,16.27,5.328235326334834,0.0,0.0,48.6,61.8,7.619999999999999,7.873999999999999,34.797323829643574,70.19308986413307,1,382.09999999999997,148.59400000000002,918.2397635350032,80,80
z105_i85,2013,3,2013-08-29,12.608171738199108,89.79754159498452,36.0,47.2,1050.0,,107.0,1305.1229999999996,1.0389300267750108,0.9211265009077564,0.1894626877851395,5.127766394206886,0.0794856542118736,24.50916666666667,34.64,14.62,5.804979101521894,0.0,0.0,20.3,61.8,2.54,9.652,35.8371042281251,71.3167245802797,3,382.09999999999997,150.372,928.7093295119964,80,80
z105_i85,2013,3,2013-09-04,18.80920635400558,85.07500365865526,60.6,54.9,1050.0,,113.0,1390.6479999999997,1.046220111744753,0.8726835840146054,0.050475403366983,3.450891423571691,0.0016551939634634,23.8025,33.49,15.65,4.340326585806906,0.0,0.0,24.3,44.599999999999994,0.254,9.652,32.49019912822405,66.53323097547764,5,406.4,150.626,955.3945495386986,80,80
z105_i85,2013,3,2013-09-06,9.827563518776184,82.58111348379761,29.6,49.6,1050.0,,115.0,1422.1629999999998,1.046220111744753,0.8471017218654621,0.4472064417675205,4.227992401483855,1.40074237156329e-05,24.721666666666664,34.52,18.52,5.6139699492487125,0.0,0.0,18.2,62.8,0.254,2.794,33.259101307194214,68.41495374022998,1,424.59999999999997,150.626,966.2939003845938,80,80
z105_i85,2013,3,2013-09-17,2.7625777511374165,50.56796214087976,20.1,10.5,1050.0,,126.0,1542.573,1.046220111744753,0.5187167621464828,0.828484192899677,1.1639387889860018,2.1626802229917685,17.775000000000002,28.45,9.7,3.7621738291345537,0.0,0.0,0.0,18.199999999999992,43.688,73.91199999999999,15.201894072648429,46.89642286167509,12,424.59999999999997,224.538,997.9506458145668,80,80
z105_i85,2013,4,2013-06-06,24.91078522222663,0.9313134045352356,14.5,11.4,90.0,,23.0,201.63449999999995,0.3298381477900274,0.014686962024777,0.4121976966798398,0.1190408977291393,0.0,16.814875,25.99,5.286,6.198272599140182,0.0,0.0,0.0,0.0,6.096,16.002000000000002,44.82105320122537,87.28158844794416,999,0.0,83.05800000000002,445.64362764055915,80,65
z105_i85,2013,4,2013-06-10,20.481443034681856,1.6266855537784004,17.8,10.1,130.0,,27.0,245.90299999999996,0.3716329768158321,0.0267637554326687,1.3467128793326302,0.3041090364831609,0.0,24.17375,35.34,10.58,6.439476323546842,0.0,0.0,20.3,20.3,6.096,16.002000000000002,40.85664927187827,85.80417321013738,3,20.3,83.05800000000002,471.05069577957585,80,65
z105_i85,2013,4,2013-06-12,23.70086538186425,1.919735644459282,22.8,18.0,150.0,,29.0,273.1979999999999,0.3919165002920148,0.0335970791576863,0.9015046777825656,0.5218973864936852,0.0,24.22125,32.93,14.16,8.838447848334908,0.0,0.0,20.3,20.3,0.0,6.096,49.346285929279475,94.91857060134862,5,20.3,83.05800000000002,488.79164097069844,80,65
z105_i85,2013,4,2013-06-14,16.57938823242938,2.6477222069927224,1.8,5.6,170.0,,31.0,300.41799999999995,0.4118427481181079,0.0462613172592125,5.12906002431306,0.671103931072495,0.0,23.691666666666674,32.38,14.36,8.314928553532809,0.0,0.0,20.2,40.5,0.0,6.096,52.03894611452597,94.99783964635208,1,40.5,83.05800000000002,503.80023315064574,80,65
z105_i85,2013,4,2013-06-19,25.272343261318788,4.91740343726465,18.7,20.9,220.0,,36.0,362.613,0.460288950839066,0.0925046352159541,0.6179401449094628,1.363085147290501,0.0,23.514166666666668,34.74,12.84,8.67553332587704,0.0,0.0,20.2,40.5,0.0,0.0,49.27305418389733,98.6193401131768,6,40.5,83.05800000000002,538.0646951545957,80,65
z105_i85,2013,4,2013-06-21,17.92005599529232,6.804368493568299,8.4,9.5,240.0,,38.0,391.698,0.4791824155179334,0.1278221264018865,3.0603840895323318,1.415201856419131,0.0,24.11125,33.06,16.01,6.653141879010946,0.0,0.0,20.3,40.5,0.254,0.254,48.91174887912348,100.95069499364945,1,60.8,83.31200000000003,552.7119820297692,80,65
z105_i85,2013,4,2013-06-25,27.24970015094007,11.62607429248604,32.2,25.3,290.0,,42.0,445.303,0.5162427594925265,0.2264495433626794,0.3394611066790274,2.3358436794872115,0.0,25.49,31.31,18.04,6.560590788838454,0.0,0.0,20.3,40.5,0.762,0.762,49.05450271128211,98.49047141763731,5,60.8,83.82000000000002,578.4436645400008,80,65
z105_i85,2013,4,2013-06-27,25.34973130787796,15.596773264462865,8.6,22.2,320.0,,44.0,474.053,0.5344405528134383,0.3057517356573445,2.7477646665725097,3.968562550207236,0.0,27.743333333333336,35.38,17.84,8.636774873360991,0.0,0.0,15.2,35.5,0.508,0.762,48.230494643212296,98.80403019685764,1,76.0,83.82000000000002,594.2893347939705,80,65
z105_i85,2013,4,2013-06-30,33.68956684337071,22.112946713966554,38.0,36.8,365.0,,47.0,516.9079999999999,0.5613588043136397,0.4334922749513561,0.1302524725207514,3.633883816417521,0.0,21.35833333333333,27.27,15.01,5.9909079084172845,0.0,0.0,15.2,35.5,2.032,2.286,50.02835238847183,98.49256238696398,4,76.0,85.34400000000002,615.1605815259852,80,65
z105_i85,2013,4,2013-07-02,30.993918640837588,29.74293284792172,13.5,31.5,395.0,,49.0,540.3679999999999,0.5790685205413582,0.5658491922212094,2.125797949103694,4.762168877748255,0.0,20.3725,27.31,12.43,6.605367057956755,0.0,0.0,30.4,50.7,2.032,2.794,49.817554780689534,98.87205749197165,1,91.2,85.85200000000002,628.2612193206903,80,65
z105_i85,2013,4,2013-07-04,38.92212255600352,36.62058568621793,49.8,42.3,425.0,,51.0,565.6429999999999,0.5966013738835376,0.6134653524183963,0.5292109466862338,5.079424999562111,0.0,23.987083333333334,33.14,12.0,7.285675808088854,0.0,0.0,15.2,30.4,2.032,2.54,47.97776487580268,96.20825951901497,3,91.2,85.85200000000002,642.2670996697732,80,65
z105_i85,2013,4,2013-07-09,41.23038898835776,63.41597668660559,33.9,44.3,500.0,,56.0,638.3279999999999,0.6396979285770088,0.7617248307411439,0.0590617577170511,5.855159703959956,0.0,25.22458333333333,35.74,13.55,6.5148397772572935,0.0,0.0,20.8,51.2,5.334,7.366,43.796917271538405,93.61447205222794,4,112.0,91.18600000000002,672.0581365922287,80,65
z105_i85,2013,4,2013-07-11,25.207415082483127,71.8145901668877,29.9,27.2,540.0,,58.0,666.2129999999999,0.656677858912923,0.812830751373668,0.9506793300703492,7.970394114455814,0.0,25.98,36.82,14.47,8.513537204824388,0.0,0.0,53.199999999999996,68.39999999999999,5.334,7.366,45.059855848696316,93.03762072449899,1,144.4,91.18600000000002,687.3269555184695,80,65
z105_i85,2013,4,2013-07-14,26.258506147787696,80.19968609672074,27.7,30.7,600.0,,61.0,709.9729999999998,0.6818835673635126,0.8638544171361449,0.3626516236301663,4.758484158520684,0.0,20.870833333333334,25.95,15.48,4.9191127277881606,1.016,0.0,32.39999999999999,68.39999999999999,16.002,21.844,43.899203468216,88.01490514220495,4,144.4,107.18800000000002,703.1754866681902,80,65
z105_i85,2013,4,2013-07-15,30.96530659507026,81.9862488196087,37.7,35.8,620.0,V13,62.0,724.1879999999999,0.6902180440248566,0.8738082788607241,0.2919380760827286,4.2671394339617725,0.0,21.747083333333336,26.28,18.15,4.39152720104903,0.0,0.0,32.39999999999999,53.199999999999996,16.002,21.336,42.02371705426776,85.91116160650563,5,144.4,107.18800000000002,707.5670138692392,80,65
z105_i85,2013,4,2013-07-17,20.57385656627522,85.10951665689886,8.3,26.2,660.0,,64.0,750.7229999999998,0.7067900523731427,0.8930179698998842,0.3994343755908395,7.434431468803075,0.0,23.417083333333334,31.18,14.86,7.590234782546759,0.0,0.0,26.4,79.6,16.002,21.336,43.91466084071726,87.74665529267804,1,170.8,107.18800000000002,722.7280791543624,80,65
z105_i85,2013,4,2013-07-18,23.824695158072483,86.27505800046438,27.3,29.9,680.0,,65.0,765.0529999999999,0.7150288921539381,0.9002510543134524,0.2829234995225367,5.853016177659381,0.0,22.232916666666668,33.1,14.66,5.962461876682937,3.048,0.0,26.4,79.6,19.05,24.383999999999997,41.36358551257581,86.42344136127213,2,170.8,110.23600000000002,728.6905410310453,80,65
z105_i85,2013,4,2013-07-23,33.49545062476849,89.53761238687687,54.2,45.0,780.0,,70.0,831.6079999999998,0.755775572699569,0.9195187610494738,0.0302220339174097,5.557163472446923,0.0,21.70375,28.64,13.15,5.665949362330139,0.0,0.0,15.3,74.1,5.334,21.336,39.95403988286853,83.03374766245543,4,186.10000000000002,112.52200000000002,755.0918842546841,80,65
z105_i85,2013,4,2013-07-25,8.992041237372996,89.80836950938442,12.8,22.6,820.0,V17,72.0,857.3679999999998,0.7718757182657243,0.9212148189819208,0.0930404092052569,2.7158449086578185,0.0,19.297083333333333,24.97,14.25,2.8561332554672845,0.0,0.0,47.699999999999996,74.1,2.286,21.336,33.982164114073385,75.3457496266492,1,218.50000000000003,112.52200000000002,762.6727051451187,80,65
z105_i85,2013,4,2013-07-28,19.29595283260417,89.80836950938442,38.8,37.2,880.0,,75.0,889.0129999999998,0.795825822877849,0.9212148189819208,0.0786246777443116,2.192161772856021,0.0,17.42125,22.46,14.06,2.4136024198960513,0.508,0.0,32.39999999999999,74.1,1.524,6.8580000000000005,31.678499319357798,71.69425371920806,4,218.50000000000003,114.046,774.8697403873982,80,65
z105_i85,2013,4,2013-07-30,3.1418740893832653,89.80836950938442,2.8,9.8,910.0,,77.0,913.9979999999998,0.8116644780378333,0.9212148189819208,0.1761292963281615,5.207905520761606,6.058133718813632,21.17916666666667,30.69,13.01,5.406776956398971,0.0,0.0,68.79999999999998,84.1,1.524,6.8580000000000005,27.09857230790658,67.05261219077511,1,254.90000000000003,114.046,782.1904565625907,80,65
z105_i85,2013,4,2013-08-01,15.455875186473063,89.80836950938442,28.7,22.4,930.0,R1,79.0,941.213,0.8274046414961012,0.9212148189819208,0.1483211369234401,4.36142116638982,0.1864066982945361,21.539166666666663,30.19,14.24,4.553128423169255,0.0,0.0,36.4,84.1,1.524,3.81,29.972168463165872,63.954332577239256,3,254.90000000000003,114.046,792.6448736082846,80,65
z105_i85,2013,4,2013-08-06,14.81613658695,89.80836950938442,17.9,19.4,965.0,,84.0,1010.4479999999998,0.8663445818753606,0.9212148189819208,0.1733661478727965,5.02705915670286,0.2211292549979617,20.744583333333335,30.85,12.62,5.321954455503146,0.0,0.0,25.3,94.1,20.07,21.593999999999998,37.19177419528387,64.29034650319045,4,280.20000000000005,134.116,819.3822307578746,80,65
z105_i85,2013,4,2013-08-08,1.9771476375283488,89.80836950938442,2.3,7.8,975.0,R2,86.0,1031.6729999999998,0.881763920124615,0.9212148189819208,0.0913599872734337,2.5212152222796824,1.5292214285795551,17.9425,24.92,12.8,2.804548046377022,0.0,0.0,45.5,81.9,20.07,21.593999999999998,32.98520706994714,62.95737553311301,1,300.40000000000003,134.116,825.6300806782317,80,65
z105_i85,2013,4,2013-08-11,15.699381232714794,89.80836950938442,43.3,27.2,990.0,,89.0,1067.393,0.9047333664074158,0.9212148189819208,0.122974033615511,3.515617654034077,0.0060656421474979,21.0375,27.59,14.67,3.7750288285315037,0.0,0.0,20.2,81.9,0.0,20.07,30.79437022570346,64.70460121382166,4,300.40000000000003,134.116,839.5743416012199,80,65
z105_i85,2013,4,2013-08-13,1.509442855206342,89.80836950938442,6.8,13.4,1000.0,,91.0,1089.558,0.9199435122645054,0.9212148189819208,0.1373205962555972,3.755946362463376,4.955800492565757,18.892500000000002,26.06,12.06,4.215436335420236,0.762,0.0,40.7,66.0,6.604000000000001,26.674,28.664442912995582,65.85621710827945,1,320.90000000000003,140.72000000000003,848.0466736708702,80,65
z105_i85,2013,4,2013-08-15,11.686963396296544,89.80836950938442,29.9,26.4,1010.0,,93.0,1111.578,0.935074085838702,0.9212148189819208,0.1598422436260527,4.332611429719054,0.2148590783647359,18.963333333333335,28.04,9.83,4.906800728291273,0.0,0.0,20.5,66.0,6.604000000000001,26.674,31.762524253485026,64.74773132343216,3,320.90000000000003,140.72000000000003,857.3926049317167,80,65
z105_i85,2013,4,2013-08-20,25.539286259957816,89.80836950938442,64.7,53.7,1035.0,,98.0,1176.4379999999996,0.9725663823151672,0.9212148189819208,0.0159456471607235,4.981904496110498,1.3065292975151506e-06,23.830000000000002,35.32,11.66,5.490727498196065,0.0,0.0,10.2,50.900000000000006,0.254,6.8580000000000005,35.3957660344895,64.06020894748508,4,331.1,140.97400000000002,883.4424397053597,80,65
z105_i85,2013,4,2013-08-22,4.358248175672027,89.80836950938442,26.8,37.5,1045.0,,100.0,1205.9279999999994,0.9874348787019808,0.9212148189819208,0.130657910256492,3.6178694028178695,1.1056930000608837e-08,21.340416666666666,28.22,15.02,4.010906720650382,6.858,0.0,33.4,53.9,7.112,13.716000000000001,35.4796203521546,67.24214460563962,1,354.3,147.83200000000002,892.8722252838713,80,65
z105_i85,2013,4,2013-08-25,17.181193127566733,89.80836950938442,63.0,55.3,1050.0,,103.0,1247.3129999999996,1.00960582908163,0.9212148189819208,0.1585080891769362,4.350181952013443,8.588924673618941e-12,22.77,31.99,13.55,4.865845159387391,0.762,0.0,23.2,53.9,7.619999999999999,14.478,35.134301971153036,67.83124956247411,4,354.3,148.59400000000002,907.405591163694,80,65
z105_i85,2013,4,2013-08-27,10.939114170026087,89.80836950938442,36.9,52.0,1050.0,,105.0,1277.0579999999995,1.02430112521511,0.9212148189819208,0.1735707513489218,4.73520959137764,1.0547118733938988e-13,25.059583333333336,32.97,16.27,5.328235326334834,0.0,0.0,39.5,49.7,7.619999999999999,7.873999999999999,34.797323829643574,70.19308986413307,1,370.6,148.59400000000002,918.2397635350032,80,65
z105_i85,2013,4,2013-08-29,18.82538580125093,89.80836950938442,52.6,64.1,1050.0,,107.0,1305.1229999999996,1.0389300722776589,0.9212148189819208,0.1891009916990718,5.127994637661372,0.0,24.50916666666667,34.64,14.62,5.804979101521894,0.0,0.0,16.3,49.7,2.54,9.652,35.8371042281251,71.3167245802797,3,370.6,150.372,928.7093295119964,80,65
z105_i85,2013,4,2013-09-04,23.700416364645204,85.08526212276047,78.2,75.0,1050.0,,113.0,1390.6479999999997,1.0462201572474008,0.8727672573574298,0.0418594647300179,3.451039610115988,0.0,23.8025,33.49,15.65,4.340326585806906,0.0,0.0,18.3,34.6,0.254,9.652,32.49019912822405,66.53323097547764,5,388.90000000000003,150.626,955.3945495386986,80,65
z105_i85,2013,4,2013-09-06,17.71831509435111,82.59107123110303,54.8,69.8,1050.0,,115.0,1422.1629999999998,1.0462201572474008,0.8471829424064222,0.4468910993909571,4.2281725191661,0.0,24.721666666666664,34.52,18.52,5.6139699492487125,0.0,0.0,15.2,49.8,0.254,2.794,33.259101307194214,68.41495374022998,1,404.1,150.626,966.2939003845938,80,65
z105_i85,2013,4,2013-09-17,2.7623522432477725,50.574059697179344,19.2,22.3,1050.0,,126.0,1542.573,1.0462201572474008,0.5187664969716389,0.8283169737285837,1.1639953920256,2.1626836220521226,17.775000000000002,28.45,9.7,3.7621738291345537,0.0,0.0,0.0,15.2,43.688,73.91199999999999,15.201894072648429,46.89642286167509,12,404.1,224.538,997.9506458145668,80,65
z105_i85,2013,5,2013-06-06,24.91078522222663,0.9313134045352356,12.8,11.1,90.0,,23.0,201.63449999999995,0.3298381477900274,0.014686962024777,0.4121976966798398,0.1190408977291393,0.0,16.814875,25.99,5.286,6.198272599140182,0.0,0.0,0.0,0.0,6.096,16.002000000000002,44.82105320122537,87.28158844794416,999,0.0,83.05800000000002,445.64362764055915,80,50
z105_i85,2013,5,2013-06-10,19.929634264030412,1.647600577283171,16.3,9.8,130.0,,27.0,245.90299999999996,0.3716329768158321,0.0269126512612175,1.3902848778611412,0.3057744435434338,0.0,24.17375,35.34,10.58,6.439476323546842,0.0,0.0,21.0,21.0,6.096,16.002000000000002,40.85664927187827,85.80417321013738,3,21.0,83.05800000000002,471.05069577957585,80,50
z105_i85,2013,5,2013-06-12,23.242495340879127,1.9630454731002396,21.7,17.5,150.0,,29.0,273.1979999999999,0.3919165002920148,0.0339872000333344,0.9374615052592006,0.5278378945978032,0.0,24.22125,32.93,14.16,8.838447848334908,0.0,0.0,21.0,21.0,0.0,6.096,49.346285929279475,94.91857060134862,5,21.0,83.05800000000002,488.79164097069844,80,50
z105_i85,2013,5,2013-06-14,16.000133102390475,2.715030842654812,0.5,5.2,170.0,,31.0,300.41799999999995,0.4118427481181079,0.0469449287296643,5.0969103330539,0.6807506790451069,0.0,23.691666666666674,32.38,14.36,8.314928553532809,0.0,0.0,20.3,41.3,0.0,6.096,52.03894611452597,94.99783964635208,1,41.3,83.05800000000002,503.80023315064574,80,50
z105_i85,2013,5,2013-06-19,24.859330725460765,5.098366341684306,19.8,20.7,220.0,,36.0,362.613,0.460288950839066,0.0945855380086849,0.5993884719101282,1.3920685443101557,0.0,23.514166666666668,34.74,12.84,8.67553332587704,0.0,0.0,20.3,41.3,0.0,0.0,49.27305418389733,98.6193401131768,6,41.3,83.05800000000002,538.0646951545957,80,50
z105_i85,2013,5,2013-06-21,17.521510649588045,7.060340649557055,8.3,9.3,240.0,,38.0,391.698,0.4791824155179334,0.1305785972991886,3.115631339407368,1.4434187349063758,0.0,24.11125,33.06,16.01,6.653141879010946,0.0,0.0,20.3,40.6,0.254,0.254,48.91174887912348,100.95069499364945,1,61.599999999999994,83.31200000000003,552.7119820297692,80,50
z105_i85,2013,5,2013-06-25,27.070243132245228,12.112839201466238,33.4,24.8,290.0,,42.0,445.303,0.5162427594925265,0.2320275630507463,0.3729473380450054,2.385750756811136,0.0,25.49,31.31,18.04,6.560590788838454,0.0,0.0,20.3,40.6,0.762,0.762,49.05450271128211,98.49047141763731,5,61.599999999999994,83.82000000000002,578.4436645400008,80,50
z105_i85,2013,5,2013-06-27,25.28636183010962,16.258842253154466,9.4,21.0,320.0,,44.0,474.053,0.5344405528134383,0.3134411206981713,2.8213776451667387,4.050707521008211,0.0,27.743333333333336,35.38,17.84,8.636774873360991,0.0,0.0,15.2,35.5,0.508,0.762,48.230494643212296,98.80403019685764,1,76.8,83.82000000000002,594.2893347939705,80,50
z105_i85,2013,5,2013-06-30,33.83758301123204,23.04767604853125,35.9,35.1,365.0,,47.0,516.9079999999999,0.5613588043136397,0.4441375214821252,0.1305748937064723,3.701377775640625,0.0,21.35833333333333,27.27,15.01,5.9909079084172845,0.0,0.0,15.2,35.5,2.032,2.286,50.02835238847183,98.49256238696398,4,76.8,85.34400000000002,615.1605815259852,80,50
z105_i85,2013,5,2013-07-02,31.193380291796966,30.99670727656369,12.3,30.0,395.0,,49.0,540.3679999999999,0.5790685205413582,0.5771402522298865,2.054344135041101,4.828368901988134,0.0,20.3725,27.31,12.43,6.605367057956755,0.0,0.0,30.5,50.8,2.032,2.794,49.817554780689534,98.87205749197165,1,92.1,85.85200000000002,628.2612193206903,80,50
z105_i85,2013,5,2013-07-04,39.322897788925296,38.07764022671659,48.6,41.0,425.0,,51.0,565.6429999999999,0.5966013738835376,0.6230533446733408,0.7247734205563106,5.079424999562111,0.0,23.987083333333334,33.14,12.0,7.285675808088854,0.0,0.0,15.3,30.5,2.032,2.54,47.97776487580268,96.20825951901497,3,92.1,85.85200000000002,642.2670996697732,80,50
z105_i85,2013,5,2013-07-09,42.26305279256743,64.28972789488019,44.8,43.2,500.0,,56.0,638.3279999999999,0.6396955677420094,0.7653261013624325,0.0548795909782475,5.872703175779705,0.0,25.22458333333333,35.74,13.55,6.5148397772572935,0.0,0.0,20.3,50.8,5.334,7.366,43.796917271538405,93.61447205222794,4,112.39999999999999,91.18600000000002,672.0581365922287,80,50
z105_i85,2013,5,2013-07-11,26.235410576483574,72.4631298165513,27.1,26.0,540.0,,58.0,666.2129999999999,0.6566754980779236,0.8155037854879055,0.9334506553673364,7.986714042460777,0.0,25.98,36.82,14.47,8.513537204824388,0.0,0.0,52.699999999999996,68.0,5.334,7.366,45.059855848696316,93.03762072449899,1,144.79999999999998,91.18600000000002,687.3269555184695,80,50
z105_i85,2013,5,2013-07-14,27.282988852963413,80.62337666529562,26.1,29.4,600.0,,61.0,709.9729999999998,0.6818812065285133,0.8656007087380058,0.3563818404156679,4.764346138694585,0.0,20.870833333333334,25.95,15.48,4.9191127277881606,1.016,0.0,32.39999999999999,68.0,16.002,21.844,43.899203468216,88.01490514220495,4,144.79999999999998,107.18800000000002,703.1754866681902,80,50
z105_i85,2013,5,2013-07-15,31.998878644821065,82.33964129321735,39.7,34.5,620.0,V13,62.0,724.1879999999999,0.6902156831898573,0.8754237988382381,0.2867934367865011,4.271916611595091,0.0,21.747083333333336,26.28,18.15,4.39152720104903,0.0,0.0,32.39999999999999,52.7,16.002,21.336,42.02371705426776,85.91116160650563,5,144.79999999999998,107.18800000000002,707.5670138692392,80,50
z105_i85,2013,5,2013-07-17,21.804817980698104,85.3841479670935,6.9,25.0,660.0,,64.0,750.7229999999998,0.7067876915381434,0.8942734362756668,0.3926057264959895,7.44068223468346,0.0,23.417083333333334,31.18,14.86,7.590234782546759,0.0,0.0,26.2,78.9,16.002,21.336,43.91466084071726,87.74665529267804,1,170.99999999999997,107.18800000000002,722.7280791543624,80,50
z105_i85,2013,5,2013-07-18,25.05469673745955,86.52109352067609,25.6,28.7,680.0,,65.0,765.0529999999999,0.7150265313189387,0.9013738171366272,0.2781466139127672,5.857356760185746,0.0,22.232916666666668,33.1,14.66,5.962461876682937,3.048,0.0,26.2,78.9,19.05,24.383999999999997,41.36358551257581,86.42344136127213,2,170.99999999999997,110.23600000000002,728.6905410310453,80,50
z105_i85,2013,5,2013-07-23,34.83135678383224,89.68098950394501,49.4,41.7,780.0,,70.0,831.6079999999998,0.7557732118645696,0.9201334105726529,0.029800158197608,5.559314591277145,0.0,21.70375,28.64,13.15,5.665949362330139,0.0,0.0,15.2,73.80000000000001,5.334,21.336,39.95403988286853,83.03374766245543,4,186.19999999999996,112.52200000000002,755.0918842546841,80,50
z105_i85,2013,5,2013-07-25,10.32690062065327,89.94573950060763,8.9,19.2,820.0,V18,72.0,857.3679999999998,0.7718733574307249,0.9218037162992264,0.0918540033306387,2.716840248229896,0.0,19.297083333333333,24.97,14.25,2.8561332554672845,0.0,0.0,47.6,73.8,2.286,21.336,33.982164114073385,75.3457496266492,1,218.59999999999997,112.52200000000002,762.6727051451187,80,50
z105_i85,2013,5,2013-07-28,20.628278960761627,89.94573950060763,35.5,34.3,880.0,,75.0,889.0129999999998,0.7958234620428496,0.9218037162992264,0.0776220942393312,2.192953220193131,0.0,17.42125,22.46,14.06,2.4136024198960513,0.508,0.0,32.400000000000006,73.8,1.524,6.8580000000000005,31.678499319357798,71.69425371920806,4,218.59999999999997,114.046,774.8697403873982,80,50
z105_i85,2013,5,2013-07-30,3.19930843423423,89.94573950060763,6.5,7.3,910.0,,77.0,913.9979999999998,0.8116621172028339,0.9218037162992264,0.1738833815300536,5.209766544308977,5.063925600179105,21.17916666666667,30.69,13.01,5.406776956398971,0.0,0.0,68.80000000000001,84.0,1.524,6.8580000000000005,27.09857230790658,67.05261219077511,1,254.99999999999997,114.046,782.1904565625907,80,50
z105_i85,2013,5,2013-08-01,15.453547586333611,89.94573950060763,21.8,20.4,930.0,R1,79.0,941.213,0.8274022806611018,0.9218037162992264,0.1464298181977473,4.362963433177207,0.1801658640373767,21.539166666666663,30.19,14.24,4.553128423169255,0.0,0.0,36.4,84.0,1.524,3.81,29.972168463165872,63.954332577239256,3,254.99999999999997,114.046,792.6448736082846,80,50
z105_i85,2013,5,2013-08-06,14.813033206065365,89.94573950060763,14.7,18.5,965.0,,84.0,1010.4479999999998,0.8663422210403612,0.9218037162992264,0.1711554673947855,5.02878899881494,0.2212215202131461,20.744583333333335,30.85,12.62,5.321954455503146,0.0,0.0,25.4,94.19999999999999,20.07,21.593999999999998,37.19177419528387,64.29034650319045,4,280.4,134.116,819.3822307578746,80,50
z105_i85,2013,5,2013-08-08,1.948651011188825,89.94573950060763,2.6,6.0,975.0,R2,86.0,1031.6729999999998,0.8817615592896156,0.9218037162992264,0.0901950093188857,2.5220730076318887,1.6014859589233712,17.9425,24.92,12.8,2.804548046377022,0.0,0.0,45.7,82.1,20.07,21.593999999999998,32.98520706994714,62.95737553311301,1,300.7,134.116,825.6300806782317,80,50
z105_i85,2013,5,2013-08-11,15.68765545431194,89.94573950060763,38.6,23.0,990.0,,89.0,1067.393,0.9047310055724164,0.9218037162992264,0.1214059287764074,3.5167930127406914,0.006322981526604,21.0375,27.59,14.67,3.7750288285315037,0.0,0.0,20.3,82.1,0.0,20.07,30.79437022570346,64.70460121382166,4,300.7,134.116,839.5743416012199,80,50
z105_i85,2013,5,2013-08-13,1.5361780397029374,89.94573950060763,0.2,7.6,1000.0,,91.0,1089.558,0.919941151429506,0.9218037162992264,0.1355695510538903,3.757187078303683,4.7980392196987705,18.892500000000002,26.06,12.06,4.215436335420236,0.762,0.0,40.6,66.0,6.604000000000001,26.674,28.664442912995582,65.85621710827945,1,321.0,140.72000000000003,848.0466736708702,80,50
z105_i85,2013,5,2013-08-15,11.683236444910287,89.94573950060763,21.0,18.6,1010.0,,93.0,1111.578,0.9350717250037028,0.9218037162992264,0.157804013372446,4.33402514520374,0.2120737714826643,18.963333333333335,28.04,9.83,4.906800728291273,0.0,0.0,20.3,66.0,6.604000000000001,26.674,31.762524253485026,64.74773132343216,3,321.0,140.72000000000003,857.3926049317167,80,50
z105_i85,2013,5,2013-08-20,35.41559234574164,89.94573950060763,67.1,50.3,1035.0,,98.0,1176.4379999999996,0.972564021480168,0.9218037162992264,0.0088978513617467,4.983478756861926,1.1365910517203773e-06,23.830000000000002,35.32,11.66,5.490727498196065,0.0,0.0,0.0,40.6,0.254,6.8580000000000005,35.3957660344895,64.06020894748508,8,321.0,140.97400000000002,883.4424397053597,80,50
z105_i85,2013,5,2013-08-22,20.13090661946337,89.94573950060763,39.6,38.4,1045.0,,100.0,1205.9279999999994,0.9874325178669816,0.9218037162992264,0.1289918243738335,3.618997419860201,9.618769000857865e-09,21.340416666666666,28.22,15.02,4.010906720650382,6.858,0.0,17.3,37.6,7.112,13.716000000000001,35.4796203521546,67.24214460563962,1,338.3,147.83200000000002,892.8722252838713,80,50
z105_i85,2013,5,2013-08-25,32.94916525364407,89.94573950060763,67.4,59.7,1050.0,,103.0,1247.3129999999996,1.0096034682466306,0.9218037162992264,0.1564868714095126,4.351510447644862,7.439702358134716e-12,22.77,31.99,13.55,4.865845159387391,0.762,0.0,17.3,37.6,7.619999999999999,14.478,35.134301971153036,67.83124956247411,4,338.3,148.59400000000002,907.405591163694,80,50
z105_i85,2013,5,2013-08-27,30.70342214737952,89.94573950060763,46.4,59.1,1050.0,,105.0,1277.0579999999995,1.0242987643801107,0.9218037162992264,0.1713574618672734,4.7366351578557655,8.326672684688675e-14,25.059583333333336,32.97,16.27,5.328235326334834,0.0,0.0,29.6,29.6,7.619999999999999,7.873999999999999,34.797323829643574,70.19308986413307,1,350.6,148.59400000000002,918.2397635350032,80,50
z105_i85,2013,5,2013-08-29,38.58601696714819,89.94573950060763,66.0,70.1,1050.0,,107.0,1305.1229999999996,1.0389277114426594,0.9218037162992264,0.1866896681745485,5.129515973356218,0.0,24.50916666666667,34.64,14.62,5.804979101521894,0.0,0.0,12.3,29.6,2.54,9.652,35.8371042281251,71.3167245802797,3,350.6,150.372,928.7093295119964,80,50
z105_i85,2013,5,2013-09-04,49.508260294679175,85.21540769577196,86.8,83.2,1050.0,,113.0,1390.6479999999997,1.0462177964124015,0.8733251840059154,0.0106662213066727,3.452027258350421,0.0,23.8025,33.49,15.65,4.340326585806906,0.0,0.0,12.2,24.5,0.254,9.652,32.49019912822405,66.53323097547764,5,362.8,150.626,955.3945495386986,80,50
z105_i85,2013,5,2013-09-06,48.62208161246652,82.71740171446568,72.2,80.7,1050.0,,115.0,1422.1629999999998,1.0462177964124015,0.8477245139831816,0.4447890036420767,4.229372949143009,0.0,24.721666666666664,34.52,18.52,5.6139699492487125,0.0,0.0,10.1,34.6,0.254,2.794,33.259101307194214,68.41495374022998,1,372.90000000000003,150.626,966.2939003845938,80,50
z105_i85,2013,5,2013-09-17,2.784824028289218,50.65141727726542,29.6,30.0,1050.0,,126.0,1542.573,1.0462177964124015,0.5190981245052821,0.8272025127750396,1.1643726137722672,1.369995204178287,17.775000000000002,28.45,9.7,3.7621738291345537,0.0,0.0,0.0,10.1,43.688,73.91199999999999,15.201894072648429,46.89642286167509,12,372.90000000000003,224.538,997.9506458145668,80,50
z105_i85,2013,6,2013-06-06,24.91078522222663,0.9313134045352356,12.0,12.4,90.0,,23.0,201.63449999999995,0.3298381477900274,0.014686962024777,0.4121976966798398,0.1190408977291393,0.0,16.814875,25.99,5.286,6.198272599140182,0.0,0.0,0.0,0.0,6.096,16.002000000000002,44.82105320122537,87.28158844794416,999,0.0,83.05800000000002,445.64362764055915,80,40
z105_i85,2013,6,2013-06-10,19.929634264030412,1.647600577283171,10.2,9.9,130.0,,27.0,245.90299999999996,0.3716329768158321,0.0269126512612175,1.3902848778611412,0.3057744435434338,0.0,24.17375,35.34,10.58,6.439476323546842,0.0,0.0,21.0,21.0,6.096,16.002000000000002,40.85664927187827,85.80417321013738,3,21.0,83.05800000000002,471.05069577957585,80,40
z105_i85,2013,6,2013-06-12,23.242495340879127,1.9630454731002396,19.8,17.8,150.0,,29.0,273.1979999999999,0.3919165002920148,0.0339872000333344,0.9374615052592006,0.5278378945978032,0.0,24.22125,32.93,14.16,8.838447848334908,0.0,0.0,21.0,21.0,0.0,6.096,49.346285929279475,94.91857060134862,5,21.0,83.05800000000002,488.79164097069844,80,40
z105_i85,2013,6,2013-06-14,16.000133102390475,2.715030842654812,1.2,5.6,170.0,,31.0,300.41799999999995,0.4118427481181079,0.0469449287296643,5.0969103330539,0.6807506790451069,0.0,23.691666666666674,32.38,14.36,8.314928553532809,0.0,0.0,20.3,41.3,0.0,6.096,52.03894611452597,94.99783964635208,1,41.3,83.05800000000002,503.80023315064574,80,40
z105_i85,2013,6,2013-06-19,24.859330725460765,5.098366341684306,25.7,22.0,220.0,,36.0,362.613,0.460288950839066,0.0945855380086849,0.5993884719101282,1.3920685443101557,0.0,23.514166666666668,34.74,12.84,8.67553332587704,0.0,0.0,20.3,41.3,0.0,0.0,49.27305418389733,98.6193401131768,6,41.3,83.05800000000002,538.0646951545957,80,40
z105_i85,2013,6,2013-06-21,17.734464776732338,7.056395790743626,5.5,10.5,240.0,,38.0,391.698,0.4791824155179334,0.1305103352378587,3.071129312644728,1.4427210874721106,0.0,24.11125,33.06,16.01,6.653141879010946,0.0,0.0,20.2,40.5,0.254,0.254,48.91174887912348,100.95069499364945,1,61.5,83.31200000000003,552.7119820297692,80,40
z105_i85,2013,6,2013-06-25,27.207326092339148,12.075842296444248,32.3,27.2,290.0,,42.0,445.303,0.5162427594925265,0.2318300669552355,0.3704913651782081,2.3839895001010314,0.0,25.49,31.31,18.04,6.560590788838454,0.0,0.0,20.2,40.5,0.762,0.762,49.05450271128211,98.49047141763731,5,61.5,83.82000000000002,578.4436645400008,80,40
z105_i85,2013,6,2013-06-27,25.36365727404732,16.202168920172006,9.3,23.7,320.0,,44.0,474.053,0.5344405528134383,0.3131664880754874,2.817282791771241,4.047786846581981,0.0,27.743333333333336,35.38,17.84,8.636774873360991,0.0,0.0,15.2,35.400000000000006,0.508,0.762,48.230494643212296,98.80403019685764,1,76.7,83.82000000000002,594.2893347939705,80,40
z105_i85,2013,6,2013-06-30,33.881460162338286,22.94916266633746,40.0,37.9,365.0,,47.0,516.9079999999999,0.5613588043136397,0.4437115243766888,0.1301163515269172,3.698693233148117,0.0,21.35833333333333,27.27,15.01,5.9909079084172845,0.0,0.0,15.2,35.400000000000006,2.032,2.286,50.02835238847183,98.49256238696398,4,76.7,85.34400000000002,615.1605815259852,80,40
z105_i85,2013,6,2013-07-02,31.31894958870551,30.851139457623344,15.3,33.0,395.0,,49.0,540.3679999999999,0.5790685205413582,0.576273247966288,2.059799046734403,4.823315073986641,0.0,20.3725,27.31,12.43,6.605367057956755,0.0,0.0,30.4,50.599999999999994,2.032,2.794,49.817554780689534,98.87205749197165,1,91.9,85.85200000000002,628.2612193206903,80,40
z105_i85,2013,6,2013-07-04,39.40577899674442,37.853582509303166,52.4,43.6,425.0,,51.0,565.6429999999999,0.5966013738835376,0.6218289987013796,0.7096579837357067,5.079424999562111,0.0,23.987083333333334,33.14,12.0,7.285675808088854,0.0,0.0,15.2,30.4,2.032,2.54,47.97776487580268,96.20825951901497,3,91.9,85.85200000000002,642.2670996697732,80,40
z105_i85,2013,6,2013-07-09,42.33745245325847,64.06772534812997,49.9,47.0,500.0,,56.0,638.3279999999999,0.6396958724796131,0.7641810026971823,0.0538821296782572,5.8671308340754855,0.0,25.22458333333333,35.74,13.55,6.5148397772572935,0.0,0.0,20.2,50.599999999999994,5.334,7.366,43.796917271538405,93.61447205222794,4,112.10000000000001,91.18600000000002,672.0581365922287,80,40
z105_i85,2013,6,2013-07-11,26.310993366854856,72.29834898130859,30.2,30.4,540.0,,58.0,666.2129999999999,0.6566758028155273,0.8146538388667636,0.938924993741036,7.981528454499216,0.0,25.98,36.82,14.47,8.513537204824388,0.0,0.0,52.6,67.8,5.334,7.366,45.059855848696316,93.03762072449899,1,144.5,91.18600000000002,687.3269555184695,80,40
z105_i85,2013,6,2013-07-14,27.359462948774546,80.51572544333807,28.6,35.4,600.0,,61.0,709.9729999999998,0.681881511266117,0.865045439114388,0.3583746548128886,4.7624829610312345,0.0,20.870833333333334,25.95,15.48,4.9191127277881606,1.016,0.0,32.400000000000006,67.8,16.002,21.844,43.899203468216,88.01490514220495,4,144.5,107.18800000000002,703.1754866681902,80,40
z105_i85,2013,6,2013-07-15,32.07211387190218,82.2424038567002,39.4,41.1,620.0,V14,62.0,724.1879999999999,0.690215987927461,0.8749100823194064,0.2884287903768723,4.270398086348119,0.0,21.747083333333336,26.28,18.15,4.39152720104903,0.0,0.0,32.400000000000006,52.6,16.002,21.336,42.02371705426776,85.91116160650563,5,144.5,107.18800000000002,707.5670138692392,80,40
z105_i85,2013,6,2013-07-17,21.778771335310356,85.30858199841853,9.3,33.6,660.0,,64.0,750.7229999999998,0.7067879962757471,0.8938742126046171,0.3947765989034349,7.438695111353581,0.0,23.417083333333334,31.18,14.86,7.590234782546759,0.0,0.0,26.3,78.9,16.002,21.336,43.91466084071726,87.74665529267804,1,170.8,107.18800000000002,722.7280791543624,80,40
z105_i85,2013,6,2013-07-18,25.02891419627907,86.45338716522708,30.1,38.1,680.0,,65.0,765.0529999999999,0.7150268360565424,0.9010165913750648,0.2796661205613143,5.855976066685063,0.0,22.232916666666668,33.1,14.66,5.962461876682937,3.048,0.0,26.3,78.9,19.05,24.383999999999997,41.36358551257581,86.42344136127213,2,170.8,110.23600000000002,728.6905410310453,80,40
z105_i85,2013,6,2013-07-23,34.80360507150019,89.63626801479406,54.6,53.9,780.0,,70.0,831.6079999999998,0.7557735166021733,0.9198841174624866,0.0299488952756534,5.558442228788736,0.0,21.70375,28.64,13.15,5.665949362330139,0.0,0.0,15.2,73.9,5.334,21.336,39.95403988286853,83.03374766245543,4,186.0,112.52200000000002,755.0918842546841,80,40
z105_i85,2013,6,2013-07-25,10.29947542691162,89.90289172477156,12.8,31.1,820.0,V18,72.0,857.3679999999998,0.7718736621683286,0.9215648679177288,0.0923351478709088,2.716436598342938,0.0,19.297083333333333,24.97,14.25,2.8561332554672845,0.0,0.0,47.6,73.9,2.286,21.336,33.982164114073385,75.3457496266492,1,218.4,112.52200000000002,762.6727051451187,80,40
z105_i85,2013,6,2013-07-28,20.6016438935343,89.90289172477156,39.6,46.4,880.0,,75.0,889.0129999999998,0.7958237667804533,0.9215648679177288,0.0780286899835924,2.1926322584093443,0.0,17.42125,22.46,14.06,2.4136024198960513,0.508,0.0,32.400000000000006,73.9,1.524,6.8580000000000005,31.678499319357798,71.69425371920806,4,218.4,114.046,774.8697403873982,80,40
z105_i85,2013,6,2013-07-30,3.1983812828977127,89.90289172477156,2.9,19.6,910.0,,77.0,913.9979999999998,0.8116624219404376,0.9215648679177288,0.1747942078047205,5.209011831704284,5.011251155979805,21.17916666666667,30.69,13.01,5.406776956398971,0.0,0.0,68.80000000000001,84.0,1.524,6.8580000000000005,27.09857230790658,67.05261219077511,1,254.8,114.046,782.1904565625907,80,40
z105_i85,2013,6,2013-08-01,15.454370221431724,89.90289172477156,31.8,32.6,930.0,R1,79.0,941.213,0.8274025853987055,0.9215648679177288,0.1471968387412612,4.3623379903404365,0.1797843032914537,21.539166666666663,30.19,14.24,4.553128423169255,0.0,0.0,36.4,84.0,1.524,3.81,29.972168463165872,63.954332577239256,3,254.8,114.046,792.6448736082846,80,40
z105_i85,2013,6,2013-08-06,14.813988342258623,89.90289172477156,19.0,20.8,965.0,,84.0,1010.4479999999998,0.8663425257779649,0.9215648679177288,0.1720520044610901,5.028087494579085,0.2210444797931742,20.744583333333335,30.85,12.62,5.321954455503146,0.0,0.0,25.2,94.0,20.07,21.593999999999998,37.19177419528387,64.29034650319045,4,280.0,134.116,819.3822307578746,80,40
z105_i85,2013,6,2013-08-08,1.9757086243503077,89.90289172477156,3.8,8.9,975.0,R2,86.0,1031.6729999999998,0.8817618640272193,0.9215648679177288,0.0906674638088352,2.521725150716604,1.5298521874226112,17.9425,24.92,12.8,2.804548046377022,0.0,0.0,45.4,81.80000000000001,20.07,21.593999999999998,32.98520706994714,62.95737553311301,1,300.2,134.116,825.6300806782317,80,40
z105_i85,2013,6,2013-08-11,15.696041404308724,89.90289172477156,46.0,27.3,990.0,,89.0,1067.393,0.90473131031002,0.9215648679177288,0.1220418705717468,3.5163163737133214,0.0060679016458919,21.0375,27.59,14.67,3.7750288285315037,0.0,0.0,20.2,81.80000000000001,0.0,20.07,30.79437022570346,64.70460121382166,4,300.2,134.116,839.5743416012199,80,40
z105_i85,2013,6,2013-08-13,1.553101504960769,89.90289172477156,6.8,12.9,1000.0,,91.0,1089.558,0.9199414561671098,0.9215648679177288,0.1362796839490418,3.7566839375262577,4.7092281603075286,18.892500000000002,26.06,12.06,4.215436335420236,0.762,0.0,40.4,65.60000000000001,6.604000000000001,26.674,28.664442912995582,65.85621710827945,1,320.4,140.72000000000003,848.0466736708702,80,40
z105_i85,2013,6,2013-08-15,11.684563148729248,89.90289172477156,29.1,24.8,1010.0,,93.0,1111.578,0.9350720297413064,0.9215648679177288,0.1586306135935987,4.333451851528005,0.2104376864075404,18.963333333333335,28.04,9.83,4.906800728291273,0.0,0.0,20.2,65.60000000000001,6.604000000000001,26.674,31.762524253485026,64.74773132343216,3,320.4,140.72000000000003,857.3926049317167,80,40
z105_i85,2013,6,2013-08-20,35.409483907743045,89.90289172477156,68.8,57.5,1035.0,,98.0,1176.4379999999996,0.9725643262177716,0.9215648679177288,0.0089522054399383,4.982840366492372,1.1310575664331158e-06,23.830000000000002,35.32,11.66,5.490727498196065,0.0,0.0,0.0,40.400000000000006,0.254,6.8580000000000005,35.3957660344895,64.06020894748508,8,320.4,140.97400000000002,883.4424397053597,80,40
z105_i85,2013,6,2013-08-22,23.325699282372327,89.90289172477156,49.0,48.5,1045.0,,100.0,1205.9279999999994,0.9874328226045852,0.9215648679177288,0.1296675021863024,3.618539991612944,9.571892827463113e-09,21.340416666666666,28.22,15.02,4.010906720650382,6.858,0.0,14.1,34.300000000000004,7.112,13.716000000000001,35.4796203521546,67.24214460563962,1,334.5,147.83200000000002,892.8722252838713,80,40
z105_i85,2013,6,2013-08-25,36.14541994446109,89.90289172477156,74.9,69.8,1050.0,,103.0,1247.3129999999996,1.0096037729842342,0.9215648679177288,0.1573065722507663,4.350971726821179,7.399378768117726e-12,22.77,31.99,13.55,4.865845159387391,0.762,0.0,14.1,34.300000000000004,7.619999999999999,14.478,35.134301971153036,67.83124956247411,4,334.5,148.59400000000002,907.405591163694,80,40
z105_i85,2013,6,2013-08-27,36.10081997681069,89.90289172477156,53.5,69.5,1050.0,,105.0,1277.0579999999995,1.0242990691177143,0.9215648679177288,0.1722550570098085,4.736057077084477,1.249000902703301e-13,25.059583333333336,32.97,16.27,5.328235326334834,0.0,0.0,24.2,24.200000000000006,7.619999999999999,7.873999999999999,34.797323829643574,70.19308986413307,1,344.6,148.59400000000002,918.2397635350032,80,40
z105_i85,2013,6,2013-08-29,43.98456188941277,89.90289172477156,78.3,77.7,1050.0,,107.0,1305.1229999999996,1.038928016180263,0.9215648679177288,0.1876675756288778,5.12889906107913,0.0,24.50916666666667,34.64,14.62,5.804979101521894,0.0,0.0,10.1,24.200000000000006,2.54,9.652,35.8371042281251,71.3167245802797,3,344.6,150.372,928.7093295119964,80,40
z105_i85,2013,6,2013-09-04,67.11410572792401,85.1748133251325,97.0,90.6,1050.0,,113.0,1390.6479999999997,1.0462181011500051,0.8730988968874838,0.0158339947683578,3.451626775913716,0.0,23.8025,33.49,15.65,4.340326585806906,0.0,0.0,0.0,10.100000000000007,0.254,9.652,32.49019912822405,66.53323097547764,9,344.6,150.626,955.3945495386986,80,40
z105_i85,2013,6,2013-09-06,75.39399334441386,82.67799732793128,96.4,93.9,1050.0,,115.0,1422.1629999999998,1.0462181011500051,0.8475048602493763,0.0239347684217796,4.2288861931932775,0.0,24.721666666666664,34.52,18.52,5.6139699492487125,0.0,0.0,0.0,10.100000000000007,0.254,2.794,33.259101307194214,68.41495374022998,11,344.6,150.626,966.2939003845938,80,40
z105_i85,2013,6,2013-09-17,23.97800104277718,50.62728827921254,33.1,38.0,1050.0,,126.0,1542.573,1.0462181011500051,0.518963621091286,0.8276544086673099,1.1642196604301691,0.0,17.775000000000002,28.45,9.7,3.7621738291345537,0.0,0.0,0.0,0.0,43.688,73.91199999999999,15.201894072648429,46.89642286167509,22,344.6,224.538,997.9506458145668,80,40
z105_i85,2013,7,2013-06-06,24.91078522222663,0.9313134045352356,13.0,11.3,90.0,,23.0,201.63449999999995,0.3298381477900274,0.014686962024777,0.4121976966798398,0.1190408977291393,0.0,16.814875,25.99,5.286,6.198272599140182,0.0,0.0,0.0,0.0,6.096,16.002000000000002,44.82105320122537,87.28158844794416,999,0.0,83.05800000000002,445.64362764055915,65,80
z105_i85,2013,7,2013-06-10,20.711418476670143,1.620830836487384,18.3,10.7,130.0,,27.0,245.90299999999996,0.3716329768158321,0.0267512772698984,1.3396793533554128,0.3039694544424829,0.0,24.17375,35.34,10.58,6.439476323546842,0.0,0.0,20.2,20.2,6.096,16.002000000000002,40.85664927187827,85.80417321013738,3,20.2,83.05800000000002,471.05069577957585,65,80
z105_i85,2013,7,2013-06-12,23.904494898977383,1.904707502926369,22.5,18.6,150.0,,29.0,273.1979999999999,0.3919165002920148,0.0335756414790721,0.898698550231589,0.5215708686158788,0.0,24.22125,32.93,14.16,8.838447848334908,0.0,0.0,20.2,20.2,0.0,6.096,49.346285929279475,94.91857060134862,5,20.2,83.05800000000002,488.79164097069844,65,80
z105_i85,2013,7,2013-06-14,16.6143461096029,2.6254509248016453,0.7,6.1,170.0,,31.0,300.41799999999995,0.4118427481181079,0.0462562804759604,5.183651768763565,0.6710328259713407,0.0,23.691666666666674,32.38,14.36,8.314928553532809,0.0,0.0,20.3,40.5,0.0,6.096,52.03894611452597,94.99783964635208,1,40.5,83.05800000000002,503.80023315064574,65,80
z105_i85,2013,7,2013-06-19,25.26791914262169,4.874084103647564,19.3,22.5,220.0,,36.0,362.613,0.460288950839066,0.0925266632422413,0.619696139851327,1.3633923353984785,0.0,23.514166666666668,34.74,12.84,8.67553332587704,0.0,0.0,20.3,40.5,0.0,0.0,49.27305418389733,98.6193401131768,6,40.5,83.05800000000002,538.0646951545957,65,80
z105_i85,2013,7,2013-06-21,17.954099593201875,6.741597873610264,6.3,10.7,240.0,,38.0,391.698,0.4791824155179334,0.1277986033872302,3.0220393996702484,1.4149606600105926,0.0,24.11125,33.06,16.01,6.653141879010946,0.0,0.0,20.2,40.5,0.254,0.254,48.91174887912348,100.95069499364945,1,60.7,83.31200000000003,552.7119820297692,65,80
z105_i85,2013,7,2013-06-25,27.234026235881405,11.518402417487057,33.3,27.2,290.0,,42.0,445.303,0.5162427594925265,0.2263353922593862,0.3442266850274093,2.334818829345597,0.0,25.49,31.31,18.04,6.560590788838454,0.0,0.0,20.2,40.5,0.762,0.762,49.05450271128211,98.49047141763731,5,60.7,83.82000000000002,578.4436645400008,65,80
z105_i85,2013,7,2013-06-27,27.34779016223368,15.29192185454636,12.2,26.4,320.0,,44.0,474.053,0.5344405528134383,0.3029356618295812,2.4670924858832217,3.9382861145429207,0.0,27.743333333333336,35.38,17.84,8.636774873360991,0.0,0.0,12.2,32.4,0.508,0.762,48.230494643212296,98.80403019685764,1,72.9,83.82000000000002,594.2893347939705,65,80
z105_i85,2013,7,2013-06-30,35.09236627976185,21.186651375843034,41.1,39.1,365.0,,47.0,516.9079999999999,0.5613588043136397,0.415054583828472,0.0876427918051434,3.514934283934623,0.0,21.35833333333333,27.27,15.01,5.9909079084172845,0.0,0.0,12.2,32.4,2.032,2.286,50.02835238847183,98.49256238696398,4,72.9,85.34400000000002,615.1605815259852,65,80
z105_i85,2013,7,2013-07-02,35.08598363712269,28.086200003835664,22.0,36.2,395.0,,49.0,540.3679999999999,0.5790685205413582,0.5294215801010934,2.362618051502177,4.542761464372996,0.0,20.3725,27.31,12.43,6.605367057956755,0.0,0.0,24.4,44.599999999999994,2.032,2.794,49.817554780689534,98.87205749197165,1,85.10000000000001,85.85200000000002,628.2612193206903,65,80
z105_i85,2013,7,2013-07-04,42.39155079217583,33.15219468475637,53.3,45.5,425.0,,51.0,565.6429999999999,0.5966013738835376,0.5523753414206007,0.0477662576173662,4.939430885350911,0.0,23.987083333333334,33.14,12.0,7.285675808088854,0.0,0.0,12.2,24.4,2.032,2.54,47.97776487580268,96.20825951901497,3,85.10000000000001,85.85200000000002,642.2670996697732,65,80
z105_i85,2013,7,2013-07-09,47.59449953438054,57.10269592228674,47.7,49.8,500.0,,56.0,638.3279999999999,0.6397069513143046,0.697281124249878,0.0370989016473501,4.890560088845004,0.0,25.22458333333333,35.74,13.55,6.5148397772572935,0.0,0.0,16.7,41.099999999999994,5.334,7.366,43.796917271538405,93.61447205222794,4,101.80000000000001,91.18600000000002,672.0581365922287,65,80
z105_i85,2013,7,2013-07-11,38.70623810137563,67.12857330494329,36.8,38.9,540.0,,58.0,666.2129999999999,0.656665937824825,0.7649975713619361,1.2653616152403573,7.672310116299354,0.0,25.98,36.82,14.47,8.513537204824388,0.0,0.0,42.0,54.2,5.334,7.366,45.059855848696316,93.03762072449899,1,127.10000000000001,91.18600000000002,687.3269555184695,65,80
z105_i85,2013,7,2013-07-14,39.783111301091466,77.1380347203415,37.1,42.3,600.0,,61.0,709.9729999999998,0.6818716462754146,0.8326050289970741,0.4761385432202819,4.652348629574595,0.0,20.870833333333334,25.95,15.48,4.9191127277881606,1.016,0.0,25.3,54.2,16.002,21.844,43.899203468216,88.01490514220495,4,127.10000000000001,107.18800000000002,703.1754866681902,65,80
z105_i85,2013,7,2013-07-16,36.126271636725576,81.50184518420332,18.2,39.5,640.0,,63.0,736.2929999999999,0.6985080625376017,0.8620784957998932,0.5679690651033327,7.278216224060409,0.0,21.122916666666665,27.83,12.38,7.5708305025764275,0.0,0.0,41.7,58.39999999999999,16.002,21.336,43.0797077795869,86.8766250511253,1,143.5,107.18800000000002,715.1378443718156,65,80
z105_i85,2013,7,2013-07-18,47.403081863651664,83.28815067846237,50.5,51.3,680.0,,65.0,765.0529999999999,0.7150169710658401,0.8723018173627723,0.4028900336043438,5.743925056466094,0.0,22.232916666666668,33.1,14.66,5.962461876682937,3.048,0.0,16.4,58.39999999999999,19.05,24.383999999999997,41.36358551257581,86.42344136127213,3,143.5,110.23600000000002,728.6905410310453,65,80
z105_i85,2013,7,2013-07-23,59.759862023579934,86.40230635894352,64.2,65.5,780.0,,70.0,831.6079999999998,0.7557545502341456,0.8907171962560677,0.0207347702016655,5.290650909281332,0.0,21.70375,28.64,13.15,5.665949362330139,0.0,0.0,12.2,53.9,5.334,21.336,39.95403988286853,83.03374766245543,4,155.7,112.52200000000002,755.0918842546841,65,80
z105_i85,2013,7,2013-07-25,49.37931692230016,86.8044245958138,43.7,55.5,820.0,V18,72.0,857.3679999999998,0.7718507566107292,0.8936199643510778,0.149071021170443,2.6687610425698205,0.0,19.297083333333333,24.97,14.25,2.8561332554672845,0.0,0.0,30.5,46.9,2.286,21.336,33.982164114073385,75.3457496266492,1,174.0,112.52200000000002,762.6727051451187,65,80
z105_i85,2013,7,2013-07-28,59.73871955637165,86.8044245958138,65.5,69.2,880.0,,75.0,889.0129999999998,0.7958008612228539,0.8936199643510778,0.1259738763044832,2.15470703790266,0.0,17.42125,22.46,14.06,2.4136024198960513,0.508,0.0,18.3,46.9,1.524,6.8580000000000005,31.678499319357798,71.69425371920806,4,174.0,114.046,774.8697403873982,65,80
z105_i85,2013,7,2013-07-30,14.813868254627906,86.8044245958138,13.0,25.5,910.0,,77.0,913.9979999999998,0.8116395163828382,0.8936199643510778,0.2821975342321162,5.119807941128736,0.0,21.17916666666667,30.69,13.01,5.406776956398971,0.0,0.0,70.8,83.0,1.524,6.8580000000000005,27.09857230790658,67.05261219077511,1,226.5,114.046,782.1904565625907,65,80
z105_i85,2013,7,2013-08-01,25.53809343540868,86.8044245958138,34.7,38.1,930.0,R1,79.0,941.213,0.827379679841106,0.8936199643510778,0.2376427998458227,4.288390864316344,0.0,21.539166666666663,30.19,14.24,4.553128423169255,0.0,0.0,52.5,83.0,1.524,3.81,29.972168463165872,63.954332577239256,3,226.5,114.046,792.6448736082846,65,80
z105_i85,2013,7,2013-08-06,14.962100651011328,86.8044245958138,19.7,22.0,965.0,,84.0,1010.4479999999998,0.8663196202203655,0.8936199643510778,0.2777703679566748,4.945081037713032,0.2078298296510655,20.744583333333335,30.85,12.62,5.321954455503146,0.0,0.0,30.4,101.19999999999999,20.07,21.593999999999998,37.19177419528387,64.29034650319045,4,256.9,134.116,819.3822307578746,65,80
z105_i85,2013,7,2013-08-08,2.0417467463128403,86.8044245958138,3.4,10.3,975.0,R2,86.0,1031.6729999999998,0.8817389584696199,0.8936199643510778,0.1463786188528494,2.4805505265459877,1.4175947767660813,17.9425,24.92,12.8,2.804548046377022,0.0,0.0,50.599999999999994,103.1,20.07,21.593999999999998,32.98520706994714,62.95737553311301,1,277.09999999999997,134.116,825.6300806782317,65,80
z105_i85,2013,7,2013-08-11,15.809393048150902,86.8044245958138,41.7,28.7,990.0,,89.0,1067.393,0.9047084047524206,0.8936199643510778,0.1970312139112651,3.459868269443223,0.0068242168578568,21.0375,27.59,14.67,3.7750288285315037,0.0,0.0,20.2,103.1,0.0,20.07,30.79437022570346,64.70460121382166,4,277.09999999999997,134.116,839.5743416012199,65,80
z105_i85,2013,7,2013-08-13,1.585701792595416,86.8044245958138,4.7,14.2,1000.0,,91.0,1089.558,0.9199185506095104,0.8936199643510778,0.2200175352453133,3.6970751989591615,4.685447803505547,18.892500000000002,26.06,12.06,4.215436335420236,0.762,0.0,40.5,70.9,6.604000000000001,26.674,28.664442912995582,65.85621710827945,1,297.4,140.72000000000003,848.0466736708702,65,80
z105_i85,2013,7,2013-08-15,11.752730448731178,86.8044245958138,27.5,26.0,1010.0,,93.0,1111.578,0.935049124183707,0.8936199643510778,0.2561021247331757,4.265505832844032,0.210071273320933,18.963333333333335,28.04,9.83,4.906800728291273,0.0,0.0,20.3,70.9,6.604000000000001,26.674,31.762524253485026,64.74773132343216,3,297.4,140.72000000000003,857.3926049317167,65,80
z105_i85,2013,7,2013-08-20,22.593406637267417,86.8044245958138,52.7,45.0,1035.0,,98.0,1176.4379999999996,0.9725414206601722,0.8936199643510778,0.0492440375979922,4.907101845604815,1.290543292518045e-06,23.830000000000002,35.32,11.66,5.490727498196065,0.0,0.0,13.2,53.7,0.254,6.8580000000000005,35.3957660344895,64.06020894748508,4,310.59999999999997,140.97400000000002,883.4424397053597,65,80
z105_i85,2013,7,2013-08-22,-3.599447285990702,86.8044245958138,14.5,21.9,1045.0,,100.0,1205.9279999999994,0.9874099170469858,0.8936199643510778,0.2093424596076568,3.5642471114782044,0.0211603766102369,21.340416666666666,28.22,15.02,4.010906720650382,6.858,0.0,41.5,61.8,7.112,13.716000000000001,35.4796203521546,67.24214460563962,1,338.9,147.83200000000002,892.8722252838713,65,80
z105_i85,2013,7,2013-08-25,12.650577495530328,86.8044245958138,41.1,43.4,1050.0,,103.0,1247.3129999999996,1.0095808674266349,0.8936199643510778,0.2539645184196638,4.286986184222199,0.1026370812936033,22.77,31.99,13.55,4.865845159387391,0.762,0.0,28.3,61.8,7.619999999999999,14.478,35.134301971153036,67.83124956247411,4,338.9,148.59400000000002,907.405591163694,65,80
z105_i85,2013,7,2013-08-27,4.245020930978079,86.8044245958138,13.0,35.6,1050.0,,105.0,1277.0579999999995,1.0242761635601147,0.8936199643510778,0.2780981873351744,4.6673636055556775,1.801930432777727,25.059583333333336,32.97,16.27,5.328235326334834,0.0,0.0,48.6,61.8,7.619999999999999,7.873999999999999,34.797323829643574,70.19308986413307,1,359.2,148.59400000000002,918.2397635350032,65,80
z105_i85,2013,7,2013-08-29,12.73738421237391,86.8044245958138,27.6,47.6,1050.0,,107.0,1305.1229999999996,1.0389051106226634,0.8936199643510778,0.3029810184382911,5.055554515306325,0.0760447725966817,24.50916666666667,34.64,14.62,5.804979101521894,0.0,0.0,20.3,61.8,2.54,9.652,35.8371042281251,71.3167245802797,3,359.2,150.372,928.7093295119964,65,80
z105_i85,2013,7,2013-09-04,18.8651752338368,82.23929752313836,51.4,54.9,1050.0,,113.0,1390.6479999999997,1.0461951955924056,0.8466236423209781,0.0682692019078455,3.403865512528689,0.0016356764382314,23.8025,33.49,15.65,4.340326585806906,0.0,0.0,24.3,44.6,0.254,9.652,32.49019912822405,66.53323097547764,5,383.5,150.626,955.3945495386986,65,80
z105_i85,2013,7,2013-09-06,9.97235368164094,79.8285332885219,22.8,48.6,1050.0,,115.0,1422.1629999999998,1.0461951955924056,0.8218057017675112,0.5465541489025183,4.170765883143557,1.3842254359373276e-05,24.721666666666664,34.52,18.52,5.6139699492487125,0.0,0.0,18.2,62.8,0.254,2.794,33.259101307194214,68.41495374022998,1,401.7,150.626,966.2939003845938,65,80
z105_i85,2013,7,2013-09-17,2.8261696296366927,48.88243908079474,11.4,6.4,1050.0,,126.0,1542.573,1.0461951955924056,0.5032269227308507,0.8816055229193199,1.1459210502645805,2.1615993070553245,17.775000000000002,28.45,9.7,3.7621738291345537,0.0,0.0,0.0,18.2,43.688,73.91199999999999,15.201894072648429,46.89642286167509,12,401.7,224.538,997.9506458145668,65,80
z105_i85,2013,8,2013-06-06,24.91078522222663,0.9313134045352356,13.6,11.6,90.0,,23.0,201.63449999999995,0.3298381477900274,0.014686962024777,0.4121976966798398,0.1190408977291393,0.0,16.814875,25.99,5.286,6.198272599140182,0.0,0.0,0.0,0.0,6.096,16.002000000000002,44.82105320122537,87.28158844794416,999,0.0,83.05800000000002,445.64362764055915,65,65
z105_i85,2013,8,2013-06-10,19.31547474913684,1.6698238228480384,13.0,10.1,130.0,,27.0,245.90299999999996,0.3716329768158321,0.0271569270931075,1.4503112439574657,0.308506051767178,0.0,24.17375,35.34,10.58,6.439476323546842,0.0,0.0,22.0,22.0,6.096,16.002000000000002,40.85664927187827,85.80417321013738,3,22.0,83.05800000000002,471.05069577957585,65,65
z105_i85,2013,8,2013-06-12,22.746327350650606,2.009559368045577,20.1,17.7,150.0,,29.0,273.1979999999999,0.3919165002920148,0.0345858132857619,0.9890292469926272,0.5369479058882369,0.0,24.22125,32.93,14.16,8.838447848334908,0.0,0.0,22.0,22.0,0.0,6.096,49.346285929279475,94.91857060134862,5,22.0,83.05800000000002,488.79164097069844,65,65
z105_i85,2013,8,2013-06-14,13.937730209897868,2.784742691204339,-0.8,3.8,170.0,,31.0,300.41799999999995,0.4118427481181079,0.0479272184232873,5.332263479628157,0.6945986319094708,0.0,23.691666666666674,32.38,14.36,8.314928553532809,0.0,0.0,21.8,43.8,0.0,6.096,52.03894611452597,94.99783964635208,1,43.8,83.05800000000002,503.80023315064574,65,65
z105_i85,2013,8,2013-06-19,23.18143692151885,5.429547373776674,20.9,20.1,220.0,,36.0,362.613,0.460288950839066,0.098806234591556,0.6465731284157055,1.4506357793209264,0.0,23.514166666666668,34.74,12.84,8.67553332587704,0.0,0.0,21.8,43.8,0.0,0.0,49.27305418389733,98.6193401131768,6,43.8,83.05800000000002,538.0646951545957,65,65
z105_i85,2013,8,2013-06-21,16.071159795929987,7.523983917119772,6.2,8.6,240.0,,38.0,391.698,0.4791824155179334,0.136678837133433,3.103245706371746,1.505534271150156,0.0,24.11125,33.06,16.01,6.653141879010946,0.0,0.0,20.3,42.1,0.254,0.254,48.91174887912348,100.95069499364945,1,64.1,83.31200000000003,552.7119820297692,65,65
z105_i85,2013,8,2013-06-25,26.16799230265376,13.099976052738556,33.9,25.1,290.0,,42.0,445.303,0.5162427594925265,0.2454422686438061,0.4187048845209172,2.504399528947048,0.0,25.49,31.31,18.04,6.560590788838454,0.0,0.0,20.3,42.1,0.762,0.762,49.05450271128211,98.49047141763731,5,64.1,83.82000000000002,578.4436645400008,65,65
z105_i85,2013,8,2013-06-27,26.70468029070038,17.434268494788682,12.3,24.6,320.0,,44.0,474.053,0.5344405528134383,0.3296689086933224,2.676936396014755,4.22156886061455,0.0,27.743333333333336,35.38,17.84,8.636774873360991,0.0,0.0,12.2,32.5,0.508,0.762,48.230494643212296,98.80403019685764,1,76.3,83.82000000000002,594.2893347939705,65,65
z105_i85,2013,8,2013-06-30,35.19506759932685,24.28443049972808,42.2,37.2,365.0,,47.0,516.9079999999999,0.5613588043136397,0.4536599728580698,0.0863422480061651,3.7610328553974655,0.0,21.35833333333333,27.27,15.01,5.9909079084172845,0.0,0.0,12.2,32.5,2.032,2.286,50.02835238847183,98.49256238696398,4,76.3,85.34400000000002,615.1605815259852,65,65
z105_i85,2013,8,2013-07-02,35.727285074205305,32.09203679732697,21.0,34.2,395.0,,49.0,540.3679999999999,0.5790685205413582,0.5648824235609082,2.13195799035997,4.756461766296837,0.0,20.3725,27.31,12.43,6.605367057956755,0.0,0.0,24.4,44.7,2.032,2.794,49.817554780689534,98.87205749197165,1,88.5,85.85200000000002,628.2612193206903,65,65
z105_i85,2013,8,2013-07-04,43.72467177136088,37.487811243666535,52.8,43.3,425.0,,51.0,565.6429999999999,0.5966013738835376,0.5853671658886853,0.5108540045324892,4.970903798541267,0.0,23.987083333333334,33.14,12.0,7.285675808088854,0.0,0.0,12.2,24.4,2.032,2.54,47.97776487580268,96.20825951901497,3,88.5,85.85200000000002,642.2670996697732,65,65
z105_i85,2013,8,2013-07-09,49.55760799440284,60.58056697123001,53.0,49.0,500.0,,56.0,638.3279999999999,0.6397003778146795,0.7124392818478564,0.0588838355608515,4.76095288280098,0.0,25.22458333333333,35.74,13.55,6.5148397772572935,0.0,0.0,16.7,41.099999999999994,5.334,7.366,43.796917271538405,93.61447205222794,4,105.2,91.18600000000002,672.0581365922287,65,65
z105_i85,2013,8,2013-07-11,40.65000579381333,69.7100143951488,41.3,39.6,540.0,,58.0,666.2129999999999,0.6566495007275115,0.776248675938433,1.1902111109955706,7.743496718864725,0.0,25.98,36.82,14.47,8.513537204824388,0.0,0.0,42.0,54.2,5.334,7.366,45.059855848696316,93.03762072449899,1,130.5,91.18600000000002,687.3269555184695,65,65
z105_i85,2013,8,2013-07-14,41.71258700851815,78.82476799294795,36.6,43.4,600.0,,61.0,709.9729999999998,0.6818552091781012,0.8399553689455783,0.4492174131702981,4.677531032168073,0.0,20.870833333333334,25.95,15.48,4.9191127277881606,1.016,0.0,25.3,54.2,16.002,21.844,43.899203468216,88.01490514220495,4,130.5,107.18800000000002,703.1754866681902,65,65
z105_i85,2013,8,2013-07-16,38.746686372063856,82.79834423701286,20.5,43.8,640.0,,63.0,736.2929999999999,0.6984916254402882,0.8677282976599928,0.5367531466906003,7.307017761060691,0.0,21.122916666666665,27.83,12.38,7.5708305025764275,0.0,0.0,41.0,57.7,16.002,21.336,43.0797077795869,86.8766250511253,1,146.2,107.18800000000002,715.1378443718156,65,65
z105_i85,2013,8,2013-07-18,50.01372491289508,84.32682107137775,52.8,56.4,680.0,,65.0,765.0529999999999,0.7150005339685266,0.8771032738832959,0.3821312266543513,5.762813285201656,0.0,22.232916666666668,33.1,14.66,5.962461876682937,3.048,0.0,15.7,57.7,19.05,24.383999999999997,41.36358551257581,86.42344136127213,3,146.2,110.23600000000002,728.6905410310453,65,65
z105_i85,2013,8,2013-07-23,62.43087367483741,87.03750963177495,67.2,68.9,780.0,,70.0,831.6079999999998,0.7557472145141575,0.8936846232549956,0.0157552078808695,4.927235015125103,0.0,21.70375,28.64,13.15,5.665949362330139,0.0,0.0,12.2,53.2,5.334,21.336,39.95403988286853,83.03374766245543,4,158.39999999999998,112.52200000000002,755.0918842546841,65,65
z105_i85,2013,8,2013-07-25,52.04569974052058,87.413014514471,46.2,57.6,820.0,V18,72.0,857.3679999999998,0.7718314000764734,0.8964630639274523,0.1432569260010882,2.6736537796862105,0.0,19.297083333333333,24.97,14.25,2.8561332554672845,0.0,0.0,30.5,46.2,2.286,21.336,33.982164114073385,75.3457496266492,1,176.7,112.52200000000002,762.6727051451187,65,65
z105_i85,2013,8,2013-07-28,62.39384342791776,87.413014514471,64.1,69.3,880.0,,75.0,889.0129999999998,0.7957815046885981,0.8964630639274523,0.1210606201938314,2.1586006061676266,0.0,17.42125,22.46,14.06,2.4136024198960513,0.508,0.0,18.3,46.2,1.524,6.8580000000000005,31.678499319357798,71.69425371920806,4,176.7,114.046,774.8697403873982,65,65
z105_i85,2013,8,2013-07-30,17.46351919916687,87.413014514471,14.4,25.4,910.0,,77.0,913.9979999999998,0.8116201598485824,0.8964630639274523,0.2711912145081316,5.128968389598985,0.0,21.17916666666667,30.69,13.01,5.406776956398971,0.0,0.0,70.8,83.0,1.524,6.8580000000000005,27.09857230790658,67.05261219077511,1,229.2,114.046,782.1904565625907,65,65
z105_i85,2013,8,2013-08-01,28.179734058114967,87.413014514471,37.9,38.7,930.0,R1,79.0,941.213,0.8273603233068503,0.8964630639274523,0.2283742120024767,4.295986621307178,0.0,21.539166666666663,30.19,14.24,4.553128423169255,0.0,0.0,52.5,83.0,1.524,3.81,29.972168463165872,63.954332577239256,3,229.2,114.046,792.6448736082846,65,65
z105_i85,2013,8,2013-08-06,14.950129660214468,87.413014514471,15.6,23.7,965.0,,84.0,1010.4479999999998,0.8663002636861097,0.8964630639274523,0.2669367173796101,4.953613422356589,0.2005593021994026,20.744583333333335,30.85,12.62,5.321954455503146,0.0,0.0,30.4,101.19999999999999,20.07,21.593999999999998,37.19177419528387,64.29034650319045,4,259.59999999999997,134.116,819.3822307578746,65,65
z105_i85,2013,8,2013-08-08,2.006469700846115,87.413014514471,6.9,11.9,975.0,R2,86.0,1031.6729999999998,0.8817196019353641,0.8964630639274523,0.1406695332499803,2.4847842150427275,1.493180686514655,17.9425,24.92,12.8,2.804548046377022,0.0,0.0,50.7,103.2,20.07,21.593999999999998,32.98520706994714,62.95737553311301,1,279.9,134.116,825.6300806782317,65,65
z105_i85,2013,8,2013-08-11,15.781429135413196,87.413014514471,42.0,30.3,990.0,,89.0,1067.393,0.9046890482181648,0.8964630639274523,0.189346566553119,3.4656751520281626,0.0059364916636416,21.0375,27.59,14.67,3.7750288285315037,0.0,0.0,20.3,103.2,0.0,20.07,30.79437022570346,64.70460121382166,4,279.9,134.116,839.5743416012199,65,65
z105_i85,2013,8,2013-08-13,1.5753930705956662,87.413014514471,3.1,15.7,1000.0,,91.0,1089.558,0.9198991940752546,0.8964630639274523,0.2114363711880784,3.703209227811006,4.702302996104627,18.892500000000002,26.06,12.06,4.215436335420236,0.762,0.0,40.6,71.0,6.604000000000001,26.674,28.664442912995582,65.85621710827945,1,300.2,140.72000000000003,848.0466736708702,65,65
z105_i85,2013,8,2013-08-15,11.741455456756285,87.413014514471,26.4,27.5,1010.0,,93.0,1111.578,0.9350297676494512,0.8964630639274523,0.2461135829322164,4.272500178992314,0.2103879891448282,18.963333333333335,28.04,9.83,4.906800728291273,0.0,0.0,20.3,71.0,6.604000000000001,26.674,31.762524253485026,64.74773132343216,3,300.2,140.72000000000003,857.3926049317167,65,65
z105_i85,2013,8,2013-08-20,25.600463272085044,87.413014514471,53.7,51.8,1035.0,,98.0,1176.4379999999996,0.9725220641259164,0.8964630639274523,0.0251100498839582,4.914905388115447,1.2915102522066525e-06,23.830000000000002,35.32,11.66,5.490727498196065,0.0,0.0,10.1,50.7,0.254,6.8580000000000005,35.3957660344895,64.06020894748508,4,310.3,140.97400000000002,883.4424397053597,65,65
z105_i85,2013,8,2013-08-22,4.469528488673439,87.413014514471,21.3,34.8,1045.0,,100.0,1205.9279999999994,0.98739056051273,0.8964630639274523,0.2011776467983712,3.569843204740757,1.0929809883080272e-08,21.340416666666666,28.22,15.02,4.010906720650382,6.858,0.0,33.3,53.599999999999994,7.112,13.716000000000001,35.4796203521546,67.24214460563962,1,333.5,147.83200000000002,892.8722252838713,65,65
z105_i85,2013,8,2013-08-25,17.37375438665578,87.413014514471,52.9,55.6,1050.0,,103.0,1247.3129999999996,1.009561510892379,0.8964630639274523,0.2440593479302028,4.293585314251674,8.447792108559475e-12,22.77,31.99,13.55,4.865845159387391,0.762,0.0,23.200000000000003,53.599999999999994,7.619999999999999,14.478,35.134301971153036,67.83124956247411,4,333.5,148.59400000000002,907.405591163694,65,65
z105_i85,2013,8,2013-08-27,11.295220123721997,87.413014514471,24.6,52.1,1050.0,,105.0,1277.0579999999995,1.024256807025859,0.8964630639274523,0.2672517510868908,4.674451285954605,2.220446049250313e-14,25.059583333333336,32.97,16.27,5.328235326334834,0.0,0.0,39.400000000000006,49.5,7.619999999999999,7.873999999999999,34.797323829643574,70.19308986413307,1,349.7,148.59400000000002,918.2397635350032,65,65
z105_i85,2013,8,2013-08-29,19.245250399675243,87.413014514471,46.4,64.1,1050.0,,107.0,1305.1229999999996,1.0388857540884078,0.8964630639274523,0.2911640974708406,5.063125419145774,0.0,24.50916666666667,34.64,14.62,5.804979101521894,0.0,0.0,16.2,49.5,2.54,9.652,35.8371042281251,71.3167245802797,3,349.7,150.372,928.7093295119964,65,65
z105_i85,2013,8,2013-09-04,24.262591431250925,82.815881120381,67.3,72.3,1050.0,,113.0,1390.6479999999997,1.04617583905815,0.8493172205923402,0.047031248194921,3.4088087032088263,0.0,23.8025,33.49,15.65,4.340326585806906,0.0,0.0,18.2,34.39999999999999,0.254,9.652,32.49019912822405,66.53323097547764,5,367.9,150.626,955.3945495386986,65,65
z105_i85,2013,8,2013-09-06,18.35157582206166,80.3882149039096,43.5,65.8,1050.0,,115.0,1422.1629999999998,1.04617583905815,0.8244203204373772,0.5361781522590856,4.176787351344933,0.0,24.721666666666664,34.52,18.52,5.6139699492487125,0.0,0.0,15.2,49.599999999999994,0.254,2.794,33.259101307194214,68.41495374022998,1,383.09999999999997,150.626,966.2939003845938,65,65
z105_i85,2013,8,2013-09-17,2.813035214767419,49.22515616880574,17.5,16.5,1050.0,,126.0,1542.573,1.04617583905815,0.5048279660243219,0.8760179034866459,1.147819581523539,2.161712676125501,17.775000000000002,28.45,9.7,3.7621738291345537,0.0,0.0,0.0,15.199999999999996,43.688,73.91199999999999,15.201894072648429,46.89642286167509,12,383.09999999999997,224.538,997.9506458145668,65,65
z105_i85,2013,9,2013-06-06,24.91078522222663,0.9313134045352356,10.1,11.6,90.0,,23.0,201.63449999999995,0.3298381477900274,0.014686962024777,0.4121976966798398,0.1190408977291393,0.0,16.814875,25.99,5.286,6.198272599140182,0.0,0.0,0.0,0.0,6.096,16.002000000000002,44.82105320122537,87.28158844794416,999,0.0,83.05800000000002,445.64362764055915,65,50
z105_i85,2013,9,2013-06-10,19.08362240509955,1.6742775443665288,14.9,9.8,130.0,,27.0,245.90299999999996,0.3716329768158321,0.0271751953939242,1.457753174417945,0.3087103051750268,0.0,24.17375,35.34,10.58,6.439476323546842,0.0,0.0,22.1,22.1,6.096,16.002000000000002,40.85664927187827,85.80417321013738,3,22.1,83.05800000000002,471.05069577957585,65,50
z105_i85,2013,9,2013-06-12,22.50726835686358,2.02239101797817,20.1,17.6,150.0,,29.0,273.1979999999999,0.3919165002920148,0.0346159476504775,0.9920235623237064,0.5374063374088572,0.0,24.22125,32.93,14.16,8.838447848334908,0.0,0.0,22.1,22.1,0.0,6.096,49.346285929279475,94.91857060134862,5,22.1,83.05800000000002,488.79164097069844,65,50
z105_i85,2013,9,2013-06-14,13.83700216416108,2.802524123260577,-0.9,3.8,170.0,,31.0,300.41799999999995,0.4118427481181079,0.0479689770561648,5.303911936496564,0.695186974883988,0.0,23.691666666666674,32.38,14.36,8.314928553532809,0.0,0.0,21.7,43.8,0.0,6.096,52.03894611452597,94.99783964635208,1,43.8,83.05800000000002,503.80023315064574,65,50
z105_i85,2013,9,2013-06-19,23.11029575790001,5.472792214787446,23.0,20.2,220.0,,36.0,362.613,0.460288950839066,0.0988253820202369,0.6453507634651102,1.4509008033641773,0.0,23.514166666666668,34.74,12.84,8.67553332587704,0.0,0.0,21.7,43.8,0.0,0.0,49.27305418389733,98.6193401131768,6,43.8,83.05800000000002,538.0646951545957,65,50
z105_i85,2013,9,2013-06-21,16.003191471483287,7.583482753901944,7.4,8.9,240.0,,38.0,391.698,0.4791824155179334,0.1367255854566752,3.099528432417116,1.5060085340769025,0.0,24.11125,33.06,16.01,6.653141879010946,0.0,0.0,20.3,42.0,0.254,0.254,48.91174887912348,100.95069499364945,1,64.1,83.31200000000003,552.7119820297692,65,50
z105_i85,2013,9,2013-06-25,26.12054956180304,13.213066740331142,33.4,26.3,290.0,,42.0,445.303,0.5162427594925265,0.2454446697673853,0.4183775371142337,2.504420593648321,0.0,25.49,31.31,18.04,6.560590788838454,0.0,0.0,20.3,42.0,0.762,0.762,49.05450271128211,98.49047141763731,5,64.1,83.82000000000002,578.4436645400008,65,50
z105_i85,2013,9,2013-06-27,26.675730120021008,17.5812217076585,12.8,26.4,320.0,,44.0,474.053,0.5344405528134383,0.3296336799675016,2.6768085534885184,4.221201575124242,0.0,27.743333333333336,35.38,17.84,8.636774873360991,0.0,0.0,12.2,32.5,0.508,0.762,48.230494643212296,98.80403019685764,1,76.3,83.82000000000002,594.2893347939705,65,50
z105_i85,2013,9,2013-06-30,35.21095519483119,24.493428148319456,42.3,38.2,365.0,,47.0,516.9079999999999,0.5613588043136397,0.4533074134454237,0.0854730017658124,3.7588361858002015,0.0,21.35833333333333,27.27,15.01,5.9909079084172845,0.0,0.0,12.2,32.5,2.032,2.286,50.02835238847183,98.49256238696398,4,76.3,85.34400000000002,615.1605815259852,65,50
z105_i85,2013,9,2013-07-02,35.77732086063565,32.352682161708415,23.7,34.8,395.0,,49.0,540.3679999999999,0.5790685205413582,0.5645065706776943,2.1343546456775324,4.754241330030435,0.0,20.3725,27.31,12.43,6.605367057956755,0.0,0.0,24.4,44.7,2.032,2.794,49.817554780689534,98.87205749197165,1,88.5,85.85200000000002,628.2612193206903,65,50
z105_i85,2013,9,2013-07-04,43.84023776319869,37.75932565580096,51.8,43.5,425.0,,51.0,565.6429999999999,0.5966013738835376,0.5848842102017529,0.5030042284651266,4.961666045897059,0.0,23.987083333333334,33.14,12.0,7.285675808088854,0.0,0.0,12.2,24.4,2.032,2.54,47.97776487580268,96.20825951901497,3,88.5,85.85200000000002,642.2670996697732,65,50
z105_i85,2013,9,2013-07-09,50.1610958390032,60.54962936774732,53.8,48.6,500.0,,56.0,638.3279999999999,0.6397001130576959,0.7072036703482366,0.0777170369478473,4.655388457116333,0.0,25.22458333333333,35.74,13.55,6.5148397772572935,0.0,0.0,16.2,40.599999999999994,5.334,7.366,43.796917271538405,93.61447205222794,4,104.7,91.18600000000002,672.0581365922287,65,50
z105_i85,2013,9,2013-07-11,41.153663283182965,69.68705103631844,38.3,38.9,540.0,,58.0,666.2129999999999,0.6566444402637965,0.7723625563936681,1.2160860187537847,7.718986613529972,0.0,25.98,36.82,14.47,8.513537204824388,0.0,0.0,41.599999999999994,53.8,5.334,7.366,45.059855848696316,93.03762072449899,1,130.1,91.18600000000002,687.3269555184695,65,50
z105_i85,2013,9,2013-07-14,42.21637065134728,78.80976604424016,36.3,42.5,600.0,,61.0,709.9729999999998,0.6818501487143862,0.8374165693512506,0.4584996160324318,4.6688486909092015,0.0,20.870833333333334,25.95,15.48,4.9191127277881606,1.016,0.0,25.4,53.8,16.002,21.844,43.899203468216,88.01490514220495,4,130.1,107.18800000000002,703.1754866681902,65,50
z105_i85,2013,9,2013-07-16,38.05055039911282,82.78681306453537,19.0,40.4,640.0,,63.0,736.2929999999999,0.6984865649765732,0.8657768621113048,0.5475217892642007,7.297082648609229,0.0,21.122916666666665,27.83,12.38,7.5708305025764275,0.0,0.0,42.3,58.5,16.002,21.336,43.0797077795869,86.8766250511253,1,147.0,107.18800000000002,715.1378443718156,65,50
z105_i85,2013,9,2013-07-18,49.31743707166419,84.361430803843,52.5,53.1,680.0,,65.0,765.0529999999999,0.7149954735048116,0.8754411783443173,0.3893099222964115,5.756281997266674,0.0,22.232916666666668,33.1,14.66,5.962461876682937,3.048,0.0,16.9,58.5,19.05,24.383999999999997,41.36358551257581,86.42344136127213,3,147.0,110.23600000000002,728.6905410310453,65,50
z105_i85,2013,9,2013-07-23,61.7422218227841,87.10950351065303,65.1,67.3,780.0,,70.0,831.6079999999998,0.7557421540504425,0.8928428522200382,0.0145812824472689,5.1121592033499095,0.0,21.70375,28.64,13.15,5.665949362330139,0.0,0.0,12.2,54.5,5.334,21.336,39.95403988286853,83.03374766245543,4,159.2,112.52200000000002,755.0918842546841,65,50
z105_i85,2013,9,2013-07-25,51.356523166486525,87.48199203830353,41.1,56.8,820.0,V18,72.0,857.3679999999998,0.7718329882157547,0.8956565608951094,0.1449052098226499,2.672266864314281,0.0,19.297083333333333,24.97,14.25,2.8561332554672845,0.0,0.0,30.5,47.4,2.286,21.336,33.982164114073385,75.3457496266492,1,177.5,112.52200000000002,762.6727051451187,65,50
z105_i85,2013,9,2013-07-28,61.70339135668221,87.48199203830353,66.8,69.3,880.0,,75.0,889.0129999999998,0.7957830928278794,0.8956565608951094,0.1224535180261651,2.1574969533459445,0.0,17.42125,22.46,14.06,2.4136024198960513,0.508,0.0,18.3,47.4,1.524,6.8580000000000005,31.678499319357798,71.69425371920806,4,177.5,114.046,774.8697403873982,65,50
z105_i85,2013,9,2013-07-30,16.672446462897906,87.48199203830353,9.3,25.4,910.0,,77.0,913.9979999999998,0.8116217479878637,0.8956565608951094,0.2743114831324912,5.126371866756745,0.0,21.17916666666667,30.69,13.01,5.406776956398971,0.0,0.0,70.9,83.1,1.524,6.8580000000000005,27.09857230790658,67.05261219077511,1,230.1,114.046,782.1904565625907,65,50
z105_i85,2013,9,2013-08-01,27.387752705453487,87.48199203830353,36.6,38.2,930.0,R1,79.0,941.213,0.8273619114461316,0.8956565608951094,0.231001837272774,4.293833656597127,0.0,21.539166666666663,30.19,14.24,4.553128423169255,0.0,0.0,52.599999999999994,83.1,1.524,3.81,29.972168463165872,63.954332577239256,3,230.1,114.046,792.6448736082846,65,50
z105_i85,2013,9,2013-08-06,14.948742421492936,87.48199203830353,19.9,21.0,965.0,,84.0,1010.4479999999998,0.866301851825391,0.8956565608951094,0.2700080346619189,4.951195117707245,0.2023280000972352,20.744583333333335,30.85,12.62,5.321954455503146,0.0,0.0,30.4,101.3,20.07,21.593999999999998,37.19177419528387,64.29034650319045,4,260.5,134.116,819.3822307578746,65,50
z105_i85,2013,9,2013-08-08,2.0055025209859125,87.48199203830353,5.0,8.6,975.0,R2,86.0,1031.6729999999998,0.8817211900746454,0.8956565608951094,0.1422880470790485,2.483584304699347,1.4918373365424629,17.9425,24.92,12.8,2.804548046377022,0.0,0.0,50.7,103.3,20.07,21.593999999999998,32.98520706994714,62.95737553311301,1,280.8,134.116,825.6300806782317,65,50
z105_i85,2013,9,2013-08-11,15.779054117664495,87.48199203830353,41.9,26.5,990.0,,89.0,1067.393,0.9046906363574462,0.8956565608951094,0.1915251480083386,3.464029430958385,0.0059316514292561,21.0375,27.59,14.67,3.7750288285315037,0.0,0.0,20.3,103.3,0.0,20.07,30.79437022570346,64.70460121382166,4,280.8,134.116,839.5743416012199,65,50
z105_i85,2013,9,2013-08-13,1.574348267267656,87.48199203830353,6.1,12.0,1000.0,,91.0,1089.558,0.919900782214536,0.8956565608951094,0.2138691132526146,3.701470837156491,4.699416010559393,18.892500000000002,26.06,12.06,4.215436335420236,0.762,0.0,40.6,71.0,6.604000000000001,26.674,28.664442912995582,65.85621710827945,1,301.1,140.72000000000003,848.0466736708702,65,50
z105_i85,2013,9,2013-08-15,11.74017790333829,87.48199203830353,23.9,23.9,1010.0,,93.0,1111.578,0.9350313557887324,0.8956565608951094,0.2489453136438656,4.270518028346031,0.2103350903256529,18.963333333333335,28.04,9.83,4.906800728291273,0.0,0.0,20.3,71.0,6.604000000000001,26.674,31.762524253485026,64.74773132343216,3,301.1,140.72000000000003,857.3926049317167,65,50
z105_i85,2013,9,2013-08-20,35.136391083056715,87.48199203830353,62.8,56.7,1035.0,,98.0,1176.4379999999996,0.9725236522651978,0.8956565608951094,0.0149074137346086,4.912694079582639,1.1310010327599118e-06,23.830000000000002,35.32,11.66,5.490727498196065,0.0,0.0,0.0,40.6,0.254,6.8580000000000005,35.3957660344895,64.06020894748508,8,301.1,140.97400000000002,883.4424397053597,65,50
z105_i85,2013,9,2013-08-22,19.903261059664786,87.48199203830353,35.0,44.7,1045.0,,100.0,1205.9279999999994,0.9873921486520112,0.8956565608951094,0.2034923541548244,3.568257476170338,9.571388782587904e-09,21.340416666666666,28.22,15.02,4.010906720650382,6.858,0.0,17.3,37.6,7.112,13.716000000000001,35.4796203521546,67.24214460563962,1,318.40000000000003,147.83200000000002,892.8722252838713,65,50
z105_i85,2013,9,2013-08-25,32.805157734833294,87.48199203830353,63.7,62.2,1050.0,,103.0,1247.3129999999996,1.0095630990316602,0.8956565608951094,0.2468674430493957,4.291715453950122,7.439702358134716e-12,22.77,31.99,13.55,4.865845159387391,0.762,0.0,17.3,37.6,7.619999999999999,14.478,35.134301971153036,67.83124956247411,4,318.40000000000003,148.59400000000002,907.405591163694,65,50
z105_i85,2013,9,2013-08-27,30.72480270815252,87.48199203830353,40.1,61.4,1050.0,,105.0,1277.0579999999995,1.0242583951651405,0.8956565608951094,0.2703266930802516,4.672443064443693,6.938893903907228e-14,25.059583333333336,32.97,16.27,5.328235326334834,0.0,0.0,29.5,29.5,7.619999999999999,7.873999999999999,34.797323829643574,70.19308986413307,1,330.6,148.59400000000002,918.2397635350032,65,50
z105_i85,2013,9,2013-08-29,38.6730062427713,87.48199203830353,63.8,71.5,1050.0,,107.0,1305.1229999999996,1.038887342227689,0.8956565608951094,0.2945141698525217,5.060980358209739,0.0,24.50916666666667,34.64,14.62,5.804979101521894,0.0,0.0,12.2,29.5,2.54,9.652,35.8371042281251,71.3167245802797,3,330.6,150.372,928.7093295119964,65,50
z105_i85,2013,9,2013-09-04,49.625243732361895,82.88123105077091,79.8,79.8,1050.0,,113.0,1390.6479999999997,1.0461774271974311,0.8485531323198933,0.0103209401847023,3.407408445423819,0.0,23.8025,33.49,15.65,4.340326585806906,0.0,0.0,12.2,24.4,0.254,9.652,32.49019912822405,66.53323097547764,5,342.8,150.626,955.3945495386986,65,50
z105_i85,2013,9,2013-09-06,48.712181328721854,80.45164916527433,62.8,76.2,1050.0,,115.0,1422.1629999999998,1.0461774271974311,0.823678630662179,0.5391189402727569,4.175081786393961,0.0,24.721666666666664,34.52,18.52,5.6139699492487125,0.0,0.0,10.2,34.599999999999994,0.254,2.794,33.259101307194214,68.41495374022998,1,353.0,150.626,966.2939003845938,65,50
z105_i85,2013,9,2013-09-17,2.8380039353454385,49.263999691153685,23.3,24.8,1050.0,,126.0,1542.573,1.0461774271974311,0.5043737975239194,0.8776006557255556,1.1472818793869513,1.347605304122485,17.775000000000002,28.45,9.7,3.7621738291345537,0.0,0.0,0.0,10.2,43.688,73.91199999999999,15.201894072648429,46.89642286167509,12,353.0,224.538,997.9506458145668,65,50
z105_i85,2013,10,2013-06-06,24.91078522222663,0.9313134045352356,8.0,12.0,90.0,,23.0,201.63449999999995,0.3298381477900274,0.014686962024777,0.4121976966798398,0.1190408977291393,0.0,16.814875,25.99,5.286,6.198272599140182,0.0,0.0,0.0,0.0,6.096,16.002000000000002,44.82105320122537,87.28158844794416,999,0.0,83.05800000000002,445.64362764055915,65,40
z105_i85,2013,10,2013-06-10,19.04465918208452,1.67693283860484,16.8,9.4,130.0,,27.0,245.90299999999996,0.3716329768158321,0.0272412431644315,1.467550237684954,0.3094487327075888,0.0,24.17375,35.34,10.58,6.439476323546842,0.0,0.0,22.3,22.3,6.096,16.002000000000002,40.85664927187827,85.80417321013738,3,22.3,83.05800000000002,471.05069577957585,65,40
z105_i85,2013,10,2013-06-12,22.485737250566128,2.0267418189160904,23.9,17.8,150.0,,29.0,273.1979999999999,0.3919165002920148,0.0347856790389594,0.9772789935352516,0.5399881438760575,0.0,24.22125,32.93,14.16,8.838447848334908,0.0,0.0,22.3,22.3,0.0,6.096,49.346285929279475,94.91857060134862,5,22.3,83.05800000000002,488.79164097069844,65,40
z105_i85,2013,10,2013-06-14,13.510450336180371,2.8085532365604453,-0.1,4.1,170.0,,31.0,300.41799999999995,0.4118427481181079,0.0482041819727542,5.254755434264901,0.6985002684722761,0.0,23.691666666666674,32.38,14.36,8.314928553532809,0.0,0.0,21.9,44.2,0.0,6.096,52.03894611452597,94.99783964635208,1,44.2,83.05800000000002,503.80023315064574,65,40
z105_i85,2013,10,2013-06-19,22.810852293019387,5.516448360062719,19.4,19.7,220.0,,36.0,362.613,0.460288950839066,0.0998692654623363,0.6542050309486762,1.4653403025671785,0.0,23.514166666666668,34.74,12.84,8.67553332587704,0.0,0.0,21.9,44.2,0.0,0.0,49.27305418389733,98.6193401131768,6,44.2,83.05800000000002,538.0646951545957,65,40
z105_i85,2013,10,2013-06-21,15.603860359588662,7.64440677710916,8.2,8.7,240.0,,38.0,391.698,0.4791824155179334,0.1382330200981476,3.0972820403788424,1.521287260976808,0.0,24.11125,33.06,16.01,6.653141879010946,0.0,0.0,20.4,42.3,0.254,0.254,48.91174887912348,100.95069499364945,1,64.6,83.31200000000003,552.7119820297692,65,40
z105_i85,2013,10,2013-06-25,25.88205228216574,13.369470428743885,34.4,25.0,290.0,,42.0,445.303,0.5162427594925265,0.249057322581482,0.4363419257110332,2.5360444017826893,0.0,25.49,31.31,18.04,6.560590788838454,0.0,0.0,20.4,42.3,0.762,0.762,49.05450271128211,98.49047141763731,5,64.6,83.82000000000002,578.4436645400008,65,40
z105_i85,2013,10,2013-06-27,26.43368078609313,17.82286490725519,12.1,25.0,320.0,,44.0,474.053,0.5344405528134383,0.3349088762831309,2.7228970375878947,4.276024830612884,0.0,27.743333333333336,35.38,17.84,8.636774873360991,0.0,0.0,12.3,32.7,0.508,0.762,48.230494643212296,98.80403019685764,1,76.89999999999999,83.82000000000002,594.2893347939705,65,40
z105_i85,2013,10,2013-06-30,35.09065335880844,24.8969392065932,40.4,39.1,365.0,,47.0,516.9079999999999,0.5613588043136397,0.4623238527855683,0.0873118300590979,3.814727019637439,0.0,21.35833333333333,27.27,15.01,5.9909079084172845,0.0,0.0,12.3,32.7,2.032,2.286,50.02835238847183,98.49256238696398,4,76.89999999999999,85.34400000000002,615.1605815259852,65,40
z105_i85,2013,10,2013-07-02,35.637900787479914,32.934352400774785,24.9,36.8,395.0,,49.0,540.3679999999999,0.5790685205413582,0.5728361034730503,2.08147627771376,4.8032317063580106,0.0,20.3725,27.31,12.43,6.605367057956755,0.0,0.0,24.6,45.0,2.032,2.794,49.817554780689534,98.87205749197165,1,89.19999999999999,85.85200000000002,628.2612193206903,65,40
z105_i85,2013,10,2013-07-04,43.7998523428616,38.49362169199924,54.4,46.5,425.0,,51.0,565.6429999999999,0.5966013738835376,0.5936061266504695,0.6633979239068496,5.036689432738758,0.0,23.987083333333334,33.14,12.0,7.285675808088854,0.0,0.0,12.3,24.6,2.032,2.54,47.97776487580268,96.20825951901497,3,89.19999999999999,85.85200000000002,642.2670996697732,65,40
z105_i85,2013,10,2013-07-09,50.116880537247575,61.23751088532161,54.4,52.2,500.0,,56.0,638.3279999999999,0.6397010749810452,0.714231806603655,0.0798655216174242,4.691788375294353,0.0,25.22458333333333,35.74,13.55,6.5148397772572935,0.0,0.0,16.3,40.900000000000006,5.334,7.366,43.796917271538405,93.61447205222794,4,105.49999999999999,91.18600000000002,672.0581365922287,65,40
z105_i85,2013,10,2013-07-11,41.105685944400925,70.19762937279775,44.6,41.9,540.0,,58.0,666.2129999999999,0.656645786308163,0.7775791729564967,1.1813719160159402,7.751869680115433,0.0,25.98,36.82,14.47,8.513537204824388,0.0,0.0,41.7,54.0,5.334,7.366,45.059855848696316,93.03762072449899,1,130.89999999999998,91.18600000000002,687.3269555184695,65,40
z105_i85,2013,10,2013-07-14,42.165592394716754,79.14332656871564,38.6,45.9,600.0,,61.0,709.9729999999998,0.6818514947587526,0.8408245818585636,0.4460433701531339,4.680499865567792,0.0,20.870833333333334,25.95,15.48,4.9191127277881606,1.016,0.0,25.4,54.0,16.002,21.844,43.899203468216,88.01490514220495,4,130.89999999999998,107.18800000000002,703.1754866681902,65,40
z105_i85,2013,10,2013-07-16,38.597985685657314,83.0432026852659,23.9,43.8,640.0,,63.0,736.2929999999999,0.6984879110209397,0.8683964137970709,0.5330694673933115,7.310416157511872,0.0,21.122916666666665,27.83,12.38,7.5708305025764275,0.0,0.0,41.7,58.0,16.002,21.336,43.0797077795869,86.8766250511253,1,147.2,107.18800000000002,715.1378443718156,65,40
z105_i85,2013,10,2013-07-18,49.86298710882606,84.56200194600791,55.6,55.7,680.0,,65.0,765.0529999999999,0.714996819549178,0.8778220402221896,0.3790291964153421,5.765635385224549,0.0,22.232916666666668,33.1,14.66,5.962461876682937,3.048,0.0,16.3,58.0,19.05,24.383999999999997,41.36358551257581,86.42344136127213,3,147.2,110.23600000000002,728.6905410310453,65,40
z105_i85,2013,10,2013-07-23,62.10535542325382,87.25321670406049,70.8,69.9,780.0,,70.0,831.6079999999998,0.755743500094809,0.8949357793705208,0.0096003260517191,5.046578407726067,0.0,21.70375,28.64,13.15,5.665949362330139,0.0,0.0,12.4,54.1,5.334,21.336,39.95403988286853,83.03374766245543,4,159.6,112.52200000000002,755.0918842546841,65,40
z105_i85,2013,10,2013-07-25,51.71860926513178,87.61968402514728,51.2,60.1,820.0,V18,72.0,857.3679999999998,0.7718319264998261,0.8976617998772543,0.1408084774649381,2.6757137361198717,0.0,19.297083333333333,24.97,14.25,2.8561332554672845,0.0,0.0,30.7,47.0,2.286,21.336,33.982164114073385,75.3457496266492,1,177.9,112.52200000000002,762.6727051451187,65,40
z105_i85,2013,10,2013-07-28,62.06293167281826,87.61968402514728,77.0,73.8,880.0,,75.0,889.0129999999998,0.7957820311119508,0.8976617998772543,0.1189915356017415,2.16023978893456,0.0,17.42125,22.46,14.06,2.4136024198960513,0.508,0.0,18.299999999999997,47.0,1.524,6.8580000000000005,31.678499319357798,71.69425371920806,4,177.9,114.046,774.8697403873982,65,40
z105_i85,2013,10,2013-07-30,17.03074759059605,87.61968402514728,20.9,30.2,910.0,,77.0,913.9979999999998,0.8116206862719351,0.8976617998772543,0.266556201383711,5.132824752800476,0.0,21.17916666666667,30.69,13.01,5.406776956398971,0.0,0.0,70.9,83.30000000000001,1.524,6.8580000000000005,27.09857230790658,67.05261219077511,1,230.5,114.046,782.1904565625907,65,40
z105_i85,2013,10,2013-08-01,27.744239617863183,87.61968402514728,36.8,42.5,930.0,R1,79.0,941.213,0.827360849730203,0.8976617998772543,0.2244709975424118,4.299184141455359,0.0,21.539166666666663,30.19,14.24,4.553128423169255,0.0,0.0,52.6,83.30000000000001,1.524,3.81,29.972168463165872,63.954332577239256,3,230.5,114.046,792.6448736082846,65,40
z105_i85,2013,10,2013-08-06,14.946029514996356,87.61968402514728,20.4,25.0,965.0,,84.0,1010.4479999999998,0.8663007901094624,0.8976617998772543,0.2623744191846324,4.957204812131315,0.2015523226726332,20.744583333333335,30.85,12.62,5.321954455503146,0.0,0.0,30.4,101.3,20.07,21.593999999999998,37.19177419528387,64.29034650319045,4,260.9,134.116,819.3822307578746,65,40
z105_i85,2013,10,2013-08-08,2.0035695140967675,87.61968402514728,7.4,12.6,975.0,R2,86.0,1031.6729999999998,0.8817201283587168,0.8976617998772543,0.1382653066455073,2.4865661416562617,1.4951805960799969,17.9425,24.92,12.8,2.804548046377022,0.0,0.0,50.7,103.3,20.07,21.593999999999998,32.98520706994714,62.95737553311301,1,281.2,134.116,825.6300806782317,65,40
z105_i85,2013,10,2013-08-11,15.77430938018775,87.61968402514728,37.1,29.7,990.0,,89.0,1067.393,0.9046895746415176,0.8976617998772543,0.1861103856811483,3.4681190372642394,0.0059436824093244,21.0375,27.59,14.67,3.7750288285315037,0.0,0.0,20.3,103.3,0.0,20.07,30.79437022570346,64.70460121382166,4,281.2,134.116,839.5743416012199,65,40
z105_i85,2013,10,2013-08-13,1.5722625871801177,87.61968402514728,3.3,14.5,1000.0,,91.0,1089.558,0.9198997204986072,0.8976617998772543,0.2078226466166017,3.70579065883751,4.706597396412803,18.892500000000002,26.06,12.06,4.215436335420236,0.762,0.0,40.6,71.0,6.604000000000001,26.674,28.664442912995582,65.85621710827945,1,301.5,140.72000000000003,848.0466736708702,65,40
z105_i85,2013,10,2013-08-15,11.737627366890722,87.61968402514728,27.0,25.6,1010.0,,93.0,1111.578,0.935030294072804,0.8976617998772543,0.241907179383864,4.2754435023237045,0.2104664303271179,18.963333333333335,28.04,9.83,4.906800728291273,0.0,0.0,20.3,71.0,6.604000000000001,26.674,31.762524253485026,64.74773132343216,3,301.5,140.72000000000003,857.3926049317167,65,40
z105_i85,2013,10,2013-08-20,35.14859229384268,87.61968402514728,66.1,57.5,1035.0,,98.0,1176.4379999999996,0.9725225905492692,0.8976617998772543,0.01447261479224,4.918188753206711,1.131440398596737e-06,23.830000000000002,35.32,11.66,5.490727498196065,0.0,0.0,0.0,40.6,0.254,6.8580000000000005,35.3957660344895,64.06020894748508,8,301.5,140.97400000000002,883.4424397053597,65,40
z105_i85,2013,10,2013-08-22,22.912594626016016,87.61968402514728,49.8,48.7,1045.0,,100.0,1205.9279999999994,0.9873910869360828,0.8976617998772543,0.1977392572659457,3.572197631961954,9.57513887645948e-09,21.340416666666666,28.22,15.02,4.010906720650382,6.858,0.0,14.3,34.6,7.112,13.716000000000001,35.4796203521546,67.24214460563962,1,315.8,147.83200000000002,892.8722252838713,65,40
z105_i85,2013,10,2013-08-25,35.80983974425999,87.61968402514728,71.6,72.4,1050.0,,103.0,1247.3129999999996,1.0095620373157317,0.8976617998772543,0.2398880539491431,4.296361474238077,7.399378768117726e-12,22.77,31.99,13.55,4.865845159387391,0.762,0.0,14.3,34.6,7.619999999999999,14.478,35.134301971153036,67.83124956247411,4,315.8,148.59400000000002,907.405591163694,65,40
z105_i85,2013,10,2013-08-27,35.625848538459,87.61968402514728,55.0,73.3,1050.0,,105.0,1277.0579999999995,1.0242573334492118,0.8976617998772543,0.2626840685531522,4.67743276797363,0.0,25.059583333333336,32.97,16.27,5.328235326334834,0.0,0.0,24.6,24.6,7.619999999999999,7.873999999999999,34.797323829643574,70.19308986413307,1,326.1,148.59400000000002,918.2397635350032,65,40
z105_i85,2013,10,2013-08-29,43.57040392871362,87.61968402514728,74.1,82.5,1050.0,,107.0,1305.1229999999996,1.0388862805117605,0.8976617998772543,0.2861877216115225,5.066309945702124,0.0,24.50916666666667,34.64,14.62,5.804979101521894,0.0,0.0,10.3,24.6,2.54,9.652,35.8371042281251,71.3167245802797,3,326.1,150.372,928.7093295119964,65,40
z105_i85,2013,10,2013-09-04,66.4909721226156,83.01168168534768,97.9,96.3,1050.0,,113.0,1390.6479999999997,1.0461763654815026,0.8504529138808617,0.0110237199223999,3.410887073913396,0.0,23.8025,33.49,15.65,4.340326585806906,0.0,0.0,0.0,10.3,0.254,9.652,32.49019912822405,66.53323097547764,9,326.1,150.626,955.3945495386986,65,40
z105_i85,2013,10,2013-09-06,74.67346092944662,80.57827576762206,97.4,99.8,1050.0,,115.0,1422.1629999999998,1.0461763654815026,0.82552272199258,0.0168539699769698,4.179318681878785,0.0,24.721666666666664,34.52,18.52,5.6139699492487125,0.0,0.0,0.0,10.3,0.254,2.794,33.259101307194214,68.41495374022998,11,326.1,150.626,966.2939003845938,65,40
z105_i85,2013,10,2013-09-17,23.32327577879659,49.34153859761084,39.2,44.2,1050.0,,126.0,1542.573,1.0461763654815026,0.5055030138379902,0.8736687454821875,1.1486175390675522,0.0,17.775000000000002,28.45,9.7,3.7621738291345537,0.0,0.0,0.0,0.0,43.688,73.91199999999999,15.201894072648429,46.89642286167509,22,326.1,224.538,997.9506458145668,65,40
z105_i85,2013,11,2013-06-06,24.91078522222663,0.9313134045352356,10.1,11.5,90.0,,23.0,201.63449999999995,0.3298381477900274,0.014686962024777,0.4121976966798398,0.1190408977291393,0.0,16.814875,25.99,5.286,6.198272599140182,0.0,0.0,0.0,0.0,6.096,16.002000000000002,44.82105320122537,87.28158844794416,999,0.0,83.05800000000002,445.64362764055915,50,50
z105_i85,2013,11,2013-06-10,19.91126824318739,1.649270486080167,12.9,9.4,130.0,,27.0,245.90299999999996,0.3716329768158321,0.0269234161421973,1.3974968100764331,0.3058948380055621,0.0,24.17375,35.34,10.58,6.439476323546842,0.0,0.0,21.1,21.1,6.096,16.002000000000002,40.85664927187827,85.80417321013738,3,21.1,83.05800000000002,471.05069577957585,50,50
z105_i85,2013,11,2013-06-12,23.232598991596657,1.9655483076026512,20.4,17.3,150.0,,29.0,273.1979999999999,0.3919165002920148,0.0340082967292911,0.9403518352223574,0.5281590639641675,0.0,24.22125,32.93,14.16,8.838447848334908,0.0,0.0,21.1,21.1,0.0,6.096,49.346285929279475,94.91857060134862,5,21.1,83.05800000000002,488.79164097069844,50,50
z105_i85,2013,11,2013-06-14,15.580911198099512,2.7237544562462515,1.6,4.7,170.0,,31.0,300.41799999999995,0.4118427481181079,0.0470990249443212,5.282234579707969,0.682924128485915,0.0,23.691666666666674,32.38,14.36,8.314928553532809,0.0,0.0,20.9,42.0,0.0,6.096,52.03894611452597,94.99783964635208,1,42.0,83.05800000000002,503.80023315064574,50,50
z105_i85,2013,11,2013-06-19,24.58687648297102,5.151054275948876,25.6,20.7,220.0,,36.0,362.613,0.460288950839066,0.0953434835842792,0.6148599573595996,1.4026076199608075,0.0,23.514166666666668,34.74,12.84,8.67553332587704,0.0,0.0,20.9,42.0,0.0,0.0,49.27305418389733,98.6193401131768,6,42.0,83.05800000000002,538.0646951545957,50,50
z105_i85,2013,11,2013-06-21,17.339113302886787,7.133712784570137,3.2,9.5,240.0,,38.0,391.698,0.4791824155179334,0.1318071038568995,3.0953547720697423,1.455964494668799,0.0,24.11125,33.06,16.01,6.653141879010946,0.0,0.0,20.3,41.2,0.254,0.254,48.91174887912348,100.95069499364945,1,62.3,83.31200000000003,552.7119820297692,50,50
z105_i85,2013,11,2013-06-25,26.95936156188277,12.261984688641656,33.0,25.6,290.0,,42.0,445.303,0.5162427594925265,0.2346857251830142,0.3851188171415903,2.409415049069453,0.0,25.49,31.31,18.04,6.560590788838454,0.0,0.0,20.3,41.2,0.762,0.762,49.05450271128211,98.49047141763731,5,62.3,83.82000000000002,578.4436645400008,50,50
z105_i85,2013,11,2013-06-27,32.01903500279923,14.991869025248386,35.8,34.6,320.0,,44.0,474.053,0.5344405528134383,0.2931593814847451,0.237035278705586,3.832370321397226,0.0,27.743333333333336,35.38,17.84,8.636774873360991,0.0,0.0,0.0,20.3,0.508,0.762,48.230494643212296,98.80403019685764,7,62.3,83.82000000000002,594.2893347939705,50,50
z105_i85,2013,11,2013-06-30,39.020439802939,19.298612216172515,50.8,43.0,365.0,,47.0,516.9079999999999,0.5613588043136397,0.3699821584802868,0.1221403786829364,3.212815573575017,0.0,21.35833333333333,27.27,15.01,5.9909079084172845,0.0,0.0,0.0,20.3,2.032,2.286,50.02835238847183,98.49256238696398,10,62.3,85.34400000000002,615.1605815259852,50,50
z105_i85,2013,11,2013-07-02,36.02321586307875,25.465922233794164,23.3,36.7,395.0,,49.0,540.3679999999999,0.5790685205413582,0.4949574758261396,2.595956347107741,4.3265798507274456,0.0,20.3725,27.31,12.43,6.605367057956755,0.0,0.0,15.0,35.3,2.032,2.794,49.817554780689534,98.87205749197165,1,77.3,85.85200000000002,628.2612193206903,50,50
z105_i85,2013,11,2013-07-04,43.00921660606716,29.71096358711213,52.5,45.9,425.0,,51.0,565.6429999999999,0.5966013738835376,0.5141830594046656,0.1087333872072714,4.537675889776998,0.0,23.987083333333334,33.14,12.0,7.285675808088854,0.0,0.0,15.0,15.0,2.032,2.54,47.97776487580268,96.20825951901497,3,77.3,85.85200000000002,642.2670996697732,50,50
z105_i85,2013,11,2013-07-09,50.46081205404142,49.48107679332069,52.6,54.7,500.0,,56.0,638.3279999999999,0.6396843626482487,0.6508233289081432,0.0747722131748834,3.3915049880546206,0.0,25.22458333333333,35.74,13.55,6.5148397772572935,0.0,0.0,12.2,27.2,5.334,7.366,43.796917271538405,93.61447205222794,4,89.5,91.18600000000002,672.0581365922287,50,50
z105_i85,2013,11,2013-07-11,47.716967664848944,61.47144556313504,52.4,51.0,540.0,,58.0,666.2129999999999,0.6565068262163365,0.7305143889299854,1.5003917247040086,7.449676946217263,0.0,25.98,36.82,14.47,8.513537204824388,0.0,0.0,31.4,46.4,5.334,7.366,45.059855848696316,93.03762072449899,1,108.7,91.18600000000002,687.3269555184695,50,50
z105_i85,2013,11,2013-07-14,48.826268133933134,73.3279767143831,52.5,53.8,600.0,,61.0,709.9729999999998,0.6817125346669262,0.8100771863610184,0.5595778285631395,4.574278078477955,0.0,20.870833333333334,25.95,15.48,4.9191127277881606,1.016,0.0,19.2,46.4,16.002,21.844,43.899203468216,88.01490514220495,4,108.7,107.18800000000002,703.1754866681902,50,50
z105_i85,2013,11,2013-07-16,48.390079283722514,78.57326324650236,34.3,56.8,640.0,,63.0,736.2929999999999,0.6983489509291132,0.844762582778058,0.6643956814133353,7.189212245978145,0.0,21.122916666666665,27.83,12.38,7.5708305025764275,0.0,0.0,32.4,44.599999999999994,16.002,21.336,43.0797077795869,86.8766250511253,1,121.9,107.18800000000002,715.1378443718156,50,50
z105_i85,2013,11,2013-07-18,59.69441060169668,79.75415029826965,65.6,68.6,680.0,,65.0,765.0529999999999,0.7148578594573516,0.8543698216108743,0.4810031186175524,5.654460261927553,0.0,22.232916666666668,33.1,14.66,5.962461876682937,3.048,0.0,13.2,44.599999999999994,19.05,24.383999999999997,41.36358551257581,86.42344136127213,3,121.9,110.23600000000002,728.6905410310453,50,50
z105_i85,2013,11,2013-07-23,76.24339856281314,78.54677090716851,86.5,89.2,780.0,,70.0,831.6079999999998,0.7546404529384125,0.8316519669102486,0.0159579191526746,2.060483571265857,0.0,21.70375,28.64,13.15,5.665949362330139,0.0,0.0,0.0,32.39999999999999,5.334,21.336,39.95403988286853,83.03374766245543,8,121.9,112.52200000000002,755.0918842546841,50,50
z105_i85,2013,11,2013-07-25,65.85763252428663,79.27801551373526,57.4,77.8,820.0,V17,72.0,857.3679999999998,0.770045849620023,0.8370294134825209,0.267036601607049,2.515320287940028,0.0,19.297083333333333,24.97,14.25,2.8561332554672845,0.0,0.0,18.3,31.5,2.286,21.336,33.982164114073385,75.3457496266492,1,140.20000000000002,112.52200000000002,762.6727051451187,50,50
z105_i85,2013,11,2013-07-28,75.7604174612031,79.10545484375605,85.1,89.5,880.0,,75.0,889.0129999999998,0.7939959542321476,0.8346915546798356,0.2298643670761006,1.4984735316864053,0.0,17.42125,22.46,14.06,2.4136024198960513,0.508,0.0,18.3,31.5,1.524,6.8580000000000005,31.678499319357798,71.69425371920806,4,140.20000000000002,114.046,774.8697403873982,50,50
z105_i85,2013,11,2013-07-30,22.73599586000159,79.10545484375605,15.3,38.0,910.0,,77.0,913.9979999999998,0.8097610541901542,0.8346915546798356,0.514925471054931,4.806557575003385,0.0,21.17916666666667,30.69,13.01,5.406776956398971,0.0,0.0,78.9,78.9,1.524,6.8580000000000005,27.09857230790658,67.05261219077511,1,200.8,114.046,782.1904565625907,50,50
z105_i85,2013,11,2013-08-01,33.46354271424801,79.10545484375605,39.1,50.2,930.0,R1,79.0,941.213,0.8255012176484221,0.8346915546798356,0.433626505583749,4.027005230100031,0.0,21.539166666666663,30.19,14.24,4.553128423169255,0.0,0.0,60.599999999999994,78.9,1.524,3.81,29.972168463165872,63.954332577239256,3,200.8,114.046,792.6448736082846,50,50
z105_i85,2013,11,2013-08-06,14.99971447578051,79.10545484375605,19.3,30.6,965.0,,84.0,1010.4479999999998,0.8644411580276815,0.8346915546798356,0.5068472265514015,4.646592948479724,0.2324229642947721,20.744583333333335,30.85,12.62,5.321954455503146,0.0,0.0,30.4,109.3,20.07,21.593999999999998,37.19177419528387,64.29034650319045,4,231.20000000000002,134.116,819.3822307578746,50,50
z105_i85,2013,11,2013-08-08,2.0527443057482038,79.10545484375605,8.3,17.5,975.0,R1,86.0,1031.6729999999998,0.879860496276936,0.8346915546798356,0.2670968740753637,2.331420963512332,1.665512423887255,17.9425,24.92,12.8,2.804548046377022,0.0,0.0,50.7,111.3,20.07,21.593999999999998,32.98520706994714,62.95737553311301,1,251.50000000000003,134.116,825.6300806782317,50,50
z105_i85,2013,11,2013-08-11,15.894657997031157,79.10545484375605,46.2,33.1,990.0,,89.0,1067.393,0.9028299425597368,0.8346915546798356,0.3595225979272095,3.253130940232545,0.0078834642460573,21.0375,27.59,14.67,3.7750288285315037,0.0,0.0,20.3,111.3,0.0,20.07,30.79437022570346,64.70460121382166,4,251.50000000000003,134.116,839.5743416012199,50,50
z105_i85,2013,11,2013-08-13,1.6315536381912767,79.10545484375605,6.6,16.8,1000.0,,91.0,1089.558,0.9180400884168264,0.8346915546798356,0.4014657083550246,3.477080168949521,4.866975637775671,18.892500000000002,26.06,12.06,4.215436335420236,0.762,0.0,40.6,71.0,6.604000000000001,26.674,28.664442912995582,65.85621710827945,1,271.8,140.72000000000003,848.0466736708702,50,50
z105_i85,2013,11,2013-08-15,11.532061205844853,79.10545484375605,20.9,26.9,1010.0,,93.0,1111.578,0.933170661991023,0.8346915546798356,0.2311442410385622,4.012755037186567,0.2135915623285923,18.963333333333335,28.04,9.83,4.906800728291273,0.0,0.0,20.3,71.0,6.604000000000001,26.674,31.762524253485026,64.74773132343216,3,271.8,140.72000000000003,857.3926049317167,50,50
z105_i85,2013,11,2013-08-20,33.58964464715368,79.10545484375605,70.0,55.8,1035.0,,98.0,1176.4379999999996,0.9706629584674884,0.8346915546798356,0.0164306815244426,4.619468425787472,1.2882986395561591e-06,23.830000000000002,35.32,11.66,5.490727498196065,0.0,0.0,0.0,40.599999999999994,0.254,6.8580000000000005,35.3957660344895,64.06020894748508,8,271.8,140.97400000000002,883.4424397053597,50,50
z105_i85,2013,11,2013-08-22,18.44047871312508,79.10545484375605,41.1,43.0,1045.0,,100.0,1205.9279999999994,0.9855314548543018,0.8346915546798356,0.3819869118225717,3.3562551033649424,9.670100930949493e-09,21.340416666666666,28.22,15.02,4.010906720650382,6.858,0.0,17.3,37.599999999999994,7.112,13.716000000000001,35.4796203521546,67.24214460563962,1,289.1,147.83200000000002,892.8722252838713,50,50
z105_i85,2013,11,2013-08-25,31.485516611895957,79.10545484375605,68.2,65.5,1050.0,,103.0,1247.3129999999996,1.007702405233951,0.8346915546798356,0.4634087240851629,4.038518804655915,7.540511333177192e-12,22.77,31.99,13.55,4.865845159387391,0.762,0.0,17.3,37.599999999999994,7.619999999999999,14.478,35.134301971153036,67.83124956247411,4,289.1,148.59400000000002,907.405591163694,50,50
z105_i85,2013,11,2013-08-27,29.42185395859705,79.10545484375605,47.8,64.4,1050.0,,105.0,1277.0579999999995,1.022397701367431,0.8346915546798356,0.50744539814193,4.398101957784105,8.604228440844963e-14,25.059583333333336,32.97,16.27,5.328235326334834,0.0,0.0,29.6,29.599999999999994,7.619999999999999,7.873999999999999,34.797323829643574,70.19308986413307,1,301.40000000000003,148.59400000000002,918.2397635350032,50,50
z105_i85,2013,11,2013-08-29,37.49077909045376,79.10545484375605,68.8,75.2,1050.0,,107.0,1305.1229999999996,1.0370266484299795,0.8346915546798356,0.5528490674610733,4.76526975865352,0.0,24.50916666666667,34.64,14.62,5.804979101521894,0.0,0.0,12.3,29.599999999999994,2.54,9.652,35.8371042281251,71.3167245802797,3,301.40000000000003,150.372,928.7093295119964,50,50
z105_i85,2013,11,2013-09-04,48.28184504894441,74.94522389717649,86.8,89.2,1050.0,,113.0,1390.6479999999997,1.044316733399722,0.7907943336413329,0.0192851038022896,3.2096237395096923,0.0,23.8025,33.49,15.65,4.340326585806906,0.0,0.0,12.2,24.499999999999993,0.254,9.652,32.49019912822405,66.53323097547764,5,313.6,150.626,955.3945495386986,50,50
z105_i85,2013,11,2013-09-06,47.62806728165321,72.7482782669466,70.1,87.5,1050.0,,115.0,1422.1629999999998,1.044316733399722,0.7676129744384105,0.7676435363579897,3.932637598326324,0.0,24.721666666666664,34.52,18.52,5.6139699492487125,0.0,0.0,10.1,34.599999999999994,0.254,2.794,33.259101307194214,68.41495374022998,1,323.70000000000005,150.626,966.2939003845938,50,50
z105_i85,2013,11,2013-09-17,3.008993666555615,44.54689487734878,36.1,37.7,1050.0,,126.0,1542.573,1.044316733399722,0.470042388540395,1.0025941746080669,1.0743581156971007,1.5477701644586468,17.775000000000002,28.45,9.7,3.7621738291345537,0.0,0.0,0.0,10.099999999999993,43.688,73.91199999999999,15.201894072648429,46.89642286167509,12,323.70000000000005,224.538,997.9506458145668,50,50
z105_i85,2013,12,2013-06-06,24.91078522222663,0.9313134045352356,12.2,12.3,90.0,,23.0,201.63449999999995,0.3298381477900274,0.014686962024777,0.4121976966798398,0.1190408977291393,0.0,16.814875,25.99,5.286,6.198272599140182,0.0,0.0,0.0,0.0,6.096,16.002000000000002,44.82105320122537,87.28158844794416,999,0.0,83.05800000000002,445.64362764055915,40,40
z105_i85,2013,12,2013-06-10,13.312493751464029,1.750002866457528,12.3,10.0,130.0,,27.0,245.90299999999996,0.3716329768158321,0.0279612671750963,1.7045806371657883,0.3174950440329012,0.0,24.17375,35.34,10.58,6.439476323546842,0.0,0.0,28.7,28.7,6.096,16.002000000000002,40.85664927187827,85.80417321013738,3,28.7,83.05800000000002,471.05069577957585,40,40
z105_i85,2013,12,2013-06-12,17.271108493168416,2.265331816496007,20.3,17.9,150.0,,29.0,273.1979999999999,0.3919165002920148,0.0372198248537206,1.1499934619152052,0.5769577513442515,0.0,24.22125,32.93,14.16,8.838447848334908,0.0,0.0,28.7,28.7,0.0,6.096,49.346285929279475,94.91857060134862,5,28.7,83.05800000000002,488.79164097069844,40,40
z105_i85,2013,12,2013-06-14,1.983688660185308,3.1391788266873584,-1.6,3.9,170.0,,31.0,300.41799999999995,0.4118427481181079,0.0515772944444572,5.517017765589821,0.7459159804356131,5.497607731466998,23.691666666666674,32.38,14.36,8.314928553532809,0.0,0.0,29.1,57.8,0.0,6.096,52.03894611452597,94.99783964635208,1,57.8,83.05800000000002,503.80023315064574,40,40
z105_i85,2013,12,2013-06-19,11.190556240401111,6.977541290415713,21.7,20.7,220.0,,36.0,362.613,0.460288950839066,0.1117423228074689,0.7234855732088726,1.6283169067867076,0.0001490102061017,23.514166666666668,34.74,12.84,8.67553332587704,0.0,0.0,29.1,57.8,0.0,0.0,49.27305418389733,98.6193401131768,6,57.8,83.05800000000002,538.0646951545957,40,40
z105_i85,2013,12,2013-06-21,4.261626740817627,9.669113249418045,5.4,9.4,240.0,,38.0,391.698,0.4791824155179334,0.1548427676282373,3.843222008390625,1.687819577551998,1.261042312120075e-06,24.11125,33.06,16.01,6.653141879010946,0.0,0.0,20.4,49.5,0.254,0.254,48.91174887912348,100.95069499364945,1,78.19999999999999,83.31200000000003,552.7119820297692,40,40
z105_i85,2013,12,2013-06-25,16.770638317676607,18.260383761745715,36.5,26.7,290.0,,42.0,445.303,0.5162427594925265,0.2843537256528518,0.4193544142833848,2.837821282042988,9.032484163805834e-11,25.49,31.31,18.04,6.560590788838454,0.0,0.0,20.4,49.5,0.762,0.762,49.05450271128211,98.49047141763731,5,78.19999999999999,83.82000000000002,578.4436645400008,40,40
z105_i85,2013,12,2013-06-27,23.735440695226192,24.083964772275124,40.1,34.9,320.0,,44.0,474.053,0.5344405528134383,0.362994295969007,0.1765585325431493,4.562074019555811,7.863100053313113e-13,27.743333333333336,35.38,17.84,8.636774873360991,0.0,0.0,0.0,20.4,0.508,0.762,48.230494643212296,98.80403019685764,7,78.19999999999999,83.82000000000002,594.2893347939705,40,40
z105_i85,2013,12,2013-06-30,33.79979584103656,34.66703390256375,50.6,41.9,365.0,,47.0,516.9079999999999,0.5613588043136397,0.4652108456211409,0.0700155740641392,3.8324971692139846,0.0,21.35833333333333,27.27,15.01,5.9909079084172845,0.0,0.0,0.0,20.4,2.032,2.286,50.02835238847183,98.49256238696398,10,78.19999999999999,85.34400000000002,615.1605815259852,40,40
z105_i85,2013,12,2013-07-02,34.87061151122863,45.84385284997337,31.1,37.0,395.0,,49.0,540.3679999999999,0.5790685205413582,0.5641598285993205,2.1365665692395317,4.7521920427342685,0.0,20.3725,27.31,12.43,6.605367057956755,0.0,0.0,12.2,32.599999999999994,2.032,2.794,49.817554780689534,98.87205749197165,1,90.39999999999999,85.85200000000002,628.2612193206903,40,40
z105_i85,2013,12,2013-07-04,45.393778370992784,51.90396037645635,58.2,44.7,425.0,,51.0,565.6429999999999,0.5965952360014067,0.5701416312827172,0.4820219416591073,4.050956760225096,0.0,23.987083333333334,33.14,12.0,7.285675808088854,0.0,0.0,12.2,12.2,2.032,2.54,47.97776487580268,96.20825951901497,3,90.39999999999999,85.85200000000002,642.2670996697732,40,40
z105_i85,2013,12,2013-07-09,56.72984538178032,65.53162248004762,60.2,51.4,500.0,,56.0,638.3279999999999,0.6394434260170054,0.630993110361717,0.0709414502663365,3.3095358529852352,0.0,25.22458333333333,35.74,13.55,6.5148397772572935,0.0,0.0,10.2,22.4,5.334,7.366,43.796917271538405,93.61447205222794,4,100.6,91.18600000000002,672.0581365922287,40,40
z105_i85,2013,12,2013-07-11,57.7992255701884,71.78546688939164,60.8,48.6,540.0,,58.0,666.2129999999999,0.6562664718361249,0.7072027659349333,1.6635584204258742,7.295116669649817,0.0,25.98,36.82,14.47,8.513537204824388,0.0,0.0,25.4,37.599999999999994,5.334,7.366,45.059855848696316,93.03762072449899,1,115.8,91.18600000000002,687.3269555184695,40,40
z105_i85,2013,12,2013-07-14,58.70498387892379,78.54090759064331,54.6,49.5,600.0,,61.0,709.9729999999998,0.6814721802867145,0.7872015686188347,0.6458284467879443,4.493545087071536,0.0,20.870833333333334,25.95,15.48,4.9191127277881606,1.016,0.0,15.2,37.599999999999994,16.002,21.844,43.899203468216,88.01490514220495,4,115.8,107.18800000000002,703.1754866681902,40,40
z105_i85,2013,12,2013-07-16,61.14581034748559,81.40380343723477,45.0,54.1,640.0,,63.0,736.2929999999999,0.6981085965489016,0.8207083564395693,0.8003490841025452,7.063633402912819,0.0,21.122916666666665,27.83,12.38,7.5708305025764275,0.0,0.0,25.4,35.599999999999994,16.002,21.336,43.0797077795869,86.8766250511253,1,126.0,107.18800000000002,715.1378443718156,40,40
z105_i85,2013,12,2013-07-18,68.1340259237863,80.8209120696178,68.5,64.0,680.0,,65.0,765.0529999999999,0.714343834910833,0.8125547244497537,0.667056368390022,2.527887323943661,0.0,22.232916666666668,33.1,14.66,5.962461876682937,3.048,0.0,10.2,35.599999999999994,19.05,24.383999999999997,41.36358551257581,86.42344136127213,3,126.0,110.23600000000002,728.6905410310453,40,40
z105_i85,2013,12,2013-07-23,79.33344559302013,77.8625910705245,86.0,82.2,780.0,,70.0,831.6079999999998,0.7529460483595537,0.7791840989717386,0.0263033682964626,1.4799999999999998,0.0,21.70375,28.64,13.15,5.665949362330139,0.0,0.0,0.0,25.4,5.334,21.336,39.95403988286853,83.03374766245543,8,126.0,112.52200000000002,755.0918842546841,40,40
z105_i85,2013,12,2013-07-25,74.87113904179476,78.62250102106896,70.5,76.1,820.0,V16,72.0,857.3679999999998,0.7678059980869192,0.7867598118501498,0.3759569537726011,2.371031469934621,0.0,19.297083333333333,24.97,14.25,2.8561332554672845,0.0,0.0,12.2,22.4,2.286,21.336,33.982164114073385,75.3457496266492,1,138.2,112.52200000000002,762.6727051451187,40,40
z105_i85,2013,12,2013-07-28,81.72436347278985,77.6819166528394,88.9,86.0,880.0,,75.0,889.0129999999998,0.7912984443883834,0.7771885940544812,0.3356563106869007,1.0373605482317607,0.0,17.42125,22.46,14.06,2.4136024198960513,0.508,0.0,12.2,22.4,1.524,6.8580000000000005,31.678499319357798,71.69425371920806,4,138.2,114.046,774.8697403873982,40,40
z105_i85,2013,12,2013-07-30,28.480838613054843,77.6819166528394,22.6,35.0,910.0,,77.0,913.9979999999998,0.8068677955083478,0.7771885940544812,0.7519129045163906,4.463813472806856,0.0,21.17916666666667,30.69,13.01,5.406776956398971,0.0,0.0,72.80000000000001,72.80000000000001,1.524,6.8580000000000005,27.09857230790658,67.05261219077511,1,198.79999999999998,114.046,782.1904565625907,40,40
z105_i85,2013,12,2013-08-01,38.89652164717986,77.6819166528394,43.4,48.5,930.0,R1,79.0,941.213,0.8226079589666156,0.7771885940544812,0.6331971976853081,3.740638752852469,0.0,21.539166666666663,30.19,14.24,4.553128423169255,0.0,0.0,60.60000000000001,72.80000000000001,1.524,3.81,29.972168463165872,63.954332577239256,3,198.79999999999998,114.046,792.6448736082846,40,40
z105_i85,2013,12,2013-08-06,16.508653495698187,77.6819166528394,23.7,32.2,965.0,,84.0,1010.4479999999998,0.8615478993458751,0.7771885940544812,0.7401167580263007,4.318485855547728,0.0,20.744583333333335,30.85,12.62,5.321954455503146,0.0,0.0,30.4,103.2,20.07,21.593999999999998,37.19177419528387,64.29034650319045,4,229.2,134.116,819.3822307578746,40,40
z105_i85,2013,12,2013-08-08,2.143404711454734,77.6819166528394,7.2,19.4,975.0,R1,86.0,1031.6729999999998,0.8769672375951295,0.7771885940544812,0.3900245718313494,2.1672677063335546,0.8023089179784961,17.9425,24.92,12.8,2.804548046377022,0.0,0.0,51.2,111.8,20.07,21.593999999999998,32.98520706994714,62.95737553311301,1,250.0,134.116,825.6300806782317,40,40
z105_i85,2013,12,2013-08-11,15.452742870398511,77.6819166528394,41.4,36.6,990.0,,89.0,1067.393,0.8999366838779302,0.7771885940544812,0.5249879760131121,3.025086020557299,0.0103016125842951,21.0375,27.59,14.67,3.7750288285315037,0.0,0.0,20.8,111.8,0.0,20.07,30.79437022570346,64.70460121382166,4,250.0,134.116,839.5743416012199,40,40
z105_i85,2013,12,2013-08-13,1.4124512467026946,77.6819166528394,7.1,21.4,1000.0,,91.0,1089.558,0.91514682973502,0.7771885940544812,0.5862348316437317,3.2340620617614744,5.173854468722708,18.892500000000002,26.06,12.06,4.215436335420236,0.762,0.0,41.1,71.5,6.604000000000001,26.674,28.664442912995582,65.85621710827945,1,270.3,140.72000000000003,848.0466736708702,40,40
z105_i85,2013,12,2013-08-15,11.101648891775334,77.6819166528394,28.7,32.5,1010.0,,93.0,1111.578,0.9302774033092166,0.7771885940544812,0.3251768581477522,3.733144246364067,0.2191802107932602,18.963333333333335,28.04,9.83,4.906800728291273,0.0,0.0,20.3,71.5,6.604000000000001,26.674,31.762524253485026,64.74773132343216,3,270.3,140.72000000000003,857.3926049317167,40,40
z105_i85,2013,12,2013-08-20,32.13653191010423,77.6819166528394,66.7,64.6,1035.0,,98.0,1176.4379999999996,0.9677696997856818,0.7771885940544812,0.0260453056726233,4.300063472867825,1.309491629732159e-06,23.830000000000002,35.32,11.66,5.490727498196065,0.0,0.0,0.0,41.10000000000001,0.254,6.8580000000000005,35.3957660344895,64.06020894748508,8,270.3,140.97400000000002,883.4424397053597,40,40
z105_i85,2013,12,2013-08-22,19.711256257595466,77.6819166528394,47.3,56.0,1045.0,,100.0,1205.9279999999994,0.9826381961724954,0.7771885940544812,0.5577911843578549,3.1249277863358405,9.830528333832091e-09,21.340416666666666,28.22,15.02,4.010906720650382,6.858,0.0,14.3,34.60000000000001,7.112,13.716000000000001,35.4796203521546,67.24214460563962,1,284.6,147.83200000000002,892.8722252838713,40,40
z105_i85,2013,12,2013-08-25,32.33300960717702,77.6819166528394,73.2,72.6,1050.0,,103.0,1247.3129999999996,1.0048091465521445,0.7771885940544812,0.6766862765426075,3.7615117242529688,7.641320308219668e-12,22.77,31.99,13.55,4.865845159387391,0.762,0.0,14.3,34.60000000000001,7.619999999999999,14.478,35.134301971153036,67.83124956247411,4,284.6,148.59400000000002,907.405591163694,40,40
z105_i85,2013,12,2013-08-27,32.055445305094025,77.6819166528394,53.5,73.1,1050.0,,105.0,1277.0579999999995,1.0195044426856246,0.7771885940544812,0.7409902299427551,4.09742035660504,8.049116928532386e-14,25.059583333333336,32.97,16.27,5.328235326334834,0.0,0.0,24.5,24.500000000000007,7.619999999999999,7.873999999999999,34.797323829643574,70.19308986413307,1,294.8,148.59400000000002,918.2397635350032,40,40
z105_i85,2013,12,2013-08-29,39.82234247130289,77.6819166528394,74.6,81.9,1050.0,,107.0,1305.1229999999996,1.0341333897481733,0.7771885940544812,0.8072903195528432,4.440570510052346,0.0,24.50916666666667,34.64,14.62,5.804979101521894,0.0,0.0,10.2,24.500000000000007,2.54,9.652,35.8371042281251,71.3167245802797,3,294.8,150.372,928.7093295119964,40,40
z105_i85,2013,12,2013-09-04,59.73791069103203,73.59655093075273,97.0,95.3,1050.0,,113.0,1390.6479999999997,1.0414234747179154,0.7363155082894062,0.0235586912233612,2.9911116796770125,0.0,23.8025,33.49,15.65,4.340326585806906,0.0,0.0,0.0,10.200000000000006,0.254,9.652,32.49019912822405,66.53323097547764,9,294.8,150.626,955.3945495386986,40,40
z105_i85,2013,12,2013-09-06,67.07371390182794,71.43914032391883,96.0,98.6,1050.0,,115.0,1422.1629999999998,1.0414234747179154,0.7147311423446691,0.0323972604708929,3.66431475266324,0.0,24.721666666666664,34.52,18.52,5.6139699492487125,0.0,0.0,0.0,10.200000000000006,0.254,2.794,33.259101307194214,68.41495374022998,11,294.8,150.626,966.2939003845938,40,40
z105_i85,2013,12,2013-09-17,15.173594074057972,43.74525349534918,43.2,43.3,1050.0,,126.0,1542.573,1.0414234747179154,0.4376605717974984,1.130546327088396,0.9945942049792384,0.0,17.775000000000002,28.45,9.7,3.7621738291345537,0.0,0.0,0.0,0.0,43.688,73.91199999999999,15.201894072648429,46.89642286167509,22,294.8,224.538,997.9506458145668,40,40
