fold,Year,Trt_code,Date,stage_group,SWD_obs,M0_AquaCrop,M1_AI,M2_residual,M3_OOD_AI,Assim_only,M4_full,M3_gate,M4_gate
2012->2013,2013,1,2013-06-06,Early vegetative,14.7,15.299999999999995,32.22244503997935,-0.9880722630625396,8.681324969147596,15.299999999999995,12.262139220989175,0.40635103552812546,0.38955535826529114
2012->2013,2013,1,2013-06-10,Early vegetative,18.7,13.606270819749426,30.649882334995105,-1.3665304075290639,4.791336085610174,10.50448787590554,9.484424422636568,0.5887298308668916,0.5662942637246758
2012->2013,2013,1,2013-06-12,Early vegetative,26.3,17.36186688857132,40.292952836203305,4.939969536371336,9.417933662166,17.84019157040363,17.93806268695056,0.6395104548982935,0.6145080116371295
2012->2013,2013,1,2013-06-14,Early vegetative,4.5,11.153330057659591,26.66582971507712,-2.918749484756912,1.1573195255745965,12.849833218475789,8.040414506365213,0.7103435211515616,0.6912915270170636
2012->2013,2013,1,2013-06-19,Early vegetative,20.1,21.32294560533153,41.3000024958379,13.919650046776688,16.401720164977096,21.966836928993903,23.13382546484386,0.6647344282598222,0.6369730198366302
2012->2013,2013,1,2013-06-21,Early vegetative,8.0,13.997027265121751,30.267973082702323,1.986554289838205,5.841472550303937,13.71588441671489,9.222386502401422,0.6790369314848131,0.6458820121050687
2012->2013,2013,1,2013-06-25,Early vegetative,35.7,23.564995000552805,38.98465187148336,18.91533923552579,20.47618158928764,21.223833781209613,22.438050940115343,0.6643101268911284,0.66275164381313
2012->2013,2013,1,2013-06-27,Early vegetative,8.4,18.93918315077228,36.48178936257374,7.4754923472200225,11.381490347676916,24.138499176683627,18.26432730398315,0.659272212815916,0.6349846825066903
2012->2013,2013,1,2013-06-30,Early vegetative,35.2,28.888093748174217,41.41606142268098,23.242709535409276,25.144408689031437,27.28314455213773,30.21863562411394,0.6631408807708474,0.6542032677815938
2012->2013,2013,1,2013-07-02,Early vegetative,8.3,22.13741844883348,22.11238048444609,10.535574763591276,13.512751016592015,25.04313525744657,19.353017010160183,0.7433876602916335,0.7128075445611437
2012->2013,2013,1,2013-07-04,Early vegetative,45.2,31.8343378462781,38.07952131555635,25.656822981672377,27.208303357605377,28.00383239203303,28.777774617080983,0.7488504018303122,0.7248009005870888
2012->2013,2013,1,2013-07-09,Early vegetative,38.2,31.385028925819896,46.47117093839744,26.52498723578119,27.923357697350514,38.74802288711553,43.09730948689702,0.7122719205402154,0.6831071547973943
2012->2013,2013,1,2013-07-11,Early vegetative,28.7,8.078160812664628,18.27419339949853,-4.146358417348226,-0.22376402457412858,14.827309529391291,10.39369180940069,0.6791207638543694,0.6616095185344906
2012->2013,2013,1,2013-07-14,Early vegetative,26.2,9.401120410460566,36.931588722439805,2.877693217954179,5.864344004753961,24.182768618609263,26.96649186501681,0.5421653835225421,0.5218653060361347
2012->2013,2013,1,2013-07-15,Late vegetative,17.0,5.426545414757233,28.703675460459866,-4.12252368530969,3.577571592935382,21.21525958962782,20.33474999723643,0.19362869850935446,0.18576812646119387
2012->2013,2013,1,2013-07-17,Late vegetative,2.7,5.780916787383737,27.941755762172317,-1.8233000036544231,1.6080730051619891,9.077653431886128,6.226040563375472,0.5487539212637379,0.5215680622123039
2012->2013,2013,1,2013-07-18,Late vegetative,21.6,10.075522599674386,27.941755762172317,4.809909691323832,7.327635590678956,9.2850125651111,9.5810124064548,0.5218551110427526,0.49627244119401376
2012->2013,2013,1,2013-07-23,Late vegetative,45.2,21.398455813427223,44.52314065263928,27.290154678410968,25.089603107851477,21.39359798549092,27.567530512990942,0.6264996529883639,0.6002617637838612
2012->2013,2013,1,2013-07-25,Early vegetative,4.0,0.5103403542350633,20.7530781753956,-2.04117528253378,-0.718617429104806,0.9925707362802232,1.5901912448577784,0.4816579469981935,0.4536535119099797
2012->2013,2013,1,2013-07-28,Early vegetative,29.1,12.283893270199991,45.02811073780326,18.101774133111537,15.266073884553638,12.484746327922156,18.06726769512906,0.5125888076128842,0.47990961581239716
2012->2013,2013,1,2013-07-30,Early vegetative,11.5,3.068267059644094,19.276328515432237,-3.9491234182376878,-0.5555573499908646,3.3500847805560454,3.5782600493748697,0.5164062654140374,0.4869035972829697
2012->2013,2013,1,2013-08-01,Reproductive,23.3,15.355233327509602,41.01187176482376,20.936279888242815,18.6086280349944,17.883287984085367,21.7158302244483,0.582936313481925,0.5580828460552412
2012->2013,2013,1,2013-08-06,Reproductive,20.8,14.785607132490584,48.71636227621011,22.554382575261197,18.760161994067484,14.779363996325957,19.763661706334716,0.5116063517160222,0.48459929247804817
2012->2013,2013,1,2013-08-08,Reproductive,7.9,1.90991887856667,31.077248236219404,1.3177771392036441,1.6408063383847917,3.339305161821604,4.147417692287993,0.45447318149091476,0.4202961964636699
2012->2013,2013,1,2013-08-11,Reproductive,44.3,15.64791799670692,54.250019172331086,23.416693439477534,20.349066003452595,18.98994370075823,23.925315374532495,0.6051337229885337,0.575685592498353
2012->2013,2013,1,2013-08-13,Reproductive,7.6,0.9386668494796891,30.97430432107194,0.3465251101166631,0.6295058911921891,7.723697553115402,6.508892589071897,0.5221063433563529,0.480583520346518
2012->2013,2013,1,2013-08-15,Reproductive,31.6,11.64820534301766,47.21953523246632,18.135744596456682,15.236523488380254,16.260411964870702,20.116967368949187,0.5531092769050205,0.5228813553173692
2012->2013,2013,1,2013-08-20,Reproductive,53.8,18.887349079767745,55.666303676285814,34.067231585786956,30.459715017333362,22.93187511419644,31.23545939508562,0.7623488477580035,0.7634387246131286
2012->2013,2013,1,2013-08-22,Reproductive,8.4,-5.440816961574036,27.85445549107991,0.020623517892065735,-2.7940313910714045,5.232361821911238,5.518392596932461,0.48463140456332054,0.46442577116328276
2012->2013,2013,1,2013-08-25,Reproductive,42.0,12.506042163726969,46.456928096104015,26.828117441285663,23.089946847014673,19.724992180914292,27.509584308274327,0.7389923930836796,0.7117464943456934
2012->2013,2013,1,2013-08-27,Reproductive,10.4,3.1798728621023824,28.653755165076088,7.631904620403967,6.380732879187303,16.57889104838694,14.46911516023427,0.718966123976174,0.6990640814818572
2012->2013,2013,1,2013-08-29,Reproductive,28.8,12.348948350106545,46.79037257471141,23.523758701610454,21.445339663087303,21.3340455724658,27.019525291372496,0.8140085627275603,0.7892342219120603
2012->2013,2013,1,2013-09-04,Reproductive,61.0,18.885976506581656,57.307152002421326,41.71808512978016,36.90241742349477,19.37634645829792,26.348235725700572,0.7890835320662218,0.7386983207644224
2012->2013,2013,1,2013-09-06,Reproductive,19.1,3.873432909416141,36.73116447325756,14.389804123140784,12.401329437703225,23.959997567546296,21.081984124965444,0.8109162709240948,0.7580043728193424
2012->2013,2013,1,2013-09-17,Reproductive,23.1,2.7313413556313977,71.89278534243438,24.819735627077808,7.205136668772409,2.725363821000813,3.1197388243434894,0.202540540437757,0.19254863892814414
2012->2013,2013,2,2013-06-06,Early vegetative,7.6,15.299999999999995,32.22244503997935,-0.9880722630625396,8.014514188401307,15.299999999999995,11.811471560089775,0.44728962973233083,0.4288113993096179
2012->2013,2013,2,2013-06-10,Early vegetative,20.9,13.606270819749426,30.649882334995105,-1.3665304075290639,4.349612373180335,10.50448787590554,9.234696785042626,0.6182315724398095,0.5938146390654737
2012->2013,2013,2,2013-06-12,Early vegetative,24.5,17.36186688857132,40.292952836203305,4.939969536371336,8.230280636725022,18.795955047933468,18.670641490897157,0.7351200861621229,0.7048025048515616
2012->2013,2013,2,2013-06-14,Early vegetative,5.6,11.153330057659591,26.66582971507712,-2.918749484756912,0.31943946109033305,12.82480643548456,7.444873634296612,0.769885542780895,0.7375614087099953
2012->2013,2013,2,2013-06-19,Early vegetative,22.9,21.32294560533153,43.472855129695525,13.919650046776688,15.935598199289176,22.147134268349863,23.211590371702712,0.727695843483789,0.7120023195188215
2012->2013,2013,2,2013-06-21,Early vegetative,10.0,13.997027265121751,32.440825716559935,1.986554289838205,5.099505896513216,15.347290533486571,10.220540016798134,0.7408135705328858,0.7028514059429274
2012->2013,2013,2,2013-06-25,Early vegetative,35.4,23.564995000552805,41.15750450534098,18.91533923552579,19.938473630894297,23.017882113874705,24.162273174910542,0.779954808038878,0.7654698839413051
2012->2013,2013,2,2013-06-27,Early vegetative,7.1,18.71797260634515,38.654641996431366,7.158411998148072,10.429317681520633,24.559288777537063,17.563330751941766,0.7170389261116805,0.6855741562592604
2012->2013,2013,2,2013-06-30,Early vegetative,38.0,28.76169618722494,41.41606142268098,23.116311974459997,24.73987894145439,26.735495546545035,28.209943491109104,0.7124080654557935,0.7041557640874874
2012->2013,2013,2,2013-07-02,Early vegetative,9.2,22.02301054611802,22.11238048444609,10.421166860875816,12.345914723987637,26.16431092755325,18.78484155013153,0.8340998279816387,0.8257837522878533
2012->2013,2013,2,2013-07-04,Early vegetative,48.0,31.745624352056623,38.07952131555635,25.568109487450897,26.567667267069268,28.42738674754751,27.367235003121884,0.8381941927254001,0.7998724008853034
2012->2013,2013,2,2013-07-09,Early vegetative,37.6,31.34683625509341,46.47117093839744,26.486794565054705,26.918010838888527,39.84927827777271,43.30451229058178,0.9112731327557012,0.8695220836469469
2012->2013,2013,2,2013-07-11,Early vegetative,25.8,8.059106661881339,18.27419339949853,-4.165412568131515,-0.46781179207104984,15.1004937390233,10.374086698769968,0.6975258734934661,0.6715241756282073
2012->2013,2013,2,2013-07-14,Early vegetative,19.3,9.362190175654632,36.931588722439805,2.8387629831482455,5.5736271557384764,22.71032200978177,25.1114448274407,0.5807626739926164,0.5481336111102991
2012->2013,2013,2,2013-07-15,Late vegetative,19.2,8.887535969221297,28.703675460459866,-0.6615331308456263,6.085358440171433,20.533299473935365,19.10925084742996,0.29345033528244396,0.28049579330102986
2012->2013,2013,2,2013-07-17,Late vegetative,3.4,5.773953510586848,27.941755762172317,-1.8302632804513124,1.3097508421628952,6.653927557414614,3.590311870778935,0.5870693578443442,0.5278045608913311
2012->2013,2013,2,2013-07-18,Late vegetative,18.7,10.074843368611017,27.941755762172317,4.809230460260463,7.045196484897572,9.474146374634834,9.612072488487543,0.5753645276333992,0.5317545401355215
2012->2013,2013,2,2013-07-23,Late vegetative,39.4,21.399405691120613,44.52314065263928,27.291104556104358,25.265399466754836,21.28276017865903,27.42567431662228,0.6561764041626539,0.617481736203198
2012->2013,2013,2,2013-07-25,Early vegetative,-0.4,0.5103636920468914,20.7530781753956,-2.041151944721952,-0.6905593017256278,0.8233835416298819,1.1730021879874821,0.47067044248779494,0.44558521056456324
2012->2013,2013,2,2013-07-28,Early vegetative,25.0,12.283573256496163,45.02811073780326,18.10145411940771,15.229383857118613,12.21337407432175,17.496953183601853,0.5063373881376159,0.46776477232844643
2012->2013,2013,2,2013-07-30,Early vegetative,-0.3,3.0625739897747817,19.276328515432237,-3.9548164881070003,-0.6869713397325969,3.2607862591141097,2.866300793924969,0.5343218880758633,0.5055515256783369
2012->2013,2013,2,2013-08-01,Reproductive,23.8,15.340279397302366,41.01187176482376,20.92132595803558,18.727198357912517,14.967277653515378,18.61310569828919,0.6068609039099634,0.5582967881637448
2012->2013,2013,2,2013-08-06,Reproductive,18.7,14.785289754699884,48.71636227621011,22.554065197470496,18.907422210041933,14.796851437198038,19.7400181605495,0.5306026008485004,0.49688390593213816
2012->2013,2013,2,2013-08-08,Reproductive,10.5,1.9096948699002625,31.077248236219404,1.3175531305372363,1.6494040473140934,2.2958364457439906,2.855159895338498,0.4395751984417903,0.4023911435748124
2012->2013,2013,2,2013-08-11,Reproductive,46.1,15.647389599897872,54.250019172331086,23.416165042668485,20.40651483276913,19.799110965016837,24.378204956317234,0.6125965756031673,0.5559874685262313
2012->2013,2013,2,2013-08-13,Reproductive,8.1,1.4587953556648583,31.880046347306948,5.307776868537295,3.4194962362855277,14.15747658499632,12.787026145073694,0.5094077157978937,0.47836930902270663
2012->2013,2013,2,2013-08-15,Reproductive,28.4,11.648946774016634,49.73628721374272,18.136486027455653,15.352112846932554,19.74322780285688,23.44566521027846,0.5708121258692787,0.526025204814569
2012->2013,2013,2,2013-08-20,Reproductive,72.1,35.579510436070635,63.28563458227675,51.098998185525026,47.46396270524929,47.99715971721293,53.2056806452456,0.7657760656176597,0.6924494180266961
2012->2013,2013,2,2013-08-22,Reproductive,46.6,20.270851641263413,54.87430137441949,29.635191166115924,24.68474572991832,44.9556245640316,43.503373649029534,0.47135135125554123,0.45283301774396084
2012->2013,2013,2,2013-08-25,Reproductive,73.4,33.05021186987881,65.36888878524199,47.70939361157484,44.07396537611872,58.68139435191593,63.90288679878278,0.75200333146047,0.6979866966023124
2012->2013,2013,2,2013-08-27,Reproductive,53.8,30.87405305620366,46.545360813863496,40.490631836193856,37.91658608688531,63.87859383151648,59.32931897681141,0.7323324845355061,0.7019920354903926
2012->2013,2013,2,2013-08-29,Reproductive,76.8,38.72612574006951,63.42190781243663,49.6589308744245,47.3631952389876,66.70547454036875,70.40690389863553,0.7900140350784417,0.7452780277088497
2012->2013,2013,2,2013-09-04,Reproductive,94.1,49.63263966651501,74.3417028447995,71.73592480389553,70.28783319452165,82.68056931016731,88.85972383765468,0.9344852314769765,0.9031125505477441
2012->2013,2013,2,2013-09-06,Reproductive,77.6,48.71270409337468,55.673601048415684,59.12755117190673,58.3390156705332,87.48592881562908,82.24888513646306,0.9242873663503971,0.8766507368170091
2012->2013,2013,2,2013-09-17,Reproductive,38.2,2.757956504679717,72.31687268205789,24.690134633542407,7.302554679355184,31.868222445691448,31.41534203538693,0.20721143827911864,0.19972928599962167
2012->2013,2013,3,2013-06-06,Early vegetative,12.1,15.299999999999995,32.22244503997935,-0.9880722630625396,7.6745776699143295,15.299999999999995,11.721095810028364,0.46815990296029725,0.4488249590200526
2012->2013,2013,3,2013-06-10,Early vegetative,16.0,13.606270819749426,30.649882334995105,-1.3665304075290639,3.8982601598210422,10.50448787590554,9.284752929375951,0.6483763801152757,0.6169749418986148
2012->2013,2013,3,2013-06-12,Early vegetative,22.7,17.36186688857132,40.292952836203305,4.939969536371336,7.893059152346368,16.526233955693684,16.514252734939475,0.7622674272499906,0.7306925479067166
2012->2013,2013,3,2013-06-14,Early vegetative,2.8,11.153330057659591,26.66582971507712,-2.918749484756912,-0.37270329706466576,12.86346028537791,7.02704316889179,0.8190710775889325,0.7691116716724551
2012->2013,2013,3,2013-06-19,Early vegetative,23.6,21.32294560533153,41.3000024958379,13.919650046776688,15.669734811530443,21.683263077635186,22.56206539754026,0.7636073352857767,0.7318977345718004
2012->2013,2013,3,2013-06-21,Early vegetative,8.8,13.997027265121751,30.267973082702323,1.986554289838205,4.57443926070534,15.593700610502164,9.925526706740538,0.7845309692471923,0.7469409090275836
2012->2013,2013,3,2013-06-25,Early vegetative,34.8,23.564995000552805,38.98465187148336,18.91533923552579,19.586580678982898,23.24714313674097,24.23154066484514,0.8556363143039666,0.8198411683930795
2012->2013,2013,3,2013-06-27,Early vegetative,9.3,21.87929083616488,43.04956286964223,10.415600032612623,13.000177252231143,27.70151338757225,19.880026621030808,0.7745423124271953,0.7449869033307134
2012->2013,2013,3,2013-06-30,Early vegetative,37.8,30.548816788252022,43.6527721278865,24.90343257548708,26.373684161090495,28.512181497400466,29.87919693840705,0.7395657177275933,0.7596122833373901
2012->2013,2013,3,2013-07-02,Early vegetative,13.7,28.077392343281986,26.3852509530294,15.628383088589384,17.27101198937534,32.01512838573977,23.898544734833663,0.8680514354853764,0.8546360793579021
2012->2013,2013,3,2013-07-04,Early vegetative,49.5,36.233320118164656,41.87727098086431,29.71526347833594,30.821208101219533,32.72780758851498,31.369073217934798,0.8303260183218272,0.8388795114219351
2012->2013,2013,3,2013-07-09,Early vegetative,47.8,39.19469384155583,51.3775885410395,33.14694480684374,33.597929030807734,47.61551025864616,48.99374468329749,0.9254294083012554,0.9085745394747725
2012->2013,2013,3,2013-07-11,Early vegetative,31.3,23.68613011160302,30.040377840506345,12.15081108399863,15.03933755641749,32.18341525727913,25.165784110247998,0.7495928404315023,0.7217228863407212
2012->2013,2013,3,2013-07-14,Early vegetative,30.6,25.36355517978963,42.218704277034576,19.529328189691707,21.9625053491145,33.35813950046245,35.69430870940142,0.5829478072155099,0.5717157456771165
2012->2013,2013,3,2013-07-15,Late vegetative,45.7,30.279696831236222,42.795272908253786,22.793292886167514,25.861539096969487,36.90797261723119,37.463505640893985,0.5901575398128193,0.5746159022339076
2012->2013,2013,3,2013-07-17,Late vegetative,13.8,20.510010506374968,31.803708498258423,8.749324214064533,13.026602504221756,31.809677594147654,26.528952936370974,0.636307084140671,0.6128090096308092
2012->2013,2013,3,2013-07-18,Late vegetative,34.6,23.9725717716068,31.803708498258423,14.55048936198397,18.131776022088495,26.13320907086413,24.7044596742424,0.6199049738254321,0.5889962497255365
2012->2013,2013,3,2013-07-23,Late vegetative,54.3,34.80911969065824,50.15974146390772,40.48543734160166,38.39663328779146,41.21698573576042,46.340602529753035,0.6320142419332306,0.6089384233002262
2012->2013,2013,3,2013-07-25,Early vegetative,14.7,10.735990187794158,30.12205243742416,8.184474551025314,9.437241973611961,23.941574348759715,21.513050001652218,0.5090104859505737,0.4836910972231035
2012->2013,2013,3,2013-07-28,Early vegetative,42.4,21.688999592343954,50.31522629239802,28.196080657663963,25.502636836155297,29.928173820537005,36.04282167797177,0.5860749551955666,0.5494090552141312
2012->2013,2013,3,2013-07-30,Early vegetative,7.1,2.996272132502496,19.276328515432237,-0.7402552670027576,0.989868351003933,7.592502474730328,5.970907509102412,0.536970177647895,0.5133029688997444
2012->2013,2013,3,2013-08-01,Reproductive,25.8,15.45360569854422,41.01187176482376,21.034652259277436,18.92859634131052,18.096827004423293,21.798652352251306,0.6226413997717607,0.5936247835815063
2012->2013,2013,3,2013-08-06,Reproductive,17.3,14.81406618496856,48.71636227621011,22.582841627739175,19.04790516441921,14.80487149378446,19.769737746458517,0.5449815110038391,0.5142789835057748
2012->2013,2013,3,2013-08-08,Reproductive,5.2,1.956800187744853,27.957399406227374,1.3646584483818271,1.6814943802811788,1.7476895354087718,2.3122843922754597,0.4649322774642165,0.4372114815063992
2012->2013,2013,3,2013-08-11,Reproductive,46.7,15.699704428261114,51.13017034233905,23.46847987103173,20.88815131225062,16.804655226899015,21.627378945894524,0.6678590367569085,0.6072685298754642
2012->2013,2013,3,2013-08-13,Reproductive,9.5,1.4960957437097555,31.880046347306948,5.345077256582192,3.6895262064781966,13.031243089656837,11.36855013385341,0.5698729535158295,0.5263122103071598
2012->2013,2013,3,2013-08-15,Reproductive,31.2,11.685693339525786,49.73628721374272,18.17323259296481,15.60994099874151,19.88710610745238,23.694699796656835,0.6048900061969561,0.5645716676752857
2012->2013,2013,3,2013-08-20,Reproductive,58.9,22.595567855200212,59.272198148156455,35.5257359096755,33.139951876737214,36.57306383722756,42.27204497266368,0.8154870050499822,0.7997743178889957
2012->2013,2013,3,2013-08-22,Reproductive,21.7,-3.644773531898159,30.97430432107194,3.6901101681687445,0.23529116275080364,21.64982206449717,20.42825091901068,0.5289878958290193,0.5076550138040499
2012->2013,2013,3,2013-08-25,Reproductive,47.5,12.546844904536282,49.576776926096066,24.560708543298194,22.443453824678535,34.5770689891517,42.34974247421028,0.8237657108252436,0.7707250961182182
2012->2013,2013,3,2013-08-27,Reproductive,21.8,4.157840536552615,31.773603995068118,8.522408904228232,7.354140594803324,30.785865323746208,27.131074442397807,0.7323290160655501,0.6996037719990034
2012->2013,2013,3,2013-08-29,Reproductive,36.0,12.607946462763683,52.42697338597986,23.69529342364163,22.243502454902625,34.16857738759235,39.51569605523082,0.8690587591547649,0.8418846994008459
2012->2013,2013,3,2013-09-04,Reproductive,60.6,18.80920233017074,63.601013887954444,41.6073420005075,41.6073420005075,33.973420656476456,41.28695093775199,1.0,0.9809481900507773
2012->2013,2013,3,2013-09-06,Reproductive,29.6,9.827563484723306,43.97485298045805,20.343934698447953,20.236874795158883,38.29283076298623,32.94862715235123,0.989819691496878,0.948988583624782
2012->2013,2013,3,2013-09-17,Reproductive,20.1,2.757579886878752,71.89278534243438,24.845974158325163,7.331555876145192,2.749112302942003,2.996425213546797,0.20707598447657205,0.1978179090927493
2012->2013,2013,4,2013-06-06,Early vegetative,14.5,15.299999999999995,32.22244503997935,-0.9880722630625396,7.354569833604324,15.299999999999995,11.570859137652516,0.4878066623276232,0.46766591277102004
2012->2013,2013,4,2013-06-10,Early vegetative,17.8,13.606270819749426,30.649882334995105,-1.3665304075290639,3.813999219763849,10.50448787590554,9.259807142516157,0.6540039803737818,0.6295931959235785
2012->2013,2013,4,2013-06-12,Early vegetative,22.8,17.36186688857132,40.292952836203305,4.939969536371336,6.8832119604883975,17.293318511133247,17.2800170093407,0.8435631555293038,0.8112118485394563
2012->2013,2013,4,2013-06-14,Early vegetative,1.8,11.189879350669925,26.66582971507712,-2.8822001917465787,-0.42841262460374274,12.895909656797247,6.794682095722528,0.8256272244804649,0.8040078759102506
2012->2013,2013,4,2013-06-19,Early vegetative,18.7,21.33304583918678,41.3000024958379,13.92975028063194,15.627399398360073,21.474535885776223,22.35631471648082,0.7706900792625491,0.734376678313478
2012->2013,2013,4,2013-06-21,Early vegetative,8.4,14.0006762089407,30.267973082702323,1.9902032336571533,3.253157723421598,12.835137616573624,6.3664599721843205,0.8948455658354597,0.8524297316813149
2012->2013,2013,4,2013-06-25,Early vegetative,32.2,23.563234173045768,38.98465187148336,18.91357840801875,19.542572982832873,21.037474150091068,22.041140656107565,0.8647223350285016,0.8358890564813435
2012->2013,2013,4,2013-06-27,Early vegetative,8.6,21.87570505020725,43.04956286964223,10.412014246654994,11.463458686998933,25.147429205867333,16.04743171298912,0.9082804605984202,0.8667634626113865
2012->2013,2013,4,2013-06-30,Early vegetative,38.0,30.541012058696392,43.6527721278865,24.89562784593145,25.542657264588485,26.793762281787725,28.437520476698896,0.885387886054944,0.913390498919029
2012->2013,2013,4,2013-07-02,Early vegetative,13.5,28.066588964064326,26.3852509530294,15.617579709371725,16.674735389548616,31.522911020354854,23.056678928748894,0.915081139506873,0.8914523293179415
2012->2013,2013,4,2013-07-04,Early vegetative,49.8,36.21920151907104,41.87727098086431,29.701144879242328,30.702384532058137,32.545294203407686,31.176110766268955,0.846389850818768,0.8453307413600654
2012->2013,2013,4,2013-07-09,Early vegetative,33.9,39.101385745766684,51.3775885410395,33.053636711054594,33.147889945584716,47.9707371372441,49.40901133517756,0.984415154466705,0.9481546053795807
2012->2013,2013,4,2013-07-11,Early vegetative,29.9,23.492773093845614,30.040377840506345,11.957454066241223,14.790628843970508,25.30941735126978,18.370565433059134,0.7543912941679891,0.713620897048783
2012->2013,2013,4,2013-07-14,Early vegetative,27.7,25.170161407039565,42.218704277034576,19.335934416941644,21.589777316669743,29.52402760273362,31.960811974601803,0.6136861141067341,0.5963386508504217
2012->2013,2013,4,2013-07-15,Late vegetative,37.7,30.08694127441794,42.795272908253786,22.60053732934923,25.636532645211894,33.54039458545256,34.103841253274915,0.594465468582887,0.5828013846175114
2012->2013,2013,4,2013-07-17,Late vegetative,8.3,20.11719509535375,31.803708498258423,8.356508803043315,12.179685199347084,25.774789064164224,20.353392154859453,0.6749189374430044,0.6291335159681194
2012->2013,2013,4,2013-07-18,Late vegetative,27.3,23.579734571096694,31.803708498258423,14.157652161473866,17.59147454667651,20.298543029580284,18.862897418115654,0.6355558956164871,0.591839186834992
2012->2013,2013,4,2013-07-23,Late vegetative,54.2,34.31704978797134,50.15974146390772,39.99336743891476,38.056113927465816,34.47119331691596,39.75875082939627,0.6587129842659591,0.6284226678572457
2012->2013,2013,4,2013-07-25,Early vegetative,12.8,10.243837780385055,30.12205243742416,7.692322143616212,8.967123568843515,20.614345455516137,18.2108229374021,0.5003748333513368,0.478711463350857
2012->2013,2013,4,2013-07-28,Early vegetative,38.8,21.196647492597982,50.31522629239802,27.70372855791799,25.030186617315746,27.36295061419149,33.66614279031933,0.5891334511181834,0.5663500072385719
2012->2013,2013,4,2013-07-30,Early vegetative,2.8,2.96914475908739,19.276328515432237,-0.7673826404178636,0.9590708209615726,4.513660256164667,4.594000261130295,0.5379524149593998,0.5122205906972516
2012->2013,2013,4,2013-08-01,Reproductive,28.7,15.453256698939349,41.01187176482376,21.034303259672562,18.952249108177966,15.351063850753189,19.026478734019538,0.6269419850134582,0.5893896009792521
2012->2013,2013,4,2013-08-06,Reproductive,17.9,14.81381437916044,48.71636227621011,22.582589821931055,19.070555096047844,14.800196573529314,19.76288812077795,0.5479294321537633,0.5140537195734369
2012->2013,2013,4,2013-08-08,Reproductive,2.3,1.956630254527165,27.957399406227374,1.364488515164139,1.677949593600021,1.9946823139331145,2.531667263120407,0.47063167887290647,0.41583089595208605
2012->2013,2013,4,2013-08-11,Reproductive,43.3,15.699321919483271,51.13017034233905,23.468097362253886,20.892172587557702,15.554805050149566,20.392229227295406,0.6684258936724373,0.6091195846174734
2012->2013,2013,4,2013-08-13,Reproductive,6.8,1.4478176853386375,31.880046347306948,5.296799198211074,3.604903982673829,10.34915856034794,8.744214457174882,0.5604304125964458,0.5080322710288305
2012->2013,2013,4,2013-08-15,Reproductive,29.9,11.685059001898248,49.73628721374272,18.17259825533727,15.687983782428336,17.191952442885132,20.968492041488947,0.6170174274333914,0.5599671165730365
2012->2013,2013,4,2013-08-20,Reproductive,64.7,25.539286247671463,62.21424223050567,37.74712474071428,35.74901799272993,37.56265599319653,43.24690678194647,0.836325918865731,0.7977071145252307
2012->2013,2013,4,2013-08-22,Reproductive,26.8,4.35824817557409,35.136455562503905,11.553745464336814,8.105433753909184,30.178666384807308,28.440566043120743,0.5207681176097597,0.49641083052665935
2012->2013,2013,4,2013-08-25,Reproductive,63.0,17.18119312756667,52.94634486810312,29.070220758310654,26.79094585645024,41.4041074027922,46.93434800327383,0.808287525889299,0.7695328721977839
2012->2013,2013,4,2013-08-27,Reproductive,36.9,10.939114170026087,37.414346235747445,17.664521152494025,16.12810339470765,45.943840238195065,41.10792296810052,0.7715502181813576,0.7500402957025145
2012->2013,2013,4,2013-08-29,Reproductive,52.6,18.82538580125093,56.458159958923304,28.2232482641973,26.967300805491337,49.292001228840775,53.534922286738464,0.8663581783987715,0.8274171346533057
2012->2013,2013,4,2013-09-04,Reproductive,78.2,23.700416364645204,72.01012137097304,45.873297650034644,45.873297650034644,55.81929671419953,63.199409677044585,1.0,0.989878782864698
2012->2013,2013,4,2013-09-06,Reproductive,54.8,17.71831509435111,48.70985319490236,28.200717355214007,28.15524158857959,61.009610221399605,54.24877256100985,0.9956617037294776,0.9862738520894289
2012->2013,2013,4,2013-09-17,Reproductive,19.2,2.7573543705249026,71.89278534243438,24.655563546525848,7.347906162800803,7.516850705982579,7.247831197739087,0.2096313792319993,0.19981450309819876
2012->2013,2013,5,2013-06-06,Early vegetative,12.8,15.299999999999995,32.22244503997935,-0.9880722630625396,7.334616990173874,15.299999999999995,11.561491534320151,0.48903165955922917,0.4688406897302765
2012->2013,2013,5,2013-06-10,Early vegetative,16.3,13.054462049097983,30.649882334995105,-1.9183391781805064,3.150762802006037,10.34103480333442,9.077967346935782,0.6614459844059573,0.6388936979651233
2012->2013,2013,5,2013-06-12,Early vegetative,21.7,16.897686183613505,40.292952836203305,4.475788831413521,6.324895524843592,16.46688690226207,16.45344642791116,0.8511413642375184,0.819687296479406
2012->2013,2013,5,2013-06-14,Early vegetative,0.5,10.607137822247388,26.66582971507712,-3.464941720169115,-1.107411679200304,12.86576209229263,6.698355160686907,0.832467544412134,0.8127288643666026
2012->2013,2013,5,2013-06-19,Early vegetative,19.8,20.92003330332876,43.472855129695525,13.51673774477392,15.012112057431827,21.220959576448863,22.131810924818016,0.7980123445254143,0.7585893019434254
2012->2013,2013,5,2013-06-21,Early vegetative,8.3,13.602130863236424,32.440825716559935,1.591657887952877,2.830699986616146,13.244029036681985,6.741109357625903,0.8968365274862111,0.856942080267512
2012->2013,2013,5,2013-06-25,Early vegetative,33.4,23.38377715435093,41.15750450534098,18.734121389323914,19.27738640185274,21.50839054371569,22.555835637596953,0.8831601649706919,0.8723494168550349
2012->2013,2013,5,2013-06-27,Early vegetative,9.4,21.81233557243891,45.22241550349985,10.348644768886654,11.359043178623928,26.07738628543402,16.91122337884986,0.9118609855192378,0.8730656361156937
2012->2013,2013,5,2013-06-30,Early vegetative,35.9,30.6890282265577,43.6527721278865,25.043644013792758,25.69732792036232,27.76333016787341,29.40888346457941,0.8842091376010338,0.9143879868275724
2012->2013,2013,5,2013-07-02,Early vegetative,12.3,28.26605061502368,26.3852509530294,15.817041360331078,16.753892379032003,30.762698058474903,21.985889700606386,0.9247449335498098,0.924154472726593
2012->2013,2013,5,2013-07-04,Early vegetative,48.6,36.61997675199276,41.87727098086431,30.101920112164045,30.963195963034128,31.73081437780464,30.319083989095525,0.8678630919517886,0.8715991325325199
2012->2013,2013,5,2013-07-09,Early vegetative,44.8,40.13404954997626,51.3775885410395,34.08630051526417,34.19624977891232,47.46453345389602,48.923823523185746,0.9818198038613916,0.9620089144126893
2012->2013,2013,5,2013-07-11,Early vegetative,27.1,24.52076858784596,30.040377840506345,12.98544956024157,15.81364878819725,30.49993388598832,23.33807203382904,0.7548226259553197,0.7365561824520568
2012->2013,2013,5,2013-07-14,Early vegetative,26.1,26.19464411221518,42.218704277034576,20.36041712211726,22.62174695869367,30.270508191441497,32.70710207871737,0.6124028358145082,0.5962920347747046
2012->2013,2013,5,2013-07-15,Late vegetative,39.7,31.12051332416864,45.737316990603,23.634109379099932,26.66860875753651,33.11239050362241,33.676275419122206,0.5946652891425395,0.5832546863544956
2012->2013,2013,5,2013-07-17,Late vegetative,6.9,21.34815650977653,31.803708498258423,9.587470217466095,13.407098700827985,26.835134683053045,21.522132731519335,0.6752206131151289,0.6165546729067156
2012->2013,2013,5,2013-07-18,Late vegetative,25.6,24.809736150483666,31.803708498258423,15.387653740860838,18.837967882876484,20.129144401488297,18.675727084597998,0.6338055652652942,0.5991655016328828
2012->2013,2013,5,2013-07-23,Late vegetative,49.4,35.65295594703498,50.15974146390772,41.3292735979784,39.43408014130774,33.68924603679142,38.908854782481725,0.6661227272304483,0.6203470024478389
2012->2013,2013,5,2013-07-25,Early vegetative,8.9,11.578697163665217,30.12205243742416,9.027181526896374,10.301198034223273,17.76315430438238,16.143963480196984,0.5006824614485719,0.46986210826900854
2012->2013,2013,5,2013-07-28,Early vegetative,35.5,22.528973620755327,50.31522629239802,29.036054686075335,26.293603298612442,23.944409574811143,29.822472167437578,0.5785435343538289,0.5281515617580054
2012->2013,2013,5,2013-07-30,Early vegetative,6.5,3.0425035604336164,19.276328515432237,-0.6940238390716371,1.0229611339185127,3.3057186654780226,3.28587398124171,0.5404864492048171,0.5113473127838566
2012->2013,2013,5,2013-08-01,Reproductive,21.8,15.450983136069338,41.01187176482376,21.032029696802553,18.92520958800949,15.796904742167095,19.37055060809331,0.6225044736920673,0.5730699194120802
2012->2013,2013,5,2013-08-06,Reproductive,14.7,14.810709911576758,48.71636227621011,22.579485354347373,19.088303093143736,14.79453055079461,19.76045772996404,0.5506135700636804,0.5143888781478146
2012->2013,2013,5,2013-08-08,Reproductive,2.6,1.9271302669246908,27.957399406227374,1.3349885275616646,1.6601397367412274,1.4696926577738805,1.9153863578105916,0.4508895631486278,0.4067665396901687
2012->2013,2013,5,2013-08-11,Reproductive,38.6,15.68759349401587,51.13017034233905,23.456368936786482,20.87644436680618,15.58534459523459,20.178835092605226,0.6679110383630533,0.578403902829454
2012->2013,2013,5,2013-08-13,Reproductive,0.2,1.4764297411458134,31.880046347306948,5.32541125401825,3.529995221424798,8.183806038996895,6.6327360261178265,0.5335347736566393,0.4909788569020981
2012->2013,2013,5,2013-08-15,Reproductive,21.0,11.681354845220666,49.73628721374272,18.168894098659685,15.638432806510828,12.804354729397206,16.477381656210653,0.6099505231035836,0.5446187557687032
2012->2013,2013,5,2013-08-20,Reproductive,67.1,35.41559233385379,63.28563458227675,50.93508008330818,47.87799423016752,40.834438258947934,46.123451575946284,0.8030163171301752,0.7317821628482907
2012->2013,2013,5,2013-08-22,Reproductive,39.6,20.13090661936877,54.87430137441949,27.293274549107487,23.620397519863786,38.88432837933156,37.26894389395432,0.48719793994474603,0.4613625202028777
2012->2013,2013,5,2013-08-25,Reproductive,67.4,32.94916525364404,65.36888878524199,44.80506352536402,42.335540566318464,52.146124017192825,57.59332530535384,0.7917051156776423,0.7579779535004217
2012->2013,2013,5,2013-08-27,Reproductive,46.4,30.70342214737952,46.545360813863496,38.11802933225592,36.493696508674894,57.50820918278168,52.75754606852625,0.7809280002190565,0.751791931874309
2012->2013,2013,5,2013-08-29,Reproductive,66.0,38.5860169671482,63.42190781243663,47.50063755345312,46.18401639761824,59.81752309602193,63.87075804465263,0.8523076621053802,0.7904262185199314
2012->2013,2013,5,2013-09-04,Reproductive,86.8,49.508260294679175,74.3417028447995,67.38822191528043,67.38822191528043,73.83453086473962,80.64653614956765,1.0,0.9907233498049304
2012->2013,2013,5,2013-09-06,Reproductive,72.2,48.62208161246652,55.673601048415684,57.79126224902911,57.79126224902911,79.4098592806486,72.55492984490733,1.0,1.0
2012->2013,2013,5,2013-09-17,Reproductive,29.6,2.7814909462120223,72.31687268205789,22.8731287314383,6.9966988113639434,25.36513288977607,25.056157819250462,0.2097991169366708,0.20207575711359432
2012->2013,2013,6,2013-06-06,Early vegetative,12.0,15.299999999999995,32.89541970349629,0.9011993801984186,8.376469730947367,15.299999999999995,11.624127249442195,0.48084076249595564,0.46098563947449805
2012->2013,2013,6,2013-06-10,Early vegetative,10.2,13.054462049097983,31.32285699851205,-0.02906753491955527,4.40679634266502,10.34103480333442,9.083857766272354,0.6609581650655417,0.6359141644703424
2012->2013,2013,6,2013-06-12,Early vegetative,19.8,16.897686183613505,40.96592749972025,6.365060474674472,8.373256249738398,14.313639525748211,14.300931913338298,0.8093356936286483,0.7749926222124344
2012->2013,2013,6,2013-06-14,Early vegetative,1.2,10.607137822247388,27.33880437859406,-1.575670076908164,0.5706877530180527,11.588456802176005,5.497420555720877,0.823820760559231,0.8026648843338818
2012->2013,2013,6,2013-06-19,Early vegetative,25.7,20.92003330332876,44.14582979321247,15.406009388034871,16.580634400888314,20.10474091314983,21.01077294551445,0.7869749876137708,0.7545756046806759
2012->2013,2013,6,2013-06-21,Early vegetative,5.5,13.815084990380718,33.11380038007688,3.693883658358123,5.317902859262196,16.341883995619703,9.556291907526933,0.839542842037356,0.8073651819097923
2012->2013,2013,6,2013-06-25,Early vegetative,32.3,23.52086011444485,41.83047916885793,20.760475992678785,21.084427714319194,23.59112963390092,24.619828345235543,0.8826425209861203,0.8567367647186795
2012->2013,2013,6,2013-06-27,Early vegetative,9.3,21.889631016376605,45.8953901670168,12.315211856085298,13.846151521925476,26.859510908323404,18.4121537100685,0.8401010400516454,0.8046002848687409
2012->2013,2013,6,2013-06-30,Early vegetative,40.0,30.732905377663943,44.64327051485464,26.976792808159953,27.75274066792937,28.55048167374905,30.019540488081166,0.7934173043509493,0.8163149345921402
2012->2013,2013,6,2013-07-02,Early vegetative,15.3,28.39161991193222,27.375749339997533,17.83188230050057,18.878851625607375,33.76369089255438,25.472933291787804,0.9008527139942012,0.8729757340743801
2012->2013,2013,6,2013-07-04,Early vegetative,52.4,36.70285795981187,43.5781080695974,32.07407296324411,32.69510884574959,34.8959538150044,33.52164222266211,0.8658317716277663,0.8484968527242891
2012->2013,2013,6,2013-07-09,Early vegetative,49.9,40.2084492106673,53.48670649920659,36.049971819216154,36.19015430386087,51.16417627453629,52.618439212755796,0.9662899490729706,0.958694874931949
2012->2013,2013,6,2013-07-11,Early vegetative,30.2,24.596351378217232,32.41750807073093,14.950303993873792,17.324839774232547,34.901690771583446,27.81916363754388,0.7538332867602455,0.7283970642897104
2012->2013,2013,6,2013-07-14,Early vegetative,28.6,26.271118208026294,44.59583450725915,22.326162861189324,23.96116719719418,33.9505429723724,36.318044862806175,0.5855455405050939,0.5793835923794529
2012->2013,2013,6,2013-07-15,Late vegetative,39.4,31.193748551249744,48.11444722082757,25.596616249441986,27.91442137016135,36.20295499145642,36.763046494612134,0.585894169417657,0.5793309681166953
2012->2013,2013,6,2013-07-17,Late vegetative,9.3,21.322109864388768,34.841813147875676,11.450695215339284,14.893198275499673,28.022792029005718,22.733391300896947,0.6512654789056129,0.6138158362336442
2012->2013,2013,6,2013-07-18,Late vegetative,30.1,24.783953609303165,34.841813147875676,17.25114284294128,20.012435497381144,21.93125733875835,20.478978183854615,0.633431299406784,0.5986962988858856
2012->2013,2013,6,2013-07-23,Late vegetative,54.6,35.62520423470292,53.441063764278894,43.190793528907285,40.5217558364119,36.79146303168682,41.94412583227928,0.6472135099191799,0.6123905217246869
2012->2013,2013,6,2013-07-25,Early vegetative,12.8,11.55127196992355,33.403374737795325,10.889027976415656,11.225155164598474,21.946712037152327,19.59502455783272,0.492442073498683,0.4683874380558494
2012->2013,2013,6,2013-07-28,Early vegetative,39.6,22.50233855352798,53.5965485927692,30.898691262108947,27.34614837754654,27.97849964663301,33.723188487497204,0.576894515051547,0.5161677568595825
2012->2013,2013,6,2013-07-30,Early vegetative,2.9,3.041256335416815,22.923627282935495,1.1940005791725121,2.0450557551394537,5.20635483744249,3.5904331605846127,0.5392867646561075,0.5115071345324624
2012->2013,2013,6,2013-08-01,Reproductive,31.8,15.451804659596409,44.418094181138855,22.922122863590573,20.025733623697406,15.413153168342332,18.883107282960825,0.6122803392304554,0.5564419081890902
2012->2013,2013,6,2013-08-06,Reproductive,19.0,14.81166702014179,52.12258469252521,24.469714106173356,20.05934078218088,14.79792675081233,19.766207830016892,0.5433472952962507,0.5146327037124393
2012->2013,2013,6,2013-08-08,Reproductive,3.8,1.9551672622300835,31.36362182254248,3.2522971661280096,2.521838687490565,2.5486396297993505,2.985475800484052,0.4368655934595385,0.39868263236901
2012->2013,2013,6,2013-08-11,Reproductive,46.0,15.695982027526563,54.536392758654145,25.35402911355813,21.70042687936991,16.525758532741303,21.040532195580795,0.6217038287717166,0.5684920233257834
2012->2013,2013,6,2013-08-13,Reproductive,6.8,1.4944420274893402,35.16136864767812,7.232695183622726,4.472593964450867,12.551552618461749,11.044574480661883,0.5189997471230947,0.4770219250774194
2012->2013,2013,6,2013-08-15,Reproductive,29.1,11.68269537734341,53.017609514113886,20.059506274043382,16.6407282026234,18.291117514841627,21.92957372668506,0.5918759401902215,0.5394927765291944
2012->2013,2013,6,2013-08-20,Reproductive,68.8,35.40948389592207,66.56695688264789,52.81824328863742,49.15012379466271,47.6366268944504,52.853877211391804,0.7892946067420735,0.7218531117669911
2012->2013,2013,6,2013-08-22,Reproductive,49.0,23.32569928227823,58.15562367479066,32.377338855277905,27.704624572671257,46.32177596111704,44.7116667787043,0.4837715040549134,0.4598558652284316
2012->2013,2013,6,2013-08-25,Reproductive,74.9,36.14541994446105,68.65021108561317,49.63005714445613,46.60778963280965,60.56684692032376,65.88300619105249,0.7758732795831104,0.7397434593186534
2012->2013,2013,6,2013-08-27,Reproductive,53.5,36.10081997681068,54.43869003947394,44.60523516254356,42.9235101766165,67.67246910829554,62.37248158893803,0.8022527182411856,0.7682363354437562
2012->2013,2013,6,2013-08-29,Reproductive,78.3,43.98456188941277,69.03481158663422,54.46132568069759,52.93676653554411,68.45356519361997,72.07926052050307,0.8544818633382099,0.7971841520038385
2012->2013,2013,6,2013-09-04,Reproductive,97.0,67.11410572792401,78.27132817205616,86.72712284920249,83.74058517556384,95.76217212888147,99.64369220920132,0.8477267594694287,0.8793906275336175
2012->2013,2013,6,2013-09-06,Reproductive,96.4,75.39399334441387,79.40801930315892,95.66566952647327,90.67933584855567,101.89643515358868,104.89731476899857,0.7540245989953928,0.8593992337309803
2012->2013,2013,6,2013-09-17,Reproductive,33.1,23.978001042777198,75.59819498242906,43.81977351195718,28.147702778996823,44.89764410794879,44.33652173358778,0.21014764395148572,0.20246610431137768
2012->2013,2013,7,2013-06-06,Early vegetative,13.0,15.299999999999995,33.23142613273232,-2.5661677048177065,7.1327922559209895,15.299999999999995,11.891997946784365,0.4571326027504307,0.4382502324339361
2012->2013,2013,7,2013-06-10,Early vegetative,18.3,13.836246261737712,31.860363553721122,-2.714650407295947,3.0898445399162444,10.709792585936324,9.545646719835835,0.6492942308030799,0.6188353852170573
2012->2013,2013,7,2013-06-12,Early vegetative,22.5,17.567447509476853,41.30193392895628,3.5674547155217056,6.7830888351475025,17.74603740606907,17.80397112706021,0.7703117303735878,0.7298743364976533
2012->2013,2013,7,2013-06-14,Early vegetative,0.7,11.22600789011887,27.876310933803115,-4.424167094052796,-1.6024537322194092,12.851118224357243,6.550707508507322,0.8197008426623202,0.7804755474407319
2012->2013,2013,7,2013-06-19,Early vegetative,19.3,21.32862172048968,42.30898358859088,11.753900322416037,14.052237609091499,21.17231194290563,21.696811316978273,0.7599577897757036,0.7318189000586769
2012->2013,2013,7,2013-06-21,Early vegetative,6.3,14.03471980685026,31.478454301428318,0.44615138981155056,3.314523366529503,12.997180490881906,6.89840312590187,0.7889128649401139,0.7554978266222162
2012->2013,2013,7,2013-06-25,Early vegetative,33.3,23.547560257987115,39.99363296423633,16.726478653441294,17.775009324439665,20.359956916139613,20.947714865826338,0.8462808786366682,0.8200817722632945
2012->2013,2013,7,2013-06-27,Early vegetative,12.2,23.873763904562978,44.26004408836823,10.238647261491915,13.15205545492237,27.50896486878685,19.232741309316197,0.7863305265590846,0.7535598305804936
2012->2013,2013,7,2013-06-30,Early vegetative,41.1,31.94381149508752,44.661753220639476,24.127001442803778,25.925428303742898,28.636778071598627,29.655293355493956,0.7699282893008642,0.7741761770172869
2012->2013,2013,7,2013-07-02,Early vegetative,22.0,32.15865396034943,30.490405128084095,17.538218866138024,19.91010518959104,36.95069710682254,28.591969708698244,0.8377691013865858,0.8374527215447201
2012->2013,2013,7,2013-07-04,Early vegetative,53.3,39.68862975524333,45.419333673416766,29.717189235796283,31.774320577184334,38.28340263315586,36.594757634254314,0.7936976771434299,0.8026976834041621
2012->2013,2013,7,2013-07-09,Early vegetative,47.7,45.46549629178943,53.457961985563564,37.24632141755853,38.870879795579334,55.10318053021875,55.897900357153716,0.8023453201958036,0.7693999238536223
2012->2013,2013,7,2013-07-11,Early vegetative,36.8,36.99159611273807,31.82742769045157,21.36198121406526,24.59131591149877,42.92016393951544,34.94168211762869,0.793383604243011,0.7617449753527368
2012->2013,2013,7,2013-07-14,Early vegetative,37.1,38.69476656034329,46.08467945241958,28.766243699176947,32.87602627287534,41.21770317599233,41.49823148575446,0.5860630396719855,0.5810694039343436
2012->2013,2013,7,2013-07-16,Early vegetative,18.2,35.45847140325803,30.490725310405093,21.428275369285622,26.780987795706388,35.91905462538381,30.274827749019444,0.6184862696529809,0.5950881170802187
2012->2013,2013,7,2013-07-18,Early vegetative,50.5,47.15812127667583,47.54373083292515,38.38983626663007,41.696770697512875,38.354492074055415,38.40272260095228,0.6228527668644354,0.6244250744169734
2012->2013,2013,7,2013-07-23,Early vegetative,64.2,60.58146118678274,52.25786504725493,50.58308962697224,54.50129093263311,57.78410934738318,58.518707048734484,0.6081160534770987,0.6136152461654063
2012->2013,2013,7,2013-07-25,Early vegetative,43.7,50.63111346531216,40.211934973203284,41.539740371613156,46.244152866292964,51.25910067735007,47.94355540786528,0.48254103684950317,0.49135799150419507
2012->2013,2013,7,2013-07-28,Early vegetative,65.5,61.63941421636541,61.22396374255475,57.99419171111461,59.787106645030505,58.19326080132297,61.63158339642372,0.5081466408886497,0.5601552471063653
2012->2013,2013,7,2013-07-30,Early vegetative,13.0,16.969467121741953,20.486809734158232,0.6645651767800516,8.516302713321666,17.158757195034763,13.181797486029469,0.5184431305968237,0.5045810110574527
2012->2013,2013,7,2013-08-01,Reproductive,34.7,27.770369360273904,39.14934423271201,20.850277859323036,23.86308096572072,25.82173820318498,28.89806712006449,0.5646295853192539,0.5489425909053142
2012->2013,2013,7,2013-08-06,Reproductive,19.7,14.959751366111782,47.44491791755027,16.54070074540065,15.80666157705096,14.940489974667711,19.51351629939073,0.5356972348603153,0.5068657857536154
2012->2013,2013,7,2013-08-08,Reproductive,3.4,2.022766794432521,28.02990299479816,-4.757201008412256,-0.9518309174450592,3.0077946013769856,3.3775891134223737,0.4387333094162308,0.4054921963485957
2012->2013,2013,7,2013-08-11,Reproductive,41.7,15.809330564121968,52.13915143509202,17.390279943410835,16.769516722545077,16.626437833816105,20.813909356999414,0.6073478196088812,0.5728574289944051
2012->2013,2013,7,2013-08-13,Reproductive,4.7,1.52743888086814,33.09052756603295,-0.8114056697411727,0.22863311227087912,10.37672769155901,8.500980601455908,0.5553194068664793,0.512137743817085
2012->2013,2013,7,2013-08-15,Reproductive,27.5,11.750867656653815,50.946768432468716,12.050580846611089,11.932099519513006,16.203497858319704,19.5883002429528,0.6046843079713221,0.5537646771980944
2012->2013,2013,7,2013-08-20,Reproductive,52.7,22.593406625155865,60.281179240909424,31.520722325907666,30.005778131712454,32.81147249933719,37.9862687274927,0.8303023837201553,0.796874278283914
2012->2013,2013,7,2013-08-22,Reproductive,14.5,-3.599514677599388,32.18478553979793,0.32584706650767625,-1.5866147884006074,16.706971788695803,16.04982079814831,0.5127934749505927,0.4922376036837357
2012->2013,2013,7,2013-08-25,Reproductive,41.1,12.650005991329971,50.585758018849035,21.254347674132042,19.512401596167205,28.576246122110053,35.626601615649456,0.7975503365415452,0.7458313621985614
2012->2013,2013,7,2013-08-27,Reproductive,13.0,4.2367637749232285,32.984085213794124,5.080386701120696,4.853455622899784,24.649903980938745,20.667173367123375,0.731004135646505,0.6953659344529103
2012->2013,2013,7,2013-08-29,Reproductive,27.6,12.73717023446454,53.63745460470586,20.101041495612243,19.15132230272459,26.76526554801949,31.506313473036712,0.871029902722711,0.8289272561051324
2012->2013,2013,7,2013-09-04,Reproductive,51.4,18.865171260558935,64.60999498070738,40.554943619683534,40.554943619683534,26.140947083358444,31.84753281468992,1.0,0.89376901879264
2012->2013,2013,7,2013-09-06,Reproductive,22.8,9.972353648015917,45.185334199184055,20.987636121280378,20.82823637649347,29.848577649736907,24.323688842940573,0.9855292185948211,0.9034262731861662
2012->2013,2013,7,2013-09-17,Reproductive,11.4,2.821174157566067,72.90176643518733,25.216609191068112,7.468063918447064,2.800176348773563,3.087616525087447,0.20749272134832686,0.19854091195757856
2012->2013,2013,8,2013-06-06,Early vegetative,13.6,15.299999999999995,33.23142613273232,-2.5661677048177065,6.584764363327292,15.299999999999995,11.663250323699806,0.48780666232762365,0.4676659127710205
2012->2013,2013,8,2013-06-10,Early vegetative,13.0,12.440302534204402,30.925823781020835,-4.110594134829256,1.5650998728008538,10.199181767222568,9.014332910122324,0.6570763432866329,0.6298406585110249
2012->2013,2013,8,2013-06-12,Early vegetative,20.1,16.395288320187476,40.367394156256005,2.395295526232328,4.554916987438871,15.08381772822476,15.148388362095039,0.8457412447998535,0.8134890655566748
2012->2013,2013,8,2013-06-14,Early vegetative,-0.8,8.908393219039784,26.941771161102835,-6.741781765131883,-3.8118546642431674,10.889982428209768,4.454132039288942,0.8127863040603702,0.797253398560704
2012->2013,2013,8,2013-06-19,Early vegetative,20.9,19.242139499386848,41.3744438158906,9.667418101313206,11.874169162419303,18.988539796522275,19.522095277356275,0.7695232091504953,0.7444546255075918
2012->2013,2013,8,2013-06-21,Early vegetative,6.2,12.15178000957837,31.478454301428318,-1.4367884074603392,0.13882972299081686,13.001525655804056,6.133279196595902,0.8840482615905669,0.8508172969935062
2012->2013,2013,8,2013-06-25,Early vegetative,33.9,22.48152632475947,39.99363296423633,15.66044472021365,16.463815185492873,21.512726073551477,22.114310602670766,0.8822224227981929,0.8393736011044708
2012->2013,2013,8,2013-06-27,Early vegetative,12.3,23.23065403302968,44.26004408836823,9.595537389958617,11.53698728035136,28.980392969772108,19.94115650711761,0.8576139873816682,0.8230330474314317
2012->2013,2013,8,2013-06-30,Early vegetative,42.2,32.04651281465252,44.661753220639476,24.22970276236878,25.48720245763634,30.22668059166406,31.33165617063416,0.8391287895117561,0.8398948773285653
2012->2013,2013,8,2013-07-02,Early vegetative,21.0,32.79995539743205,30.490405128084095,18.17952030322064,19.295773151277125,38.870728270283415,29.87518189637113,0.9236511881579754,0.9012549917951708
2012->2013,2013,8,2013-07-04,Early vegetative,52.8,41.02175073442838,45.419333673416766,31.05031021498133,32.49044125784475,39.35704009708626,37.5853012152581,0.8555744237700889,0.8421963745877077
2012->2013,2013,8,2013-07-09,Early vegetative,53.0,47.428604751811726,53.457961985563564,39.20942987758083,39.40261326565059,55.45040557446532,56.407380914491114,0.9764960119445282,0.9264859498791512
2012->2013,2013,8,2013-07-11,Early vegetative,41.3,38.93536380517576,31.82742769045157,23.30574890650295,26.53738883566809,45.72185003896787,37.73956427412021,0.7932361129742516,0.7621081565320246
2012->2013,2013,8,2013-07-14,Early vegetative,36.6,40.62424226776997,46.08467945241958,30.69571940660363,34.384084155968935,44.94659992391043,45.23755723732863,0.628508208024409,0.602671412456034
2012->2013,2013,8,2013-07-16,Early vegetative,20.5,38.07888613859631,31.3964673366401,22.394654065317106,28.201036119567323,38.22312271941026,32.49243727082825,0.6297949413702957,0.6042037090068826
2012->2013,2013,8,2013-07-18,Early vegetative,52.8,49.76876432591924,47.54373083292515,41.000479315873484,44.006300451572294,40.83935814604412,41.25598840858718,0.657193951581745,0.6275059491016515
2012->2013,2013,8,2013-07-23,Early vegetative,67.2,63.25247283804021,52.25786504725493,53.25410127822971,56.51702851672073,60.06477045521726,60.83131396985414,0.6736541326782955,0.6402998356313494
2012->2013,2013,8,2013-07-25,Early vegetative,46.2,53.29749628353259,40.211934973203284,44.20612318983358,48.736036319401265,53.952915066771794,50.54201013498987,0.5017349873467134,0.5054901261392079
2012->2013,2013,8,2013-07-28,Early vegetative,64.1,64.29453808791152,61.22396374255475,60.64931558266072,62.31643283019946,60.76971257826468,64.34435885690247,0.5426569310550108,0.5823644565467335
2012->2013,2013,8,2013-07-30,Early vegetative,14.4,19.61911806628092,20.486809734158232,3.410085925963841,11.10135539781743,17.692915390689933,13.664365187067006,0.5254948348999242,0.5111266101682947
2012->2013,2013,8,2013-08-01,Reproductive,37.9,30.41200998298019,39.14934423271201,23.49191848202932,26.462454613573524,26.78878720197132,29.888851627573175,0.5707374488999126,0.5531779740540435
2012->2013,2013,8,2013-08-06,Reproductive,15.6,14.947817652597736,47.44491791755027,16.528767031886606,15.798022310281079,14.926191035058132,19.508690829752958,0.5377810756127914,0.5079158076559851
2012->2013,2013,8,2013-08-08,Reproductive,6.9,1.9863841763641217,28.02990299479816,-4.793583626480656,-0.9829227309895452,1.5104239344427497,1.878855844102722,0.4379529510608868,0.40399805672235883
2012->2013,2013,8,2013-08-11,Reproductive,42.0,15.781363344699558,52.13915143509202,17.362312723988428,16.762171792458254,17.559505382370347,21.74378122021033,0.6203920635332907,0.5724202505970076
2012->2013,2013,8,2013-08-13,Reproductive,3.1,1.5167993461960632,33.09052756603295,-0.8220452044132496,0.20414385250119693,10.946414761282858,9.07670275092423,0.5612410167887792,0.5104899779000278
2012->2013,2013,8,2013-08-15,Reproductive,26.4,11.739588343753134,50.946768432468716,12.039301533710407,11.924130762110074,15.677773442140554,19.053855865607304,0.615730053065896,0.5523380631947522
2012->2013,2013,8,2013-08-20,Reproductive,53.7,25.60046325995725,63.22322332325864,33.805449399276576,32.639165241745985,35.0476719128814,40.11390457345429,0.8578566571926782,0.7801564191159283
2012->2013,2013,8,2013-08-22,Reproductive,21.3,4.469528488576771,36.34693678122991,8.255503821379659,6.420818296106901,23.397795338074868,21.348901429260025,0.5153995036955306,0.495715741188631
2012->2013,2013,8,2013-08-25,Reproductive,52.9,17.373754386655726,53.95532596085609,25.85326006143987,24.231420437702376,35.300034863601915,40.359414883455884,0.8087341779178917,0.7718798005044188
2012->2013,2013,8,2013-08-27,Reproductive,24.6,11.295220123721997,38.62482745447345,14.611105150230097,13.819014616099148,37.99264709286891,32.92553563729682,0.7611224370571479,0.7289771160097878
2012->2013,2013,8,2013-08-29,Reproductive,46.4,19.245250399675243,57.66864117764931,24.73613031354294,23.84601393424718,39.21742200297204,42.828126790198695,0.8378918509859057,0.8030852423408049
2012->2013,2013,8,2013-09-04,Reproductive,67.3,24.26259143125092,73.01910246372599,41.88354713240885,41.88354713240885,47.82816721463071,54.192657972020434,1.0,0.996810514580636
2012->2013,2013,8,2013-09-06,Reproductive,43.5,18.35157582206165,49.92033441362836,28.7219445736588,28.7219445736588,51.620721643363694,44.39950082733478,1.0,0.9839596092720485
2012->2013,2013,8,2013-09-17,Reproductive,17.5,2.8080392492513004,72.90176643518733,23.99934101431955,7.23524080267298,2.7849036416560087,2.7224369186784734,0.20891597894752648,0.19972083181294206
2012->2013,2013,9,2013-06-06,Early vegetative,10.1,15.299999999999995,33.23142613273232,-2.5661677048177065,6.470630964279346,15.299999999999995,11.615609259418443,0.49419490411140415,0.4737922903871982
2012->2013,2013,9,2013-06-10,Early vegetative,14.9,12.20845019016712,30.925823781020835,-4.342446478866538,1.1386798473840987,10.206093497530134,9.00273974232955,0.6688320617392473,0.6396774719875733
2012->2013,2013,9,2013-06-12,Early vegetative,20.1,16.300597457606884,40.367394156256005,2.300604663651736,3.979393149120183,15.67434116177554,15.741479449431862,0.8800864750306653,0.8458374901249868
2012->2013,2013,9,2013-06-14,Early vegetative,-0.9,8.853021727722357,26.941771161102835,-6.79715325644931,-4.253082150613167,11.33966934380962,4.872942191746307,0.8374413635368823,0.8010783172372287
2012->2013,2013,9,2013-06-19,Early vegetative,23.0,19.17099833576801,43.547296449748224,9.59627693769437,11.490146436058676,19.417586326230666,19.96757889289077,0.8022010855850762,0.767388818881413
2012->2013,2013,9,2013-06-21,Early vegetative,7.4,12.083811685131671,33.65130693528593,-1.5047567319070385,-0.48520806323811705,14.403976916109858,7.211658103933302,0.9249701191929454,0.8909623857029015
2012->2013,2013,9,2013-06-25,Early vegetative,33.4,22.434083583908745,42.166485598093956,15.613001979362924,16.144573890786628,22.800182241276133,23.434110713340058,0.922069263755847,0.8845021749777053
2012->2013,2013,9,2013-06-27,Early vegetative,12.8,23.2017038623503,46.432896722225856,9.566587219279237,10.983410035496606,29.20646389307889,19.765836306304887,0.8960901579864846,0.8595801785371259
2012->2013,2013,9,2013-06-30,Early vegetative,42.3,32.062400410156854,44.661753220639476,24.245590357873112,25.455307424219853,30.29873548463095,31.449386887289418,0.8452415936609189,0.8746131924332117
2012->2013,2013,9,2013-07-02,Early vegetative,23.7,32.84999118386236,30.490405128084095,18.22955608965095,19.2645959521572,38.69855157126685,29.58118280567459,0.929205946619465,0.9134602580514163
2012->2013,2013,9,2013-07-04,Early vegetative,51.8,41.13731672626616,45.419333673416766,31.165876206819107,32.326853035109025,40.28409261657314,38.42834545180552,0.8835697985636386,0.8821297259706975
2012->2013,2013,9,2013-07-09,Early vegetative,53.8,48.03209259641204,53.457961985563564,39.81291772218114,39.91199970280449,55.44971852458766,56.46024880277392,0.9879450209857441,0.9783346189900868
2012->2013,2013,9,2013-07-11,Early vegetative,38.3,39.43902129454536,31.82742769045157,23.80940639587255,27.177365891682648,46.03198392308139,38.058043427937235,0.784514236745776,0.7613113925101817
2012->2013,2013,9,2013-07-14,Early vegetative,36.3,41.12802591059906,46.08467945241958,31.199503049432714,34.885503881026104,43.425587621806336,43.715892789459055,0.6287463016265463,0.6013205970907486
2012->2013,2013,9,2013-07-16,Early vegetative,19.0,37.382750165645234,30.490725310405093,21.69851809236603,27.568397138914364,36.11761090016797,30.352972251512917,0.625746480980176,0.607783498824496
2012->2013,2013,9,2013-07-18,Early vegetative,52.5,49.0724764846883,47.54373083292515,40.30419147464254,43.23351502737952,39.17897893341784,39.60252837764071,0.6659183010838643,0.6379272460100708
2012->2013,2013,9,2013-07-23,Early vegetative,65.1,62.56382098598687,52.25786504725493,52.690285434194294,56.06593801264603,59.02067130377447,60.5740805903076,0.6581110625728314,0.6417403071308979
2012->2013,2013,9,2013-07-25,Early vegetative,41.1,52.60831970949849,39.140542621432196,43.51694661579948,47.90518114206251,52.26854373994188,48.827670140610415,0.5173188383056901,0.5099314300872277
2012->2013,2013,9,2013-07-28,Early vegetative,66.8,63.604086016675936,60.15257139078367,59.958863511425136,61.54625772789898,57.25905033035559,60.983771042321514,0.5645274837990635,0.606813873074737
2012->2013,2013,9,2013-07-30,Early vegetative,9.3,18.82804533001191,20.486809734158232,2.523143385050009,10.17440026378001,17.219670323309114,13.18312015160134,0.5307388597271396,0.5121416146642012
2012->2013,2013,9,2013-08-01,Reproductive,36.6,29.620028630318664,39.14934423271201,22.699937129367797,25.671101560445674,23.955956173676004,27.01156791035674,0.5706466553701466,0.5452458007109476
2012->2013,2013,9,2013-08-06,Reproductive,19.9,14.946415532800543,47.44491791755027,16.52736491208941,15.795603200760784,14.933133089345816,19.515567980602825,0.5371377977593536,0.5079086138788949
2012->2013,2013,9,2013-08-08,Reproductive,5.0,1.9854011248666568,28.02990299479816,-4.79456667797812,-1.0031390588404825,3.0007285013463663,3.290348324895078,0.440789730956125,0.4043222199631031
2012->2013,2013,9,2013-08-11,Reproductive,41.9,15.778988279848464,52.13915143509202,17.359937659137334,16.77794578242465,17.427360069190208,21.590223077926364,0.6318719091597529,0.5694909176666216
2012->2013,2013,9,2013-08-13,Reproductive,6.1,1.5157249537924695,33.09052756603295,-0.8231195968168432,0.26554613237629376,10.877338478279906,9.082065784698635,0.5345283939843205,0.49016571140014237
2012->2013,2013,9,2013-08-15,Reproductive,23.9,11.738310407669456,50.946768432468716,12.03802359762673,11.919824207504414,17.147415734974423,20.548859925747422,0.6056249972209566,0.5564873308002353
2012->2013,2013,9,2013-08-20,Reproductive,62.8,35.13639107123662,64.29461567502972,46.65302646696753,44.403728439489555,44.04839427375308,48.900969490386345,0.804691392043915,0.7357168736945204
2012->2013,2013,9,2013-08-22,Reproductive,35.0,19.90326105957072,56.08478259314549,23.062776635585955,21.431972026435524,38.34066311670413,36.441706961686755,0.48384346590017707,0.45943933642403956
2012->2013,2013,9,2013-08-25,Reproductive,63.7,32.8051577348333,66.37786987799494,40.65820365282979,39.181041152565655,49.62336043509286,54.6058270815254,0.811899418940238,0.7601455802838213
2012->2013,2013,9,2013-08-27,Reproductive,40.1,30.72480270815252,47.7558420325895,34.13655753930544,33.45698041333294,54.56361287110896,49.412976484700586,0.8008130244977633,0.7409933828177724
2012->2013,2013,9,2013-08-29,Reproductive,63.8,38.67300624277131,64.6323890311626,43.584774475352745,42.84468115306444,55.262239021743405,58.80207306826556,0.849322425806045,0.7873223236511102
2012->2013,2013,9,2013-09-04,Reproductive,79.8,49.625243732361895,75.35068393755245,65.33377951344433,65.33377951344433,70.49837819553174,76.88323335535848,1.0,1.0
2012->2013,2013,9,2013-09-06,Reproductive,62.8,48.71218132872186,56.884082267141686,55.19741327270229,55.19741327270229,74.21624645197193,66.87730616623062,1.0,1.0
2012->2013,2013,9,2013-09-17,Reproductive,23.3,2.834733935948192,73.32585377481084,19.3158151560557,6.2792840007290955,18.27933927096823,17.93160823711679,0.20900024814988657,0.20158752772480376
2012->2013,2013,10,2013-06-06,Early vegetative,8.0,15.299999999999995,32.89541970349629,-2.5661677048177065,6.709218297934834,15.299999999999995,11.715198693434036,0.48084076249595564,0.46098563947449805
2012->2013,2013,10,2013-06-10,Early vegetative,16.8,12.169486967152093,30.5898173517848,-4.381409701881566,1.2541749498527146,10.008248318443998,8.817706976362272,0.6594997380245671,0.6328666634464356
2012->2013,2013,10,2013-06-12,Early vegetative,23.9,16.27872979951889,40.031387727019975,2.278737005563741,4.732254314694551,16.320702990093867,16.382611999462984,0.8247486734285908,0.7799567568501657
2012->2013,2013,10,2013-06-14,Early vegetative,-0.1,8.587866894639912,26.6057647318668,-7.062308089531754,-4.514093476387508,11.346024525839782,4.868473923641187,0.8371766056468078,0.8024190930295562
2012->2013,2013,10,2013-06-19,Early vegetative,19.4,18.871554870887387,43.211290020512195,9.200963668168924,11.238456785811252,19.5805604209856,20.11751561102259,0.7893103870351199,0.7491981420348555
2012->2013,2013,10,2013-06-21,Early vegetative,8.2,11.684480573237046,33.3153005060499,-1.9040878438016637,0.0002968373631304644,12.340647206981949,5.717620938902275,0.8598539137664505,0.8204401721446378
2012->2013,2013,10,2013-06-25,Early vegetative,34.4,22.19558630427145,41.83047916885793,15.37450469972563,16.146557125528975,21.34087126024029,21.968473835304994,0.8868137825401737,0.8756758327307954
2012->2013,2013,10,2013-06-27,Early vegetative,12.1,22.959654528422437,46.096890292989826,9.324537885351374,11.250351752746742,28.853575435826528,19.809930549728037,0.858760733933728,0.8234344395397662
2012->2013,2013,10,2013-06-30,Early vegetative,40.4,31.94209857413411,44.64327051485464,24.12528852185037,25.30353020774781,29.829210032913533,30.962220881155364,0.8492682209217547,0.8612045600889743
2012->2013,2013,10,2013-07-02,Early vegetative,24.9,32.71057111070666,30.471922422299254,18.09013601649525,19.620262826545577,37.30689885777659,28.48928468641158,0.8953432780768513,0.8834281384745207
2012->2013,2013,10,2013-07-04,Early vegetative,54.4,41.096931305929104,46.11118966939688,31.125490786482054,32.56509640249932,40.16947901139049,38.36854644352601,0.8556271169436712,0.8560735981406918
2012->2013,2013,10,2013-07-09,Early vegetative,54.4,47.987877294656464,54.55809885097768,39.76870242042557,40.37949385134403,56.6948130952042,57.65598255863834,0.9256870135670866,0.9305464478328257
2012->2013,2013,10,2013-07-11,Early vegetative,44.6,39.39104395576336,33.195576827923176,23.761429057090545,27.173404958769567,46.95522947085906,39.05533264314258,0.7816980185501082,0.7542420787135399
2012->2013,2013,10,2013-07-14,Early vegetative,38.6,41.07724765396858,47.452828589891176,31.148724792802234,35.21988524673978,47.33643801010263,47.62105331430401,0.5899530563744618,0.5895349574633508
2012->2013,2013,10,2013-07-16,Early vegetative,23.9,37.93018545218977,32.51984886726936,22.245953378910563,28.119670645779976,39.82336670719194,34.015950854632706,0.6255017625710663,0.6122936303771264
2012->2013,2013,10,2013-07-18,Early vegetative,55.6,49.61802652185023,49.57285438978943,40.849741511804474,43.919786785853645,43.128441781061824,43.550658720810915,0.6498693563756375,0.6359202999006022
2012->2013,2013,10,2013-07-23,Early vegetative,70.8,62.926954586456624,54.53020625487313,52.92858302664612,56.33466961344935,62.62482801283564,63.40064037216221,0.6593358662030173,0.6480421746088134
2012->2013,2013,10,2013-07-25,Early vegetative,51.2,52.97040580814379,42.48427618082148,43.87903271444478,48.33146616387738,57.17005524035878,53.775721271688326,0.510257317179243,0.5030343384813879
2012->2013,2013,10,2013-07-28,Early vegetative,77.0,63.96362633281201,63.49630495017295,60.31840382756121,61.87458712153541,64.95562122226445,68.54903817363518,0.5730896284842477,0.5854224857258586
2012->2013,2013,10,2013-07-30,Early vegetative,20.9,19.1863464577101,23.125127408908515,2.9773143173930237,10.599095800335336,26.28898649092937,21.46947477526406,0.5297818267640737,0.5096546819968273
2012->2013,2013,10,2013-08-01,Reproductive,36.8,29.97651554272841,41.54658555627414,23.05642404177754,26.0871437429907,34.32244028397791,37.33847804919838,0.5620405162566541,0.538184189611232
2012->2013,2013,10,2013-08-06,Reproductive,20.4,14.943709171487548,49.8421592411124,16.524658550776415,15.788905926312093,14.939239099187612,19.46818480569241,0.5346134201999088,0.5019799715021442
2012->2013,2013,10,2013-08-08,Reproductive,7.4,1.9834365348412368,30.42714431836029,-4.796531268003541,-0.9034604019409009,3.2603896150216043,3.547941899224864,0.4257980304229228,0.4014358426158236
2012->2013,2013,10,2013-08-11,Reproductive,37.1,15.774243448425404,54.536392758654145,17.355192827714273,16.765597644346897,18.78587828472885,22.921526567938724,0.6270625795542036,0.5657678696149607
2012->2013,2013,10,2013-08-13,Reproductive,3.3,1.5135801617945208,35.362868773651144,-0.8252643888147919,0.28180009467881373,9.142619286266903,7.384417753535277,0.5266617940875145,0.48004412263245083
2012->2013,2013,10,2013-08-15,Reproductive,27.0,11.735759108361798,53.21910964008691,12.035472298319071,11.913218557257776,15.027827488827134,18.248000711399722,0.5920975614095472,0.5268308109258059
2012->2013,2013,10,2013-08-20,Reproductive,66.1,35.148592282018875,66.56695688264789,46.66522767774978,44.51055523233496,44.920277549095616,49.67460792945403,0.812907818006157,0.7208216107518657
2012->2013,2013,10,2013-08-22,Reproductive,49.8,22.91259462592193,58.35712380076369,26.072110201937164,24.435549215150708,43.618485069683416,41.732455960804955,0.48202154811008185,0.4563117268242642
2012->2013,2013,10,2013-08-25,Reproductive,71.6,35.809839744259946,68.65021108561317,43.662885662256436,42.02418979824847,59.78968597868481,64.65970758501713,0.79132990165604,0.7429905030254081
2012->2013,2013,10,2013-08-27,Reproductive,55.0,35.62584853845895,54.64019016544697,38.71047493133083,38.11300721029725,65.50483209428944,60.10855129460001,0.8063079138484187,0.7763328770301262
2012->2013,2013,10,2013-08-29,Reproductive,74.1,43.57040392871358,69.23631171260723,48.155043723013975,47.46512601370064,68.190931859156,71.77444293551856,0.8495153948253391,0.7970368752860738
2012->2013,2013,10,2013-09-04,Reproductive,97.9,66.49097212261557,78.27132817205616,82.04329176111429,80.04293003599204,93.85171216297567,97.44483479071101,0.8713785614224082,0.8834480886076239
2012->2013,2013,10,2013-09-06,Reproductive,97.4,74.67346092944656,79.40801930315892,90.8844396287262,87.89145641970391,101.53307776490468,104.55913957919984,0.8153730712658769,0.8202060375128807
2012->2013,2013,10,2013-09-17,Reproductive,39.2,23.323275778796518,75.59819498242906,39.10435076519674,26.630228578300375,45.391937416460834,44.78947480299231,0.20955180824840602,0.2030274069428966
2012->2013,2013,11,2013-06-06,Early vegetative,10.1,15.299999999999995,33.842394819892654,-2.5661677048177065,7.03827778218203,15.299999999999995,11.852548369813109,0.4624227396897293,0.44332323004576585
2012->2013,2013,11,2013-06-10,Early vegetative,12.9,13.03609602825496,36.01982698498411,-3.5148006407786987,2.162092417868079,10.348156524044963,9.169429055469404,0.6570038969992416,0.6265866574996005
2012->2013,2013,11,2013-06-12,Early vegetative,20.4,16.88742914538292,41.91290261611662,2.887436351427773,5.402344688866549,15.254606708623989,15.315432661325907,0.8203635977209466,0.7663119356158993
2012->2013,2013,11,2013-06-14,Early vegetative,1.6,10.187699504587563,32.03577436506612,-5.4624754795841035,-2.477054275216906,11.960539491872876,5.648817704390311,0.8092403946034722,0.7818767282879455
2012->2013,2013,11,2013-06-19,Early vegetative,25.6,20.647579060839018,44.85522238838449,11.072857662765376,13.25408831620086,20.591250142989416,21.12190061986353,0.7721886034329594,0.7404013569858727
2012->2013,2013,11,2013-06-21,Early vegetative,3.2,13.419733516535176,37.573187845324604,-0.16883490050353345,2.1860463154740106,16.255954660160423,9.224903124298423,0.8267013018807222,0.7910168631031512
2012->2013,2013,11,2013-06-25,Early vegetative,33.0,23.27289558398848,42.53987176402995,16.451813979442658,17.340597781111555,22.30482355790267,22.904016037036868,0.8697004590772558,0.8360360425190663
2012->2013,2013,11,2013-06-27,Early vegetative,35.8,28.545008745128527,52.02201438440707,20.80745043750106,22.519277172492295,33.37915765901128,34.00908547337731,0.7787639631350156,0.7695665932031882
2012->2013,2013,11,2013-06-30,Early vegetative,50.8,35.87188501826468,46.35076471373171,26.7731169258814,29.023617536665583,41.57799691536853,41.316870719224326,0.7526587568851093,0.7432597088651921
2012->2013,2013,11,2013-07-02,Early vegetative,23.3,33.09588618630549,42.91608646498308,18.475451092094083,20.350609456586888,44.05523630160699,35.8043601859913,0.871744010871795,0.8266472070498716
2012->2013,2013,11,2013-07-04,Early vegetative,52.5,40.30629556913466,51.419760954308046,30.17863890710389,32.058637557937,42.498865612546034,39.600989878205475,0.8143698277330683,0.8150492064949582
2012->2013,2013,11,2013-07-09,Early vegetative,52.6,48.33180881145031,61.39092263460113,38.830675897119875,40.318004748195975,55.384562810657776,56.22827176075846,0.8434577366207789,0.8168282455789357
2012->2013,2013,11,2013-07-11,Early vegetative,52.4,46.00232567621138,44.969810770916276,29.65038121610609,33.058929935338035,51.72862324870082,43.65047326012824,0.7915508624954077,0.7712607863642099
2012->2013,2013,11,2013-07-14,Early vegetative,52.5,47.73792339318496,54.41849737771943,38.40056523466994,42.123453107186585,53.91579700831648,54.19941149281276,0.6012910922645041,0.5874619199507363
2012->2013,2013,11,2013-07-16,Early vegetative,34.3,47.72227905025497,45.94199792096999,31.046883423300464,37.328462552189535,53.22116021231086,47.39377004232613,0.6233025428952714,0.5976080208362091
2012->2013,2013,11,2013-07-18,Early vegetative,65.6,59.449450014720846,59.218181051151454,49.69000145099979,53.02903722965308,54.92333113643663,54.19531078659801,0.6578663479957736,0.6351508115301854
2012->2013,2013,11,2013-07-23,Early vegetative,86.5,77.0715429733352,67.7559430253956,66.20684386786732,70.42007910010506,77.21302171633769,77.56110862357761,0.6122087513571964,0.5954054450653253
2012->2013,2013,11,2013-07-25,Early vegetative,57.4,67.12351617860098,64.37331149587857,52.945926026024445,60.17742471592857,72.54837837483458,68.76864326612308,0.4899345648957188,0.506524165129645
2012->2013,2013,11,2013-07-28,Early vegetative,85.1,77.67519923249921,72.70860528657515,67.29686453903399,72.47032280918174,75.2835286669743,76.38698951648999,0.5015136413546915,0.5634945008158977
2012->2013,2013,11,2013-07-30,Early vegetative,15.3,24.906570989537517,34.07457166645516,8.69753884922044,16.861032257671265,27.389492445402027,22.407868528081544,0.49636145219642136,0.48979618842777306
2012->2013,2013,11,2013-08-01,Reproductive,39.1,35.7107949015351,51.01410012502379,28.790703400584235,31.96272291912399,32.07337582796439,33.9633692715948,0.5416217375010287,0.517849387407622
2012->2013,2013,11,2013-08-06,Reproductive,19.3,14.997003992404638,54.31628963278597,16.577953371693507,15.81749425734052,15.0824213220579,19.162114448216123,0.5189857915026667,0.4910689814324488
2012->2013,2013,11,2013-08-08,Reproductive,8.3,2.033104027037774,37.13391903305543,-4.746863775807004,-0.7735607363314831,2.8685228676172354,2.869277044230439,0.41396432033078695,0.3916958633769972
2012->2013,2013,11,2013-08-11,Reproductive,46.2,15.89459349031086,59.01052315032773,17.475542869599728,16.803129043078954,19.22950673718845,22.850025317180865,0.5746771937611074,0.5489449391865134
2012->2013,2013,11,2013-08-13,Reproductive,6.6,1.573865254698861,42.2313083524138,-0.7649792959104518,0.37856680671993903,14.106366581082415,11.99892425608765,0.5110636564826526,0.4814846037160353
2012->2013,2013,11,2013-08-15,Reproductive,20.9,11.530197791051496,60.087549218849574,11.82991098100877,11.707663917830835,18.89616428218029,21.802789203423174,0.5921198423220505,0.5384669048838789
2012->2013,2013,11,2013-08-20,Reproductive,70.0,33.5896446353174,69.8869017173079,45.10628003104831,42.649507808243456,42.02381752500912,46.17366247032963,0.7866762176290182,0.7055968147837431
2012->2013,2013,11,2013-08-22,Reproductive,41.1,18.440478713030824,65.22556337952636,21.50412448440124,19.892305633630677,41.3173154047542,39.10825410738563,0.4738886375726226,0.45570325489209934
2012->2013,2013,11,2013-08-25,Reproductive,68.2,31.485516611895896,71.97015592027317,39.338562529892386,37.61829728937419,54.562085926120425,58.8185388027062,0.780942928580624,0.7288150212026491
2012->2013,2013,11,2013-08-27,Reproductive,47.8,29.42185395859705,56.89662281897035,32.833608789749974,32.03250361369824,59.40902230168125,53.72846539682257,0.7651926308605767,0.7410673102312378
2012->2013,2013,11,2013-08-29,Reproductive,68.8,37.49077909045376,73.77316981754346,42.4025473230352,41.525771249362364,61.76446546420433,64.6780016100103,0.8214948197561757,0.7704388792539363
2012->2013,2013,11,2013-09-04,Reproductive,86.8,48.28184504894441,80.94296997983068,63.99038083002685,63.94218153964079,76.17847313353045,82.51448431726938,0.996931649705754,0.9923500259809912
2012->2013,2013,11,2013-09-06,Reproductive,70.1,47.62806728165321,66.02486305352254,53.317423187281534,53.317423187281534,80.9363632239929,73.5974229382516,1.0,1.0
2012->2013,2013,11,2013-09-17,Reproductive,36.1,3.0056272668056057,78.91813981708907,18.69083244856101,6.247409664153119,26.335094989230186,25.986708781860493,0.20667771698123946,0.20196734659892748
2012->2013,2013,12,2013-06-06,Early vegetative,12.2,15.299999999999995,32.826117422187124,-2.661355883557567,7.548813845687824,15.299999999999995,12.082782651732831,0.4315479412892137,0.4137163735973158
2012->2013,2013,12,2013-06-10,Early vegetative,12.3,9.684565573077546,32.219245307425965,-5.237972279398322,0.3839424938590863,9.38494426333019,8.266587218218781,0.623260143225259,0.5944950138765416
2012->2013,2013,12,2013-06-12,Early vegetative,20.3,13.365131366082151,38.112320938558476,1.1113618515733297,4.04071199812282,13.926148619470634,13.983321758839837,0.7609429373482948,0.7202921968186228
2012->2013,2013,12,2013-06-14,Early vegetative,-1.6,2.5097383636056114,27.19028423833163,-11.632117016150474,-7.899157730313577,4.127441687886067,0.37318777461891495,0.7360346867087477,0.7092050959950744
2012->2013,2013,12,2013-06-19,Early vegetative,21.7,11.1905597349655,40.71354590315085,3.188938497824452,5.557956630145928,11.985266524294383,12.038558557048892,0.7039327328660313,0.6753065718629242
2012->2013,2013,12,2013-06-21,Early vegetative,5.4,4.309266979542001,35.485518095847986,-9.40959945716979,-5.816081565602505,10.269411232265748,4.376834652528094,0.7380601445356298,0.7299543060482488
2012->2013,2013,12,2013-06-25,Early vegetative,36.5,16.77064289174259,40.45220201455333,9.663294825250183,11.086219995939544,21.48899410286053,22.03826837640589,0.7997952038682694,0.7663866051455411
2012->2013,2013,12,2013-06-27,Early vegetative,40.1,23.73544073167804,51.00573698670154,15.807485766748805,17.92968015921802,35.84387507674408,36.428776666710036,0.732315029303631,0.7145592140620683
2012->2013,2013,12,2013-06-30,Early vegetative,50.6,33.78523831070736,45.65201103947737,24.496073561022317,26.733277340660383,45.1287072780571,44.86096615626291,0.7591598556033878,0.7620881825509904
2012->2013,2013,12,2013-07-02,Early vegetative,31.1,34.82193251923582,42.21733279072875,19.93336796993325,22.055594318658073,46.527993061626354,38.346426993454614,0.8574593043071949,0.8197031011952707
2012->2013,2013,12,2013-07-04,Early vegetative,58.2,43.463796573889496,51.43134598181866,33.00791181913887,34.669694524749346,46.578247711555456,44.11771981734016,0.8410672320335736,0.8214626098835766
2012->2013,2013,12,2013-07-09,Early vegetative,60.2,55.04160179241867,61.81078853154575,45.09437632247984,47.217384241020326,61.51174160890703,62.28929594728492,0.7865728564255069,0.7527813305568363
2012->2013,2013,12,2013-07-11,Early vegetative,60.8,56.49519989293842,54.121159002882756,39.757261514853425,43.12236136287296,61.440283711516194,53.36962258455401,0.7989537437641983,0.7705457878431659
2012->2013,2013,12,2013-07-14,Early vegetative,54.6,57.97998805547509,61.289420158273096,48.19653734135168,52.39364964986281,64.05524581434277,64.32738418008353,0.570998778329596,0.563690980431635
2012->2013,2013,12,2013-07-16,Early vegetative,45.0,60.70107838507395,55.46363146251982,43.639688840139726,50.50483664326653,62.42038747414215,56.79800942479239,0.597620827714753,0.576583705647714
2012->2013,2013,12,2013-07-18,Early vegetative,68.5,67.85669457596819,66.45938914128841,57.65115345663874,61.44235084449068,63.44309487469796,62.77295630146639,0.6285157892636033,0.5846526937331697
2012->2013,2013,12,2013-07-23,Early vegetative,86.0,80.21317979591673,71.67959473837075,67.37181844832669,72.56952091741945,79.20107267001677,79.5367056189406,0.5952374262820492,0.5741028495359123
2012->2013,2013,12,2013-07-25,Early vegetative,70.5,76.2011929377463,68.2969632088537,60.10703918067628,68.66807453717027,79.35383255236128,75.78177035412804,0.4680655170991391,0.47869381602459615
2012->2013,2013,12,2013-07-28,Early vegetative,88.9,83.69981978119922,76.63225699955034,71.34482284561183,77.6739332801597,82.88156352797861,83.90771538219434,0.4877286924841346,0.5240158063662959
2012->2013,2013,12,2013-07-30,Early vegetative,22.6,30.70905335823029,36.303591980853135,13.865415653519257,22.520866809282083,33.19087927165942,28.427992740156903,0.48612934405838215,0.4682898002261679
2012->2013,2013,12,2013-08-01,Reproductive,43.4,41.19385603170695,53.0020440882336,31.709643075386325,36.20669545723041,38.588259815283415,40.43463990228526,0.525838105644066,0.5058995311321896
2012->2013,2013,12,2013-08-06,Reproductive,23.7,18.735068953398606,56.033259987878594,19.621314130664842,19.185521396871412,19.38349277571168,23.348704793224805,0.5082706851644562,0.47728899365465605
2012->2013,2013,12,2013-08-08,Reproductive,7.2,3.8155151396163993,38.850889388148055,-3.599058227622326,0.8339317069006427,6.901929483598847,5.652367121096279,0.4021247460966366,0.38537484745295403
2012->2013,2013,12,2013-08-11,Reproductive,41.4,17.099911306840287,60.727493505420355,17.986156484106523,17.589124891558193,20.916260183954257,24.381756810379706,0.552007048689352,0.5254404287156483
2012->2013,2013,12,2013-08-13,Reproductive,7.1,1.3460066363213183,43.823378591562495,-1.6274434786819425,-0.08014744159778964,12.6717468902152,10.681032832431603,0.4796293943937728,0.45481584850786194
2012->2013,2013,12,2013-08-15,Reproductive,28.7,11.099642779641012,61.67961945799827,10.704651767575653,10.883999405665099,17.750911774521263,20.45541385311559,0.5459450149215792,0.5010226303605734
2012->2013,2013,12,2013-08-20,Reproductive,66.7,32.13653189743995,71.4789719564566,42.14888969658436,39.593002733143514,43.79676390087717,47.72095258096155,0.7447267651921847,0.6672285518523414
2012->2013,2013,12,2013-08-22,Reproductive,47.3,19.71125625749439,66.81763361867505,21.426592874551815,20.50099237873363,43.61014513925946,41.46281364374862,0.46039716833771993,0.4429691258464647
2012->2013,2013,12,2013-08-25,Reproductive,73.2,32.333009607177026,73.56222615942188,38.68177792858702,37.03247562394686,58.617251139483294,62.7558546200225,0.7402169647491766,0.7086361510098471
2012->2013,2013,12,2013-08-27,Reproductive,53.5,32.055445305094025,63.10069998335832,33.69589273900809,33.2457393826631,66.08245342143933,60.30814842096588,0.7255911118889495,0.7532973873557383
2012->2013,2013,12,2013-08-29,Reproductive,74.6,39.82234247130289,77.69682153051863,42.902704669016785,42.21951470159414,67.49089642829976,70.41425524033141,0.7782111571393535,0.773036329081045
2012->2013,2013,12,2013-09-04,Reproductive,97.0,59.73791069103203,83.18334324586488,73.62795078962687,71.33186257536768,89.94870964084723,93.27491308536568,0.8346953501961843,0.817820146937768
2012->2013,2013,12,2013-09-06,Reproductive,96.0,67.07371390182794,84.32003437696764,81.6224130612037,78.93216285650233,98.8594338112792,101.75470321817448,0.8150865465543935,0.7847551020087062
2012->2013,2013,12,2013-09-17,Reproductive,43.2,15.173594074057972,80.51021005623778,29.196519715909496,18.045790677353462,44.379017249186,43.78203340210497,0.20482149564591562,0.20118108534877316
2013->2012,2012,1,2012-05-25,Early vegetative,9.5,17.73044451931428,13.387440025515087,9.210617564322071,13.796436184839553,17.73044451931428,17.206917302256308,0.46174744572359966,0.44946420683337923
2013->2012,2012,1,2012-05-31,Early vegetative,8.8,8.475262816907863,16.067146040377065,-8.68081418896672,0.09817676508053808,5.112736728155758,-1.0198708657078663,0.48828680641610805,0.4734162212722611
2013->2012,2012,1,2012-06-05,Early vegetative,23.2,22.531674203040467,25.64579830636456,16.988982358909315,18.66551989200957,21.656349593459225,23.360302070352983,0.6975228679047988,0.6790715764289088
2013->2012,2012,1,2012-06-07,Early vegetative,9.1,-4.794418794289546,6.983766183452149,-20.732849498253906,-8.318838807240436,-4.549665483057018,-6.810648362883374,0.2211271660562079,0.21190177348005215
2013->2012,2012,1,2012-06-08,Early vegetative,3.6,4.846605138873335,14.984475842338183,-0.9035093380737687,0.8855973168871198,9.248687821713231,12.209962971424527,0.6888572110809914,0.7084502788890863
2013->2012,2012,1,2012-06-13,Early vegetative,24.8,18.438042330763047,24.4751691570708,11.295341638627043,13.12259290318067,22.477026406121016,22.604842341904455,0.7441792196941137,0.7204829049062904
2013->2012,2012,1,2012-06-15,Early vegetative,9.8,3.946050189933181,7.857404398992699,-11.753847981167215,-7.595935030573226,3.992320839834392,-3.442492668049661,0.7351630625065027,0.7754496448022755
2013->2012,2012,1,2012-06-18,Early vegetative,26.1,18.28410678579358,31.659986202799264,16.11905896756989,16.59156083662466,20.65829681364035,22.72475466839786,0.7817591532724529,0.7625541187225726
2013->2012,2012,1,2012-06-20,Early vegetative,12.6,4.7749733259587925,13.038716411783977,-10.170638444344576,-3.011836699631539,7.619793660029961,2.202426342492082,0.5210097883756466,0.5208740630625516
2013->2012,2012,1,2012-06-24,Early vegetative,52.1,33.48124289416493,33.83565493749205,31.434853214699356,32.139799518881844,40.222560890093405,41.15062900593375,0.6555170741641984,0.6253902462919305
2013->2012,2012,1,2012-06-26,Early vegetative,19.4,10.342594099118806,15.412165630888774,-2.696427215049665,3.4128964277580884,24.395892577817992,18.64727063736953,0.5314584204130999,0.5222623887156106
2013->2012,2012,1,2012-06-28,Late vegetative,41.9,21.726263211166263,30.6881171182755,19.59489717466848,20.23981423132906,34.050851272200575,34.73883122811337,0.6974160957728811,0.6952067778002186
2013->2012,2012,1,2012-07-03,Late vegetative,55.8,27.16692838146481,34.557154180509826,27.094282332665095,27.118606427597808,34.4365968717707,35.846382610336484,0.6651697465367724,0.6426127665611941
2013->2012,2012,1,2012-07-05,Late vegetative,20.8,4.6178711003306345,14.814716391862879,-3.4887627298836312,0.9123455549548232,15.751809133084034,13.745247742152486,0.45709793028580287,0.4435920438044157
2013->2012,2012,1,2012-07-10,Early vegetative,22.9,12.529724063175031,23.3789981371138,12.271972760847289,12.380838125629415,13.74383030674121,17.29324809105573,0.5776340844877689,0.5553180282548895
2013->2012,2012,1,2012-07-12,Early vegetative,50.7,25.106274233676366,39.171008862521106,28.353789175924383,26.718645495010183,31.09922784789132,33.93901651553953,0.49649386993049144,0.4803695426734544
2013->2012,2012,1,2012-07-17,Early vegetative,35.6,20.374551138526343,30.703937011539875,25.175806239835627,22.990450188545303,20.45042912078565,24.416417734696964,0.5448365052099844,0.5320836960108677
2013->2012,2012,1,2012-07-19,Late vegetative,12.2,5.113658341717889,17.28148240019108,-0.6943470521242325,2.4218089490818517,9.538818716316015,6.086610212709232,0.46347226114666545,0.4453092753982343
2013->2012,2012,1,2012-07-22,Late vegetative,64.2,26.45406249971862,38.4447708565145,33.99972297556707,31.05026881756114,31.95149611943685,35.768762623596785,0.6091191529957773,0.5964155198096458
2013->2012,2012,1,2012-07-24,Late vegetative,6.8,4.733303338055576,19.95705357893223,2.5410834489520018,3.761519173970662,19.883080598456026,17.782813289664524,0.4432877235149473,0.44164136335957166
2013->2012,2012,1,2012-07-26,Late vegetative,38.5,16.43828572247376,31.506713597483202,28.13481250951569,22.95768615262171,24.168610750433118,28.66111665791853,0.5573791732235001,0.5440380814961955
2013->2012,2012,1,2012-07-31,Late vegetative,49.3,20.55822477323944,36.68054341777912,40.282229755462865,33.45024208961495,28.77182215955225,34.62802187638004,0.6536206682159454,0.6358241191834535
2013->2012,2012,1,2012-08-02,Late vegetative,10.4,2.7504876906341105,17.278075773086854,7.874187954351075,5.519063379707767,13.693142309644042,11.288715510268435,0.5403469263569306,0.535039380589924
2013->2012,2012,1,2012-08-05,Late vegetative,56.0,20.112558215228248,35.93144078669041,40.332078910167624,34.07711969367945,27.89151422891505,34.30718715074404,0.6906475029324662,0.7032341699745939
2013->2012,2012,1,2012-08-07,Late vegetative,21.4,0.4082539651184089,19.187068002647376,6.394045420825167,3.3227775794873624,19.08612040207919,16.57402795889476,0.486906975616448,0.4679340820217736
2013->2012,2012,1,2012-08-09,Reproductive,42.8,12.7402184673872,35.68758228728782,27.14153208662148,23.219532517538134,31.51938746908276,36.112465054019,0.727663762294215,0.7034827705794973
2013->2012,2012,1,2012-08-14,Reproductive,43.7,16.700986647672075,35.647411186421095,35.54578530817046,30.13072875199316,28.751970195463976,33.83386076639208,0.7126498057244786,0.6831872995685412
2013->2012,2012,1,2012-08-16,Grain filling,16.1,0.7930236666264056,16.123135176187194,5.057666298146294,3.044154431508426,12.500372176714771,11.13156764451104,0.5278591805662586,0.5114345501675163
2013->2012,2012,1,2012-08-20,Grain filling,55.4,15.566425983090124,36.091055538950464,31.910655120960488,24.745389117938462,27.2284783098869,31.050960480273677,0.5616026952033021,0.5448855091527632
2013->2012,2012,1,2012-08-22,Grain filling,17.5,1.531581364144022,17.52702967922623,6.9160904558176135,5.113805051243653,19.089564719803736,15.528096982563287,0.6652832460881255,0.6472498765500512
2013->2012,2012,1,2012-08-27,Grain filling,68.5,19.961713210575727,41.36714244193613,40.416738921525706,35.67307970558475,34.83494647043208,45.41962417926509,0.76809321665132,0.7476948518062944
2013->2012,2012,1,2012-08-29,Grain filling,20.4,1.0273802672082712,22.30403897205816,9.527254291924015,6.964872067736288,23.087835420993848,22.638273815628732,0.6985387999002233,0.6850628232006136
2013->2012,2012,1,2012-09-04,Grain filling,67.9,20.23452018204417,58.87812890361444,38.197680933967405,29.333217474942494,38.90115098486025,41.388021756900415,0.506519839050272,0.4840123172729069
2013->2012,2012,1,2012-09-06,Grain filling,17.1,-0.4980980462856282,19.731208665795272,0.7993359662014021,0.12368534535990955,13.082349152425277,9.782703063991123,0.4792408597749424,0.46699964603658667
2013->2012,2012,2,2012-05-25,Early vegetative,6.3,17.73044451931428,13.387440025515087,9.210617564322071,13.324343443285112,17.73044451931428,16.939891189347325,0.5171585173390645,0.503423491150844
2013->2012,2012,2,2012-05-31,Early vegetative,6.9,7.828238443104226,16.067146040377065,-9.327838562770356,-0.9618632052643736,3.708363512664308,-2.906418897934319,0.5123608179981177,0.49346864228064835
2013->2012,2012,2,2012-06-05,Early vegetative,20.9,22.148974604751324,25.64579830636456,16.60628276062017,17.732118299942336,20.09478384721776,21.984821053808954,0.7968792833911108,0.7800596137041457
2013->2012,2012,2,2012-06-07,Early vegetative,0.9,-7.70916491380166,4.733715779477679,-23.647595617766015,-11.364163089959138,-7.89487597310188,-10.317698363902153,0.2293198272806352,0.21786641424985007
2013->2012,2012,2,2012-06-08,Early vegetative,1.9,4.799356072071272,14.219361288641975,-0.950758404875832,0.9142294314663721,5.263236674503249,7.746068673956806,0.6756607466131043,0.6657792107755154
2013->2012,2012,2,2012-06-13,Early vegetative,25.8,18.47432259037971,25.73465699969083,11.331621898243707,13.231105707334091,19.28530073004037,19.90821584001201,0.7340664419577759,0.7249241917012761
2013->2012,2012,2,2012-06-15,Early vegetative,10.7,7.912692847389438,9.247582095449378,-7.787205323710958,-6.38841733843983,12.54280024140169,3.116940308803425,0.9109046460029946,0.9081823818162014
2013->2012,2012,2,2012-06-18,Early vegetative,27.2,20.590281172013498,32.4905669129333,18.425233353789814,18.677504133588567,25.35358787330601,26.323088984291346,0.88348027342614,0.8571104144938976
2013->2012,2012,2,2012-06-20,Early vegetative,11.9,5.290115906203325,21.896827275638458,-9.655495864100043,-3.8875969276643696,10.312607234732926,3.3362678338080816,0.6140740824074947,0.6182848714464342
2013->2012,2012,2,2012-06-24,Early vegetative,47.6,33.49705467782772,41.188346384686845,31.450664998362146,32.02911318697202,40.0460032062633,40.96527786781975,0.7173323368397091,0.6990416442451132
2013->2012,2012,2,2012-06-26,Early vegetative,15.6,10.35839381164043,15.412165630888774,-2.68062750252804,2.274681670572919,21.165501205774863,14.753956819705888,0.6199631050747331,0.6134890134326854
2013->2012,2012,2,2012-06-28,Late vegetative,34.3,21.741928249036093,30.6881171182755,19.61056221253831,20.094987880133754,30.42954575249244,31.051657482414935,0.7727158736227946,0.7580513160296551
2013->2012,2012,2,2012-07-03,Late vegetative,48.7,27.16683698076405,34.557154180509826,27.094190931964334,27.11470868646681,28.440391801591,29.859184212888746,0.7175654444876672,0.7006722985124137
2013->2012,2012,2,2012-07-05,Early vegetative,13.5,4.597111941326478,14.814716391862879,-3.5095218888877877,0.8005327459262701,8.986737039668826,6.850647341766046,0.4683299227417875,0.45522607820650457
2013->2012,2012,2,2012-07-10,Early vegetative,17.7,12.52972964028177,24.006417326248478,12.271978337954028,12.372877804057588,12.523947645146876,15.995702952191861,0.6085394518190977,0.5843758111471227
2013->2012,2012,2,2012-07-12,Early vegetative,44.9,25.10628814086144,39.79842805165578,28.353803083109458,26.83634556611124,27.69300978140334,30.624595864424165,0.532732706705333,0.5189189785014213
2013->2012,2012,2,2012-07-17,Early vegetative,29.9,20.37434980330973,30.703937011539875,25.175604904619014,23.071570154882334,20.36492789096782,24.182404699303056,0.5617740142232982,0.5451224014178112
2013->2012,2012,2,2012-07-19,Late vegetative,5.6,4.865656021981327,15.007057319158589,-0.9423493718607938,2.3541663531388792,5.06111323689352,2.8516238917530963,0.43241861853386526,0.4209624074752638
2013->2012,2012,2,2012-07-22,Late vegetative,54.0,26.420871996838613,35.90494824969596,33.966532472687064,31.084737500066957,26.45495608064216,30.855775964310013,0.6180857882694398,0.6057457418954116
2013->2012,2012,2,2012-07-24,Late vegetative,3.6,4.729586705455456,19.95705357893223,2.537366816351882,3.7787615413530697,11.734973337097566,9.829962707524484,0.4337270950001237,0.42897933425368556
2013->2012,2012,2,2012-07-26,Late vegetative,30.6,16.43873226776243,31.506713597483202,28.135259054804358,22.29443325874849,18.21900136377109,22.020433006014088,0.5006358808559594,0.48692707606705793
2013->2012,2012,2,2012-07-31,Late vegetative,43.0,20.55826782447347,36.68054341777912,40.282272806696895,31.77639269758172,21.83950550721296,26.783231101495065,0.568754919866364,0.5467830376026082
2013->2012,2012,2,2012-08-02,Late vegetative,6.6,2.6365253570285985,17.278075773086854,7.760225620745563,5.387258159368128,5.97402182044679,3.8471720416015494,0.5368645043150949,0.5027138091725514
2013->2012,2012,2,2012-08-05,Late vegetative,49.0,20.126683979064104,35.93144078669041,40.34620467400348,32.389947372305954,22.133275761011816,27.409408851047473,0.6065061372256539,0.5892379569566264
2013->2012,2012,2,2012-08-07,Late vegetative,20.1,0.3935985064945568,19.187068002647376,6.379389962201315,3.1020602738906216,12.603492486613597,10.389133203392127,0.45248181254525,0.4381678159468283
2013->2012,2012,2,2012-08-09,Reproductive,36.0,12.739806468430857,35.68758228728782,27.141120087665136,21.638553931803642,27.6242122188134,31.430643019743105,0.6179122056954367,0.5984838942952879
2013->2012,2012,2,2012-08-14,Reproductive,52.7,22.35512200778056,50.15183806320736,42.90108150631917,36.951395484538345,41.39553715088704,46.235763764337456,0.7104206293113733,0.6883160011431906
2013->2012,2012,2,2012-08-16,Reproductive,63.5,30.93274760368721,57.990654066846616,51.43978293697027,42.81311861412531,55.65850946615007,61.21100882727634,0.579331474167608,0.5606973085472109
2013->2012,2012,2,2012-08-20,Reproductive,78.0,43.76175947666336,58.56165916266453,61.68599606333105,53.38818612161248,72.4223558898342,75.65124321849814,0.5370620164715635,0.5138084956364796
2013->2012,2012,2,2012-08-22,Reproductive,58.7,36.54201348122088,55.5333234549304,48.47370860189855,46.48892900401394,67.98293412468465,60.465682843437435,0.8336548514012075,0.8277106505158963
2013->2012,2012,2,2012-08-27,Reproductive,92.5,52.74528499103624,63.02269643146381,74.78031815078353,69.45173870144893,79.56961100373873,89.55223096037358,0.7581769262290631,0.7435602816313115
2013->2012,2012,2,2012-08-29,Reproductive,72.5,43.27113303257063,56.65189300264249,58.318193086290464,55.58753946025162,76.55119990633159,75.3816883705782,0.8185257707292933,0.8232711170511098
2013->2012,2012,2,2012-09-04,Reproductive,92.8,60.22797898408428,58.87812890361444,78.19113973600751,71.17502180155537,91.28254645254977,93.38337201322351,0.6094162919684963,0.5833999349959406
2013->2012,2012,2,2012-09-06,Reproductive,97.7,61.48458782444366,60.39243989116767,78.85130180748874,71.24266250621073,93.24285320786686,95.60723964807288,0.5618837674930197,0.5375388570807168
2013->2012,2012,3,2012-05-25,Early vegetative,7.1,17.73044451931428,13.387440025515087,8.43166333849894,12.643701842729639,17.73044451931428,16.89420155567537,0.5470332700246014,0.5325185996282197
2013->2012,2012,3,2012-05-31,Early vegetative,6.1,7.754826712134954,16.067146040377065,-10.097946794396826,-1.6173658503284782,3.7932670174807854,-3.054318650959869,0.5249712353676831,0.5108359720633706
2013->2012,2012,3,2012-06-05,Early vegetative,21.2,22.10258370290317,25.64579830636456,15.927178125721817,16.898593978084257,19.92850132017786,21.93153436720998,0.8426960237313151,0.8266954636954249
2013->2012,2012,3,2012-06-07,Early vegetative,4.7,-5.637725833542106,6.983766183452149,-22.41909353093659,-9.505812721619598,-6.493164347615846,-8.936765687588256,0.23049890556167613,0.21973491074600396
2013->2012,2012,3,2012-06-08,Early vegetative,0.8,4.8334103354203535,14.984475842338183,-1.6956583673498828,0.10169783819440958,6.654693297568873,9.300789686885333,0.724714766015299,0.7095590704899836
2013->2012,2012,3,2012-06-13,Early vegetative,24.8,18.47701210807515,24.4751691570708,11.644476206604923,13.273427293125028,19.566174175616567,20.21876837115522,0.7615890922476403,0.7594635483016972
2013->2012,2012,3,2012-06-15,Early vegetative,8.9,7.994240141447993,14.035241772086067,-7.313235513820703,-6.566823828247052,12.484139737660287,2.105321428337616,0.95123874749938,1.0
2013->2012,2012,3,2012-06-18,Early vegetative,29.9,20.66102948088112,36.64672126891381,18.952386946096137,19.039071832209157,25.366319021607996,26.415044775364976,0.9492668101441537,0.9271508359382042
2013->2012,2012,3,2012-06-20,Early vegetative,8.2,5.103798788069635,21.896827275638458,-9.449390466402036,-4.214335275440786,11.474709868334184,4.044267854841619,0.6402812401169932,0.6585301575914434
2013->2012,2012,3,2012-06-24,Early vegetative,46.3,33.490833877453206,41.188346384686845,31.900849481426338,32.28700095499686,40.32023813427117,41.28200784577431,0.7571350545732035,0.7313560447494375
2013->2012,2012,3,2012-06-26,Early vegetative,19.3,18.352115667267423,15.168533686681087,5.705516868930651,9.895171109379561,29.289352381028333,21.810507154018634,0.6687129632830674,0.6691829036892147
2013->2012,2012,3,2012-06-28,Late vegetative,36.2,30.11194672816456,30.928190279370497,28.436985975105483,28.7247616692199,36.45432083334172,37.116856790876255,0.8281895897627213,0.8073087684564261
2013->2012,2012,3,2012-07-03,Early vegetative,50.1,33.53795413600667,35.06115643766498,31.98344525408292,32.26858615070446,40.449786866627335,42.063484593158826,0.8165717160337661,0.7969265173323503
2013->2012,2012,3,2012-07-05,Early vegetative,31.6,20.834563463291623,14.814716391862879,14.266645982157812,16.39478630477018,32.75191944925706,26.769791903008294,0.6759794365983741,0.6731912551822693
2013->2012,2012,3,2012-07-10,Early vegetative,27.6,14.703866439155073,30.107397737849972,13.811243897411753,14.128091475644187,26.523413031512632,30.406092489786445,0.6450374448155661,0.6535437429155286
2013->2012,2012,3,2012-07-12,Early vegetative,54.9,27.44506963289568,42.337399533603744,30.05771333572812,28.825226307775374,39.8899506564967,42.84225955233769,0.5282605788854501,0.5225871160064384
2013->2012,2012,3,2012-07-17,Early vegetative,43.7,20.299083279923693,32.978362092572404,25.187384037768897,23.633158160295185,37.633053049833904,41.66638019973788,0.6820519124198023,0.675682999780545
2013->2012,2012,3,2012-07-19,Early vegetative,21.2,7.654286406830546,17.42618519959712,1.2859027972138497,4.362942069606476,28.2467150033898,23.211607447093478,0.5168257031900395,0.5188249188576585
2013->2012,2012,3,2012-07-22,Early vegetative,69.2,28.3291518784114,38.4447708565145,35.37841690609227,33.01560833504176,45.68345098505162,49.29598296718278,0.6648149045649024,0.6521245208554359
2013->2012,2012,3,2012-07-24,Early vegetative,7.7,4.132977092396788,19.95705357893223,1.326227102656644,2.7830773927279973,21.016323658422863,18.697297332535154,0.48094761008399184,0.4709135039143569
2013->2012,2012,3,2012-07-26,Early vegetative,34.5,16.51915827674293,31.506713597483202,26.90903566047662,22.112008459138483,25.051508625318665,29.200575242993025,0.538297996774406,0.5314557952591671
2013->2012,2012,3,2012-07-31,Early vegetative,46.0,20.56827620737387,36.68054341777912,39.05061023278201,32.24589140780242,27.211256695373294,32.79804596481097,0.6318257847940109,0.6179067889046899
2013->2012,2012,3,2012-08-02,Early vegetative,6.4,2.649583276577908,17.278075773086854,7.277883771013263,5.297901692364645,10.262065253936898,7.678305065048416,0.5722010528423624,0.5541152084919266
2013->2012,2012,3,2012-08-05,Early vegetative,51.2,20.1216469411615,35.93144078669041,39.909750634426274,33.296643431759485,24.177232595052747,29.942688468236483,0.6658038938355839,0.6438854709814399
2013->2012,2012,3,2012-08-07,Early vegetative,20.9,0.3954512559149902,19.187068002647376,5.8858429423401395,3.1868758561507855,14.728038719335858,12.242700970024085,0.5084199378957825,0.4917878601533287
2013->2012,2012,3,2012-08-09,Reproductive,38.6,12.751896147966898,35.68758228728782,26.721792765526573,23.446029501160254,29.08931121207852,33.92216308575998,0.7655127053518207,0.759867750441361
2013->2012,2012,3,2012-08-14,Reproductive,49.7,16.728043128501803,38.460317484985914,36.721432236122894,33.19916608474476,34.73456013084321,41.00745352803136,0.8238284598764942,0.803248371132284
2013->2012,2012,3,2012-08-16,Reproductive,29.1,3.014009692276818,18.39756025721969,6.2582760456500335,4.957597402735401,28.490616772571716,24.5428133469881,0.5990838910121373,0.5746955786431944
2013->2012,2012,3,2012-08-20,Reproductive,58.5,15.94267943659598,45.76065227109289,33.29918073670643,26.55355269708032,41.71721916910775,45.72544770534349,0.6113486282178778,0.5899025437664418
2013->2012,2012,3,2012-08-22,Reproductive,32.9,2.581104377374704,19.94615755966477,8.913902863681377,7.961114337201559,33.78297781721262,25.781318766166446,0.8495470006601314,0.8553330617348274
2013->2012,2012,3,2012-08-27,Reproductive,80.0,19.986642451885697,51.03673917407854,41.453940325075756,40.469436901645494,49.8868888220461,61.53217228459002,0.9541393877680441,0.8904907539625817
2013->2012,2012,3,2012-08-29,Reproductive,38.2,1.961826799924012,34.57972287468468,9.829982770475523,8.849854560079622,43.46274197473314,41.99215500305634,0.8754310140693362,0.8683158218285362
2013->2012,2012,3,2012-09-04,Reproductive,81.8,20.085899774483643,58.87812890361444,37.481325239849646,30.627890848799904,57.96525391065542,60.458107835247475,0.6060208814843412,0.567749931937207
2013->2012,2012,3,2012-09-06,Reproductive,35.7,0.0829426624836599,19.875911465201312,1.9553993862286871,1.1135720826166775,38.56243974916772,32.80660279537926,0.5504156155191112,0.5456584192344242
2013->2012,2012,4,2012-05-25,Early vegetative,10.4,17.73044451931428,13.387440025515087,8.43166333849894,12.378640375974282,17.73044451931428,16.850603433226507,0.5755382387512787,0.5602818360587648
2013->2012,2012,4,2012-05-31,Early vegetative,7.0,7.247384000442108,16.067146040377065,-10.605389506089672,-2.1230291099611867,4.201566381433152,-2.723640336070398,0.5248715616637913,0.5166265712570938
2013->2012,2012,4,2012-06-05,Early vegetative,24.6,21.745313139214787,25.64579830636456,15.569907562033432,16.495279485504234,20.707032928998764,22.721625497276676,0.8501520407193772,0.8314663304519903
2013->2012,2012,4,2012-06-07,Early vegetative,6.8,-5.983188416063324,6.983766183452149,-22.764556113457807,-9.904464193472876,-4.565276037617508,-7.049333803153154,0.23366842608534097,0.22337285647586688
2013->2012,2012,4,2012-06-08,Early vegetative,3.1,4.829380290935505,14.984475842338183,-1.6996884118347317,0.08189214645900567,8.143318429090508,10.813074024305536,0.727130983085256,0.7159033609752804
2013->2012,2012,4,2012-06-13,Early vegetative,27.6,18.50768246094437,24.4751691570708,11.675146559474141,13.302568288063151,21.821765186541658,21.75679319881373,0.7618129268462651,0.7656199951581492
2013->2012,2012,4,2012-06-15,Early vegetative,14.8,8.10170004331606,14.035241772086067,-7.205775611952637,-6.6172657702054565,15.446224142166136,5.067405832843464,0.9615540893220613,1.0
2013->2012,2012,4,2012-06-18,Early vegetative,32.3,20.783833146921804,36.64672126891381,19.075190612136822,19.134925975814028,29.48739523907234,30.54805568599069,0.9650392855959635,0.9377019840353962
2013->2012,2012,4,2012-06-20,Early vegetative,16.1,5.123103399100023,21.896827275638458,-9.430085855371647,-4.469765235443214,14.701528682411729,7.12873216105776,0.6591592033062921,0.6711464644444672
2013->2012,2012,4,2012-06-24,Early vegetative,45.8,33.62603344259388,41.188346384686845,32.03604904656701,32.3634843240059,45.1976026489525,45.6051408732946,0.7940638422256818,0.7433376490943513
2013->2012,2012,4,2012-06-26,Early vegetative,24.4,18.586549195486004,15.168533686681087,5.838530099853838,9.715996138459392,31.42568060975589,23.659045158892518,0.6958377603988619,0.6949334429511124
2013->2012,2012,4,2012-06-28,Late vegetative,42.4,30.24678613797032,30.928190279370497,28.571825384911243,28.81754850804634,39.98970683374061,40.68353212894276,0.8532961905606927,0.8454352374744245
2013->2012,2012,4,2012-07-03,Late vegetative,54.1,33.53978376124746,35.06115643766498,31.985274879323715,32.23896026484415,45.35423747355884,46.420194751027566,0.8368067313925587,0.8472713512855545
2013->2012,2012,4,2012-07-05,Late vegetative,36.4,20.836139495990512,14.814716391862879,14.2682220148567,16.42384167112417,37.20713381339526,31.031827571479962,0.6717955634400957,0.6949303785300782
2013->2012,2012,4,2012-07-10,Early vegetative,32.2,14.704963533511265,30.107397737849972,13.812340991767945,14.1270006500411,31.08532145096797,35.03547880827412,0.6474885592082243,0.6649018164241963
2013->2012,2012,4,2012-07-12,Early vegetative,55.0,27.445921773441476,42.337399533603744,30.058565476273916,28.835557750320145,44.48008705772634,47.08330813083021,0.5318888202674273,0.5250938196671161
2013->2012,2012,4,2012-07-17,Early vegetative,43.4,20.298476243154344,32.978362092572404,25.186777000999548,23.74919897135331,39.95904570761878,44.10621511246886,0.7059145701419702,0.6947544198426636
2013->2012,2012,4,2012-07-19,Late vegetative,18.2,7.4533294998628925,17.42618519959712,1.0849458902461961,4.171683356522759,29.06348976722513,23.947307748899174,0.5153028373455115,0.5271789511625598
2013->2012,2012,4,2012-07-22,Late vegetative,67.0,28.127607677835663,38.4447708565145,35.17687270551653,32.85073951235469,44.57266164093716,48.27122897914853,0.6700176282168929,0.6676553910699973
2013->2012,2012,4,2012-07-24,Late vegetative,7.8,4.114440788351969,19.95705357893223,1.3076907986118242,2.7654425404654903,19.343938224810795,17.002749894111204,0.4806264372735856,0.47541383546438165
2013->2012,2012,4,2012-07-26,Late vegetative,32.7,16.518530518925587,31.506713597483202,26.908407902659278,22.127284348533426,24.24274037106982,28.373775092349142,0.5398286834827194,0.5291460816002359
2013->2012,2012,4,2012-07-31,Late vegetative,43.5,20.568897614027087,36.68054341777912,39.05123163943523,32.07350093548061,26.025052656011987,31.41981651259864,0.6224648524173326,0.5966685068574392
2013->2012,2012,4,2012-08-02,Late vegetative,7.4,2.6397325892603454,17.278075773086854,7.2680330836957,5.296007351332998,8.338510148415823,5.782897394873441,0.5739201171718028,0.548078687737256
2013->2012,2012,4,2012-08-05,Late vegetative,49.6,20.123718802729563,35.93144078669041,39.91182249599433,33.0463422657845,23.690897853154283,29.361974477688083,0.653050118564589,0.6333452069841922
2013->2012,2012,4,2012-08-07,Late vegetative,20.9,0.4129161711411991,19.187068002647376,5.9033078575663485,3.105568512078865,13.80802218115312,11.415495280582595,0.4904299173399921,0.4734228517297806
2013->2012,2012,4,2012-08-09,Reproductive,35.4,12.751231538025811,35.68758228728782,26.72112815558549,23.264685143175598,28.65477937113492,33.16478560875362,0.752579198899349,0.709106834603907
2013->2012,2012,4,2012-08-14,Reproductive,51.1,19.07739988103634,49.907793524838894,39.19194237790034,36.124209720495124,38.37565875044788,44.19039590678806,0.8474868290997174,0.8268986034721324
2013->2012,2012,4,2012-08-16,Grain filling,39.1,12.462029541873154,19.29136568771444,21.055830386395996,17.953554778868252,38.13702898196726,32.96008834078007,0.6390100650860507,0.5963172124442061
2013->2012,2012,4,2012-08-20,Grain filling,62.1,25.30337890454679,57.74660952847815,42.65988020465724,35.70756917966328,51.45138861648339,55.1147137854466,0.5994405263605908,0.5829400045591163
2013->2012,2012,4,2012-08-22,Grain filling,36.8,14.088044095756302,47.67005502801025,24.563636307790375,24.118069262417094,45.57365882234664,37.09051788145165,0.9574661712336011,0.9340629764662117
2013->2012,2012,4,2012-08-27,Grain filling,74.5,30.32446102621893,63.02269643146381,51.79175889940899,50.42504837885334,57.447705739652186,69.72468661653073,0.9363352328444421,0.9144568658377863
2013->2012,2012,4,2012-08-29,Grain filling,42.2,15.955226384831766,35.39717561199692,30.471988681682756,30.21042234150138,51.61948481550657,50.00247310292948,0.9819817714974837,0.9643119666537636
2013->2012,2012,4,2012-09-04,Grain filling,74.7,32.91066532713313,58.87812890361444,50.306090792499134,43.81840561617313,63.84860299482663,66.56453518167821,0.6270464790158268,0.618556225464914
2013->2012,2012,4,2012-09-06,Grain filling,79.4,34.200227636934926,60.39243989116767,50.99920633342277,44.00575257847562,70.7015331259417,73.65504741712152,0.5836976829782359,0.5692647113292038
2013->2012,2012,5,2012-05-25,Early vegetative,8.4,17.73044451931428,13.387440025515087,8.43166333849894,12.36249823267184,17.73044451931428,16.847948212852042,0.5772741805901668,0.5619726774732757
2013->2012,2012,5,2012-05-31,Early vegetative,6.1,7.680640143469685,16.067146040377065,-10.172133363062095,-1.8310193834416149,3.989482677558528,-2.9563869204584563,0.5327832968603605,0.5181680404936683
2013->2012,2012,5,2012-06-05,Early vegetative,23.7,22.055758567909105,25.64579830636456,15.88035299072775,16.66029353824468,20.16461395263382,22.241720342542045,0.8737021337677191,0.8572671492835203
2013->2012,2012,5,2012-06-07,Early vegetative,5.2,-5.593883829431517,6.983766183452149,-22.375251526826,-9.522123659192081,-5.232887421704428,-7.72590850209059,0.2340834132590082,0.22417886077634294
2013->2012,2012,5,2012-06-08,Early vegetative,3.4,4.83448231716617,14.984475842338183,-1.6945863856040662,-0.044789359331078415,7.391023398330785,10.110322220943136,0.7473151070422968,0.7291885332475572
2013->2012,2012,5,2012-06-13,Early vegetative,25.4,18.48054706607134,24.4751691570708,11.64801116460111,13.241852688343457,21.20817911663946,21.142570886983123,0.7667276767035525,0.773117373015637
2013->2012,2012,5,2012-06-15,Early vegetative,11.6,8.076630730238811,14.035241772086067,-7.230844925029885,-7.230844925029885,13.99904790622032,3.620229596897648,1.0,1.0
2013->2012,2012,5,2012-06-18,Early vegetative,30.7,20.732842915030865,36.64672126891381,19.024200380245883,19.02869958695205,27.414355363949984,28.526983665229608,0.9973667946252238,0.9836453962576722
2013->2012,2012,5,2012-06-20,Early vegetative,12.2,5.214762927607706,21.896827275638458,-9.338426326863964,-4.200892230460835,13.367232118528364,5.789333944805057,0.6469822520294272,0.6715986033525775
2013->2012,2012,5,2012-06-24,Early vegetative,48.3,33.49759840009373,41.188346384686845,31.90761400406686,32.23935563906884,42.95977716880454,43.97336478543013,0.7913554146625875,0.7707597998108506
2013->2012,2012,5,2012-06-26,Early vegetative,18.0,18.458809095686675,15.168533686681087,5.812210297349903,9.80256036456411,31.70464043377644,23.774767401962805,0.6844724711486062,0.7095394142068079
2013->2012,2012,5,2012-06-28,Late vegetative,41.4,30.45580961321861,30.928190279370497,28.78084886015953,29.024244253338928,36.97656285341956,37.659604726243025,0.854685912649074,0.8322954956366062
2013->2012,2012,5,2012-07-03,Late vegetative,57.1,34.247512837288504,35.06115643766498,32.69300395536475,32.95758879206534,43.45675068987401,45.122522515325244,0.8297952235736643,0.8226433722383324
2013->2012,2012,5,2012-07-05,Late vegetative,35.5,21.544138262485426,14.814716391862879,14.976220781351614,17.14909998783764,37.8102496751103,31.66780545651821,0.6691677060913795,0.6912322917611572
2013->2012,2012,5,2012-07-10,Early vegetative,35.2,15.413471640659234,30.73481692698465,14.520849098915914,14.823184309926035,31.06841085971769,35.035694549874975,0.6612955679792161,0.6677845698923192
2013->2012,2012,5,2012-07-12,Early vegetative,57.7,28.154690383554776,42.96481872273842,30.767334086387216,29.562505957549753,46.00190990037766,48.59588921874682,0.5388471349800679,0.5232296720754201
2013->2012,2012,5,2012-07-17,Early vegetative,49.2,20.299122350115656,32.978362092572404,25.18742310796086,23.785133559352236,42.13531973532972,46.21779118982722,0.7131335369743569,0.6839158978113111
2013->2012,2012,5,2012-07-19,Early vegetative,26.1,8.154347351421396,17.42618519959712,1.7859637418047,4.819022629324191,33.76128025192357,28.588406046849443,0.5237317546418899,0.5330205978127303
2013->2012,2012,5,2012-07-22,Early vegetative,70.0,28.82925009982136,38.4447708565145,35.878515127502226,33.70875678271361,50.90779499665533,54.547404016095385,0.692200770396847,0.6570123945320111
2013->2012,2012,5,2012-07-24,Early vegetative,8.5,4.1795110250355485,19.95705357893223,1.372761035295404,2.8381690266968707,24.0173034593952,21.7766867092645,0.4778986383688782,0.45499124910940736
2013->2012,2012,5,2012-07-26,Early vegetative,39.0,16.5195431187682,31.506713597483202,26.909420502501888,22.20098691279801,26.928816931971856,31.071246049519083,0.5468249127679443,0.5306055949048096
2013->2012,2012,5,2012-07-31,Early vegetative,46.6,20.56974679818397,36.68054341777912,39.052080823592114,32.007208581137846,30.52137676695695,35.8564671947956,0.6188321110975756,0.5900685413025676
2013->2012,2012,5,2012-08-02,Early vegetative,10.9,2.700243194668038,17.278075773086854,7.328543689103393,5.240646275921476,12.72558948096871,10.19527753440303,0.5488846466014438,0.5426526571043818
2013->2012,2012,5,2012-08-05,Early vegetative,53.4,20.114267068546773,35.93144078669041,39.90237076181154,32.92829164722324,27.64695724744115,33.251208501750064,0.6475620290507144,0.6258821570663372
2013->2012,2012,5,2012-08-07,Early vegetative,18.6,0.3940855032196489,19.187068002647376,5.884477189644798,3.0354041177712014,17.572926375576785,15.021493188887847,0.4810801788663173,0.4607631239376245
2013->2012,2012,5,2012-08-09,Reproductive,37.4,12.751931889643451,35.68758228728782,26.721828507203128,22.44407670440442,29.372787683168585,33.64303251669984,0.693787869738297,0.6714092259189121
2013->2012,2012,5,2012-08-14,Reproductive,54.2,21.979517662096583,50.15183806320736,42.09406015896059,37.5919824985031,42.601572535498576,47.91947004564327,0.7761779736646067,0.7562443333748723
2013->2012,2012,5,2012-08-16,Reproductive,65.5,30.53806641802365,57.990654066846616,50.6136847496321,43.05221705318597,56.96159240409283,62.93637148018632,0.6233506947808013,0.6033395646263139
2013->2012,2012,5,2012-08-20,Reproductive,77.7,43.36253285607389,58.56165916266453,60.71903415618434,53.408407708933844,74.05960420291765,77.60735130909364,0.5787960764186975,0.5645482229561806
2013->2012,2012,5,2012-08-22,Reproductive,56.7,36.247722046206114,55.5333234549304,47.547699112719556,46.78898553758525,68.76437824043774,60.40427784944156,0.932857069472938,0.9205152088332961
2013->2012,2012,5,2012-08-27,Reproductive,85.9,52.448385794107615,63.02269643146381,73.91568366729767,72.68731244751001,78.94095279964608,91.1495120007548,0.9427794207243123,0.9093604441843411
2013->2012,2012,5,2012-08-29,Reproductive,60.8,42.97973572751212,56.65189300264249,57.395077727067715,57.23222384830422,72.95114242106962,71.55160285709601,0.9887027391532914,0.9851980634355522
2013->2012,2012,5,2012-09-04,Reproductive,89.1,59.91871443475201,58.87812890361444,77.31413990011802,71.5121812183429,83.81556110647881,86.20452852381142,0.6664664113374685,0.6634170214171855
2013->2012,2012,5,2012-09-06,Reproductive,90.0,61.1813490609584,60.39243989116767,77.98032775744625,71.55658186156111,87.80788219685162,90.47226020491787,0.6176109267149591,0.605741381752357
2013->2012,2012,6,2012-05-25,Early vegetative,11.4,17.73044451931428,13.470012429893753,8.43166333849894,12.472950400720787,17.73044451931428,16.866116226777685,0.5653960466819482,0.5504033061848064
2013->2012,2012,6,2012-05-31,Early vegetative,10.1,8.983116448682956,16.149718444755738,-8.869657057848823,-0.47685934586125,6.414641426156916,-0.49068472955820575,0.5298882994893255,0.5186944626107758
2013->2012,2012,6,2012-06-05,Early vegetative,24.8,22.89324391206322,25.72837071074323,16.717838334881865,17.646598515095917,22.673420208127297,24.42479110055571,0.8496033712108078,0.8507925195254866
2013->2012,2012,6,2012-06-07,Early vegetative,1.8,-4.750326119346672,7.066338587830816,-21.531693816741154,-8.669874063593037,-3.5348934347393524,-6.014045069751077,0.23356546468229303,0.22293168461401391
2013->2012,2012,6,2012-06-08,Early vegetative,0.7,4.8447357842792265,15.06704824671685,-1.6843329184910099,-0.036991765785840514,6.550615961221733,9.264276755560065,0.7476912515859705,0.7276766782306118
2013->2012,2012,6,2012-06-13,Early vegetative,27.2,18.404828116164005,24.55774156144947,11.572292214693777,13.175104659415773,19.152648998901007,19.79922621436578,0.7654147057789916,0.7524612227091451
2013->2012,2012,6,2012-06-15,Early vegetative,11.7,8.00673092055446,14.117814176464734,-7.300744734714236,-6.795022849387543,13.76483029414514,3.386011984822469,0.9669624243267944,1.0
2013->2012,2012,6,2012-06-18,Early vegetative,31.2,20.727241328453022,36.72929367329248,19.01859879366804,19.072298603985587,26.94025282748848,28.029370843277178,0.9685716530963555,0.9628605716569882
2013->2012,2012,6,2012-06-20,Early vegetative,13.3,5.197684357737932,21.979399680017128,-9.355504896733738,-4.077587165909593,13.437450103743677,5.982280573608844,0.6373360066624275,0.6607216578281331
2013->2012,2012,6,2012-06-24,Early vegetative,54.9,33.739422161526484,41.27091878906552,32.14943776549961,32.48594785009431,43.13662850604207,44.13433784587789,0.7883563603293301,0.7586855230151592
2013->2012,2012,6,2012-06-26,Early vegetative,27.6,18.927764044239563,15.251106091059754,6.1797449486073965,10.17585624803526,35.33010415879284,27.625858054916723,0.6865308037703642,0.6893510457883225
2013->2012,2012,6,2012-06-28,Late vegetative,49.4,30.97015837839993,31.010762683749167,29.29519762534085,29.550968804301625,43.55318187876109,44.25048564253061,0.8472972106996265,0.8496737971228623
2013->2012,2012,6,2012-07-03,Late vegetative,68.8,34.840035847458914,35.14372884204365,33.28552696553516,33.53267453590015,50.76096115314044,51.80890443326555,0.8410124424254624,0.8329530064569343
2013->2012,2012,6,2012-07-05,Early vegetative,47.2,22.137700487697657,14.897288796241545,15.569783006563846,17.795547596524596,47.3786063915812,41.28453594547172,0.6611156281493781,0.685788609665832
2013->2012,2012,6,2012-07-10,Early vegetative,43.2,16.00899640604871,30.81738933136332,16.66361311393694,16.441095706959334,41.83940509920681,45.79063114604047,0.6600798539110964,0.6650817013107367
2013->2012,2012,6,2012-07-12,Early vegetative,70.4,28.75121884347917,43.047391127117095,31.36386254631161,30.130599418619045,55.42169438290529,57.96709939717834,0.5279635235544946,0.5134317847046452
2013->2012,2012,6,2012-07-17,Early vegetative,60.4,20.31421170389914,33.06093449695108,25.202512461744345,23.667632295909335,53.51166022608151,56.99698908137332,0.6860094658922754,0.660415382054001
2013->2012,2012,6,2012-07-19,Late vegetative,35.0,8.589389535876617,17.50875760397579,2.22100592625992,5.292348770535133,45.46174997057201,40.420733226986584,0.5177201888973405,0.5194338102430962
2013->2012,2012,6,2012-07-22,Late vegetative,87.4,29.29461315927913,38.527343260893176,36.34387818696,34.119399520897474,61.20822338003122,64.6844556374353,0.6844382134410468,0.6275200625087631
2013->2012,2012,6,2012-07-24,Late vegetative,18.0,4.228944722468284,20.0396259833109,1.4221947327281392,2.88343716021611,38.0070756308516,35.459310812590985,0.4793827619740168,0.4509589476532916
2013->2012,2012,6,2012-07-26,Late vegetative,42.5,16.521928631922155,31.589286001861872,26.91180601565584,22.156129875636754,38.67668499576633,42.777673123137234,0.5422779341492001,0.5252973999732877
2013->2012,2012,6,2012-07-31,Late vegetative,56.4,20.57158435984208,36.76311582215779,39.05391838525023,31.4161772979582,38.03562478993192,43.151969749563044,0.5867545150524699,0.565874983369933
2013->2012,2012,6,2012-08-02,Late vegetative,20.5,2.7782342749425464,17.360648177465524,7.406534769377902,5.301995911805619,22.09690429832364,19.283827044920873,0.545289062345328,0.5465908956892342
2013->2012,2012,6,2012-08-05,Late vegetative,63.8,20.10698416211257,36.01401319106908,39.89508785537734,32.93160463048102,37.11888325119741,42.48650480370371,0.6480974967163494,0.5994553782747348
2013->2012,2012,6,2012-08-07,Late vegetative,29.2,0.3938690549158187,19.269640407026046,5.884260741340968,2.9911592974057055,27.525695576183008,24.65785687256689,0.4730610110953686,0.4579353480029585
2013->2012,2012,6,2012-08-09,Reproductive,50.8,12.756881182617128,35.77015469166649,26.726777800176805,21.704265333371865,39.66766633340124,43.62574589116617,0.6404760461511348,0.6223275797062018
2013->2012,2012,6,2012-08-14,Reproductive,70.3,22.48948735364346,50.64718291964527,42.60402985050746,37.76154581131381,54.99138165804221,59.56941316733306,0.7592545771325083,0.7220637972125551
2013->2012,2012,6,2012-08-16,Grain filling,81.4,31.039962338043274,58.48599892328453,51.11558066965172,43.3798069695956,71.13949779133706,76.95873116162744,0.6146682223044466,0.5876323933278408
2013->2012,2012,6,2012-08-20,Grain filling,97.7,43.86034271204747,59.05700401910244,61.21684401215792,54.06363092781166,89.07935649874595,92.0211434953224,0.58786549428019,0.535408983430397
2013->2012,2012,6,2012-08-22,Grain filling,79.8,39.7475509862121,56.84371794555469,51.04752805272554,50.04528632075333,89.2914020481373,80.48692295339224,0.9113058614125621,0.8918876210554697
2013->2012,2012,6,2012-08-27,Grain filling,115.3,55.93422775716206,64.33309092208809,77.40152563035213,76.14315575592993,98.95650621119594,110.41626500787827,0.9413820089582049,0.9069365728177735
2013->2012,2012,6,2012-08-29,Grain filling,93.0,49.56783108739852,59.37969689321886,63.98317308695411,63.94472008718387,100.77809862013612,98.81046786332175,0.9973324947981512,0.8902005495227135
2013->2012,2012,6,2012-09-04,Grain filling,119.5,66.47217464876945,59.37347376005235,83.86760011413546,77.83258981899223,109.5518002675392,111.73845273081679,0.6530691182484255,0.6072340934988125
2013->2012,2012,6,2012-09-06,Grain filling,120.4,67.68833108460025,60.88778474760558,84.4873097810881,77.67053799122343,115.08971071745106,117.486609506215,0.5942151059879704,0.5449304790201988
2013->2012,2012,7,2012-05-25,Early vegetative,7.3,17.73044451931428,13.387440025515087,8.43166333849894,12.790334185032476,17.73044451931428,16.918318654421256,0.5312642848800365,0.5171608576684309
2013->2012,2012,7,2012-05-31,Early vegetative,8.5,7.754826712134954,16.067146040377065,-10.097946794396826,-1.569968955932528,3.834567334832233,-2.9919589907394224,0.5223163596768775,0.509264926382981
2013->2012,2012,7,2012-06-05,Early vegetative,21.6,22.10258370290317,25.64579830636456,15.927178125721817,16.918822244991034,21.002917515544027,22.695995200329154,0.8394204061781096,0.822474460103312
2013->2012,2012,7,2012-06-07,Early vegetative,6.6,-5.728301231102752,6.983766183452149,-22.509668928497234,-9.616790087019133,-6.208392751003108,-8.672092354506331,0.23171465675709602,0.22154219824042926
2013->2012,2012,7,2012-06-08,Early vegetative,3.2,4.831740557051421,14.984475842338183,-1.6973281457188154,0.13519191354012872,7.464217799579771,10.098681528574435,0.7193290279697288,0.7064397360324086
2013->2012,2012,7,2012-06-13,Early vegetative,26.1,18.47702721560767,24.4751691570708,11.644491314137442,13.312886742703302,21.14188023093545,21.07761365259391,0.7558160758135416,0.757307558523847
2013->2012,2012,7,2012-06-15,Early vegetative,14.8,12.487062403408997,20.52092416294901,-2.8204132518596996,-2.8204132518596996,18.86239744259572,6.215294127667299,1.0,1.0
2013->2012,2012,7,2012-06-18,Early vegetative,30.3,24.51417492518552,39.88798827183791,22.80553239040054,22.836258017786427,30.89311348530182,32.24114461921755,0.9820175216522069,0.971612705785838
2013->2012,2012,7,2012-06-20,Early vegetative,18.1,16.473406029573916,21.586172642119735,1.395240266237181,5.040391980742918,23.377616138104496,10.87133389192347,0.7582496590288791,0.759074609393025
2013->2012,2012,7,2012-06-24,Early vegetative,52.9,42.91927539516647,40.43960150511387,41.3292909991396,41.67269692395038,49.065735091750255,49.34915866805898,0.7840193113411041,0.7779265852412802
2013->2012,2012,7,2012-06-26,Early vegetative,30.2,34.26384241725204,17.58766156711962,21.515823321619877,24.983183594686206,42.88100964886763,32.680634052276254,0.7280079165982466,0.7195934164321831
2013->2012,2012,7,2012-06-28,Late vegetative,48.4,45.87316221405653,40.21430471404042,44.198201460997446,44.338591631615806,48.43519008218968,48.4819077031866,0.916183008848443,0.8671176736298072
2013->2012,2012,7,2012-07-03,Late vegetative,62.2,55.35544415609649,43.66539996010329,53.80093527417274,54.1268281433135,58.21833157575565,59.23815685618548,0.7903563801208628,0.8106035407693043
2013->2012,2012,7,2012-07-05,Late vegetative,51.1,47.57933036466815,17.089141472895367,37.29794579453033,40.04161438466207,52.58081436414568,43.36296159679783,0.7331421102464452,0.7230525220171422
2013->2012,2012,7,2012-07-10,Early vegetative,41.7,41.255018185490506,37.44122305100687,39.971366776816,40.447276232862464,45.82768828859593,49.422354972356786,0.6292533527167706,0.6209455833847641
2013->2012,2012,7,2012-07-12,Early vegetative,66.3,54.02250105871628,49.671224846760595,53.11686919618867,53.55834655297667,56.57517168156594,59.13257800821875,0.512520070179679,0.5158525606516503
2013->2012,2012,7,2012-07-17,Early vegetative,59.1,53.03165954827064,42.692526795586936,57.92772500764077,56.33127522085563,60.7171441077078,64.11015976426587,0.6739320991450714,0.6429234726986455
2013->2012,2012,7,2012-07-19,Late vegetative,43.2,45.50289899112183,28.952766471134915,41.98438911170501,43.54118635358322,52.39204057842242,47.026604881019104,0.5575407501381685,0.5528624183728228
2013->2012,2012,7,2012-07-22,Late vegetative,84.8,66.51067646631525,47.409832928440295,75.13994894279344,71.80237098783111,68.75369611135044,72.67549635672212,0.6132260321991279,0.6450889609549495
2013->2012,2012,7,2012-07-24,Late vegetative,12.4,24.866600787860666,19.95705357893223,24.909724528320396,24.887708415253574,35.24932650249498,32.54961196757797,0.4894665251178547,0.47785432034564457
2013->2012,2012,7,2012-07-26,Late vegetative,43.1,35.41774441649816,31.506713597483202,45.80762180023185,40.91534872087908,34.41816926916478,38.54824233831885,0.5291308165953843,0.5290229031502183
2013->2012,2012,7,2012-07-31,Late vegetative,49.9,32.80272021093255,36.68054341777912,51.28505423634069,43.78873376585394,36.15014179563889,41.6871975165152,0.5944061794261826,0.6124061881463081
2013->2012,2012,7,2012-08-02,Late vegetative,10.2,6.411807055605276,17.278075773086854,10.985955665178635,8.972950682836741,16.631102575059632,13.826607625159703,0.5599170131620075,0.5449233236547234
2013->2012,2012,7,2012-08-05,Late vegetative,56.0,22.209501548740896,35.93144078669041,41.187351286864995,34.20651120677207,29.22467412103024,34.74335134664217,0.6321585334259814,0.6163252590545741
2013->2012,2012,7,2012-08-07,Late vegetative,19.8,0.4242700448807842,19.187068002647376,5.914661731305934,3.1255923097601968,19.710488893885447,17.058845448424233,0.49200902579653133,0.4788600869007945
2013->2012,2012,7,2012-08-09,Reproductive,41.8,12.848150998266409,35.68758228728782,26.818047615826085,23.570420651322785,31.09516162619552,35.892095643753905,0.7675267717857592,0.7542203974402166
2013->2012,2012,7,2012-08-14,Reproductive,47.8,16.86912966980361,38.460317484985914,36.8625187774247,33.72914829151685,37.985549462240286,44.50108113432327,0.8432796726437203,0.8343183713288419
2013->2012,2012,7,2012-08-16,Reproductive,30.3,12.412862828188665,18.542263056625732,15.813145554360565,14.594771566674662,38.43179367144667,32.93229177288995,0.6416845051418504,0.6034208151751681
2013->2012,2012,7,2012-08-20,Reproductive,62.4,25.19332048606468,57.990654066846616,42.54982178617513,35.10342246140892,47.15924906442564,50.73043040577224,0.5709734815784085,0.5682772812644442
2013->2012,2012,7,2012-08-22,Reproductive,30.6,9.031427917012698,24.202571405012257,15.364226403319371,14.953183268349841,38.61401738960203,30.288904066481336,0.9350929710051057,0.8987246388917836
2013->2012,2012,7,2012-08-27,Reproductive,79.2,25.308039192900416,51.03673917407854,46.77533706609047,45.973033960592936,50.99788430872588,62.94504143927238,0.9626267306562362,0.907208195157608
2013->2012,2012,7,2012-08-29,Reproductive,37.1,3.798922748115748,34.57972287468468,11.667078718667259,11.100665318870806,43.585614477446285,42.01759071337403,0.92801192529528,0.9258478890198617
2013->2012,2012,7,2012-09-04,Reproductive,80.2,20.719310428556035,58.87812890361444,38.11473589392204,31.654595432871837,57.29317980397097,59.86557706079426,0.6286299249240996,0.5858660040483055
2013->2012,2012,7,2012-09-06,Reproductive,39.0,0.1797796445679242,19.875911465201312,2.0522363683129514,1.2355599236062718,37.45060144744932,31.56552608107023,0.5638476263027979,0.5579103347220852
2013->2012,2012,8,2012-05-25,Early vegetative,9.4,17.73044451931428,13.387440025515087,8.43166333849894,12.378640375974282,17.73044451931428,16.850603433226507,0.5755382387512789,0.5602818360587649
2013->2012,2012,8,2012-05-31,Early vegetative,10.0,8.114329251862346,16.067146040377065,-9.738444254669433,-1.2537300530237268,4.8571332404728045,-1.990203213215234,0.5247397162944227,0.510817380421503
2013->2012,2012,8,2012-06-05,Early vegetative,25.0,22.3687178827077,25.64579830636456,16.193312305526344,17.171887480266864,22.16171246669966,23.86334553733951,0.841536695442897,0.8266305519501734
2013->2012,2012,8,2012-06-07,Early vegetative,4.4,-5.25989717539414,6.983766183452149,-22.041264872788624,-9.207369837649752,-3.630130202269094,-6.138022191556102,0.2352294957978012,0.2255160911119901
2013->2012,2012,8,2012-06-08,Early vegetative,1.2,4.838699883355896,14.984475842338183,-1.6903688194143403,0.03403480495980826,7.472386910559111,10.17885705161439,0.735888270919481,0.7257484819334783
2013->2012,2012,8,2012-06-13,Early vegetative,24.8,18.45290407135477,24.4751691570708,11.620368169884541,13.333480661875978,20.11604287205397,20.771635489887508,0.7492713515602886,0.7629529946543414
2013->2012,2012,8,2012-06-15,Early vegetative,14.9,12.465409292046877,20.52092416294901,-2.8420663632218197,-2.8420663632218197,17.55601151097535,4.9089081960469265,1.0,1.0
2013->2012,2012,8,2012-06-18,Early vegetative,30.2,24.467172159055885,39.88798827183791,22.758529624270903,22.758529624270903,30.092648073942136,31.449822538993836,1.0,0.9782028923782731
2013->2012,2012,8,2012-06-20,Early vegetative,18.3,16.528736012948528,21.586172642119735,1.4505702496117934,2.877437170636492,23.0541300937544,7.911214561933184,0.9053686672888163,0.9191062912320567
2013->2012,2012,8,2012-06-24,Early vegetative,52.4,43.19599662915853,40.43960150511387,41.60601223313166,41.931477082544646,48.77857841019596,49.063553648725055,0.7953031172970778,0.782185508610531
2013->2012,2012,8,2012-06-26,Early vegetative,33.6,34.72876091564155,17.58766156711962,21.980741820009385,24.945955447672294,42.48192516992456,31.768126439054356,0.7673980870738674,0.7558132500816891
2013->2012,2012,8,2012-06-28,Late vegetative,51.9,46.3401786518361,40.21430471404042,44.665217898777016,44.665217898777016,49.85934964103264,49.913226551188735,1.0,1.0
2013->2012,2012,8,2012-07-03,Late vegetative,65.0,55.91809339628747,43.66539996010329,54.363584514363716,54.46576644418633,60.823465956116806,62.0473657557426,0.9342673875905071,0.9728112551841853
2013->2012,2012,8,2012-07-05,Late vegetative,53.4,48.24255788475003,17.089141472895367,37.9611733146122,40.36475947621273,55.42254660351813,45.56994766541152,0.7662196034781422,0.7728422974878018
2013->2012,2012,8,2012-07-10,Early vegetative,43.1,41.91933440817814,37.44122305100687,40.63568299950363,41.075538226835235,48.4506615290383,52.104563551478236,0.6573405954613508,0.6311779429243121
2013->2012,2012,8,2012-07-12,Early vegetative,65.2,54.68737289432167,49.671224846760595,53.781741031794056,54.19788980554915,58.59946898083081,61.16007613060355,0.5404879278500321,0.5164981963433288
2013->2012,2012,8,2012-07-17,Early vegetative,57.2,53.598257390620965,42.692526795586936,58.49432284999109,57.00729168332705,61.07540454828095,64.6629268683704,0.6962803747204496,0.6797794475123536
2013->2012,2012,8,2012-07-19,Late vegetative,41.9,46.47027711352746,28.952766471134915,42.95176723411063,44.49278608827623,52.016519191671534,46.554934784251635,0.5620251450250269,0.5627697234531771
2013->2012,2012,8,2012-07-22,Late vegetative,82.0,67.47938305656344,47.409832928440295,76.10865553304163,73.0502799164886,67.90355845787938,72.09601533277116,0.645581290324347,0.6617132680458497
2013->2012,2012,8,2012-07-24,Late vegetative,19.0,25.936271277337347,19.95705357893223,25.979395017797078,25.957481051736618,33.5066064844026,30.84204274101698,0.4918352205341849,0.47163256712707347
2013->2012,2012,8,2012-07-26,Late vegetative,40.1,36.48638099276024,31.506713597483202,46.87625837649393,42.21835777086103,36.84320244295986,41.03316051391156,0.5516885874971668,0.5366935997639775
2013->2012,2012,8,2012-07-31,Late vegetative,48.4,33.969406752909386,36.68054341777912,52.45174077831753,45.01915391325281,35.944973736241394,41.358460624882824,0.5978545320711683,0.5987393006636089
2013->2012,2012,8,2012-08-02,Late vegetative,11.5,7.779415551864149,17.278075773086854,12.353564161437507,10.374597126474121,15.986869767699908,13.138246264037276,0.5673583864718447,0.5534976582903787
2013->2012,2012,8,2012-08-05,Late vegetative,51.7,23.5764547757558,35.93144078669041,42.5543045138799,35.628310063166815,29.544310349297408,35.05440986000528,0.6350485146481251,0.6153673008076586
2013->2012,2012,8,2012-08-07,Late vegetative,21.9,1.0691915403792431,19.187068002647376,6.559583226804392,3.7823514490309615,17.830193331445013,15.181141568110796,0.49416509123746777,0.4783920552238064
2013->2012,2012,8,2012-08-09,Reproductive,35.1,12.937671662368883,35.68758228728782,26.90756827992856,23.524642402329164,31.21589144538963,35.882053273341064,0.7578417385460693,0.7336591280005168
2013->2012,2012,8,2012-08-14,Reproductive,52.1,20.09270589479414,49.907793524838894,40.20724839165814,37.555383467100654,40.320840343843294,46.23676218350107,0.8681618075593353,0.8412878133501507
2013->2012,2012,8,2012-08-16,Grain filling,37.7,13.637001120225989,22.2449513871173,21.18007757212528,18.508338425585624,39.76051984941864,34.2356458449298,0.6458024569183662,0.6062047139948576
2013->2012,2012,8,2012-08-20,Grain filling,66.2,26.411609715599067,57.74660952847815,43.76811101570952,36.87837889293867,51.521326396436926,55.189735665078906,0.6030460284800023,0.583749030499548
2013->2012,2012,8,2012-08-22,Grain filling,37.3,15.25083847713695,47.67005502801025,26.652235840945785,26.652235840945785,47.70521443771725,39.2205881950855,1.0,0.9342265202963649
2013->2012,2012,8,2012-08-27,Grain filling,79.3,31.385470113289067,63.02269643146381,52.85276798647912,52.01383833398261,58.70312875142224,71.36244674315925,0.9609205752185406,0.9429354309877408
2013->2012,2012,8,2012-08-29,Grain filling,47.9,17.077625889681958,35.39717561199692,31.594388186532946,31.594388186532946,54.69976493042413,53.18101742237362,1.0,0.9057116809652478
2013->2012,2012,8,2012-09-04,Grain filling,81.3,33.79594731585269,58.87812890361444,51.191372781218696,45.05312472748113,68.04826122325188,70.85138352116948,0.6471343534563896,0.6384138589728334
2013->2012,2012,8,2012-09-06,Grain filling,85.7,35.07899836724264,60.39243989116767,51.877977063730484,45.151974532887266,76.07918785801354,79.10021558147626,0.5996183665469245,0.5822773500877632
2013->2012,2012,9,2012-05-25,Early vegetative,10.6,17.73044451931428,13.387440025515087,8.43166333849894,12.290473858162597,17.73044451931428,16.83610076795271,0.5850197520912834,0.5695171173565264
2013->2012,2012,9,2012-05-31,Early vegetative,6.1,8.187551780296594,16.067146040377065,-9.665221726235185,-1.3089246788263242,5.343446554486238,-1.60165291942163,0.5319328369705946,0.5181105885511971
2013->2012,2012,9,2012-06-05,Early vegetative,20.4,22.41513405783665,25.64579830636456,16.239728480655295,17.03066859067182,20.51868303513171,22.633262515860544,0.8719209450891588,0.8727331118835612
2013->2012,2012,9,2012-06-07,Early vegetative,3.3,-5.2137312505196665,6.983766183452149,-21.99509894791415,-9.163000326703198,-6.55399119685376,-9.031299205523183,0.2353365439216677,0.22276590099655244
2013->2012,2012,9,2012-06-08,Early vegetative,0.4,4.839295988121092,14.984475842338183,-1.689772714649144,-0.08170525393181904,6.110334343261476,8.849142779268815,0.7537064573949063,0.734420097449851
2013->2012,2012,9,2012-06-13,Early vegetative,24.0,18.44898063683494,24.4751691570708,11.616444735364711,13.27143945934974,19.02914357114648,19.68010138422893,0.7577773834120788,0.7575591905322534
2013->2012,2012,9,2012-06-15,Early vegetative,14.7,12.515945370219187,20.52092416294901,-2.791530285049509,-2.791530285049509,16.1375743795902,3.490471064661776,1.0,1.0
2013->2012,2012,9,2012-06-18,Early vegetative,30.3,24.489457099588343,39.88798827183791,22.78081456480336,22.78081456480336,29.014305124575984,30.401721248190224,1.0,1.0
2013->2012,2012,9,2012-06-20,Early vegetative,21.2,18.85153884451489,21.131406816828605,2.743447217940396,3.3647336460904356,24.917672782925223,8.353006885937855,0.9614301654998618,0.958084100791083
2013->2012,2012,9,2012-06-24,Early vegetative,50.0,45.11740694636874,48.40837416809059,43.52742255034187,43.83087026244376,51.03474663600798,51.52565813520412,0.8091505093633874,0.791000825338171
2013->2012,2012,9,2012-06-26,Early vegetative,32.4,36.673736529883534,17.58766156711962,23.925717434251368,26.52427499298387,42.16687704968265,31.321992453550674,0.7961598943930949,0.7650608042267744
2013->2012,2012,9,2012-06-28,Late vegetative,50.4,48.26923837391764,40.21430471404042,46.594277620858556,46.594277620858556,49.08082357953151,49.13470048968761,1.0,1.0
2013->2012,2012,9,2012-07-03,Late vegetative,61.5,57.79937975110317,43.66539996010329,56.244870869179415,56.37948903651968,59.69214465376215,59.74550347231365,0.9134014807469819,0.9903837914405498
2013->2012,2012,9,2012-07-05,Early vegetative,48.6,50.1304670676986,17.089141472895367,39.84908249756078,42.275416791209345,53.04459610090616,43.479231203156374,0.7640070481658835,0.7503115300161347
2013->2012,2012,9,2012-07-10,Early vegetative,41.1,43.768618861431634,38.06864224014155,42.484967452757125,42.90662649123366,44.73592899821087,48.52703185080152,0.6715159305500711,0.6548781235011866
2013->2012,2012,9,2012-07-12,Early vegetative,62.0,56.54301582353616,50.29864403589527,55.637383961008545,56.05191572962303,55.70930098900116,58.36283629790962,0.5422734272427926,0.5352426673908935
2013->2012,2012,9,2012-07-17,Early vegetative,56.9,55.47364970889993,42.692526795586936,60.369715168270055,58.89694588048237,57.975688488731365,61.58810178314394,0.6991933012314844,0.6844958983839381
2013->2012,2012,9,2012-07-19,Late vegetative,42.3,48.35459646975905,28.952766471134915,44.836086590342234,46.366341172905756,50.33569389400429,44.87769475866499,0.5650844718340945,0.5624002917229702
2013->2012,2012,9,2012-07-22,Late vegetative,80.8,69.3789000668907,47.409832928440295,78.00817254336889,75.04220723177585,67.30729882682513,71.62210515517054,0.6562902238076609,0.6810242017308916
2013->2012,2012,9,2012-07-24,Late vegetative,15.5,27.84681460223665,19.95705357893223,27.88993834269638,27.867948002225763,32.6526663049982,29.966143473188982,0.4900641679923294,0.4755193652082598
2013->2012,2012,9,2012-07-26,Late vegetative,43.2,38.38500502069921,31.506713597483202,48.7748824044329,43.99280615831705,34.699920807141,38.93619591946049,0.539736989235058,0.5426263702693512
2013->2012,2012,9,2012-07-31,Late vegetative,51.0,35.84563516520881,36.68054341777912,54.327969190616955,46.602342348315226,36.420493065689904,41.63863220227116,0.5819993929510684,0.5771335632044259
2013->2012,2012,9,2012-08-02,Late vegetative,15.9,9.566188721604757,17.278075773086854,14.140337331178115,12.156960989111155,17.425961958355302,14.571641873984582,0.5663944241085874,0.5546045241426526
2013->2012,2012,9,2012-08-05,Late vegetative,55.0,25.35509995791188,35.93144078669041,44.332949696035975,37.58671604547765,32.45787479086188,37.97041731918111,0.6445206520417328,0.6156401367429096
2013->2012,2012,9,2012-08-07,Late vegetative,22.9,2.4704424589883387,19.187068002647376,7.960834145413488,5.127135392038108,20.83855293539695,18.213933889404675,0.4838804013962016,0.4739797526687211
2013->2012,2012,9,2012-08-09,Reproductive,42.6,13.829273737532336,35.68758228728782,27.799170355092013,23.605643138137136,33.22180675722651,37.44712812794163,0.6998168754030893,0.6643459242650741
2013->2012,2012,9,2012-08-14,Reproductive,56.2,23.51058474855033,50.15183806320736,43.62512724541433,39.856190129748754,47.57777502610131,52.527793859746474,0.8126262570350195,0.780734992330612
2013->2012,2012,9,2012-08-16,Reproductive,49.3,20.06887579840513,30.817946959252232,28.43633710478379,25.472074249084276,48.44075579965342,42.98536421353983,0.6457392813469234,0.59369424612338
2013->2012,2012,9,2012-08-20,Reproductive,72.4,32.81213882745573,58.56165916266453,50.168640127566185,43.63818840109647,61.61976005262031,65.44518012774303,0.6237460756893353,0.6087339488521879
2013->2012,2012,9,2012-08-22,Reproductive,54.4,25.76420554355576,48.4875077653225,37.0641826100692,35.8633397757257,59.956053513365866,51.19272783634872,0.8937305069492483,0.9649136001215409
2013->2012,2012,9,2012-08-27,Reproductive,88.1,41.84218331247589,63.02269643146381,63.309481185665945,63.309481185665945,73.28390432443162,86.58569014241597,1.0,0.9907899581458165
2013->2012,2012,9,2012-08-29,Reproductive,62.3,32.64893639866177,58.64030749841249,47.06427839821736,47.06427839821736,71.49199711714395,70.072375917085,1.0,0.9993344190564871
2013->2012,2012,9,2012-09-04,Reproductive,87.9,49.28649733598321,58.87812890361444,66.68192280134922,61.137433484036606,83.58682203604218,86.0258677261701,0.6812673924905378,0.6773237739055393
2013->2012,2012,9,2012-09-06,Reproductive,91.0,50.53386777362841,60.39243989116767,67.33284647011625,60.977357349427194,87.11302832075961,89.82371536303157,0.6216740770069671,0.6162696544983635
2013->2012,2012,10,2012-05-25,Early vegetative,9.9,17.73044451931428,13.470012429893753,8.43166333849894,12.47295040072079,17.73044451931428,16.866116226777685,0.565396046681948,0.5504033061848063
2013->2012,2012,10,2012-05-31,Early vegetative,3.7,8.260415124740247,16.149718444755738,-9.592358381791533,-1.2076724171859432,5.176216337442393,-1.688816010667872,0.530342668519382,0.5121375098607551
2013->2012,2012,10,2012-06-05,Early vegetative,23.2,22.46126248325965,25.72837071074323,16.285856906078294,17.18892574327872,19.29874202574952,21.370320909539267,0.8537636393409783,0.8549858268457977
2013->2012,2012,10,2012-06-07,Early vegetative,0.7,-5.167852088477393,7.066338587830816,-21.949219785871875,-9.096622526264555,-5.8936259669323245,-8.37665620491816,0.23411503213752669,0.223280458558599
2013->2012,2012,10,2012-06-08,Early vegetative,2.3,4.839905439286375,15.06704824671685,-1.6891632634838611,0.00692023831485411,5.806446582473121,8.521435541958263,0.7402258148885645,0.7280328298926726
2013->2012,2012,10,2012-06-13,Early vegetative,25.9,18.4452674677838,24.55774156144947,11.612731566313572,13.336785949685103,19.411405541003955,20.053662383379397,0.7476699122794879,0.7474333418318078
2013->2012,2012,10,2012-06-15,Early vegetative,14.4,12.458539662383709,20.60349656732768,-2.8489359928849876,-2.8489359928849876,17.439731476134426,4.792628161206004,1.0,1.0
2013->2012,2012,10,2012-06-18,Early vegetative,32.2,24.45202217892147,39.970560676216586,22.74337964413649,22.74337964413649,29.80712352744106,31.1945396510553,1.0,1.0
2013->2012,2012,10,2012-06-20,Early vegetative,21.2,18.914348703179417,21.213979221207275,2.806257076604922,5.2575457737556786,26.38799233557048,11.803989434065759,0.8478225258473998,0.8435244871654143
2013->2012,2012,10,2012-06-24,Early vegetative,53.5,45.17701565739143,48.49094657246926,43.58703126136456,43.895293043441235,51.88003266362644,52.36682393091094,0.8061227626843546,0.7843619365608174
2013->2012,2012,10,2012-06-26,Early vegetative,26.7,36.75192554389537,17.67023397149829,24.0039064482632,26.746033911596733,44.476659093554005,33.52354128352669,0.784897759976445,0.7686285835089959
2013->2012,2012,10,2012-06-28,Late vegetative,46.0,48.340694019401454,40.2968771184191,46.66573326634237,46.75085670390643,47.528049226489806,47.57786319080343,0.9491788464842605,0.9245883657636665
2013->2012,2012,10,2012-07-03,Late vegetative,61.2,57.96553568803354,43.74797236448196,56.41102680610979,56.682056116374405,56.68660219049218,56.733784755215176,0.8256495582519878,0.8757474136191312
2013->2012,2012,10,2012-07-05,Late vegetative,46.2,50.2969295838792,17.171713877274037,40.015545013741374,42.6032977076287,51.425739641970665,42.09708510043186,0.7483069837302435,0.7317438630804899
2013->2012,2012,10,2012-07-10,Early vegetative,42.6,43.93565804594931,38.15121464452022,42.6520066372748,43.102897907364905,42.698083703680446,46.894503237727946,0.6487432124927943,0.6475156562482254
2013->2012,2012,10,2012-07-12,Early vegetative,62.8,56.71034913602104,50.381216440273946,55.804717273493424,56.21959751415579,55.46745268534827,58.09211351907459,0.5418886439083112,0.5294184181095223
2013->2012,2012,10,2012-07-17,Early vegetative,57.4,55.64189643974133,42.77509919996561,60.53796189911146,58.985169919911115,58.30071022904666,61.84908249185419,0.6828490157890762,0.672361123127262
2013->2012,2012,10,2012-07-19,Late vegetative,38.4,48.62325603030044,29.035338875513585,45.104746150883614,46.651464246216506,50.84051019149555,45.39622171897052,0.5604053567161636,0.560987524777564
2013->2012,2012,10,2012-07-22,Late vegetative,83.4,69.64826239185581,47.49240533281897,78.277534868334,75.16043181545513,65.56445370648191,69.8391500064583,0.6387756834222678,0.6746934656623984
2013->2012,2012,10,2012-07-24,Late vegetative,16.4,28.116686771654614,20.0396259833109,28.159810512114344,28.137622528248816,33.06403476706777,30.409403819004265,0.48548099888856144,0.46987444451951776
2013->2012,2012,10,2012-07-26,Late vegetative,42.9,38.65432194399362,31.589286001861872,49.04419932772731,44.242343714110405,35.35097495410566,39.52891548423671,0.5378332740351051,0.5351542675954623
2013->2012,2012,10,2012-07-31,Late vegetative,51.5,36.01391549061304,36.76311582215779,54.49624951602118,46.62353896591122,36.510418107066286,41.64075486312593,0.5740413229580668,0.5674224958292714
2013->2012,2012,10,2012-08-02,Late vegetative,12.7,10.234956547088371,17.360648177465524,14.80910515666173,12.749130056084542,18.214136280924063,15.376403741956512,0.5496484097027784,0.5513815051913469
2013->2012,2012,10,2012-08-05,Late vegetative,53.4,26.023578773754814,36.01401319106908,45.00142851187891,38.11375721626345,31.263316648402125,36.820785044808765,0.6370678769903525,0.6206574526965806
2013->2012,2012,10,2012-08-07,Late vegetative,24.3,3.139498318125388,19.269640407026046,8.629890004550537,5.749360726398571,19.43323806357332,16.840521147272298,0.4753508597075141,0.46821854950906416
2013->2012,2012,10,2012-08-09,Reproductive,38.5,14.49896447165443,35.77015469166649,28.46886108921411,23.561814117056855,33.21030786560199,37.16886880304994,0.6487413538916772,0.6224032668794088
2013->2012,2012,10,2012-08-14,Reproductive,57.4,24.88173038696309,50.95533241086451,44.99627288382709,40.15776328214925,46.20176517294508,50.912308779503824,0.7594521673842596,0.742964087639931
2013->2012,2012,10,2012-08-16,Grain filling,68.3,33.17892404821975,58.794148414503766,50.5354253483302,43.77410243627399,60.16025391178555,64.8317195649692,0.6104443634609018,0.6113170214785637
2013->2012,2012,10,2012-08-20,Grain filling,81.3,45.91632769457223,59.05700401910244,63.27282899468268,56.11315121318375,76.99891487439093,80.61376197054015,0.5874930288252636,0.5752257540670709
2013->2012,2012,10,2012-08-22,Grain filling,64.7,41.86898850129251,56.84371794555469,53.168965567805955,52.639517331061555,75.08737075082065,66.58319041186745,0.9531460786488338,0.9363795857162818
2013->2012,2012,10,2012-08-27,Grain filling,96.5,57.92168978561666,64.33309092208809,79.38898765880671,79.38898765880671,85.9767754109966,98.5293711061801,1.0,0.9934247589096495
2013->2012,2012,10,2012-08-29,Grain filling,75.7,51.729119797672325,59.37969689321886,66.14446179722792,66.14446179722792,85.02905106805903,82.82971253757768,1.0,0.9950303742917579
2013->2012,2012,10,2012-09-04,Grain filling,95.9,68.33561127894107,59.37347376005235,85.73103674430708,79.94620874196823,96.00389478369904,98.38251681951189,0.6674511920472234,0.6605441056363056
2013->2012,2012,10,2012-09-06,Grain filling,101.2,69.5413222948352,60.88778474760558,86.34030099132303,79.78851976765179,97.01918947234728,99.7059971573893,0.6099893129193009,0.6108407270713881
2013->2012,2012,11,2012-05-25,Early vegetative,7.9,17.73044451931428,12.742341351796487,8.43166333849894,12.722824796389853,17.73044451931428,16.907215289887038,0.5385243103962735,0.5242314679934429
2013->2012,2012,11,2012-05-31,Early vegetative,7.3,7.901710156645466,15.422047366658466,-9.951063349886313,-1.481025833268104,4.243871999722413,-2.3959813555634755,0.5255618118092809,0.4953389570192999
2013->2012,2012,11,2012-06-05,Early vegetative,23.4,22.19522400876405,25.00069963264596,16.019818431582696,16.973995806003305,20.656865917153464,22.65237939271941,0.8454874967327851,0.8235919724029424
2013->2012,2012,11,2012-06-07,Early vegetative,2.7,-6.911903304385705,5.176683002198523,-23.69327100178019,-10.808959924343394,-6.545569057308539,-9.009520517603622,0.2322252089478235,0.2215648458502398
2013->2012,2012,11,2012-06-08,Early vegetative,3.3,4.811434335812419,14.0943234044845,-1.7176343669578173,-0.041485114431157655,6.000081153805482,8.696670642562454,0.7432789684361137,0.7230989539386072
2013->2012,2012,11,2012-06-13,Early vegetative,24.6,18.470594504914438,24.184976166333563,12.251230714785727,13.725478333413525,19.69570861394667,20.334881119340544,0.7629584522829002,0.7438439113339664
2013->2012,2012,11,2012-06-15,Early vegetative,18.9,15.77149776391522,20.364206785144287,1.0771942199880424,1.0771942199880424,20.88148060198818,8.234377287059758,1.0,1.0
2013->2012,2012,11,2012-06-18,Early vegetative,34.5,27.052296319427107,39.59950544342086,25.36037912710549,25.390297277765857,33.02993289873252,34.33610431696937,0.9823170124423668,0.9414417174526245
2013->2012,2012,11,2012-06-20,Early vegetative,25.2,25.74930261063912,28.43342747223619,10.254383095406137,11.91255612778456,33.58203398324814,18.37504650500683,0.8929860183689059,0.8795573067659557
2013->2012,2012,11,2012-06-24,Early vegetative,56.9,49.356724933346776,48.424505972795274,48.379912648661424,48.57969236163945,55.60365670229596,56.10150075420741,0.7954778864780755,0.8021711787083724
2013->2012,2012,11,2012-06-26,Early vegetative,45.5,46.26732881526106,28.478286888873754,34.13248183097041,36.65250545798072,54.30583146202231,43.5134901834237,0.792331651954685,0.7712164412551374
2013->2012,2012,11,2012-06-28,Late vegetative,63.0,56.98981074675157,40.23043651874511,55.92802210503401,55.92802210503401,61.0576372723609,61.45957163799418,1.0,1.0
2013->2012,2012,11,2012-07-03,Late vegetative,79.0,69.11168963930169,44.38606642502457,68.17035286871946,68.29040640585723,74.40720041554943,74.75354596425657,0.8724648384196104,0.8616967801731773
2013->2012,2012,11,2012-07-05,Late vegetative,68.5,65.39014229403563,21.145571372866076,54.26844776043188,56.87155990948882,73.22158107845945,62.02535451509799,0.765942847900404,0.768936541310991
2013->2012,2012,11,2012-07-10,Early vegetative,63.5,58.875633373461554,51.06424389815149,54.87800136440854,56.41635522349787,64.88604924061201,67.29402548316109,0.6151837248637247,0.6012484599845759
2013->2012,2012,11,2012-07-12,Early vegetative,84.3,71.30969171531653,51.30828843651995,68.51276102968981,69.80342941400032,76.48305277037979,78.01880499014658,0.5385411619447039,0.526432629242178
2013->2012,2012,11,2012-07-17,Early vegetative,84.8,79.92746068039149,57.761763583442885,80.33741894406302,80.20056541990942,88.51663510865184,90.66144536516282,0.6661769348714981,0.6346204845111412
2013->2012,2012,11,2012-07-19,Late vegetative,70.4,77.3384814865355,37.206365272539195,71.14069528625338,73.69621764639022,84.05713912684296,76.83128758265526,0.5876717464018817,0.5800605013010502
2013->2012,2012,11,2012-07-22,Late vegetative,105.4,91.64161965620458,59.49615790435247,98.44404095577192,95.56674107017028,92.58017824350873,94.05307416352944,0.5770182764503804,0.6042401892216733
2013->2012,2012,11,2012-07-24,Late vegetative,32.9,44.921358937183385,20.96669797955692,43.36047876502957,44.14785537699824,52.43502768368895,49.30362194089905,0.4955560163967042,0.48252276322173737
2013->2012,2012,11,2012-07-26,Late vegetative,62.0,55.13064305580954,32.51635799810788,62.972681360407364,59.23698968743307,53.1222836391444,55.78105280671769,0.5236325649182256,0.5243106257651928
2013->2012,2012,11,2012-07-31,Late vegetative,67.7,51.95063317173504,37.6901878184038,68.82896328452964,60.781438628411124,54.36913243715143,57.27098154714245,0.5232037409898683,0.5225557144683701
2013->2012,2012,11,2012-08-02,Late vegetative,26.6,25.72524517000659,18.287720173711545,33.34016737850764,29.934119866330768,34.78913216638146,31.53403233187709,0.5527140765306214,0.535095128087044
2013->2012,2012,11,2012-08-05,Late vegetative,69.8,41.18741115171855,36.94108518731509,57.61742181070679,50.73389382844523,46.1711063450023,49.24504137569565,0.5810393477440721,0.5623867431325149
2013->2012,2012,11,2012-08-07,Late vegetative,34.0,18.265876600840837,20.196712403272066,27.788145465149384,22.874893251020914,35.04133368143992,31.975487621260395,0.48402504863684664,0.4735600781484794
2013->2012,2012,11,2012-08-09,Reproductive,52.6,29.591101353863337,36.6972266879125,42.67594933855279,37.850578874024514,45.82134833186976,48.41166931727858,0.6312245682812341,0.6200500135404401
2013->2012,2012,11,2012-08-14,Reproductive,64.5,36.12603546139536,50.917437925463574,52.65466812810498,48.222135382851064,55.72242858441297,57.35688709317645,0.7318270159042557,0.7111679143874186
2013->2012,2012,11,2012-08-16,Early vegetative,54.8,32.59095101971583,24.557423933686618,40.95841232609449,37.690479746215516,56.553337717138376,50.94918365953795,0.6094475420653844,0.5738793760293364
2013->2012,2012,11,2012-08-20,Early vegetative,84.9,44.98718406467488,59.308447958690536,62.34368536478533,55.39947876862606,68.09255907920108,70.74523782672802,0.5999074654455229,0.5890262794693188
2013->2012,2012,11,2012-08-22,Early vegetative,59.3,37.94795695357669,49.49715216594718,49.247934020090135,48.341593755414735,69.43609111175162,61.60195691506449,0.919792734149765,0.8626020428963075
2013->2012,2012,11,2012-08-27,Early vegetative,96.9,53.5270602440007,64.0323408320885,74.99435811719076,72.65417597888656,80.00339307762138,91.7494745974464,0.8909885094934658,0.8749125701355099
2013->2012,2012,11,2012-08-29,Early vegetative,71.4,43.68709377869918,57.66153740326717,58.10243577825477,56.92262461225073,78.58959456463185,77.36155713170025,0.9181558671282014,0.8644700956616895
2013->2012,2012,11,2012-09-04,Early vegetative,102.1,59.57019433172284,59.88777330423912,76.96561979708883,71.50333163998589,90.7406576238427,93.16288887735473,0.6859928394405601,0.6726543994404082
2013->2012,2012,11,2012-09-06,Early vegetative,105.0,60.798669728293646,61.40208429179235,77.59764842478148,71.40231822788351,97.4778957285402,100.17651585802103,0.6312079258608007,0.6135262643317078
2013->2012,2012,12,2012-05-25,Early vegetative,9.3,17.73044451931428,12.824913756175153,8.43166333849894,13.123763816678494,17.73044451931428,16.973155282934613,0.4954069370015933,0.48224095293500685
2013->2012,2012,12,2012-05-31,Early vegetative,5.0,8.114329251862346,15.504619771037133,-9.738444254669433,-0.9070476843002968,4.685399957217478,-1.6879682901474178,0.5053207521431894,0.4754589313085399
2013->2012,2012,12,2012-06-05,Early vegetative,23.7,22.3687178827077,25.08327203702463,16.193312305526344,17.58910536771347,19.81272326978102,21.65537818397992,0.7739754831092068,0.7605039073026761
2013->2012,2012,12,2012-06-07,Early vegetative,1.3,-7.110496104588319,5.25925540657719,-23.8918638019828,-10.952146594177785,-6.872402064970549,-9.308923940083172,0.22892356325557012,0.21909830707680145
2013->2012,2012,12,2012-06-08,Early vegetative,0.4,4.807659752338758,14.176895808863167,-1.7214089504314787,0.1377486364666094,5.297642353584628,7.887525495912016,0.7152491922608716,0.6944853114826283
2013->2012,2012,12,2012-06-13,Early vegetative,28.8,18.453258146712447,24.267548570712233,12.233894356583736,13.917580640588817,19.1278784565992,19.73568127328838,0.7292831966707908,0.7073370970600238
2013->2012,2012,12,2012-06-15,Early vegetative,22.5,17.873274462093004,21.261828823709347,3.1789709181658274,3.4208885332487924,24.351568451726365,10.798542174130846,0.9835366395991633,0.9466796031838702
2013->2012,2012,12,2012-06-18,Early vegetative,38.0,28.38479193507072,40.49712748198591,26.6928747427491,26.87222241684473,35.35042506780945,36.59724927075446,0.893997368837224,0.8986663638426068
2013->2012,2012,12,2012-06-20,Early vegetative,29.2,30.003800588449412,28.51599987661486,14.508881073216429,16.861559634941727,39.09555427667693,25.157018217904557,0.8481645187371001,0.8104932646087365
2013->2012,2012,12,2012-06-24,Early vegetative,57.4,52.61215042484498,49.32212801136033,51.635338140159625,51.84749996401543,57.58359737321057,58.05841614825732,0.7828018472104512,0.7650707786699932
2013->2012,2012,12,2012-06-26,Early vegetative,51.1,53.55335408085735,41.63249049636795,41.41850709656671,44.37157208511813,59.49242570897365,49.045396363001956,0.7566458817013216,0.7465405870610554
2013->2012,2012,12,2012-06-28,Late vegetative,65.7,62.31364206982046,49.96963979181901,61.2518534281029,61.375376410068334,64.69483496295204,65.06625824646552,0.88366518804946,0.924089391879372
2013->2012,2012,12,2012-07-03,Late vegetative,77.1,73.0451250238382,53.964737895573684,72.10378825325597,72.30651838959655,77.7928125356441,78.12506872791624,0.7846359106792506,0.8266429066065191
2013->2012,2012,12,2012-07-05,Late vegetative,71.7,73.49055439208148,29.819766197902442,62.368859858477734,65.46105071104375,77.991195772675,66.95837647295296,0.721967651312208,0.7577140267060103
2013->2012,2012,12,2012-07-10,Early vegetative,58.6,67.07450663618432,51.390860840898625,63.07687462713131,64.72145609728686,68.46799089428396,70.05473401111568,0.5886110911581542,0.5665460342405011
2013->2012,2012,12,2012-07-12,Early vegetative,80.1,76.71638436504702,51.390860840898625,73.9194536794203,75.23336131129275,74.99744236841465,75.89257034950339,0.5302323226583502,0.5225339239623435
2013->2012,2012,12,2012-07-17,Early vegetative,84.7,86.60670969449404,58.08838052619002,87.01666795816557,86.85474179441594,88.64426600986486,89.97685888537026,0.6050179296315719,0.6125611538363926
2013->2012,2012,12,2012-07-19,Early vegetative,84.0,87.98991666399603,40.02645480377659,79.84880880856608,83.6342255721606,88.12383979269308,81.31021701824561,0.5350243688185835,0.5510278511156153
2013->2012,2012,12,2012-07-22,Early vegetative,102.4,97.02627644844412,59.82277484709961,100.31042218265141,98.71378789026794,96.63128094135502,98.02641023998348,0.5138357364129392,0.572337243883535
2013->2012,2012,12,2012-07-24,Early vegetative,38.9,50.29279290909251,21.04927038393559,48.731912736938696,49.53591287657014,53.03502800082843,48.912336491485604,0.48490591784375925,0.4777733865128402
2013->2012,2012,12,2012-07-26,Early vegetative,66.3,60.18388554870516,32.59893040248655,68.02592385330298,64.06223148721662,56.12077529620236,58.15320697509839,0.4945584027863744,0.5034175073553557
2013->2012,2012,12,2012-07-31,Early vegetative,68.1,56.26480192935996,37.77276022278247,73.14313204215456,64.77021926781613,57.45789449207837,60.28400957446394,0.5039252865429289,0.5089177727957048
2013->2012,2012,12,2012-08-02,Early vegetative,29.6,30.383828481989507,18.370292578090215,37.99875069049055,34.45010015434876,36.91845518969929,33.73770582980423,0.5339872898267825,0.5228728987370622
2013->2012,2012,12,2012-08-05,Early vegetative,65.5,45.282220761325966,37.02365759169376,61.71223142031421,54.274804037836766,48.32930151557909,51.24599389335151,0.5473266854876503,0.5336186714020691
2013->2012,2012,12,2012-08-07,Early vegetative,35.1,22.418919854374916,20.279284807650736,31.839768421388072,26.86197708856829,34.06964430012019,31.107753247789844,0.47161964260317457,0.4575028656613975
2013->2012,2012,12,2012-08-09,Reproductive,51.6,33.70775616852112,36.77979909229117,46.792604153210576,41.58644289608151,45.891418658748485,48.295746127237756,0.6021229086328869,0.575528395048359
2013->2012,2012,12,2012-08-14,Reproductive,67.6,42.85194479369672,51.65682732026995,59.380577460406336,54.94617095578036,58.019203939443855,59.62487830588064,0.7317136514530128,0.6986436695955524
2013->2012,2012,12,2012-08-16,Reproductive,76.1,50.14817617191994,59.495643323909206,66.637884673374,59.72960180809329,70.27627192857992,73.7131345179506,0.5810548825243609,0.586403606449695
2013->2012,2012,12,2012-08-20,Reproductive,90.2,61.69426166090882,60.06664841972712,78.1839701623629,71.00652403338832,85.00105500651405,87.06864518767415,0.5647317762869088,0.5567404197409078
2013->2012,2012,12,2012-08-22,Reproductive,72.1,57.68197798653176,57.85336234617937,67.94545917289273,66.58716581291753,83.58950522806676,74.77211501928134,0.8676576363017826,0.8439121826726647
2013->2012,2012,12,2012-08-27,Reproductive,99.6,72.48682775063646,65.3427353227128,93.08733282517014,89.24537121469976,92.58325756327008,102.50182982062503,0.8135015818024862,0.8224912739284561
2013->2012,2012,12,2012-08-29,Reproductive,79.0,65.84975402211766,60.38934129384354,79.22860014152079,77.0722587388024,89.43756747431131,87.05911829504657,0.8388245605432986,0.8534638223490847
2013->2012,2012,12,2012-09-04,Reproductive,102.9,80.4914795246711,60.38311816067703,96.42366542250257,89.78404184074911,97.60555582984053,99.52432679498386,0.5832572112620666,0.6344076064077522
2013->2012,2012,12,2012-09-06,Reproductive,104.9,81.62782950872447,61.89742914823026,97.56001540655593,90.30918372457838,101.16939283288512,103.39854177942625,0.5448941075333255,0.5832346856679175
