Year,Trt_code,Date,dap,z_root_model_m,z_root_USDA_audit_m,SWD_modelroot,SWD_USDAroot_audit,Canopy_AC_pct,Biomass_AC,Es,Tr
2012,1,2012-04-30,1.0,0.08,,3.5757955736322145,,0.0,0.0,4.469744467040293,0.0
2012,1,2012-05-01,2.0,0.08,,4.913467870933774,,0.0,0.0,1.672090371626957,0.0
2012,1,2012-05-02,3.0,0.08,,6.092180302821306,,0.0,0.0,1.4733905398594245,0.0
2012,1,2012-05-03,4.0,0.08,,7.191627689080374,,0.0,0.0,1.3743092328238393,0.0
2012,1,2012-05-04,5.0,0.08,,8.024474950124024,,0.0,0.0,1.0410590763045713,0.0
2012,1,2012-05-05,6.0,0.08,,8.538632768651455,,0.4875,0.0,0.642697273159294,0.0
2012,1,2012-05-06,7.0,0.08,,9.636546740989246,,0.5738742470010385,0.0,3.1503924654222466,0.0
2012,1,2012-05-07,8.0,0.08,,7.8138912980817326,,0.6755521053764285,0.0,1.531680696365608,0.0
2012,1,2012-05-08,9.0,0.08,,10.200000000000001,,0.6693127862307413,0.0,3.035707595716126,0.0
2012,1,2012-05-09,10.0,0.08,,10.200000000000001,,0.6619209548482653,0.0,1.1706220068247004,0.0
2012,1,2012-05-10,11.0,0.08,,10.200000000000001,,0.6531637219016666,0.0,1.0166836456547317,0.0
2012,1,2012-05-11,12.0,0.08,,10.200000000000001,,0.6427888736519074,0.0,0.4827744254366772,0.0
2012,1,2012-05-12,13.0,0.08,,10.200000000000001,,0.6304976080361702,0.0,1.586666099246817,0.0
2012,1,2012-05-13,14.0,0.08,,10.200000000000001,,0.6159359289831668,0.0,0.5052056294497448,0.0
2012,1,2012-05-14,15.0,0.08,,10.200000000000001,,0.5986844511067813,0.0,0.641535868026261,0.0
2012,1,2012-05-15,16.0,0.08,,10.200000000000001,,0.5782463211468956,0.0,0.6535893988489779,0.0
2012,1,2012-05-16,17.0,0.08,,10.200000000000001,,0.5540329082874117,0.0,0.4934995052678989,0.0
2012,1,2012-05-17,18.0,0.08,,10.200000000000001,,0.5253468512237497,0.0,0.4151754638444641,0.0
2012,1,2012-05-18,19.0,0.08,,10.200000000000001,,0.49136197372485746,0.0,1.581646844556491,0.0
2012,1,2012-05-19,20.0,0.08,,10.200000000000001,,0.45109949024546064,0.0,0.6766582592087337,0.0
2012,1,2012-05-20,21.0,0.08,,10.200000000000001,,0.40339981629543586,0.0,0.3726446088493294,0.0
2012,1,2012-05-21,22.0,0.08,,10.200000000000001,,0.3468891716874604,0.0,0.6300927505316575,0.0
2012,1,2012-05-22,23.0,0.08,,10.200000000000001,,0.2799400148157657,0.0,2.8253809300348145,0.0
2012,1,2012-05-23,24.0,0.08,,2.3547938598566365,,0.32953921068278375,0.06118911314840907,4.917483409091409,0.008008915729388387
2012,1,2012-05-24,25.0,0.0905004365499774,,7.232833686451317,,0.3753663616041596,0.06118911314840907,5.048550545002393,0.0
2012,1,2012-05-25,26.0,0.0905004365499774,0.25,8.170296934227776,15.783156019175248,0.37189458937619535,0.06118911314840907,1.0358659952527052,0.0
2012,1,2012-05-26,27.0,0.0905004365499774,,9.474665497888708,,0.36778060710301796,0.06118911314840907,1.4412842781599315,0.0
2012,1,2012-05-27,28.0,0.0905004365499774,,10.20533559891615,,0.36290561847107594,0.06118911314840907,0.8073663828394347,0.0
2012,1,2012-05-28,29.0,0.0905004365499774,,10.72575318571838,,0.3571288521693562,0.06118911314840907,0.5750442833663478,0.0
2012,1,2012-05-29,30.0,0.0905004365499774,,11.148470941611619,,0.350283496944109,0.06118911314840907,0.46708918985137554,0.0
2012,1,2012-05-30,31.0,0.0905004365499774,,-5.581773419733361,,0.41234600624757145,0.2059922928094689,7.707881135250719,0.029750180653521925
2012,1,2012-05-31,32.0,0.09781581180244812,0.335,3.0423318070104486,11.18163467795502,0.4854046232599192,0.3461269266288975,4.7363408005582786,0.02438907476688396
2012,1,2012-06-01,33.0,0.10757690014237535,,7.219678109674222,,0.5515926410365248,0.3861067218792323,4.193246070273144,0.00781928109289722
2012,1,2012-06-02,34.0,0.11356168039109932,,8.945666922836224,,0.5464988458297616,0.3861067218792323,1.5915793411468258,0.0
2012,1,2012-06-03,35.0,0.11356168039109932,,10.138269439157822,,0.5404599445113761,0.3861067218792323,1.192602516321606,0.0
2012,1,2012-06-04,36.0,0.11356168039109932,,12.530865494349044,,0.5333048967647456,0.3861067218792323,3.662596055191239,0.0
2012,1,2012-06-05,37.0,0.11356168039109932,0.41,13.144030935166054,33.98880613465859,0.524827409626365,0.3861067218792323,2.7073281926779345,0.0
2012,1,2012-06-06,38.0,0.11356168039109932,,-8.234552145132595,,0.6178152502663298,0.7329744621738505,8.496581049038118,0.07883587066323344
2012,1,2012-06-07,39.0,0.12291446874561696,0.44,-7.728766322030067,12.333302712705374,0.7272784851945602,1.179174805616419,6.218777582149704,0.07436548849995714
2012,1,2012-06-08,40.0,0.1322074865305618,0.455,3.67613532466119,21.038848090582896,0.8561361908740187,1.7040387094024618,6.096847742945749,0.10869763493179319
2012,1,2012-06-09,41.0,0.14144271625670535,,6.3817694638409925,,0.971843611598701,2.2994377507802484,2.2387121285548366,0.11268161200433348
2012,1,2012-06-10,42.0,0.1506220243656924,,8.203940327996238,,0.998409348615654,2.648741991079975,1.6497178076341776,0.0798860862686314
2012,1,2012-06-11,43.0,0.15950447286475766,,9.343264298522874,,0.9943289861500235,2.912665984187975,1.0858693878456354,0.05516448317294575
2012,1,2012-06-12,44.0,0.16805155093887802,,10.16373729813613,,0.987868431977807,3.1625237669231847,0.7849919186222349,0.04745885464226692
2012,1,2012-06-13,45.0,0.17640352811315071,0.54,10.988526935257067,42.0885006682017,0.9787304066414476,3.3606795110552237,0.7827779463073354,0.04572568589976287
2012,1,2012-06-14,46.0,0.1842602625377158,,-15.911336976560223,,1.152139846417192,4.065797510603488,8.15966537297675,0.15533205005260642
2012,1,2012-06-15,47.0,0.19318451491481473,0.58,-1.470522069164266,26.31535577591867,1.3562736139539653,4.89486258677841,4.747118835082023,0.1520721829389491
2012,1,2012-06-16,48.0,0.2020620798280698,,2.7522058243282843,,1.596575382431198,5.869457576100521,2.0653313113491727,0.17369023076640733
2012,1,2012-06-17,49.0,0.21089423114253317,,5.144276232256424,,1.8585151972650382,7.0022223165055895,1.558493208744776,0.2312582956054691
2012,1,2012-06-18,50.0,0.2196821810876052,0.64,9.956894593691066,45.77562039336965,2.1236299502360834,8.259261986339501,4.586772727021301,0.2987188439638832
2012,1,2012-06-19,51.0,0.22842321238651703,,-12.432981909163255,,2.4998903355909436,9.777276463336905,9.337040997259008,0.3924124237499611
2012,1,2012-06-20,52.0,0.23712617050491985,0.68,-3.9827832633476556,32.81747618490817,2.9428157618921564,11.484874981000164,1.6827808364710375,0.2869548673919219
2012,1,2012-06-21,53.0,0.24578823458527083,,0.8806925158509494,,3.464217803935689,13.576707989020392,1.5668854289095295,0.5307910941433389
2012,1,2012-06-22,54.0,0.25441040906561957,,5.70772703456558,,4.078000787038327,16.03040452908557,4.246361446686833,0.45965885293688274
2012,1,2012-06-23,55.0,0.2629936545403206,,8.840942745394958,,4.659838942141504,18.824730430485204,2.266514386570066,0.6773696269818129
2012,1,2012-06-24,56.0,0.27153889047866236,0.76,10.932394675765526,59.064328722770696,5.131274577522463,21.893347330688194,1.3291989244572007,0.7447394438435971
2012,1,2012-06-25,57.0,0.2800469977268926,,-19.694744946810335,,6.04042324991031,25.486643175785876,8.562011128003808,0.9050445769128843
2012,1,2012-06-26,58.0,0.2885188208145765,0.8,-2.7915792573673146,41.74872511059337,7.110653013558654,29.690407425624574,4.936103215493096,0.9145708007462278
2012,1,2012-06-27,59.0,0.29695517008386857,,4.948514810924785,,8.370503884803355,34.60296511234346,3.4443370684943586,0.7670883330508209
2012,1,2012-06-28,60.0,0.30535682365821176,0.84,8.706750259260502,51.57785429302022,9.717055456509879,40.25990162493651,1.6413739750993057,1.0303298057824142
2012,1,2012-06-29,61.0,0.3137245292651662,,-24.328587007493542,,11.438703350096288,46.8505946059792,5.710809104117094,1.2209280262065598
2012,1,2012-06-30,62.0,0.3220590059265102,,-4.094969594671543,,13.46538927529182,54.51477930610939,5.111565150689041,1.4186709754579454
2012,1,2012-07-01,63.0,0.33036094552735323,,4.896407224032442,,15.851159242941442,63.4076237116324,2.112268939384324,1.9951002514530256
2012,1,2012-07-02,64.0,0.3386310142747963,,11.952125899396288,,18.33838279802171,73.54128149746191,3.607282840986025,2.299381134792126
2012,1,2012-07-03,65.0,0.3468698540555916,0.92,14.908081654154609,43.8562913239827,20.386975935349167,84.6653299042096,0.8541708490863654,1.902259758790025
2012,1,2012-07-04,66.0,0.35507808370131294,,-21.459503415768246,,23.99909838672163,97.47528395781308,5.017759083086313,2.6553363311221214
2012,1,2012-07-05,67.0,0.3632563001687003,0.94,-3.5008592127186624,16.044965780355177,28.25120926232557,112.16924983819145,4.215984245323726,2.79959479684035
2012,1,2012-07-06,68.0,0.37140507964210284,,2.8931545177635565,,32.930162882770134,128.81536217232548,3.773385639358056,3.128773496405511
2012,1,2012-07-07,69.0,0.3795249785642791,,-15.400028576578297,,36.93897521072374,147.03379853098744,2.393574236605894,2.3748410734161953
2012,1,2012-07-08,70.0,0.38761653460122253,,-7.283872175951491,,40.0733809292534,165.91878557846877,1.718389231784638,1.900088278254623
2012,1,2012-07-09,71.0,0.3956802675461581,,3.4757321155921854,,42.24626430365488,186.06853857578196,2.4518022788634504,3.2866747118621813
2012,1,2012-07-10,72.0,0.4037166801673779,0.97,9.719600360344218,12.458594951522764,42.24626430365488,206.19361263289102,0.9150728871573213,3.769592869031283
2012,1,2012-07-11,73.0,0.41172625900417187,,13.896330152042134,,42.24626430365488,226.29400774979592,0.3132093749054877,3.5863589216681606
2012,1,2012-07-12,74.0,0.4197094751147232,0.98,17.875934950896994,20.93657427433519,42.24626430365488,246.36972392649668,0.19954614800587425,3.704424015414078
2012,1,2012-07-13,75.0,0.42766678477950254,,-24.290648508296126,,42.24626430365488,266.4207611629933,3.001088868144913,3.710472945446273
2012,1,2012-07-14,76.0,0.4355986301633918,,-4.201250199272031,,42.24626430365488,286.4471194592858,3.5968229281600292,4.4415505560601005
2012,1,2012-07-15,77.0,0.4435054399394868,,8.641483474968124,,42.24626430365488,306.4487988153741,3.066466871641733,3.9283544807198645
2012,1,2012-07-16,78.0,0.4513876298772876,,10.698333905518302,,42.24626430365488,326.4257992312583,3.1552288972298603,3.886643609587368
2012,1,2012-07-17,79.0,0.4592456033977547,1.005,17.558655242979146,17.394656737981933,42.24626430365488,346.3781207069383,2.934946180020838,3.610830857704691
2012,1,2012-07-18,80.0,0.4670797520975089,,-7.176785140115258,,42.24626430365488,366.30576324241423,3.2192233255747826,3.9556749754978244
2012,1,2012-07-19,81.0,0.4748904562442681,1.015,1.6199337211744786,1.1386866841288608,42.24626430365488,386.20872683768596,3.1051247118225844,3.8107491904624697
2012,1,2012-07-20,82.0,0.4826780852454466,,10.382645970436311,,42.24626430365488,406.08701149275356,3.3204232847203987,4.111777723017038
2012,1,2012-07-21,83.0,0.4904429980916955,,15.777686785531094,,42.24626430365488,425.94061720761704,1.133853846892605,3.9763229143861896
2012,1,2012-07-22,84.0,0.49818554377701413,1.03,20.37664800606952,20.342896952833854,42.24626430365488,445.76954398227633,0.4498903273823089,4.068541468215616
2012,1,2012-07-23,85.0,0.5059060616969477,,-14.621079599326727,,42.24626430365488,465.5737918167315,3.371647014835322,4.1173143272023855
2012,1,2012-07-24,86.0,0.5136048820262686,1.04,-2.8877380314977827,-3.8903844124915046,42.24626430365488,485.35336071098254,3.315093421972307,4.0432087389144575
2012,1,2012-07-25,87.0,0.5212823260774282,,5.912709492322337,,42.24626430365488,505.10825066502946,2.134272624470202,3.0179211088290248
2012,1,2012-07-26,88.0,0.5289387066409781,1.05,11.755960012639669,11.284590423060619,42.24626430365488,524.8384616788722,0.7095299877627167,3.443674011964914
2012,1,2012-07-27,89.0,0.5365743283090694,,-11.364296565595028,,42.24626430365488,544.5439937525108,3.138499677238213,3.8135006438589953
2012,1,2012-07-28,90.0,0.5441894877830564,,-1.0932728941495817,,42.24626430365488,564.2248468859452,2.9423554824139413,3.5706939808990854
2012,1,2012-07-29,91.0,0.5517844741661591,,6.706280392688493,,42.24626430365488,583.8810210791755,2.4363537536746875,3.4159437995447703
2012,1,2012-07-30,92.0,0.5593595692420739,,11.11479786567313,,42.24626430365488,603.5125163322017,0.5601639855792033,2.8072602313040402
2012,1,2012-07-31,93.0,0.5669150477403557,1.05,15.140244769839835,15.064317083614574,42.24626430365488,623.1193326450237,0.40889119542728314,3.4101853605181076
2012,1,2012-08-01,94.0,0.5744511775893377,,-14.556235584368277,,42.24626430365488,642.7014700176417,2.1743195778441073,2.625409419619423
2012,1,2012-08-02,95.0,0.5819682201573084,1.05,-4.280350598138476,-5.397321831595697,42.24626430365488,662.2589284500555,2.6880404531143443,3.4928357487350574
2012,1,2012-08-03,96.0,0.58946643048261,,4.424107417395578,,42.24626430365488,681.791707942265,0.9387137772022537,3.52041075622645
2012,1,2012-08-04,97.0,0.5969460574932803,,10.779705006054394,,42.24626430365488,701.2998084942705,1.9794445622397752,3.123242213254023
2012,1,2012-08-05,98.0,0.604407344216821,1.05,14.961937823588174,14.867277081816427,42.24626430365488,720.7832301060718,0.767199036270389,3.118388863599666
2012,1,2012-08-06,99.0,0.6118505279806337,,-9.011976437999047,,42.24626430365488,740.2419727776689,2.8380427743201437,3.4052365128826683
2012,1,2012-08-07,100.0,0.6192758406036345,1.05,-4.176307866444859,-4.665670947231919,42.24626430365488,759.676036509062,2.5604888704743303,3.06831600140938
2012,1,2012-08-08,101.0,0.6266835085795173,,4.485692129092847,,42.24626430365488,779.0854213002509,2.3895203041131703,3.2098747544066826
2012,1,2012-08-09,102.0,0.6340737532521166,1.05,10.394926326184608,10.130929679623758,42.24626430365488,798.4701271512356,0.8330407627336908,3.6065978400297505
2012,1,2012-08-10,103.0,0.6414467909832835,,-14.080658232793215,,42.24626430365488,817.8301540620162,2.8618006773982585,3.416322873081699
2012,1,2012-08-11,104.0,0.6488028333136664,,-4.451991048392953,,42.24626430365488,837.1655020325926,2.3224238829865054,2.7688985964874386
2012,1,2012-08-12,105.0,0.6561420871167636,,4.73772428422291,,42.24626430365488,856.0327867145244,2.608578913311079,3.034778171337251
2012,1,2012-08-13,106.0,0.663464754746595,,9.472010589514818,,42.24626430365488,874.9274797158455,1.7695827292854585,2.2588846732846872
2012,1,2012-08-14,107.0,0.6707710341793123,1.05,13.548969613874954,13.484230801345896,42.24626430365488,894.1887908658096,0.9801005351248543,2.7665077137130387
2012,1,2012-08-15,108.0,0.6780611191490544,,-12.35564821449143,,41.97745638332829,913.2096406509861,2.952246900784938,3.449473169016313
2012,1,2012-08-16,109.0,0.6780611191490544,1.05,-5.138464133727477,-5.606575408184699,41.67444061091284,929.3938166035726,1.810106927022161,1.7919553510224482
2012,1,2012-08-17,110.0,0.6780611191490544,,1.6964187567644806,,41.33286377708676,945.7894448553351,2.0015502401255385,2.2052401178583194
2012,1,2012-08-18,111.0,0.6780611191490544,,7.430677040947632,,40.94781869353684,963.5186165237135,2.1946662601143148,2.7118500220027824
2012,1,2012-08-19,112.0,0.6780611191490544,,10.97736647535879,,40.51377369491889,979.2767734928422,0.7246348364741279,2.398744665665048
2012,1,2012-08-20,113.0,0.6780611191490544,1.05,12.311107284856279,12.293931883593311,40.02449316940652,995.1514640074714,0.19794133504187275,1.0478230437902658
2012,1,2012-08-21,114.0,0.6780611191490544,,-13.071806667001228,,39.47294797614794,1012.0743008504456,2.4402577665553413,2.452151326845975
2012,1,2012-08-22,115.0,0.6780611191490544,1.05,-4.634865163734369,-5.147825258367142,38.851214462662846,1028.503802150286,2.2694993067564107,2.1963120009839225
2012,1,2012-08-23,116.0,0.6780611191490544,,2.9275261212048256,,38.15036063143509,1044.387319496302,2.20868722339692,2.0480945012383147
2012,1,2012-08-24,117.0,0.6780611191490544,,7.489583238786201,,37.360317820338665,1059.667308855677,1.9992599887118239,1.9215313139309116
2012,1,2012-08-25,118.0,0.6780611191490544,,11.129599077509068,,36.46973605342198,1073.9153849362265,0.9669629283890447,2.222736046570843
2012,1,2012-08-26,119.0,0.6780611191490544,,13.790163851961825,,35.46582098397945,1087.4446658684958,0.534586268715782,2.032138736803857
2012,1,2012-08-27,120.0,0.6780611191490544,1.05,15.875274921990837,15.869821200399418,34.3341500873889,1100.519253895444,0.3061731752918543,1.7526275003488883
2012,1,2012-08-28,121.0,0.6780611191490544,,-15.193170426789967,,33.058465463089725,1112.7117791198677,2.887590460349314,1.9365618669833387
2012,1,2012-08-29,122.0,0.6780611191490544,1.05,-6.140688265318815,-6.759719617228122,31.620440269037115,1123.9428710307616,2.6390869174312845,1.6056977651571538
2012,1,2012-08-30,123.0,0.6780611191490544,,3.0640910119064153,,29.999415433164312,1134.1317895021498,3.425399663478348,1.8600487194506297
2012,1,2012-08-31,124.0,0.6780611191490544,,8.788393213263259,,28.172102859376167,1143.1990565118622,2.4536353341461754,1.6273371026137438
2012,1,2012-09-01,125.0,0.6780611191490544,,11.155378556818844,,26.11225086424841,1151.0704099505856,0.9082378026616267,1.0853342640986252
2012,1,2012-09-02,126.0,0.6780611191490544,,13.099057737898727,,23.7902670380025,1157.6826310181673,0.7328888122555376,1.106325379881545
2012,1,2012-09-03,127.0,0.6780611191490544,,14.32573140928815,,21.17279311167165,1162.9920309551999,0.4403734595355685,0.7569480625839478
2012,1,2012-09-04,128.0,0.6780611191490544,1.05,15.353164573378889,15.351323245921835,18.22222572288039,1166.8733549306598,0.39965696012029217,0.6194997785307796
2012,1,2012-09-05,129.0,0.6780611191490544,,-25.883166403647756,,14.896176195425411,1169.4698566970108,3.7358566463875897,0.4254707805515032
2012,1,2012-09-06,130.0,0.6780611191490544,1.05,-11.244533600524116,-12.572800139931168,11.146861571699647,1170.930588120345,3.881257556569769,0.23191127693496794
2012,1,2012-09-07,131.0,0.6780611191490544,,-0.9021219346653344,,6.920418149361199,1171.4220112235396,3.0199217768310964,0.06352027943093183
2012,1,2012-09-08,132.0,0.6780611191490544,,3.6969924575627227,,2.156127660323194,1171.4694434302207,1.8236744802071108,0.006101769796649521
2012,2,2012-04-30,1.0,0.08,,3.5757955736322145,,0.0,0.0,4.469744467040293,0.0
2012,2,2012-05-01,2.0,0.08,,4.913467870933774,,0.0,0.0,1.672090371626957,0.0
2012,2,2012-05-02,3.0,0.08,,6.092180302821306,,0.0,0.0,1.4733905398594245,0.0
2012,2,2012-05-03,4.0,0.08,,7.191627689080374,,0.0,0.0,1.3743092328238393,0.0
2012,2,2012-05-04,5.0,0.08,,8.024474950124024,,0.0,0.0,1.0410590763045713,0.0
2012,2,2012-05-05,6.0,0.08,,8.538632768651455,,0.4875,0.0,0.642697273159294,0.0
2012,2,2012-05-06,7.0,0.08,,9.636546740989246,,0.5738742470010385,0.0,3.1503924654222466,0.0
2012,2,2012-05-07,8.0,0.08,,7.8138912980817326,,0.6755521053764285,0.0,1.531680696365608,0.0
2012,2,2012-05-08,9.0,0.08,,10.200000000000001,,0.6693127862307413,0.0,3.035707595716126,0.0
2012,2,2012-05-09,10.0,0.08,,10.200000000000001,,0.6619209548482653,0.0,1.1706220068247004,0.0
2012,2,2012-05-10,11.0,0.08,,10.200000000000001,,0.6531637219016666,0.0,1.0166836456547317,0.0
2012,2,2012-05-11,12.0,0.08,,10.200000000000001,,0.6427888736519074,0.0,0.4827744254366772,0.0
2012,2,2012-05-12,13.0,0.08,,10.200000000000001,,0.6304976080361702,0.0,1.586666099246817,0.0
2012,2,2012-05-13,14.0,0.08,,10.200000000000001,,0.6159359289831668,0.0,0.5052056294497448,0.0
2012,2,2012-05-14,15.0,0.08,,10.200000000000001,,0.5986844511067813,0.0,0.641535868026261,0.0
2012,2,2012-05-15,16.0,0.08,,10.200000000000001,,0.5782463211468956,0.0,0.6535893988489779,0.0
2012,2,2012-05-16,17.0,0.08,,10.200000000000001,,0.5540329082874117,0.0,0.4934995052678989,0.0
2012,2,2012-05-17,18.0,0.08,,10.200000000000001,,0.5253468512237497,0.0,0.4151754638444641,0.0
2012,2,2012-05-18,19.0,0.08,,10.200000000000001,,0.49136197372485746,0.0,1.581646844556491,0.0
2012,2,2012-05-19,20.0,0.08,,10.200000000000001,,0.45109949024546064,0.0,0.6766582592087337,0.0
2012,2,2012-05-20,21.0,0.08,,10.200000000000001,,0.40339981629543586,0.0,0.3726446088493294,0.0
2012,2,2012-05-21,22.0,0.08,,10.200000000000001,,0.3468891716874604,0.0,0.6300927505316575,0.0
2012,2,2012-05-22,23.0,0.08,,10.200000000000001,,0.2799400148157657,0.0,2.8253809300348145,0.0
2012,2,2012-05-23,24.0,0.08,,2.3547938598566365,,0.32953921068278375,0.06118911314840907,4.917483409091409,0.008008915729388387
2012,2,2012-05-24,25.0,0.0905004365499774,,7.232833686451317,,0.3753663616041596,0.06118911314840907,5.048550545002393,0.0
2012,2,2012-05-25,26.0,0.0905004365499774,0.25,8.170296934227776,15.783156019175248,0.37189458937619535,0.06118911314840907,1.0358659952527052,0.0
2012,2,2012-05-26,27.0,0.0905004365499774,,9.474665497888708,,0.36778060710301796,0.06118911314840907,1.4412842781599315,0.0
2012,2,2012-05-27,28.0,0.0905004365499774,,10.20533559891615,,0.36290561847107594,0.06118911314840907,0.8073663828394347,0.0
2012,2,2012-05-28,29.0,0.0905004365499774,,10.72575318571838,,0.3571288521693562,0.06118911314840907,0.5750442833663478,0.0
2012,2,2012-05-29,30.0,0.0905004365499774,,11.148470941611619,,0.350283496944109,0.06118911314840907,0.46708918985137554,0.0
2012,2,2012-05-30,31.0,0.0905004365499774,,-6.034275602483243,,0.41234600624757145,0.2059922928094689,7.707881135250719,0.029750180653521925
2012,2,2012-05-31,32.0,0.09781581180244812,0.335,3.0863987883559947,10.84813046327561,0.4854046232599192,0.3461269266288975,4.902836585878874,0.02438907476688396
2012,2,2012-06-01,33.0,0.10757690014237535,,7.331612329374064,,0.5514389271179325,0.3758627789005858,4.288963864113802,0.0058157623367831
2012,2,2012-06-02,34.0,0.11252708453870514,,9.033882711513817,,0.5463434433387743,0.3758627789005858,1.6099347883368973,0.0
2012,2,2012-06-03,35.0,0.11252708453870514,,10.235836899331227,,0.5403056460495913,0.3758627789005858,1.2019541878174127,0.0
2012,2,2012-06-04,36.0,0.11252708453870514,,12.642553416068203,,0.5331519055731251,0.3758627789005858,3.676716516736986,0.0
2012,2,2012-06-05,37.0,0.11252708453870514,0.41,13.093160250717997,33.82267982419261,0.524675966359943,0.3758627789005858,2.7391642415751805,0.0
2012,2,2012-06-06,38.0,0.11252708453870514,,-13.085442095220218,,0.6176369745935477,0.7225307242702641,8.49660719265699,0.07879046140479866
2012,2,2012-06-07,39.0,0.12187987289322277,0.44,-8.929959204796038,7.367158307578601,0.7270686230048651,1.168602857119398,6.218800121205746,0.07434412042269822
2012,2,2012-06-08,40.0,0.13117289067816762,0.455,3.355935444628307,16.09301083096885,0.8558891457333309,1.6933160606277582,6.1171860980037485,0.10866642538651963
2012,2,2012-06-09,41.0,0.14040812040431117,,6.112187924440663,,0.976519971977687,2.2915638074035365,2.218771437800548,0.11322074071308713
2012,2,2012-06-10,42.0,0.1495874285132982,,7.957639823843245,,1.0186106076149524,2.687655979313745,1.642176686626972,0.09058651388943151
2012,2,2012-06-11,43.0,0.1585564800771607,,9.108322935597277,,1.0154626831605353,2.9902551687352568,1.0863126018083868,0.06324823937533872
2012,2,2012-06-12,44.0,0.16726225723670068,,9.937147912964884,,1.0099719223498547,3.281109302444106,0.7882718088524661,0.05524584386638583
2012,2,2012-06-13,45.0,0.17581886283557063,0.54,10.773675900200729,37.15885074712806,1.0017174016783887,3.511827819598544,0.7880996257120969,0.05323975084786425
2012,2,2012-06-14,46.0,0.18395119122488177,,-5.199532792272518,,1.1791996299405583,4.233393103067775,8.155843610072631,0.1589552596868487
2012,2,2012-06-15,47.0,0.1928754436019807,0.58,2.3184306186603,32.30503117837632,1.3881277942482895,5.081772965093922,4.563099875823885,0.15561501899826757
2012,2,2012-06-16,48.0,0.20175300851523578,,5.234554014460719,,1.6225065105546863,6.0720477965112805,2.0788036124835783,0.17648465862797322
2012,2,2012-06-17,49.0,0.21058515982969914,,7.211768376424804,,1.8517042830607764,7.200705959506368,1.5385711959837616,0.23041992197083017
2012,2,2012-06-18,50.0,0.21937310977477117,0.64,11.497182312884737,51.4125123631683,2.0532587003757907,8.069193074127776,4.330817325049987,0.2063844706758649
2012,2,2012-06-19,51.0,0.22800408761981436,,-10.386567651214076,,2.4170508524645906,9.53761138365877,9.35920698766537,0.37959162883718905
2012,2,2012-06-20,52.0,0.2367070457382172,0.68,-2.927511545974223,39.168348016123325,2.845298949582226,11.189560456748522,1.8967671613599304,0.27760320842592723
2012,2,2012-06-21,53.0,0.24536910981856816,,1.432288173958991,,3.3494231634550675,13.213425024816377,1.8011653442086153,0.5135444771948481
2012,2,2012-06-22,54.0,0.25399128429891693,,6.126496873674066,,3.9428670683397207,15.587675481989486,4.243770673688505,0.4447759630863202
2012,2,2012-06-23,55.0,0.26257452977361795,,9.17405866505975,,4.487698467597767,18.281466651941656,2.2404637819512025,0.6529991075999557
2012,2,2012-06-24,56.0,0.2711197657119597,0.76,11.20868729708869,65.51233434602543,4.9104255545298825,21.221778521148163,1.308333255758493,0.713600393080912
2012,2,2012-06-25,57.0,0.27962787296019,,-19.417981886327947,,5.780444651406142,24.66561187886745,8.601719262013912,0.8673994122826805
2012,2,2012-06-26,58.0,0.2880996960478739,0.8,-2.7651275069054684,48.17971157670795,6.804611941860268,28.69559522988311,4.954828855142894,0.8767630345763999
2012,2,2012-06-27,59.0,0.29653604531716593,,4.9373110396382085,,8.010239085680688,33.40654666148147,3.4699545878422318,0.7356078261468266
2012,2,2012-06-28,60.0,0.3049376988915091,0.84,8.66210997081853,57.97913320696783,9.290772865687693,38.82875628784339,1.6602815443623156,0.9875776719085327
2012,2,2012-06-29,61.0,0.31330540449846356,,-24.473062924362946,,10.936892886880422,45.148827804985096,5.763759155151168,1.1707953116771266
2012,2,2012-06-30,62.0,0.3216398811598076,,-4.124295580378492,,12.874669066645161,52.50222240235417,5.154052594636296,1.3611424951958107
2012,2,2012-07-01,63.0,0.3299418207606506,,4.827047168220026,,15.155776443094467,61.03979982126897,2.1403295482659144,1.9153964781727026
2012,2,2012-07-02,64.0,0.33821188950809367,,11.871730922061134,,17.540389742990882,70.7782303423527,3.6837218227191486,2.2097019551988732
2012,2,2012-07-03,65.0,0.346450729288889,0.92,14.778804755028256,50.03091502925967,19.520857461950595,81.4844071964601,0.8760805216047377,1.8308019396700939
2012,2,2012-07-04,66.0,0.3546589589346103,,-21.782185083757543,,22.9795228241877,93.82442413329203,5.121560070835085,2.557924498551556
2012,2,2012-07-05,67.0,0.36283717540199767,0.94,-3.5577709076170074,22.024181913338403,27.050987399331067,107.99442348380833,4.314017201863708,2.6997651128284144
2012,2,2012-07-06,68.0,0.3709859548754002,,2.8874999611224417,,31.61779221907449,124.10145490649033,3.8822714572524397,3.027448812640722
2012,2,2012-07-07,69.0,0.37910585379757644,,-15.391377033088613,,35.596509282510745,141.79715432148703,2.4671686330832157,2.306700364742365
2012,2,2012-07-08,70.0,0.3871974098345199,,-7.2676643643680645,,38.71593311086308,160.18868171914616,1.7736986704469337,1.8504394808230236
2012,2,2012-07-09,71.0,0.39526114277945545,,3.467086700406119,,40.874177860374886,179.84199682877937,2.5182001017216487,3.2056995330763334
2012,2,2012-07-10,72.0,0.40329755540067524,0.97,9.645112016935228,17.432067267093828,40.874177860374886,199.47203391735508,0.9451787743278759,3.6768683493005834
2012,2,2012-07-11,73.0,0.41130713423746923,,13.7582587319411,,40.874177860374886,219.07879298487327,0.32828512641290847,3.4982832376092876
2012,2,2012-07-12,74.0,0.41929035034802054,0.98,17.65688406624632,25.881796178565885,40.874177860374886,238.66227403133396,0.20956505449757046,3.613595492952299
2012,2,2012-07-13,75.0,0.4272476600127999,,-30.700393497219764,,40.874177860374886,258.22247705673715,3.1012711099954764,3.619643376906715
2012,2,2012-07-14,76.0,0.43517950539668915,,-5.582684531513081,,40.874177860374886,277.7594020610828,3.716891943212329,4.333001478996851
2012,2,2012-07-15,77.0,0.4430863151727842,,8.335698265642772,,40.874177860374886,297.273049044371,3.141130146183757,3.832504321126033
2012,2,2012-07-16,78.0,0.45096850511058495,,10.616773396969474,,40.874177860374886,316.76341800660174,3.2605566360487246,3.79196658149547
2012,2,2012-07-17,79.0,0.4588264786310521,1.005,17.394709493682214,17.19562888068932,40.874177860374886,336.2305089477749,2.8801692342960656,3.5230172471815515
2012,2,2012-07-18,80.0,0.46666062733080627,,-8.81204528636218,,40.874177860374886,355.6743218678906,3.326687324124437,3.859633875880652
2012,2,2012-07-19,81.0,0.4744713314775655,1.015,0.6832826566566091,0.027691969774994957,40.874177860374886,375.09485676694885,3.2087798745063405,3.718380295008711
2012,2,2012-07-20,82.0,0.48225896047874395,,9.783248072370428,,40.874177860374886,394.49211364494954,3.3017021961034407,4.012278227350452
2012,2,2012-07-21,83.0,0.49002387332499286,,14.814686407614397,,40.874177860374886,413.86609250189275,0.7707427162620935,3.8802622142346013
2012,2,2012-07-22,84.0,0.4977664190103115,1.03,19.238534251476484,19.193286507062627,40.874177860374886,433.2167933377785,0.3459509956455846,3.9704180505850015
2012,2,2012-07-23,85.0,0.505486936930245,,-15.728639863837467,,40.874177860374886,452.54421615260674,3.4841992155583075,4.018182135902346
2012,2,2012-07-24,86.0,0.5131857572595659,1.04,-2.399969844451567,-3.759084805427761,40.874177860374886,471.84836094637745,3.4257577526698957,3.9460256866432184
2012,2,2012-07-25,87.0,0.5208632013107255,,6.21429728573731,,40.874177860374886,491.1292277190907,2.1596742045816626,2.9455053895641288
2012,2,2012-07-26,88.0,0.5285195818742754,1.05,11.775121133564294,11.354095238101399,40.874177860374886,510.3868164707464,0.7329891755652027,3.3611834090703163
2012,2,2012-07-27,89.0,0.5361552035423667,,-11.380331326452932,,40.874177860374886,529.6211272013446,3.2432689618303585,3.7223078311823685
2012,2,2012-07-28,90.0,0.5437703630163537,,-1.0940043498528904,,40.874177860374886,548.8321599108854,3.0405770884711236,3.4854545378562993
2012,2,2012-07-29,91.0,0.5513653493994564,,6.6917173513054955,,40.874177860374886,568.0199145993686,2.4944472357134897,3.334539621544673
2012,2,2012-07-30,92.0,0.5589404444753712,,11.055935812663812,,40.874177860374886,587.1843912667943,0.5789329941483595,2.7404776105337803
2012,2,2012-07-31,93.0,0.566495922973653,1.05,15.016645719913596,14.94033289349707,40.874177860374886,606.3255899131625,0.42449561665717217,3.329201149496507
2012,2,2012-08-01,94.0,0.574032052822635,,-15.769307458175588,,40.874177860374886,625.4435105384732,2.2469026366532394,2.56317111549898
2012,2,2012-08-02,95.0,0.5815490953906057,1.05,-4.92176320043483,-6.181857568489825,40.874177860374886,644.5381531427264,2.68771331496121,3.4101798312872025
2012,2,2012-08-03,96.0,0.5890473057159074,,4.077158032276866,,40.874177860374886,663.6095177259222,0.935629818173535,3.4372495241333176
2012,2,2012-08-04,97.0,0.5965269327265776,,10.607728496481887,,40.874177860374886,682.6576042880604,2.1059162661505284,3.0495940839545774
2012,2,2012-08-05,98.0,0.6039882194501183,1.05,14.787057763761405,14.684320281638765,40.874177860374886,701.6824128291411,0.8104702233146741,3.044986259019677
2012,2,2012-08-06,99.0,0.611431403213931,,-9.264566445796953,,40.874177860374886,720.6839433491643,2.9327822172660416,3.3252254073889045
2012,2,2012-08-07,100.0,0.6188567158369318,1.05,-4.299888842282954,-4.812748682349245,40.874177860374886,739.6621958481301,2.6459630188743732,2.996350975596505
2012,2,2012-08-08,101.0,0.6262643838128146,,4.450113241766161,,40.874177860374886,758.6171703260383,2.4500097826223115,3.13472553105759
2012,2,2012-08-09,102.0,0.6336546284854139,1.05,10.328874097395426,10.058873808532647,40.874177860374886,777.548866782889,0.8586173544540755,3.5223137288878825
2012,2,2012-08-10,103.0,0.6410276662165808,,3.87249186927662,,40.874177860374886,796.4572852186823,2.9573332058196646,3.336630816356423
2012,2,2012-08-11,104.0,0.6483837085469637,,9.075224147087454,,40.874177860374886,815.342425633418,2.399950954441973,2.704427087032718
2012,2,2012-08-12,105.0,0.6557229623500609,,14.762989809582429,,40.874177860374886,833.7712085436956,2.695658401810581,2.9642457324016465
2012,2,2012-08-13,106.0,0.6630456299798924,,17.365379892481652,,40.874177860374886,852.2275733264202,1.1499647299147824,2.2064819750886024
2012,2,2012-08-14,107.0,0.6703519094126096,1.05,20.46665172149281,20.46608606803845,40.874177860374886,871.0428796779834,0.39654454014085644,2.7024479150045257
2012,2,2012-08-15,108.0,0.6776419943823517,,24.25595712809289,,40.614100361765,889.6233057944238,0.4192354284987331,3.369601362789817
2012,2,2012-08-16,109.0,0.6776419943823517,1.05,26.22857147023876,26.228524873137914,40.32092602362272,905.4326643081121,0.22202118014176442,1.7504545593072607
2012,2,2012-08-17,110.0,0.6776419943823517,,28.574181278580422,,39.99044302142309,921.4483999986478,0.699426591431028,2.154143916869313
2012,2,2012-08-18,111.0,0.6776419943823517,,31.42970239348586,,39.61790354394032,938.7664643597753,0.7145450554715225,2.648967142809819
2012,2,2012-08-19,112.0,0.6776419943823517,,33.78343052399236,,39.19795558486406,952.7085007979939,0.23143511958581806,2.1222904176041886
2012,2,2012-08-20,113.0,0.6776419943823517,1.05,34.85447168960315,34.85447129359732,38.72456605438006,967.5218408753165,0.09327274199509808,0.9777676657202545
2012,2,2012-08-21,114.0,0.6776419943823517,,24.465730650146092,,38.19093410611486,984.0504830557287,2.5162270099713333,2.395031768594237
2012,2,2012-08-22,115.0,0.6776419943823517,1.05,28.949856458103618,28.94985642128142,37.58939343427498,1000.0963512287569,2.339098208462592,2.1450275447478315
2012,2,2012-08-23,116.0,0.6776419943823517,,33.21668753336297,,36.91130213735408,1015.5411948513969,2.27530118491434,1.9915298738253735
2012,2,2012-08-24,117.0,0.6776419943823517,,35.26412529811525,,36.146918566159314,1027.643371813703,1.287531464345687,1.5219062954083094
2012,2,2012-08-25,118.0,0.6776419943823517,,37.30305284154042,,35.285261372554864,1035.8266358240626,0.762317577756639,1.276609964152478
2012,2,2012-08-26,119.0,0.6776419943823517,,38.78456146603971,,34.31395174834378,1041.9625948830549,0.5598690961401215,0.9216395278983346
2012,2,2012-08-27,120.0,0.6776419943823517,1.05,39.85210457356938,39.85210457346614,33.21903558784789,1046.8718118405998,0.4094704685238745,0.6580726388654288
2012,2,2012-08-28,121.0,0.6776419943823517,,27.907566314732794,,31.98478301932342,1058.7712038972738,2.965458770199303,1.8900029709250452
2012,2,2012-08-29,122.0,0.6776419943823517,1.05,32.18259790408752,32.18259790407773,30.59346242522485,1069.730049529635,2.708256597187509,1.5667749921551426
2012,2,2012-08-30,123.0,0.6776419943823517,,36.67298436599579,,29.025085704828818,1075.477373072387,3.441177772485294,1.049208689419249
2012,2,2012-08-31,124.0,0.6776419943823517,,38.59937485937023,,27.257121119589645,1079.2661732222036,1.2464000341113484,0.6799904592619415
2012,2,2012-09-01,125.0,0.6776419943823517,,39.65246118252001,,25.264169595882574,1082.1543156292503,0.654857487617372,0.3982288355320498
2012,2,2012-09-02,126.0,0.6776419943823517,,40.56902654862038,,23.017599834809573,1083.953139259635,0.6155947518565542,0.3009706142437202
2012,2,2012-09-03,127.0,0.6776419943823517,,41.1739206987671,,20.485136986952863,1085.2161736681396,0.42482644761291766,0.18006770253376936
2012,2,2012-09-04,128.0,0.6776419943823517,1.05,41.70516239353533,41.70516239353533,17.630398982862832,1085.9408329523326,0.4155785167119172,0.11566317805629858
2012,2,2012-09-05,129.0,0.6776419943823517,,42.14704924297735,,14.412373858074496,1086.334232310327,0.37742321838139065,0.06446363106063951
2012,2,2012-09-06,130.0,0.6776419943823517,1.05,42.50684509724059,42.50684509724059,10.784830563757374,1086.5192084114478,0.33042834485797234,0.029367509405290804
2012,2,2012-09-07,131.0,0.6776419943823517,,42.76627708968683,,6.695654798540003,1086.5757855765426,0.25211895137661244,0.007313041069633518
2012,2,2012-09-08,132.0,0.6776419943823517,,43.01286067523227,,2.0861003198832027,1086.5803749456381,0.24599320032636268,0.0005903852190879643
2012,3,2012-04-30,1.0,0.08,,3.5757955736322145,,0.0,0.0,4.469744467040293,0.0
2012,3,2012-05-01,2.0,0.08,,4.913467870933774,,0.0,0.0,1.672090371626957,0.0
2012,3,2012-05-02,3.0,0.08,,6.092180302821306,,0.0,0.0,1.4733905398594245,0.0
2012,3,2012-05-03,4.0,0.08,,7.191627689080374,,0.0,0.0,1.3743092328238393,0.0
2012,3,2012-05-04,5.0,0.08,,8.024474950124024,,0.0,0.0,1.0410590763045713,0.0
2012,3,2012-05-05,6.0,0.08,,8.538632768651455,,0.4875,0.0,0.642697273159294,0.0
2012,3,2012-05-06,7.0,0.08,,9.636546740989246,,0.5738742470010385,0.0,3.1503924654222466,0.0
2012,3,2012-05-07,8.0,0.08,,7.8138912980817326,,0.6755521053764285,0.0,1.531680696365608,0.0
2012,3,2012-05-08,9.0,0.08,,10.200000000000001,,0.6693127862307413,0.0,3.035707595716126,0.0
2012,3,2012-05-09,10.0,0.08,,10.200000000000001,,0.6619209548482653,0.0,1.1706220068247004,0.0
2012,3,2012-05-10,11.0,0.08,,10.200000000000001,,0.6531637219016666,0.0,1.0166836456547317,0.0
2012,3,2012-05-11,12.0,0.08,,10.200000000000001,,0.6427888736519074,0.0,0.4827744254366772,0.0
2012,3,2012-05-12,13.0,0.08,,10.200000000000001,,0.6304976080361702,0.0,1.586666099246817,0.0
2012,3,2012-05-13,14.0,0.08,,10.200000000000001,,0.6159359289831668,0.0,0.5052056294497448,0.0
2012,3,2012-05-14,15.0,0.08,,10.200000000000001,,0.5986844511067813,0.0,0.641535868026261,0.0
2012,3,2012-05-15,16.0,0.08,,10.200000000000001,,0.5782463211468956,0.0,0.6535893988489779,0.0
2012,3,2012-05-16,17.0,0.08,,10.200000000000001,,0.5540329082874117,0.0,0.4934995052678989,0.0
2012,3,2012-05-17,18.0,0.08,,10.200000000000001,,0.5253468512237497,0.0,0.4151754638444641,0.0
2012,3,2012-05-18,19.0,0.08,,10.200000000000001,,0.49136197372485746,0.0,1.581646844556491,0.0
2012,3,2012-05-19,20.0,0.08,,10.200000000000001,,0.45109949024546064,0.0,0.6766582592087337,0.0
2012,3,2012-05-20,21.0,0.08,,10.200000000000001,,0.40339981629543586,0.0,0.3726446088493294,0.0
2012,3,2012-05-21,22.0,0.08,,10.200000000000001,,0.3468891716874604,0.0,0.6300927505316575,0.0
2012,3,2012-05-22,23.0,0.08,,10.200000000000001,,0.2799400148157657,0.0,2.8253809300348145,0.0
2012,3,2012-05-23,24.0,0.08,,2.3547938598566365,,0.32953921068278375,0.06118911314840907,4.917483409091409,0.008008915729388387
2012,3,2012-05-24,25.0,0.0905004365499774,,7.232833686451317,,0.3753663616041596,0.06118911314840907,5.048550545002393,0.0
2012,3,2012-05-25,26.0,0.0905004365499774,0.25,8.170296934227776,15.783156019175248,0.37189458937619535,0.06118911314840907,1.0358659952527052,0.0
2012,3,2012-05-26,27.0,0.0905004365499774,,9.474665497888708,,0.36778060710301796,0.06118911314840907,1.4412842781599315,0.0
2012,3,2012-05-27,28.0,0.0905004365499774,,10.20533559891615,,0.36290561847107594,0.06118911314840907,0.8073663828394347,0.0
2012,3,2012-05-28,29.0,0.0905004365499774,,10.72575318571838,,0.3571288521693562,0.06118911314840907,0.5750442833663478,0.0
2012,3,2012-05-29,30.0,0.0905004365499774,,11.148470941611619,,0.350283496944109,0.06118911314840907,0.46708918985137554,0.0
2012,3,2012-05-30,31.0,0.0905004365499774,,-6.12477603903322,,0.41234600624757145,0.2059922928094689,7.707881135250719,0.029750180653521925
2012,3,2012-05-31,32.0,0.09781581180244812,0.335,2.8892255291335274,10.570615966488251,0.4854046232599192,0.3461269266288975,4.725322089091497,0.02438907476688396
2012,3,2012-06-01,33.0,0.10757690014237535,,7.046495711289923,,0.5544828524084708,0.4043769113266546,4.200225160102494,0.011392579705743
2012,3,2012-06-02,34.0,0.11484741632384035,,8.793408775400616,,0.5493883018947602,0.4043769113266546,1.6172403655671637,0.0
2012,3,2012-06-03,35.0,0.11484741632384035,,10.011208330630284,,0.5433226346847211,0.4043769113266546,1.2177995552296794,0.0
2012,3,2012-06-04,36.0,0.11484741632384035,,12.614365704588154,,0.5361358893576293,0.4043769113266546,3.87315737395788,0.0
2012,3,2012-06-05,37.0,0.11484741632384035,0.41,13.14142126000853,33.7196254091474,0.5276208642815765,0.4043769113266546,2.777194408096252,0.0
2012,3,2012-06-06,38.0,0.11484741632384035,,-8.636804107614926,,0.6211036434700038,0.7549402643751055,8.496098825290186,0.07967580708636433
2012,3,2012-06-07,39.0,0.12420020467835799,0.44,-7.86773454031332,11.664458101032679,0.7311495091404101,1.203505466777693,6.218361846700667,0.07475962511231041
2012,3,2012-06-08,40.0,0.13349322246330284,0.455,3.6397087380725575,20.39471512071072,0.860693074878219,1.7311490425712712,6.120983723568319,0.10927329610972093
2012,3,2012-06-09,41.0,0.14272845218944638,,6.3746908373740325,,0.9767962589200322,2.3295650906155436,2.2400017812955095,0.1132525923905645
2012,3,2012-06-10,42.0,0.15190776029843342,,8.205514529526397,,1.0034973785486583,2.6806390495228825,1.6485161858307609,0.08029082196046726
2012,3,2012-06-11,43.0,0.1607902087974987,,9.346653954983989,,0.9993963163349927,2.9459002718596423,1.084927833132025,0.05544398621630155
2012,3,2012-06-12,44.0,0.16933728687161906,,10.167251496396245,,0.9929030014998083,3.1970241449345007,0.7844103581421993,0.047699340236654224
2012,3,2012-06-13,45.0,0.17768926404589175,0.54,10.992247713622154,41.444147827299,0.9837186642760067,3.3961841510848667,0.7822657150320559,0.04595742568511318
2012,3,2012-06-14,46.0,0.18554599847045683,,-4.882577333738515,,1.1580119132764324,4.104871709281266,8.158835934700432,0.15611839625700474
2012,3,2012-06-15,47.0,0.19447025084755576,0.58,2.3781079172560746,36.626434548272016,1.3631860815379375,4.938128770937455,4.501824620814532,0.15284110253441183
2012,3,2012-06-16,48.0,0.20334781576081085,,5.256638798720601,,1.592984309696674,5.910551962772798,2.0700376777339446,0.17330317767174988
2012,3,2012-06-17,49.0,0.2121799670752742,,7.217351080227951,,1.8175355996403617,7.01860350316934,1.5366789194821777,0.22621300040067183
2012,3,2012-06-18,50.0,0.22096791702034624,0.64,11.496706385079882,55.70946940296139,2.015370822081646,7.871252521464738,4.328181322741853,0.2026207566590116
2012,3,2012-06-19,51.0,0.22959889486538942,,-11.382416398641896,,2.3724500778460897,9.312948341145526,9.37069173775542,0.37268376519711727
2012,3,2012-06-20,52.0,0.23830185298379225,0.68,-3.451601519022089,42.39032093811875,2.792795901479959,10.934909420603768,1.8222455153963604,0.2725638501418409
2012,3,2012-06-21,53.0,0.24696391706414322,,1.1619770897518837,,3.287617733311585,12.922141869967705,1.7074884694545798,0.5042492790155036
2012,3,2012-06-22,54.0,0.25558609154449197,,6.026072487028984,,3.8701110792439923,15.253566311880409,4.361617937683006,0.4367532281111419
2012,3,2012-06-23,55.0,0.264169337019193,,9.11625443148887,,4.408685734154715,17.901143697555824,2.2760021320908868,0.6417964723592753
2012,3,2012-06-24,56.0,0.27271457295753476,0.76,11.15726481013062,68.76920398876717,4.8297291976424255,20.794490721922305,1.3234399609637983,0.7022022376369894
2012,3,2012-06-25,57.0,0.281222680205765,,-11.467779457514974,,5.685450680032771,24.183597311047517,8.616258681900401,0.8536153635254357
2012,3,2012-06-26,58.0,0.2896945032934489,0.8,-0.49876333990218646,59.42600920923409,6.6927871340827645,28.149925562976886,4.957350274892241,0.8629142334821986
2012,3,2012-06-27,59.0,0.29813085256274097,,5.744391774731676,,7.878601388533303,32.7869967115427,3.4915577302241245,0.7240715334921921
2012,3,2012-06-28,60.0,0.30653250613708416,0.84,9.057840606596914,69.237970865204,9.127522696277861,38.11899770581129,1.6791849281400522,0.9711474641136043
2012,3,2012-06-29,61.0,0.3149002117440386,,-16.03567655612526,,10.74471838833097,44.33499728594896,5.784121103680375,1.1515159513738455
2012,3,2012-06-30,62.0,0.3232346884053826,,-2.1187973574941723,,12.648445485829015,51.56877868383725,5.182848082296198,1.3390016177216335
2012,3,2012-07-01,63.0,0.33153662800622563,,5.433316813963488,,14.875493609846863,59.96230192687599,2.226277252727294,1.8830780759374517
2012,3,2012-07-02,64.0,0.3398066967536687,,12.00736707292507,,17.195652774293155,69.52878074455381,3.639247910412743,2.170685194295442
2012,3,2012-07-03,65.0,0.348045536534464,0.92,14.808835571482481,69.3335597669766,19.121771624806076,80.04088720753626,0.8751986388986107,1.797615074429046
2012,3,2012-07-04,66.0,0.35625376618018534,,-4.5703150724919315,,22.509727779510577,92.16232869483439,5.16982275363342,2.512616659834118
2012,3,2012-07-05,67.0,0.3644319826475727,0.94,3.739780673460204,58.53680763557728,26.49795503521024,106.08819418398694,4.367557393961787,2.6532510611713893
2012,3,2012-07-06,68.0,0.37258076212097524,,6.090684352746544,,31.00427793675825,121.9400908173756,3.933772580354658,2.979494134050989
2012,3,2012-07-07,69.0,0.3807006610431515,,-14.137212478120519,,34.962316081466106,139.38568978828795,2.5023536094196914,2.274098839814635
2012,3,2012-07-08,70.0,0.3887922170800949,,-6.8474129133171235,,38.06886557753608,157.53893779351947,1.8003837685082857,1.8264653113219793
2012,3,2012-07-09,71.0,0.3968559500250305,,3.570866425036111,,40.21463687058089,176.9504687928889,2.5438009040859755,3.1662615448766767
2012,3,2012-07-10,72.0,0.4048923626462503,0.97,9.635227307630657,53.1699812263119,40.21463687058089,196.3393843252943,0.9597781573134829,3.6317042869905523
2012,3,2012-07-11,73.0,0.41290194148304427,,13.71183887585249,,40.21463687058089,215.70568439073568,0.3342375576841964,3.4553799870822175
2012,3,2012-07-12,74.0,0.42088515759359557,0.98,17.566603839659273,61.542962703534016,40.21463687058089,235.049368989213,0.21401631155449277,3.569347620901213
2012,3,2012-07-13,75.0,0.42884246725837494,,-13.787361491441676,,40.21463687058089,254.3704381207263,3.150017414591775,3.5753913098863315
2012,3,2012-07-14,76.0,0.4367743126422642,,-0.535430995069733,,40.21463687058089,273.6688917852756,3.7753146803382105,4.280112057155572
2012,3,2012-07-15,77.0,0.4446811224183592,,9.612456457191588,,40.21463687058089,292.94472998286085,3.1323659366167056,3.785798382477616
2012,3,2012-07-16,78.0,0.45256331235616,,11.189736340210475,,40.21463687058089,312.19795271348204,3.31180661752311,3.7458283792411473
2012,3,2012-07-17,79.0,0.4604212858766271,1.005,17.69306870103945,54.43216814257833,40.21463687058089,331.42855997713923,2.84835056729388,3.480220093920004
2012,3,2012-07-18,80.0,0.4682554345763813,,-0.9653608966897934,,40.21463687058089,350.63655177383237,3.3789767589551283,3.8128229339964976
2012,3,2012-07-19,81.0,0.4760661387231405,1.015,5.981388978771185,43.45653918116864,40.21463687058089,369.8219281035615,3.25921602007292,3.6733553255657667
2012,3,2012-07-20,82.0,0.483853767724319,,13.241929945735746,,40.21463687058089,388.9846889663266,3.292730211778122,3.9637732628470723
2012,3,2012-07-21,83.0,0.4916186805705679,,18.022302344943338,,40.21463687058089,408.1248343621277,0.9457937203783147,3.8334295449933826
2012,3,2012-07-22,84.0,0.4993612262558865,1.03,22.301299105145183,60.9709357687018,40.21463687058089,427.2423642909647,0.3560943007483854,3.922575546787903
2012,3,2012-07-23,85.0,0.5070817441758201,,-20.789848005152802,,40.21463687058089,446.3372787528377,3.538964448977722,3.969843517802887
2012,3,2012-07-24,86.0,0.514780564505141,1.04,-4.890772251095611,26.057981429600254,40.21463687058089,465.40957774774665,3.479604393276889,3.898633300840974
2012,3,2012-07-25,87.0,0.5224580085563005,,5.404331640286541,,40.21463687058089,484.4592612756916,2.2159149369815543,2.910187916471809
2012,3,2012-07-26,88.0,0.5301143891198504,1.05,11.525129870964527,35.54014997277041,40.21463687058089,503.4863293366725,0.7431169294873146,3.320948760229506
2012,3,2012-07-27,89.0,0.5377500107879417,,-11.483624430297553,,40.21463687058089,522.4907819306894,3.294247212713215,3.677824680533429
2012,3,2012-07-28,90.0,0.5453651702619288,,-1.12006258863024,,40.21463687058089,541.4726190577422,3.0883693941568255,3.4438716206275832
2012,3,2012-07-29,91.0,0.5529601566450314,,6.678530470985701,,40.21463687058089,560.431840717831,2.519979453656948,3.2948240607411905
2012,3,2012-07-30,92.0,0.5605352517209462,,11.027937276986234,,40.21463687058089,579.3684469109559,0.587442973739931,2.7078926386735844
2012,3,2012-07-31,93.0,0.5680907302192281,1.05,14.958561792533938,30.71400678207149,40.21463687058089,598.2824376371166,0.4317215717271259,3.289683202731299
2012,3,2012-08-01,94.0,0.5756268600682101,,-15.721839624444536,,40.21463687058089,617.1738128963133,2.28221983287369,2.5327978050247855
2012,3,2012-08-02,95.0,0.5831439026361808,1.05,-4.915121045697371,5.049868195562097,40.21463687058089,636.042572688546,2.72100515548924,3.3698386201029034
2012,3,2012-08-03,96.0,0.5906421129614824,,4.046807322167809,,40.21463687058089,654.8887170138147,0.9500000782407838,3.396657870557194
2012,3,2012-08-04,97.0,0.5981217399721527,,10.57826734482564,,40.21463687058089,673.7122458721193,2.1443762074865957,3.0136424495012477
2012,3,2012-08-05,98.0,0.6055830266956933,1.05,14.735756980430594,18.386843808887118,40.21463687058089,692.5131592634599,0.8244994089157026,3.0091510676721405
2012,3,2012-08-06,99.0,0.613026210459506,,-9.308724351211357,,40.21463687058089,711.2914571878365,2.978880184907983,3.2861602016666884
2012,3,2012-08-07,100.0,0.6204515230825068,1.05,-4.317143223217816,-2.2297414500109847,40.21463687058089,730.047139645249,2.6875527137749198,2.9612108613429493
2012,3,2012-08-08,101.0,0.6278591910583896,,4.305524950217265,,40.21463687058089,748.7802066356975,2.341632330467953,3.0980270344553595
2012,3,2012-08-09,102.0,0.6352494357309889,1.05,10.129900872219885,9.995051418488664,40.21463687058089,767.490658159182,0.8403968019692994,3.481150272246843
2012,3,2012-08-10,103.0,0.6426224734621558,,-5.0179343303580275,,40.21463687058089,786.1784942157025,3.003817070058107,3.297706251262517
2012,3,2012-08-11,104.0,0.6499785157925387,,1.348835183131833,,40.21463687058089,804.8437148052589,2.437673790044558,2.6729336949197093
2012,3,2012-08-12,105.0,0.6573177695956359,,8.028906897972497,,40.21463687058089,823.0582747206907,2.7380292171574605,2.9297882426506807
2012,3,2012-08-13,106.0,0.6646404372254674,,11.664340231767486,,40.21463687058089,841.3004798958467,1.7806408982352855,2.180878920562154
2012,3,2012-08-14,107.0,0.6719467166581846,1.05,15.313599398285628,15.294428574085071,40.21463687058089,859.897854084511,0.8794340353026989,2.6711462551625798
2012,3,2012-08-15,108.0,0.6792368016279268,,-0.6300896546430482,,39.95875595230205,878.2630703202981,3.097737341076895,3.3305725750434685
2012,3,2012-08-16,109.0,0.6792368016279268,1.05,3.006767582424937,3.0051067477407085,39.670312241252034,893.8892747157998,1.8986196762799814,1.730175244307985
2012,3,2012-08-17,110.0,0.6792368016279268,,6.5856373193932285,,39.345161874417585,909.7193762144638,1.9554211279529279,2.1291757997056378
2012,3,2012-08-18,111.0,0.6792368016279268,,10.924699551537122,,38.978633650703784,926.8365558738183,2.2281795054764193,2.618239865015174
2012,3,2012-08-19,112.0,0.6792368016279268,,14.155046811970902,,38.56546192315288,942.0501591779961,0.9143134123632045,2.315851393213953
2012,3,2012-08-20,113.0,0.6792368016279268,1.05,15.389446892472213,15.389432986830744,38.09971095118767,957.3754561020668,0.2227882838910701,1.0115598319961592
2012,3,2012-08-21,114.0,0.6792368016279268,,-4.090212880249626,,37.57468962610238,973.7115045925743,2.5532007991024357,2.367124575691283
2012,3,2012-08-22,115.0,0.6792368016279268,1.05,0.947652695924172,0.8768924337838861,36.98285534472403,989.569955752413,2.3729731333262447,2.119973452858824
2012,3,2012-08-23,116.0,0.6792368016279268,,5.730797105272768,,36.315705650265926,1004.8997695097773,2.3077248213792543,1.9766973887141142
2012,3,2012-08-24,117.0,0.6792368016279268,,9.01612831546992,,35.563656083655914,1019.6451884834928,1.9692246890496359,1.854306546204579
2012,3,2012-08-25,118.0,0.6792368016279268,,12.385908654358094,,34.71590249051712,1033.3926602503877,1.1736504000241956,2.144640502531192
2012,3,2012-08-26,119.0,0.6792368016279268,,14.968023635540012,,33.7602658056649,1046.444176511854,0.6073189615347968,1.960377044554609
2012,3,2012-08-27,120.0,0.6792368016279268,1.05,16.998879973719074,16.998048117947476,32.68301708525067,1059.0542959359686,0.336439062280574,1.690366231030362
2012,3,2012-08-28,121.0,0.6792368016279268,,-6.92932518990197,,31.468680272915368,1070.8106593529635,3.003367513921374,1.8672854612713308
2012,3,2012-08-29,122.0,0.6792368016279268,1.05,-1.223173366835855,-1.4065595891630724,30.099809866436168,1081.6367169251928,2.741930420851723,1.547790418519308
2012,3,2012-08-30,123.0,0.6792368016279268,,5.387699576921362,,28.55674029076297,1091.454730003066,3.552968278261982,1.7923376955394987
2012,3,2012-08-31,124.0,0.6792368016279268,,9.149838136102737,,26.817303376868097,1100.1883475553682,1.6348948727055532,1.5674557579120703
2012,3,2012-09-01,125.0,0.6792368016279268,,11.057914756335649,,24.856509887630803,1107.7664592118963,0.7347255464990148,1.0449008930958468
2012,3,2012-09-02,126.0,0.6792368016279268,,12.797718723630192,,22.64619051546889,1114.128850510288,0.6393151432667661,1.064525051144807
2012,3,2012-09-03,127.0,0.6792368016279268,,13.940488105469214,,20.15459119418872,1119.2344059144843,0.4047781616401217,0.7278864499669537
2012,3,2012-09-04,128.0,0.6792368016279268,1.05,14.917376757467274,14.916750785212324,17.345916911190574,1122.9639871925021,0.37875998765647556,0.5952800617399835
2012,3,2012-09-05,129.0,0.6792368016279268,,-17.238036824696646,,14.179817466307885,1125.4568817574557,3.8352873020722367,0.4084933852650536
2012,3,2012-09-06,130.0,0.6792368016279268,1.05,-7.29674817591939,-8.029881030147461,10.610807789548229,1126.8579750781564,3.970114069586134,0.22244290491613847
2012,3,2012-09-07,131.0,0.6792368016279268,,0.34692781918203114,,6.587614489858268,1127.3288149380894,3.0035179147392745,0.06085973426104491
2012,3,2012-09-08,132.0,0.6792368016279268,,4.071838808954958,,2.052439247249869,1127.3742032760276,1.8235787056137998,0.005838842611995262
2012,4,2012-04-30,1.0,0.08,,3.5757955736322145,,0.0,0.0,4.469744467040293,0.0
2012,4,2012-05-01,2.0,0.08,,4.913467870933774,,0.0,0.0,1.672090371626957,0.0
2012,4,2012-05-02,3.0,0.08,,6.092180302821306,,0.0,0.0,1.4733905398594245,0.0
2012,4,2012-05-03,4.0,0.08,,7.191627689080374,,0.0,0.0,1.3743092328238393,0.0
2012,4,2012-05-04,5.0,0.08,,8.024474950124024,,0.0,0.0,1.0410590763045713,0.0
2012,4,2012-05-05,6.0,0.08,,8.538632768651455,,0.4875,0.0,0.642697273159294,0.0
2012,4,2012-05-06,7.0,0.08,,9.636546740989246,,0.5738742470010385,0.0,3.1503924654222466,0.0
2012,4,2012-05-07,8.0,0.08,,7.8138912980817326,,0.6755521053764285,0.0,1.531680696365608,0.0
2012,4,2012-05-08,9.0,0.08,,10.200000000000001,,0.6693127862307413,0.0,3.035707595716126,0.0
2012,4,2012-05-09,10.0,0.08,,10.200000000000001,,0.6619209548482653,0.0,1.1706220068247004,0.0
2012,4,2012-05-10,11.0,0.08,,10.200000000000001,,0.6531637219016666,0.0,1.0166836456547317,0.0
2012,4,2012-05-11,12.0,0.08,,10.200000000000001,,0.6427888736519074,0.0,0.4827744254366772,0.0
2012,4,2012-05-12,13.0,0.08,,10.200000000000001,,0.6304976080361702,0.0,1.586666099246817,0.0
2012,4,2012-05-13,14.0,0.08,,10.200000000000001,,0.6159359289831668,0.0,0.5052056294497448,0.0
2012,4,2012-05-14,15.0,0.08,,10.200000000000001,,0.5986844511067813,0.0,0.641535868026261,0.0
2012,4,2012-05-15,16.0,0.08,,10.200000000000001,,0.5782463211468956,0.0,0.6535893988489779,0.0
2012,4,2012-05-16,17.0,0.08,,10.200000000000001,,0.5540329082874117,0.0,0.4934995052678989,0.0
2012,4,2012-05-17,18.0,0.08,,10.200000000000001,,0.5253468512237497,0.0,0.4151754638444641,0.0
2012,4,2012-05-18,19.0,0.08,,10.200000000000001,,0.49136197372485746,0.0,1.581646844556491,0.0
2012,4,2012-05-19,20.0,0.08,,10.200000000000001,,0.45109949024546064,0.0,0.6766582592087337,0.0
2012,4,2012-05-20,21.0,0.08,,10.200000000000001,,0.40339981629543586,0.0,0.3726446088493294,0.0
2012,4,2012-05-21,22.0,0.08,,10.200000000000001,,0.3468891716874604,0.0,0.6300927505316575,0.0
2012,4,2012-05-22,23.0,0.08,,10.200000000000001,,0.2799400148157657,0.0,2.8253809300348145,0.0
2012,4,2012-05-23,24.0,0.08,,2.3547938598566365,,0.32953921068278375,0.06118911314840907,4.917483409091409,0.008008915729388387
2012,4,2012-05-24,25.0,0.0905004365499774,,7.232833686451317,,0.3753663616041596,0.06118911314840907,5.048550545002393,0.0
2012,4,2012-05-25,26.0,0.0905004365499774,0.25,8.170296934227776,15.783156019175248,0.37189458937619535,0.06118911314840907,1.0358659952527052,0.0
2012,4,2012-05-26,27.0,0.0905004365499774,,9.474665497888708,,0.36778060710301796,0.06118911314840907,1.4412842781599315,0.0
2012,4,2012-05-27,28.0,0.0905004365499774,,10.20533559891615,,0.36290561847107594,0.06118911314840907,0.8073663828394347,0.0
2012,4,2012-05-28,29.0,0.0905004365499774,,10.72575318571838,,0.3571288521693562,0.06118911314840907,0.5750442833663478,0.0
2012,4,2012-05-29,30.0,0.0905004365499774,,11.148470941611619,,0.350283496944109,0.06118911314840907,0.46708918985137554,0.0
2012,4,2012-05-30,31.0,0.0905004365499774,,-6.577278221783108,,0.41234600624757145,0.2059922928094689,7.707881135250719,0.029750180653521925
2012,4,2012-05-31,32.0,0.09781581180244812,0.335,2.933789026561433,10.235341196090786,0.4854046232599192,0.3461269266288975,4.890047318694021,0.02438907476688396
2012,4,2012-06-01,33.0,0.10757690014237535,,7.149094030827362,,0.5543463596878364,0.3949577417877388,4.296789217539964,0.00955037081434501
2012,4,2012-06-02,34.0,0.11423855391340633,,8.880551286812544,,0.5492352427609939,0.3949577417877388,1.6373774601031723,0.0
2012,4,2012-06-03,35.0,0.11423855391340633,,10.108703000172941,,0.5431677711189015,0.3949577417877388,1.2281517133604003,0.0
2012,4,2012-06-04,36.0,0.11423855391340633,,12.728412241529961,,0.5359788871332983,0.3949577417877388,3.889709241357028,0.0
2012,4,2012-06-05,37.0,0.11423855391340633,0.41,13.103141507087471,33.56351151178563,0.527461327265373,0.3949577417877388,2.8145923125199874,0.0
2012,4,2012-06-06,38.0,0.11423855391340633,,-8.67510440976703,,0.6209158400135062,0.7453095093078587,8.496126365078121,0.07962771806738679
2012,4,2012-06-07,39.0,0.12359134226792397,0.44,-7.8704832616718425,11.508324887945012,0.7309284310538834,1.1937396550986823,6.218385589267172,0.07473711605095136
2012,4,2012-06-08,40.0,0.1328843600528688,0.455,3.649864818901683,20.24107376373977,0.860432826631175,1.7212244849914824,6.123508455453118,0.10924042034164995
2012,4,2012-06-09,41.0,0.14211958977901235,,6.378656468375406,,0.9765009044882111,2.3194606167116842,2.2395657343810615,0.11321854251810373
2012,4,2012-06-10,42.0,0.15129889788799938,,8.207020441119214,,1.0031939504843423,2.6704290402109727,1.6480109919537784,0.08026668595025252
2012,4,2012-06-11,43.0,0.16018134638706466,,9.347311841879316,,0.9990941226872789,2.9342074415871338,1.0846173239782144,0.05513405209107798
2012,4,2012-06-12,44.0,0.16872021726715936,,10.167395850962139,,0.9925614532039791,3.18523497794244,0.7842529229856187,0.047681041705706376
2012,4,2012-06-13,45.0,0.17707219444143205,0.54,10.991915642970675,41.28856055802759,0.9833736346237452,3.3843158971253096,0.7821336561880861,0.045939175869291055
2012,4,2012-06-14,46.0,0.18492892886599713,,-4.782951799422094,,1.1576057519802585,4.0927565626362385,8.158893303765813,0.15606400770501538
2012,4,2012-06-15,47.0,0.19385318124309606,0.58,2.407948046210997,36.55048588637014,1.3627079574189576,4.92572368237254,4.481513430589545,0.1527879196155435
2012,4,2012-06-16,48.0,0.20273074615635114,,5.265622744216291,,1.5923325299015638,5.897752683143476,2.0672491767182994,0.1732329257848706
2012,4,2012-06-17,49.0,0.2115628974708145,,7.220761394155873,,1.8167919432380177,7.0053556440011375,1.5358010981074517,0.22612142115574602
2012,4,2012-06-18,50.0,0.22035084741588654,0.64,11.498149080036969,55.62795775219496,2.014546220123239,7.857659879718834,4.326528420416765,0.20253882364169984
2012,4,2012-06-19,51.0,0.22898182526092972,,-11.381071791788274,,2.3714793746092555,9.298773948899202,9.370827357077404,0.3725333805154509
2012,4,2012-06-20,52.0,0.23768478337933255,0.68,-3.4440270727711613,42.308690094407694,2.7916532110407797,10.920082156559427,1.8222508002164846,0.2724541377367963
2012,4,2012-06-21,53.0,0.24634684745968352,,1.1645013941277251,,3.286272583331403,12.90651703942445,1.7075236234965205,0.5040469009131469
2012,4,2012-06-22,54.0,0.25496902194003224,,6.026669695134887,,3.868527598357879,15.237008997550106,4.361807145137056,0.43657854292862697
2012,4,2012-06-23,55.0,0.26355226741473325,,9.116173932239358,,4.406881891978102,17.883530832009257,2.2761396677822705,0.6415405972899924
2012,4,2012-06-24,56.0,0.27209750335307503,0.76,11.15683936781608,68.68711429131267,4.827753082819627,20.775727208566103,1.3235314054067322,0.7019229806174011
2012,4,2012-06-25,57.0,0.2806056106013053,,-11.368231961305634,,5.683124441251396,24.16349286413741,8.616614931620253,0.8532776221611623
2012,4,2012-06-26,58.0,0.2890774336889892,0.8,-0.46032216078379107,59.42782675242258,6.690048737100188,28.128261256588413,4.941578370152317,0.8625748705095398
2012,4,2012-06-27,59.0,0.29751378295828124,,5.754363645095354,,7.87537780800742,32.76352175799886,3.4884792891674308,0.723788803721526
2012,4,2012-06-28,60.0,0.30591543653262443,0.84,9.060067637707867,69.23588407907944,9.123267334616543,38.09316897535246,1.6790704763414819,0.9707187574264655
2012,4,2012-06-29,61.0,0.31428314213957886,,-16.034429081637228,,10.739709070445619,44.30645254089104,5.784652492684017,1.1510128087827463
2012,4,2012-06-30,62.0,0.3226176188009229,,-2.1133072151347885,,12.642548627307084,51.53711164131118,5.183248288858077,1.3384236680807877
2012,4,2012-07-01,63.0,0.3309195584017659,,5.435185252146242,,14.868558474508733,59.92706422093618,2.2265688954349665,1.8822770013712342
2012,4,2012-07-02,64.0,0.33918962714920897,,12.007272936235532,,17.18763595264374,69.48953558634734,3.640020145589625,2.169775881948874
2012,4,2012-07-03,65.0,0.3474284669300043,0.92,14.80770435076988,69.33016145484476,19.112856823213537,79.99729585261423,0.8754263367754076,1.7968718562396324
2012,4,2012-07-04,66.0,0.3556366965757256,,-4.571520221460326,,22.4992334717135,92.11384000813844,5.170903990568163,2.511601506857735
2012,4,2012-07-05,67.0,0.363814913043113,0.94,3.7402854253473636,58.53347060842614,26.485601367549005,106.03423241015108,4.36859536494863,2.652208291206881
2012,4,2012-07-06,68.0,0.3719636925165155,,6.091198506049366,,30.990513313762303,121.88038191010841,3.934932453968983,2.9784139131321763
2012,4,2012-07-07,69.0,0.38008359143869175,,-14.136891343119236,,34.94803618794515,139.32032594928282,2.5031489737659802,2.273361698388544
2012,4,2012-07-08,70.0,0.3881751474756352,,-6.84070040241598,,38.05425053789332,157.46816902871092,1.8009889032567683,1.8259215017796115
2012,4,2012-07-09,71.0,0.39623888042057076,,3.573836450844686,,40.19969695107106,176.87419918211742,2.5445229733032297,3.165364288651126
2012,4,2012-07-10,72.0,0.40427529304179055,0.97,9.635224447056029,53.16597615515628,40.19969695107106,196.25762879408995,0.9601136577784841,3.630676728707531
2012,4,2012-07-11,73.0,0.41228487187858454,,13.711415732148048,,40.19969695107106,215.6184578646285,0.3343118771261387,3.454403839535566
2012,4,2012-07-12,74.0,0.42026808798913584,0.98,17.565083812856802,61.53712417615334,40.19969695107106,234.9566863937331,0.2140914517225773,3.5683408526127844
2012,4,2012-07-13,75.0,0.4282253976539152,,-13.78882409328719,,40.19969695107106,254.2723143814037,3.1511260976070585,3.574384418483034
2012,4,2012-07-14,76.0,0.43615724303780445,,-0.5330046723516377,,40.19969695107106,273.56534182764034,3.776643443552043,4.278908602058681
2012,4,2012-07-15,77.0,0.4440640528138995,,9.613905719006912,,40.19969695107106,292.835768732443,3.1331742497490254,3.7847355979048523
2012,4,2012-07-16,78.0,0.45194624275170026,,11.190091207958817,,40.19969695107106,312.0835950958117,3.312972244014488,3.7447784840686764
2012,4,2012-07-17,79.0,0.4598042162721674,1.005,17.6914610782476,54.42477756569363,40.19969695107106,331.3088209177464,2.8476840536689725,3.4792461984334975
2012,4,2012-07-18,80.0,0.46763836497192157,,-1.1669305040724003,,40.19969695107106,350.51144619824714,3.3801660267110267,3.8117576703171516
2012,4,2012-07-19,81.0,0.4754490691186808,1.015,5.77991886659078,43.24939507511065,40.19969695107106,369.69147093731385,3.2603631367294366,3.672330675659398
2012,4,2012-07-20,82.0,0.48323669811985925,,13.07615923202014,,40.19969695107106,388.8488951349466,3.3295396237821078,3.962669385868397
2012,4,2012-07-21,83.0,0.49100161096610817,,17.882316478588553,,40.19969695107106,407.9837187911454,0.9726460561438546,3.8323636955235774
2012,4,2012-07-22,84.0,0.4987441566514268,1.03,22.16885913360145,60.83283001636819,40.19969695107106,427.0959419059102,0.36472949657646414,3.921486683363155
2012,4,2012-07-23,85.0,0.5064646745713604,,-20.92214271630611,,40.19969695107106,446.185564479241,3.540210026147581,3.968743331181574
2012,4,2012-07-24,86.0,0.5141634949006813,1.04,-4.924572036238367,25.920167070664974,40.19969695107106,465.25258651113785,3.480829078027158,3.897554618940495
2012,4,2012-07-25,87.0,0.5218409389518408,,5.398521538945234,,40.19969695107106,484.2970080016007,2.2164649441659097,2.9093840439101553
2012,4,2012-07-26,88.0,0.5294973195153907,1.05,11.523126082193414,35.401418979660036,40.19969695107106,503.3188289506296,0.7433699817648434,3.320032939154185
2012,4,2012-07-27,89.0,0.537132941183482,,-11.384593355129285,,40.19969695107106,522.3180493582246,3.2954066589803888,3.6768121249620114
2012,4,2012-07-28,90.0,0.544748100657469,,-1.0592116533035032,,40.19969695107106,541.2946692243855,3.0894563794783547,3.4429250538330862
2012,4,2012-07-29,91.0,0.5523430870405717,,6.704310298926755,,40.19969695107106,560.2486885491126,2.513153730884583,3.293919974063501
2012,4,2012-07-30,92.0,0.5599181821164865,,11.040950028078608,,40.19969695107106,579.1801073324056,0.5860069171215839,2.707150850585792
2012,4,2012-07-31,93.0,0.5674736606147683,1.05,14.96746629939894,30.663829198244994,40.19969695107106,598.0889255742645,0.43079496869932477,3.2887835599763573
2012,4,2012-08-01,94.0,0.5750097904637503,,-15.813458131310131,,40.19969695107106,616.9751432746896,2.2830230850570365,2.532106322623055
2012,4,2012-08-02,95.0,0.582526833031721,1.05,-4.951608270438304,4.90204137877245,40.19969695107106,635.8387604336806,2.7241625938236846,3.3689201790237067
2012,4,2012-08-03,96.0,0.5900250433570227,,4.036155711358329,,40.19969695107106,654.6797770512377,0.9503470803397239,3.395733699095072
2012,4,2012-08-04,97.0,0.597504670367693,,10.5754863181671,,40.19969695107106,673.4981931273608,2.1445085418238063,3.012823894301886
2012,4,2012-08-05,98.0,0.6049659570912336,1.05,14.733995258543406,18.310642351707532,40.19969695107106,692.2940086620499,0.8245880158022124,3.008335138123064
2012,4,2012-08-06,99.0,0.6124091408550463,,-9.209886354731264,,40.19969695107106,711.067223655305,2.979928634307111,3.2852707000714805
2012,4,2012-08-07,100.0,0.6198344534780471,1.05,-4.255527841561448,-2.220679911849581,40.19969695107106,729.8178381071262,2.688498627290394,2.9604107074036525
2012,4,2012-08-08,101.0,0.6272421214539299,,4.326544517521082,,40.19969695107106,748.5458520175134,2.3411497980895053,3.097191368910301
2012,4,2012-08-09,102.0,0.6346323661265292,1.05,10.13467114620043,9.972643271973228,40.19969695107106,767.2512653864667,0.8407112965228485,3.480212904541094
2012,4,2012-08-10,103.0,0.6420054038576961,,0.383639786102339,,40.19969695107106,785.9340782139859,3.0048742962661796,3.296819838644775
2012,4,2012-08-11,104.0,0.649361446188079,,5.592096027202256,,40.19969695107106,804.5942905000712,2.4385317559450974,2.6722164859781814
2012,4,2012-08-12,105.0,0.6567006999911762,,11.287777317184467,,40.19969695107106,822.8039716884641,2.738992896429312,2.9290035057597397
2012,4,2012-08-13,106.0,0.6640233676210077,,14.447130909262455,,40.19969695107106,841.0412994199686,1.7331629035134726,2.1802958159460357
2012,4,2012-08-14,107.0,0.6713296470537249,1.05,17.945153035807625,17.944594902713447,40.19969695107106,859.6337100817519,0.8253227917743831,2.670433342355317
2012,4,2012-08-15,108.0,0.678619732023467,,9.07431188401635,,39.94391109371085,877.9940247581661,3.0988204575036065,3.3296836664124583
2012,4,2012-08-16,109.0,0.678619732023467,1.05,12.703496475931281,12.70344734309262,39.655574540804274,893.6160576725027,1.8992786360564677,1.7297133667297009
2012,4,2012-08-17,110.0,0.678619732023467,,16.207250396522678,,39.33054496880193,909.4419312058031,1.8830918151020006,2.1286071311134203
2012,4,2012-08-18,111.0,0.678619732023467,,19.45531482118216,,38.964152911981245,926.5545355793124,1.138508647015257,2.617540030344275
2012,4,2012-08-19,112.0,0.678619732023467,,22.371821235566493,,38.551134679596124,941.7640678871577,0.6012715202678558,2.31523169633216
2012,4,2012-08-20,113.0,0.678619732023467,1.05,23.60257554697655,23.60257514706269,38.08555673622384,957.0852578223602,0.21946464435958762,1.0112887465490006
2012,4,2012-08-21,114.0,0.678619732023467,,9.223106607708932,,37.56073045893578,973.4169200707755,2.554041793592727,2.366489000848494
2012,4,2012-08-22,115.0,0.678619732023467,1.05,13.71625321157654,13.716253173964837,36.969116046670145,989.2711030131366,2.3737436531314966,2.119402873320367
2012,4,2012-08-23,116.0,0.678619732023467,,18.00087938017841,,36.30221420134141,1004.5967786856347,2.30846234115525,1.976163804831185
2012,4,2012-08-24,117.0,0.678619732023467,,20.817281587119467,,35.55044402454732,1019.3382031481029,1.7245979828807594,1.853804217422483
2012,4,2012-08-25,118.0,0.678619732023467,,23.81323873131574,,34.70300537570321,1033.0819348846958,0.8519000939315898,2.1440570483075687
2012,4,2012-08-26,119.0,0.678619732023467,,26.171715610760128,,33.74772371420228,1046.1298825342185,0.3986358505703398,1.9598410282945056
2012,4,2012-08-27,120.0,0.678619732023467,1.05,28.168603208829897,28.168603208726314,32.67087519656065,1058.736533575602,0.3069862979948641,1.6899012999025844
2012,4,2012-08-28,121.0,0.678619732023467,,11.339601366885192,,31.456989515844235,1070.4896410137353,3.0042298500244704,1.8667683079838016
2012,4,2012-08-29,122.0,0.678619732023467,1.05,15.629656084272124,15.629656084262354,30.088627650913164,1081.312676101899,2.742696420320123,1.5473582970525728
2012,4,2012-08-30,123.0,0.678619732023467,,20.975682098740556,,28.54613133256748,1091.127922587291,3.5541933771225316,1.7918326373416018
2012,4,2012-08-31,124.0,0.678619732023467,,23.940275265281212,,26.80734062735452,1099.8590527126255,1.3975838366623465,1.567009329877003
2012,4,2012-09-01,125.0,0.678619732023467,,25.551494608426523,,24.8472755817682,1107.4349794885534,0.566619710283002,1.04459963286192
2012,4,2012-09-02,126.0,0.678619732023467,,27.08292840662673,,22.637777353251494,1113.7955106373772,0.46721997843371227,1.064213819766399
2012,4,2012-09-03,127.0,0.678619732023467,,28.09079120782841,,20.14710367239003,1118.8995494799283,0.2801925636904729,0.7276702375111676
2012,4,2012-09-04,128.0,0.678619732023467,1.05,28.979117028371103,28.9791170283711,17.33947282459315,1122.6280028408635,0.2932257861303508,0.595100034412346
2012,4,2012-09-05,129.0,0.678619732023467,,29.67001027618718,,14.174549599976219,1125.1201280727726,0.28252592783436464,0.40836731998171455
2012,4,2012-09-06,130.0,0.678619732023467,1.05,30.15508865769354,30.155088657693536,10.606865826456014,1126.5207790639058,0.26270570251483744,0.222372678991527
2012,4,2012-09-07,131.0,0.678619732023467,,30.42751010699196,,6.585167161275944,1126.9914664579057,0.2115814224516256,0.06084002684680483
2012,4,2012-09-08,132.0,0.678619732023467,,30.64630920348299,,2.0516767567852305,1127.0368396781555,0.21296219864740396,0.005836897843631464
2012,5,2012-04-30,1.0,0.08,,3.5757955736322145,,0.0,0.0,4.469744467040293,0.0
2012,5,2012-05-01,2.0,0.08,,4.913467870933774,,0.0,0.0,1.672090371626957,0.0
2012,5,2012-05-02,3.0,0.08,,6.092180302821306,,0.0,0.0,1.4733905398594245,0.0
2012,5,2012-05-03,4.0,0.08,,7.191627689080374,,0.0,0.0,1.3743092328238393,0.0
2012,5,2012-05-04,5.0,0.08,,8.024474950124024,,0.0,0.0,1.0410590763045713,0.0
2012,5,2012-05-05,6.0,0.08,,8.538632768651455,,0.4875,0.0,0.642697273159294,0.0
2012,5,2012-05-06,7.0,0.08,,9.636546740989246,,0.5738742470010385,0.0,3.1503924654222466,0.0
2012,5,2012-05-07,8.0,0.08,,7.8138912980817326,,0.6755521053764285,0.0,1.531680696365608,0.0
2012,5,2012-05-08,9.0,0.08,,10.200000000000001,,0.6693127862307413,0.0,3.035707595716126,0.0
2012,5,2012-05-09,10.0,0.08,,10.200000000000001,,0.6619209548482653,0.0,1.1706220068247004,0.0
2012,5,2012-05-10,11.0,0.08,,10.200000000000001,,0.6531637219016666,0.0,1.0166836456547317,0.0
2012,5,2012-05-11,12.0,0.08,,10.200000000000001,,0.6427888736519074,0.0,0.4827744254366772,0.0
2012,5,2012-05-12,13.0,0.08,,10.200000000000001,,0.6304976080361702,0.0,1.586666099246817,0.0
2012,5,2012-05-13,14.0,0.08,,10.200000000000001,,0.6159359289831668,0.0,0.5052056294497448,0.0
2012,5,2012-05-14,15.0,0.08,,10.200000000000001,,0.5986844511067813,0.0,0.641535868026261,0.0
2012,5,2012-05-15,16.0,0.08,,10.200000000000001,,0.5782463211468956,0.0,0.6535893988489779,0.0
2012,5,2012-05-16,17.0,0.08,,10.200000000000001,,0.5540329082874117,0.0,0.4934995052678989,0.0
2012,5,2012-05-17,18.0,0.08,,10.200000000000001,,0.5253468512237497,0.0,0.4151754638444641,0.0
2012,5,2012-05-18,19.0,0.08,,10.200000000000001,,0.49136197372485746,0.0,1.581646844556491,0.0
2012,5,2012-05-19,20.0,0.08,,10.200000000000001,,0.45109949024546064,0.0,0.6766582592087337,0.0
2012,5,2012-05-20,21.0,0.08,,10.200000000000001,,0.40339981629543586,0.0,0.3726446088493294,0.0
2012,5,2012-05-21,22.0,0.08,,10.200000000000001,,0.3468891716874604,0.0,0.6300927505316575,0.0
2012,5,2012-05-22,23.0,0.08,,10.200000000000001,,0.2799400148157657,0.0,2.8253809300348145,0.0
2012,5,2012-05-23,24.0,0.08,,2.3547938598566365,,0.32953921068278375,0.06118911314840907,4.917483409091409,0.008008915729388387
2012,5,2012-05-24,25.0,0.0905004365499774,,7.232833686451317,,0.3753663616041596,0.06118911314840907,5.048550545002393,0.0
2012,5,2012-05-25,26.0,0.0905004365499774,0.25,8.170296934227776,15.783156019175248,0.37189458937619535,0.06118911314840907,1.0358659952527052,0.0
2012,5,2012-05-26,27.0,0.0905004365499774,,9.474665497888708,,0.36778060710301796,0.06118911314840907,1.4412842781599315,0.0
2012,5,2012-05-27,28.0,0.0905004365499774,,10.20533559891615,,0.36290561847107594,0.06118911314840907,0.8073663828394347,0.0
2012,5,2012-05-28,29.0,0.0905004365499774,,10.72575318571838,,0.3571288521693562,0.06118911314840907,0.5750442833663478,0.0
2012,5,2012-05-29,30.0,0.0905004365499774,,11.148470941611619,,0.350283496944109,0.06118911314840907,0.46708918985137554,0.0
2012,5,2012-05-30,31.0,0.0905004365499774,,-6.2152764755831935,,0.41234600624757145,0.2059922928094689,7.707881135250719,0.029750180653521925
2012,5,2012-05-31,32.0,0.09781581180244812,0.335,2.8981587962516073,10.50373429643213,0.4854046232599192,0.3461269266288975,4.758440419035356,0.02438907476688396
2012,5,2012-06-01,33.0,0.10757690014237535,,7.0686945372405106,,0.5544828524084708,0.40249787956221084,4.219418281405261,0.01102507713459
2012,5,2012-06-02,34.0,0.11473624681518561,,8.81185339452321,,0.5493832156396377,0.40249787956221084,1.6209110488286296,0.0
2012,5,2012-06-03,35.0,0.11473624681518561,,10.031546297064386,,0.5433166083698956,0.40249787956221084,1.2196929025411898,0.0
2012,5,2012-06-04,36.0,0.11473624681518561,,12.63773838182841,,0.5361287492379342,0.40249787956221084,3.876192084764031,0.0
2012,5,2012-06-05,37.0,0.11473624681518561,0.41,13.133703973926014,33.68714405079911,0.527612404499647,0.40249787956221084,2.7841703596933316,0.0
2012,5,2012-06-06,38.0,0.11473624681518561,,-8.544522483727809,,0.6210936848013173,0.7530500112503256,8.49610028564318,0.07967325670300673
2012,5,2012-06-07,39.0,0.12408903516970325,0.44,-7.841325899838614,11.731975718063127,0.731137786015295,1.2016080520040524,6.218363105698077,0.0747584315239956
2012,5,2012-06-08,40.0,0.1333820529546481,0.455,3.644768599723937,20.457763222816453,0.8606792746739155,1.7292432099783295,6.116515951947058,0.10927155280628031
2012,5,2012-06-09,41.0,0.14261728268079166,,6.3761569558037365,,0.9767805971373023,2.3276497176010618,2.2393311834332916,0.11325078682823796
2012,5,2012-06-10,42.0,0.1517965907897787,,8.205842816561624,,1.003481288644782,2.678718080283375,1.6484042867234785,0.08028954210049538
2012,5,2012-06-11,43.0,0.16067903928884397,,9.34666886794149,,0.9993802918885377,2.9439750740168127,1.084916850183711,0.05544310236821311
2012,5,2012-06-12,44.0,0.16922611736296433,,10.167219937844202,,0.9928870806499748,3.195094943442573,0.7844038978292892,0.04769857976964579
2012,5,2012-06-13,45.0,0.17757809453723702,0.54,10.992172243354247,41.50638510432793,0.9837028898744178,3.394251773898608,0.7822602927348608,0.04595669287364651
2012,5,2012-06-14,46.0,0.1854348289618021,,-4.782640336507226,,1.1579933439988246,4.102928044440333,8.158838557549293,0.15611590967384836
2012,5,2012-06-15,47.0,0.19435908133890104,0.58,2.403053064258916,36.76847617936801,1.363164222193928,4.936171850284807,4.481631270077892,0.1528386710724169
2012,5,2012-06-16,48.0,0.20323664625215612,,5.264898082542906,,1.5928656780639987,5.908523294906817,2.067260607201251,0.17329039103712002
2012,5,2012-06-17,49.0,0.21206879756661948,,7.220608450997909,,1.8174002453783527,7.016493188811105,1.5357897672460505,0.22619633195402333
2012,5,2012-06-18,50.0,0.22085674751169151,0.64,11.49817142431304,55.84610864994236,2.0152207347709212,7.869079452846274,4.326489529196487,0.2026058439394536
2012,5,2012-06-19,51.0,0.2294877253567347,,-10.883052820649299,,2.372273398374445,9.3106693875462,9.368658331716377,0.3726563935332702
2012,5,2012-06-20,52.0,0.23819068347513753,0.68,-3.2000655654731402,43.062285548082855,2.792587918303034,10.932511637264708,1.8596516249286137,0.2725438812956193
2012,5,2012-06-21,53.0,0.2468527475554885,,1.2887154306715305,,3.2873729001032843,12.919598921027799,1.7542904155077337,0.504212444044543
2012,5,2012-06-22,54.0,0.2554749220358372,,6.071460065736259,,3.869822866991575,15.25085364115149,4.308395954952554,0.436721433583342
2012,5,2012-06-23,55.0,0.26405816751053823,,9.13796902413697,,4.406468314653297,17.897133460125843,2.2612161904386867,0.6414819305687699
2012,5,2012-06-24,56.0,0.27260340344888,0.76,11.171678526877336,69.41345161624955,4.825389801345833,20.787953715184685,1.3179253635844452,0.7015890021533523
2012,5,2012-06-25,57.0,0.28111151069711027,,-11.353711707383768,,5.6803424384283705,24.174115668967396,8.617040991741765,0.852873697277344
2012,5,2012-06-26,58.0,0.2895833337847942,0.8,-0.46194946849963126,60.1518171148365,6.686773824740766,28.137018523054344,4.9396151388517975,0.862169004049378
2012,5,2012-06-27,59.0,0.2980196830540862,,5.753534706304666,,7.871522653414072,32.77011353878041,3.4883835365093976,0.7234506664598767
2012,5,2012-06-28,60.0,0.3064213366284294,0.84,9.059410592875746,69.95918337582438,9.118801313197784,38.097290327907096,1.6792632536417809,0.9702688043768647
2012,5,2012-06-29,61.0,0.31478904223538384,,-16.03485007878687,,10.734451768540426,44.30772324754841,5.785210221988214,1.1504847256997117
2012,5,2012-06-30,62.0,0.32312351889672786,,-2.117978929623132,,12.63635984746688,51.53510524199012,5.183704994525371,1.3378170627708943
2012,5,2012-07-01,63.0,0.3314254584975709,,5.432443855140445,,14.861280018427403,59.92131006756855,2.2268734802274914,1.881436196708549
2012,5,2012-07-02,64.0,0.33969552724501395,,12.005845107143456,,17.179222261858733,69.47957516610919,3.6408137264544007,2.168821457505658
2012,5,2012-07-03,65.0,0.34793436702580927,0.92,14.806157617222107,70.05209994341541,19.103500698393834,79.98277355941838,0.875662945218574,1.796091756492235
2012,5,2012-07-04,66.0,0.3561425966715306,,-4.572883703410717,,22.48821964794785,92.09417724696287,5.172038901612838,2.5105359549183306
2012,5,2012-07-05,67.0,0.36432081313891795,0.94,3.738870835959668,59.255473056877676,26.472636137148776,106.00882469527635,4.36968453356353,2.6511137233675925
2012,5,2012-07-06,68.0,0.3724695926123205,,6.0907196483415404,,30.976064522347762,121.84894031231391,3.9361501876769047,2.9772797952924757
2012,5,2012-07-07,69.0,0.3805894915344967,,-14.136845922618061,,34.93304404117822,139.28294624518261,2.5039841574967188,2.272587644102242
2012,5,2012-07-08,70.0,0.3886810475714402,,-6.845911132638644,,38.038904342917135,157.4251129058645,1.8016244263724224,1.8253503763297996
2012,5,2012-07-09,71.0,0.39674478051637574,,3.5711671684863107,,40.18400753529428,176.8253651042989,2.54528129345588,3.164421832508081
2012,5,2012-07-10,72.0,0.40478119313759553,0.97,9.633652634752277,53.88727670166606,40.18400753529428,196.20303243164506,0.9604660724314862,3.629597405124655
2012,5,2012-07-11,73.0,0.4127907719743895,,13.708910851799653,,40.18400753529428,215.55811488790297,0.3345676937704445,3.4533785153429357
2012,5,2012-07-12,74.0,0.4207739880849408,0.98,17.56176885028286,62.25671108382844,40.18400753529428,234.89061247307265,0.21420480930268818,3.5672833637463053
2012,5,2012-07-13,75.0,0.4287312977497202,,-13.791996201269516,,40.18400753529428,254.20052518715408,3.152290614757524,3.5733267989804456
2012,5,2012-07-14,76.0,0.43666314313360943,,-0.5366569437850511,,40.18400753529428,273.4878530301473,3.77803912431028,4.277644514221008
2012,5,2012-07-15,77.0,0.44456995290970447,,9.611919482175558,,40.18400753529428,292.7525960020522,3.134037738641571,3.783619266477412
2012,5,2012-07-16,78.0,0.45245214284750523,,11.1894652092602,,40.18400753529428,311.9947541028689,3.3141965723585995,3.743675690057243
2012,5,2012-07-17,79.0,0.46031011636797237,1.005,17.689446841786765,55.142749704511935,40.18400753529428,331.21432733259735,2.8469850688405804,3.4782232320388773
2012,5,2012-07-18,80.0,0.46814426506772655,,-0.4687241970431002,,40.18400753529428,350.4113156912376,3.381415186912046,3.810638730597981
2012,5,2012-07-19,81.0,0.47595496921448577,1.015,6.478278263116345,44.667626039845985,40.18400753529428,369.5857191787896,3.261568023069069,3.6712543947549645
2012,5,2012-07-20,82.0,0.48374259821566423,,13.770953416203483,,40.18400753529428,388.73753779525333,3.327127271530514,3.9615098842224916
2012,5,2012-07-21,83.0,0.49150751106191315,,18.538338438941825,,40.18400753529428,407.86677154062886,0.9349915892253425,3.8312441361440257
2012,5,2012-07-22,84.0,0.4992500567472318,1.03,22.798069052386705,62.18190256994356,40.18400753529428,426.9734204149161,0.33906070015679435,3.920342948818446
2012,5,2012-07-23,85.0,0.5069705746671653,,-20.292779997801365,,40.18400753529428,446.05748441811517,3.5415183315482532,3.9675877013069254
2012,5,2012-07-24,86.0,0.5146693949964862,1.04,-4.746426010488183,27.269545617650934,40.18400753529428,465.11896355022594,3.482115438849811,3.8964215760024103
2012,5,2012-07-25,87.0,0.5223468390476458,,5.436220884541473,,40.18400753529428,484.1578578112485,2.217042531078869,2.908539658421795
2012,5,2012-07-26,88.0,0.5300032196111957,1.05,11.532087287454162,36.74983457627569,40.18400753529428,503.1741672011828,0.7436358071533493,3.31907096197076
2012,5,2012-07-27,89.0,0.537638841279287,,-11.38244582238368,,40.18400753529428,522.1678917200288,3.2966244958594184,3.675748536564396
2012,5,2012-07-28,90.0,0.545254000753274,,-1.060314088821492,,40.18400753529428,541.1390313677866,3.0905981062224064,3.441930778700124
2012,5,2012-07-29,91.0,0.5528489871363766,,6.703138099501124,,40.18400753529428,560.0875861444562,2.5137982400876515,3.2929703188116473
2012,5,2012-07-30,92.0,0.5604240822122915,,11.039890961786222,,40.18400753529428,579.0135560500376,0.5862231794826382,2.7063716731717427
2012,5,2012-07-31,93.0,0.5679795607105733,1.05,14.965926245090069,32.01091517619663,40.18400753529428,597.9169410845307,0.43097670098711016,3.2878385700338657
2012,5,2012-08-01,94.0,0.5755156905595553,,-15.214804938776751,,40.18400753529428,616.7977412479355,2.2838667896423512,2.531379984509229
2012,5,2012-08-02,95.0,0.583032733127526,1.05,-4.587582838311005,6.940510126610571,40.18400753529428,635.6559565402521,2.8163927357345013,3.3679554405278753
2012,5,2012-08-03,96.0,0.5905309434528276,,4.252823165059548,,40.18400753529428,654.4915869614805,0.9843310432292824,3.3947629399924932
2012,5,2012-08-04,97.0,0.5980105704634979,,10.671868058105419,,40.18400753529428,673.3046325116206,2.0889191954099595,3.0119640743818135
2012,5,2012-08-05,98.0,0.6054718571870386,1.05,14.798486397959687,19.981367855600293,40.18400753529428,692.0950931906725,0.8074024009767773,3.007478074999449
2012,5,2012-08-06,99.0,0.6129150409508513,,-9.249052251203143,,40.18400753529428,710.8629689986361,2.9810298844298684,3.2843363545687683
2012,5,2012-08-07,100.0,0.6203403535738521,1.05,-4.281484765582107,-1.2858114585570797,40.18400753529428,729.6082599355116,2.6894921777429954,2.959570212779493
2012,5,2012-08-08,101.0,0.6277480215497349,,4.316612667612864,,40.18400753529428,748.3309660012987,2.3422681428179053,3.096313571052964
2012,5,2012-08-09,102.0,0.6351382662223342,1.05,10.131096686267083,10.919014879068955,40.18400753529428,767.0310871959977,0.8410022423381411,3.479228275505126
2012,5,2012-08-10,103.0,0.6425113039535011,,3.281951420704292,,40.18400753529428,785.7086235196083,3.0059847652047766,3.2958887324497392
2012,5,2012-08-11,104.0,0.649867346283884,,8.491046160443696,,40.18400753529428,804.3635749721308,2.4394329296727717,2.671463113724908
2012,5,2012-08-12,105.0,0.6572066000869812,,14.187057624499209,,40.18400753529428,822.5681314293472,2.740005107335539,2.9281791994236284
2012,5,2012-08-13,106.0,0.6645292677168126,,16.862689427513168,,40.18400753529428,840.8003357701471,1.250012095096565,2.179683308045695
2012,5,2012-08-14,107.0,0.6718355471495299,1.05,20.016335132495627,20.686567618036293,40.18400753529428,859.3875326094048,0.48168303584059424,2.669684479511936
2012,5,2012-08-15,108.0,0.679125632119272,,23.838786931680186,,39.928321507807674,877.7426985540518,0.49323222785240006,3.328749932521167
2012,5,2012-08-16,109.0,0.679125632119272,1.05,25.823744165392586,26.49391256128249,39.64009748888532,893.3603496300301,0.25559007743841045,1.729228197839014
2012,5,2012-08-17,110.0,0.679125632119272,,28.170429652405108,,39.31519477167248,909.1817819925261,0.7266362735098221,2.128009786023769
2012,5,2012-08-18,111.0,0.679125632119272,,31.020376906578335,,38.948945712877965,926.2895803613584,0.7411333751529119,2.616804904973894
2012,5,2012-08-19,112.0,0.679125632119272,,33.43722743412462,,38.53608867610532,940.4755477527304,0.25742574005530006,2.159422175703442
2012,5,2012-08-20,113.0,0.679125632119272,1.05,34.53656206181189,35.20672620718189,38.07069244171306,955.5706611647246,0.10296749900453331,0.9963663648837079
2012,5,2012-08-21,114.0,0.679125632119272,,24.257308767348235,,37.54607099725458,971.8977159953354,2.5549251442709404,2.36582137722323
2012,5,2012-08-22,115.0,0.679125632119272,1.05,28.750665326174698,29.420829521762943,36.954687484353805,987.7474155020366,2.374552980232476,2.1188035232021956
2012,5,2012-08-23,116.0,0.679125632119272,,33.035505666397704,,36.28804592209004,1003.0687444409047,2.309237006694843,1.9756033168075164
2012,5,2012-08-24,117.0,0.679125632119272,,35.09917917602567,,35.536569151360354,1015.1914709063388,1.3011830114334022,1.524490493133679
2012,5,2012-08-25,118.0,0.679125632119272,,37.153549455636806,,34.689461246733636,1023.4099336305593,0.7722692251860285,1.282101052889589
2012,5,2012-08-26,119.0,0.679125632119272,,38.64861215219768,,33.734552419166974,1029.6010087139507,0.565144575359784,0.929918120734196
2012,5,2012-08-27,120.0,0.679125632119272,1.05,39.726077067248944,40.39624126832531,32.658124181413086,1034.562290403865,0.41241308239243624,0.6650518325165814
2012,5,2012-08-28,121.0,0.679125632119272,,27.79743777623906,,31.444712264396273,1046.3119777497645,3.0051356206918474,1.8662250882586084
2012,5,2012-08-29,122.0,0.679125632119272,1.05,32.08784317577889,32.75800737687374,30.07688445319845,1057.1318380273174,2.743501001912641,1.5469043976149282
2012,5,2012-08-30,123.0,0.679125632119272,,36.57470396506017,,28.534990150984928,1062.8577627748955,3.441558579400008,1.0453022098774858
2012,5,2012-08-31,124.0,0.679125632119272,,38.55962916085499,,26.796878073035156,1066.6150711543103,1.3105866850567784,0.6743385107368732
2012,5,2012-09-01,125.0,0.679125632119272,,39.630230428578194,,24.837578015192076,1069.4710058096628,0.676813368143623,0.39378789957924076
2012,5,2012-09-02,126.0,0.679125632119272,,40.55834183988258,,22.62894212492652,1071.245935946238,0.631138542802149,0.29697286850211746
2012,5,2012-09-03,127.0,0.679125632119272,,41.16921771570636,,20.13924052141656,1072.491924680476,0.43323833305656057,0.17763754276719512
2012,5,2012-09-04,128.0,0.679125632119272,1.05,41.70530369535218,42.37546789644896,17.332705455206586,1073.2066264031107,0.42201213224549877,0.11407384740031166
2012,5,2012-09-05,129.0,0.679125632119272,,42.15048174472198,,14.169017458716699,1073.5927775909126,0.3819021258121478,0.06327592355767002
2012,5,2012-09-06,130.0,0.679125632119272,1.05,42.51248267133121,43.182646872427995,10.602726105496352,1073.7731290102868,0.3333676492688835,0.028633277340344272
2012,5,2012-09-07,131.0,0.679125632119272,,42.77291560941459,,6.582597056688373,1073.828516292851,0.2532736986367142,0.007159239446668588
2012,5,2012-09-08,132.0,0.679125632119272,,43.01867068023339,,2.050876014189662,1073.833001691533,0.24517806055260108,0.0005770102662087509
2012,6,2012-04-30,1.0,0.08,,3.5757955736322145,,0.0,0.0,4.469744467040293,0.0
2012,6,2012-05-01,2.0,0.08,,4.913467870933774,,0.0,0.0,1.672090371626957,0.0
2012,6,2012-05-02,3.0,0.08,,6.092180302821306,,0.0,0.0,1.4733905398594245,0.0
2012,6,2012-05-03,4.0,0.08,,7.191627689080374,,0.0,0.0,1.3743092328238393,0.0
2012,6,2012-05-04,5.0,0.08,,8.024474950124024,,0.0,0.0,1.0410590763045713,0.0
2012,6,2012-05-05,6.0,0.08,,8.538632768651455,,0.4875,0.0,0.642697273159294,0.0
2012,6,2012-05-06,7.0,0.08,,9.636546740989246,,0.5738742470010385,0.0,3.1503924654222466,0.0
2012,6,2012-05-07,8.0,0.08,,7.8138912980817326,,0.6755521053764285,0.0,1.531680696365608,0.0
2012,6,2012-05-08,9.0,0.08,,10.200000000000001,,0.6693127862307413,0.0,3.035707595716126,0.0
2012,6,2012-05-09,10.0,0.08,,10.200000000000001,,0.6619209548482653,0.0,1.1706220068247004,0.0
2012,6,2012-05-10,11.0,0.08,,10.200000000000001,,0.6531637219016666,0.0,1.0166836456547317,0.0
2012,6,2012-05-11,12.0,0.08,,10.200000000000001,,0.6427888736519074,0.0,0.4827744254366772,0.0
2012,6,2012-05-12,13.0,0.08,,10.200000000000001,,0.6304976080361702,0.0,1.586666099246817,0.0
2012,6,2012-05-13,14.0,0.08,,10.200000000000001,,0.6159359289831668,0.0,0.5052056294497448,0.0
2012,6,2012-05-14,15.0,0.08,,10.200000000000001,,0.5986844511067813,0.0,0.641535868026261,0.0
2012,6,2012-05-15,16.0,0.08,,10.200000000000001,,0.5782463211468956,0.0,0.6535893988489779,0.0
2012,6,2012-05-16,17.0,0.08,,10.200000000000001,,0.5540329082874117,0.0,0.4934995052678989,0.0
2012,6,2012-05-17,18.0,0.08,,10.200000000000001,,0.5253468512237497,0.0,0.4151754638444641,0.0
2012,6,2012-05-18,19.0,0.08,,10.200000000000001,,0.49136197372485746,0.0,1.581646844556491,0.0
2012,6,2012-05-19,20.0,0.08,,10.200000000000001,,0.45109949024546064,0.0,0.6766582592087337,0.0
2012,6,2012-05-20,21.0,0.08,,10.200000000000001,,0.40339981629543586,0.0,0.3726446088493294,0.0
2012,6,2012-05-21,22.0,0.08,,10.200000000000001,,0.3468891716874604,0.0,0.6300927505316575,0.0
2012,6,2012-05-22,23.0,0.08,,10.200000000000001,,0.2799400148157657,0.0,2.8253809300348145,0.0
2012,6,2012-05-23,24.0,0.08,,2.3547938598566365,,0.32953921068278375,0.06118911314840907,4.917483409091409,0.008008915729388387
2012,6,2012-05-24,25.0,0.0905004365499774,,7.232833686451317,,0.3753663616041596,0.06118911314840907,5.048550545002393,0.0
2012,6,2012-05-25,26.0,0.0905004365499774,0.25,8.170296934227776,15.783156019175248,0.37189458937619535,0.06118911314840907,1.0358659952527052,0.0
2012,6,2012-05-26,27.0,0.0905004365499774,,9.474665497888708,,0.36778060710301796,0.06118911314840907,1.4412842781599315,0.0
2012,6,2012-05-27,28.0,0.0905004365499774,,10.20533559891615,,0.36290561847107594,0.06118911314840907,0.8073663828394347,0.0
2012,6,2012-05-28,29.0,0.0905004365499774,,10.72575318571838,,0.3571288521693562,0.06118911314840907,0.5750442833663478,0.0
2012,6,2012-05-29,30.0,0.0905004365499774,,11.148470941611619,,0.350283496944109,0.06118911314840907,0.46708918985137554,0.0
2012,6,2012-05-30,31.0,0.0905004365499774,,-5.129271236983468,,0.41234600624757145,0.2059922928094689,7.707881135250719,0.029750180653521925
2012,6,2012-05-31,32.0,0.09781581180244812,0.335,3.2071625977604974,11.726813217040103,0.4854046232599192,0.3461269266288975,4.781519339643339,0.02438907476688396
2012,6,2012-06-01,33.0,0.10757690014237535,,7.427347653561045,,0.5483388428586707,0.3654226344841116,4.204171040861758,0.0037738703427972267
2012,6,2012-06-02,34.0,0.11120517962551427,,9.088677736842682,,0.5432714277857252,0.3654226344841116,1.5663244380143886,0.0
2012,6,2012-06-03,35.0,0.11120517962551427,,10.256178239447731,,0.5372673790157412,0.3654226344841116,1.1675005026050567,0.0
2012,6,2012-06-04,36.0,0.11120517962551427,,12.449829607309914,,0.5301536083758498,0.3654226344841116,3.463651367862193,0.0
2012,6,2012-06-05,37.0,0.11120517962551427,0.41,13.102676710573315,34.230776947447865,0.5217250071676162,0.3654226344841116,2.646542510721629,0.0
2012,6,2012-06-06,38.0,0.11120517962551427,,-8.576298425042785,,0.6141631705229275,0.7082089073073101,8.49711662694889,0.07790823743501873
2012,6,2012-06-07,39.0,0.1205579679800319,0.44,-7.772939149705271,12.274905458922815,0.7229793374761341,1.1517827204027802,6.219239318681025,0.07392774071425406
2012,6,2012-06-08,40.0,0.12985098576497675,0.455,3.708426525674928,20.99129632628742,0.8510753290080537,1.6735593556857804,6.108332595860677,0.10805827150394175
2012,6,2012-06-09,41.0,0.1390862154911203,,6.389192057504943,,0.9660987706189027,2.2654585911726812,2.2414795449956246,0.11201925996464149
2012,6,2012-06-10,42.0,0.14826552360010734,,8.203208551003678,,0.9931449575145557,2.6144229611496113,1.6508934165275575,0.07980835772487314
2012,6,2012-06-11,43.0,0.1571519736253791,,9.34086450771638,,0.9891274623164833,2.8769852328338663,1.0863714816102286,0.05487986085543001
2012,6,2012-06-12,44.0,0.16569905169949947,,10.160331364416818,,0.9827057650904917,3.12555637300914,0.7853125153641839,0.04721446528781061
2012,6,2012-06-13,45.0,0.17405102887377216,0.54,10.971027455919543,42.0268512510366,0.972258200834454,3.2461319673019355,0.7830857780105711,0.027823577741636508
2012,6,2012-06-14,46.0,0.1805147879628935,,-4.806698158322483,,1.1445209085014498,3.94661814197052,8.16074164408562,0.1543116948007105
2012,6,2012-06-15,47.0,0.18943904033999243,0.58,2.445385521662229,37.29007700395646,1.3473047682937724,4.770243662125227,4.484431321035945,0.15107442633095253
2012,6,2012-06-16,48.0,0.1983166052532475,,5.271595632697585,,1.5743338097981647,5.731385999587369,2.067956938117986,0.17129272797644984
2012,6,2012-06-17,49.0,0.20714875656771087,,7.219411999604664,,1.796256075849519,6.826600019781907,1.5366041982345577,0.22359217108296675
2012,6,2012-06-18,50.0,0.2159367065127829,0.64,11.495887178177776,56.36495576179176,1.9921870728837343,7.671610167667562,4.3286272422371255,0.20080548018624125
2012,6,2012-06-19,51.0,0.22456905662175772,,-10.885662046994177,,2.3451586796643196,9.09694750767815,9.372943341181427,0.36845503697777593
2012,6,2012-06-20,52.0,0.23327201474016054,0.68,-3.1468343460876973,43.579058134563596,2.760669069518588,10.70054971439329,1.8605586104269407,0.269478717519056
2012,6,2012-06-21,53.0,0.24193407882051152,,1.3028081835043157,,3.249798735362127,12.665353723103982,1.7554502983633824,0.49855818584094297
2012,6,2012-06-22,54.0,0.2505562533008603,,6.072265862999009,,3.825591389047934,14.970554700036107,4.313572717920363,0.4318407021992446
2012,6,2012-06-23,55.0,0.2591394987755613,,9.13137019369602,,4.356571629130464,17.58762754406169,2.264800089910062,0.6344018982373925
2012,6,2012-06-24,56.0,0.2676847347139031,0.76,11.158778551768979,69.91736999645653,4.771694793965954,20.44717127379965,1.3203563051820744,0.6939983309062211
2012,6,2012-06-25,57.0,0.27619284196213334,,-11.366438844631176,,5.617133860114844,23.79688209277259,8.62672507081227,0.8436927382625413
2012,6,2012-06-26,58.0,0.28466466504981724,0.8,-0.4129721785408028,60.65230770199016,6.612366080569114,27.71737946313862,4.944909961273544,0.8529432685186192
2012,6,2012-06-27,59.0,0.2931010143191093,,5.763261505413578,,7.783931498219096,32.30124682991453,3.4943547047605144,0.7157638447304812
2012,6,2012-06-28,60.0,0.3015026678934525,0.84,9.051253854895405,70.451477734852,9.008238493135117,37.567222572160894,1.6839295714163414,0.9591219119545242
2012,6,2012-06-29,61.0,0.3098703735004069,,-16.045097238401762,,10.604299655494739,43.707026062316054,5.799028766269705,1.137400600831103
2012,6,2012-06-30,62.0,0.31820485016175093,,-2.0825381116459747,,12.483147650811109,50.85319995819364,5.195102372595971,1.3227851217474633
2012,6,2012-07-01,63.0,0.32650678976259395,,5.43425456651869,,14.681403953801277,59.14667835896188,2.2344066736942914,1.8606331212223446
2012,6,2012-07-02,64.0,0.334776858510037,,11.989283149774726,,16.956818134767992,68.59359780483592,3.6610244851287437,2.143556533566675
2012,6,2012-07-03,65.0,0.34301569829083234,0.92,14.765857499936857,70.50342388934334,18.78003653218908,78.93875334397033,0.8829427255876013,1.769065753847494
2012,6,2012-07-04,66.0,0.35122392793655366,,-4.611850349950694,,22.10744476628103,90.87199945592678,5.211368881592904,2.473606214097714
2012,6,2012-07-05,67.0,0.359402144403941,0.94,3.7304042809785347,59.7087654964842,26.02439634536734,104.58744685679441,4.407205742438207,2.6131607690120595
2012,6,2012-07-06,68.0,0.36755092387734356,,6.094496460862461,,30.474829511931233,120.21755225445061,3.978526571503823,2.9378066501408977
2012,6,2012-07-07,69.0,0.3756708227995198,,-14.129771610383058,,34.41136424256007,137.44421593048108,2.5331406878258127,2.245559808227618
2012,6,2012-07-08,70.0,0.38376237883646325,,-6.788152093581755,,37.50348808227382,155.3876312398077,1.823871210893624,1.8053532689953906
2012,6,2012-07-09,71.0,0.3918261117813988,,3.59107169693672,,39.63525726908285,174.5850539413613,2.571844690541176,3.131337825061107
2012,6,2012-07-10,72.0,0.3998625244026186,0.97,9.60922868466151,54.315820860246866,39.63525726908285,193.76043729403392,0.9728462534366734,3.5917079431388346
2012,6,2012-07-11,73.0,0.4078721032394126,,13.661414635087258,,39.63525726908285,212.91378129782555,0.34007679960569187,3.417383874708359
2012,6,2012-07-12,74.0,0.4158553193499639,0.98,17.47964513291045,62.62147932735061,39.63525726908285,232.04508595273617,0.2180390783472277,3.530158714442481
2012,6,2012-07-13,75.0,0.42381262901474326,,-13.670740910405293,,39.63525726908285,251.15435125876581,3.193159153687894,3.5361967108773236
2012,6,2012-07-14,76.0,0.4317444743986325,,-0.45545954086424745,,39.63525726908285,270.24157721591445,3.8270203122469173,4.233264870693606
2012,6,2012-07-15,77.0,0.43965128417472754,,9.637137024350315,,39.63525726908285,289.3067638241821,3.162815974429531,3.744426150674758
2012,6,2012-07-16,78.0,0.4475334741125283,,11.20196922335863,,39.63525726908285,308.34991108356877,3.3571641753474366,3.704956953561264
2012,6,2012-07-17,79.0,0.45539144763299544,1.005,17.636818868300168,55.64919595111014,39.63525726908285,327.37101899407446,2.822405948283233,3.4423063739576087
2012,6,2012-07-18,80.0,0.4632255963327496,,-0.11807525726370971,,39.63525726908285,346.3700875556992,3.4252542598576383,3.771351274150675
2012,6,2012-07-19,81.0,0.47103630047950884,1.015,6.833070743522524,45.5831186461318,39.63525726908285,365.34711676844285,3.3038533120905895,3.6334638489227586
2012,6,2012-07-20,82.0,0.4788239294806873,,14.04364570019006,,39.63525726908285,384.30210663230554,3.2858375090269667,3.920796306857159
2012,6,2012-07-21,83.0,0.4865888423269362,,18.7309796722221,,39.63525726908285,403.23505714728725,0.8942792971300633,3.7919321079948873
2012,6,2012-07-22,84.0,0.49433138801225485,1.03,22.939948016569765,62.88461262893024,39.63525726908285,422.145968313388,0.32846769322299024,3.880181068566399
2012,6,2012-07-23,85.0,0.5020519059321884,,-20.045568388177927,,39.63525726908285,441.03484013060773,3.5874330956020213,3.927007135429926
2012,6,2012-07-24,86.0,0.5097507262615093,1.04,-4.635886912608433,28.082946113014266,39.63525726908285,459.90167259894645,3.527260061527192,3.856633191524909
2012,6,2012-07-25,87.0,0.5174281703126689,,5.470575735976809,,39.63525726908285,478.7464657184042,2.237236043097967,2.8788871554851134
2012,6,2012-07-26,88.0,0.5250845508762187,1.05,11.516434478541603,37.529341456726755,39.63525726908285,497.56921948898093,0.75298401780671,3.2852881273227315
2012,6,2012-07-27,89.0,0.53272017254431,,-11.50136340262312,,39.63525726908285,516.3699339106767,3.3393642819429443,3.6383963794643783
2012,6,2012-07-28,90.0,0.5403353320182971,,-1.1104254656401191,,39.63525726908285,535.1486089834914,3.1306668195672245,3.4070119621922172
2012,6,2012-07-29,91.0,0.5479303184013997,,6.680398870536271,,39.63525726908285,553.9052447074251,2.5438560890305646,3.259617709511249
2012,6,2012-07-30,92.0,0.5555054134773145,,11.005741408517961,,39.63525726908285,572.6398410824779,0.5954875550031071,2.6790056832329863
2012,6,2012-07-31,93.0,0.5630608919755964,1.05,14.906032933484978,32.65388374887351,39.63525726908285,591.3523981086497,0.4384876831848738,3.25464812901726
2012,6,2012-08-01,94.0,0.5705970218245784,,-14.570587602860652,,39.63525726908285,610.0429157859405,2.3134764640699923,2.505868498100652
2012,6,2012-08-02,95.0,0.5781140643925491,1.05,-4.283217876110619,8.267315778498322,39.63525726908285,628.7113941143504,2.8300174231140303,3.3340696443401763
2012,6,2012-08-03,96.0,0.5856122747178507,,4.317050415767243,,39.63525726908285,647.3578330938792,0.9962964250483733,3.360664792997553
2012,6,2012-08-04,97.0,0.593091901728521,,10.670733607762282,,39.63525726908285,665.9822327245271,2.1250820598594298,2.9817619079768463
2012,6,2012-08-05,98.0,0.6005531884520616,1.05,14.763057365857744,21.274845047498214,39.63525726908285,684.584593006294,0.8203521258125653,2.9773719573051567
2012,6,2012-08-06,99.0,0.6079963722158743,,-9.28377960903864,,39.63525726908285,703.1649139391798,3.019678077370604,3.2515146702717477
2012,6,2012-08-07,100.0,0.6154216848388752,1.05,-4.284823872735328,-0.49685830630319483,39.63525726908285,721.7231955231846,2.724360668374679,2.9300445408584386
2012,6,2012-08-08,101.0,0.6228293528147579,,4.321357425051215,,39.63525726908285,740.2594377583084,2.363642810146606,3.06547665638023
2012,6,2012-08-09,102.0,0.6302195974873572,1.05,10.10861506685691,11.540432759866333,39.63525726908285,758.7736406445513,0.8516535361100275,3.444637471040298
2012,6,2012-08-10,103.0,0.6375926352185242,,3.762036044681331,,39.63525726908285,777.2658041819132,3.0449564909795974,3.263177347665658
2012,6,2012-08-11,104.0,0.6449486775489071,,8.97515138153878,,39.63525726908285,795.735928370394,2.471059474252015,2.6449951156947673
2012,6,2012-08-12,105.0,0.6522879313520042,,14.67737446006437,,39.63525726908285,813.7604343032395,2.775528483535157,2.8992183070477506
2012,6,2012-08-13,106.0,0.6596105989818357,,17.250854685051117,,39.63525726908285,831.8126302832114,1.169488952412667,2.158163078671812
2012,6,2012-08-14,107.0,0.6669168784145529,1.05,20.30710531843227,21.62685521341373,39.63525726908285,850.2166364250494,0.41063306664822463,2.6433727464452415
2012,6,2012-08-15,108.0,0.6742069633842951,,24.03503586696234,,39.383062873821494,868.3908976690124,0.43152855016705305,3.2959424650207088
2012,6,2012-08-16,109.0,0.6742069633842951,1.05,25.974905436803002,27.29460511251537,39.098774823878166,883.8545890261669,0.2275523617942907,1.7121813650069722
2012,6,2012-08-17,110.0,0.6742069633842951,,28.27916820686195,,38.77830895762916,899.5199770619159,0.7052027503446733,2.107021556465099
2012,6,2012-08-18,111.0,0.6742069633842951,,31.082020352920516,,38.41706137282493,916.4589130830628,0.7198677091350951,2.590975759097736
2012,6,2012-08-19,112.0,0.6742069633842951,,33.37275997288544,,38.00984228564299,929.9625294197677,0.23518404773212404,2.0555530521948677
2012,6,2012-08-20,113.0,0.6742069633842951,1.05,34.41491553852864,35.7346124137878,37.55080147280225,944.3178588835003,0.09461856178879223,0.9475362684670068
2012,6,2012-08-21,114.0,0.6742069633842951,,27.143208777609892,,37.033344225619366,960.4830355180965,2.585928145906463,2.342364917952958
2012,6,2012-08-22,115.0,0.6742069633842951,1.05,31.643913476602158,32.96361041419584,36.45003660857971,976.1752168606699,2.4029583072705507,2.0977463390593107
2012,6,2012-08-23,116.0,0.6742069633842951,,35.44116060214009,,35.792498661340865,987.5042719107119,2.3364261311121775,1.460820978549605
2012,6,2012-08-24,117.0,0.6742069633842951,,36.73942401854852,,35.05128400987908,996.6783131379766,0.9065841073318868,1.1536793042769224
2012,6,2012-08-25,118.0,0.6742069633842951,,38.00457653696823,,34.215744157238355,1003.205172517906,0.24694588101979303,1.0182066359452289
2012,6,2012-08-26,119.0,0.6742069633842951,,38.99085049691459,,33.27387550424549,1008.342378198822,0.2146501965431322,0.7716237629612988
2012,6,2012-08-27,120.0,0.6742069633842951,1.05,39.73643857044742,41.0561355148071,32.21214690244768,1012.6058489838165,0.17407667056755402,0.5715114028307688
2012,6,2012-08-28,121.0,0.6742069633842951,,30.920512884684356,,31.015305261849957,1024.2354187331562,3.0369277312321183,1.8471465829638036
2012,6,2012-08-29,122.0,0.6742069633842951,1.05,35.03227619169697,36.351973136076026,29.66615642075902,1033.6082347913175,2.7717413467825853,1.3400219602175008
2012,6,2012-08-30,123.0,0.6742069633842951,,38.92100035276386,,28.14531812964807,1037.1328201277306,3.245289780858748,0.6434343802042967
2012,6,2012-08-31,124.0,0.6742069633842951,,39.80841076121601,,26.4309416003402,1039.6625227364295,0.43339500234187067,0.4540154061091121
2012,6,2012-09-01,125.0,0.6742069633842951,,40.3721805367264,,24.498397620207513,1041.6725636962901,0.2866171431246022,0.27715263238544546
2012,6,2012-09-02,126.0,0.6742069633842951,,40.89927181322521,,22.319922722015317,1042.9840028549675,0.3076675139556624,0.21942376254306162
2012,6,2012-09-03,127.0,0.6742069633842951,,41.26886607943204,,19.864220326187983,1043.934435605653,0.23409341153772165,0.1355008546690768
2012,6,2012-09-04,128.0,0.6742069633842951,1.05,41.60190985531481,42.92160679969598,17.096011125395048,1044.4994320122482,0.24286445795687722,0.09017931792589175
2012,6,2012-09-05,129.0,0.6742069633842951,,41.88865624346845,,13.975526252156586,1044.8157108965318,0.23491995556194514,0.05182643259170607
2012,6,2012-09-06,130.0,0.6742069633842951,1.05,42.13341439735497,43.45311134173614,10.457935948172018,1044.9689724629407,0.22042576464426322,0.02433238924225327
2012,6,2012-09-07,131.0,0.6742069633842951,,42.31804434138111,,6.492705527476242,1045.0169996056834,0.17842206021390855,0.006207883812238677
2012,6,2012-09-08,132.0,0.6742069633842951,,42.49864090775201,,2.0228693810094382,1045.0210126277182,0.1800803235401682,0.000516242830742799
2012,7,2012-04-30,1.0,0.08,,3.5757955736322145,,0.0,0.0,4.469744467040293,0.0
2012,7,2012-05-01,2.0,0.08,,4.913467870933774,,0.0,0.0,1.672090371626957,0.0
2012,7,2012-05-02,3.0,0.08,,6.092180302821306,,0.0,0.0,1.4733905398594245,0.0
2012,7,2012-05-03,4.0,0.08,,7.191627689080374,,0.0,0.0,1.3743092328238393,0.0
2012,7,2012-05-04,5.0,0.08,,8.024474950124024,,0.0,0.0,1.0410590763045713,0.0
2012,7,2012-05-05,6.0,0.08,,8.538632768651455,,0.4875,0.0,0.642697273159294,0.0
2012,7,2012-05-06,7.0,0.08,,9.636546740989246,,0.5738742470010385,0.0,3.1503924654222466,0.0
2012,7,2012-05-07,8.0,0.08,,7.8138912980817326,,0.6755521053764285,0.0,1.531680696365608,0.0
2012,7,2012-05-08,9.0,0.08,,10.200000000000001,,0.6693127862307413,0.0,3.035707595716126,0.0
2012,7,2012-05-09,10.0,0.08,,10.200000000000001,,0.6619209548482653,0.0,1.1706220068247004,0.0
2012,7,2012-05-10,11.0,0.08,,10.200000000000001,,0.6531637219016666,0.0,1.0166836456547317,0.0
2012,7,2012-05-11,12.0,0.08,,10.200000000000001,,0.6427888736519074,0.0,0.4827744254366772,0.0
2012,7,2012-05-12,13.0,0.08,,10.200000000000001,,0.6304976080361702,0.0,1.586666099246817,0.0
2012,7,2012-05-13,14.0,0.08,,10.200000000000001,,0.6159359289831668,0.0,0.5052056294497448,0.0
2012,7,2012-05-14,15.0,0.08,,10.200000000000001,,0.5986844511067813,0.0,0.641535868026261,0.0
2012,7,2012-05-15,16.0,0.08,,10.200000000000001,,0.5782463211468956,0.0,0.6535893988489779,0.0
2012,7,2012-05-16,17.0,0.08,,10.200000000000001,,0.5540329082874117,0.0,0.4934995052678989,0.0
2012,7,2012-05-17,18.0,0.08,,10.200000000000001,,0.5253468512237497,0.0,0.4151754638444641,0.0
2012,7,2012-05-18,19.0,0.08,,10.200000000000001,,0.49136197372485746,0.0,1.581646844556491,0.0
2012,7,2012-05-19,20.0,0.08,,10.200000000000001,,0.45109949024546064,0.0,0.6766582592087337,0.0
2012,7,2012-05-20,21.0,0.08,,10.200000000000001,,0.40339981629543586,0.0,0.3726446088493294,0.0
2012,7,2012-05-21,22.0,0.08,,10.200000000000001,,0.3468891716874604,0.0,0.6300927505316575,0.0
2012,7,2012-05-22,23.0,0.08,,10.200000000000001,,0.2799400148157657,0.0,2.8253809300348145,0.0
2012,7,2012-05-23,24.0,0.08,,2.3547938598566365,,0.32953921068278375,0.06118911314840907,4.917483409091409,0.008008915729388387
2012,7,2012-05-24,25.0,0.0905004365499774,,7.232833686451317,,0.3753663616041596,0.06118911314840907,5.048550545002393,0.0
2012,7,2012-05-25,26.0,0.0905004365499774,0.25,8.170296934227776,15.783156019175248,0.37189458937619535,0.06118911314840907,1.0358659952527052,0.0
2012,7,2012-05-26,27.0,0.0905004365499774,,9.474665497888708,,0.36778060710301796,0.06118911314840907,1.4412842781599315,0.0
2012,7,2012-05-27,28.0,0.0905004365499774,,10.20533559891615,,0.36290561847107594,0.06118911314840907,0.8073663828394347,0.0
2012,7,2012-05-28,29.0,0.0905004365499774,,10.72575318571838,,0.3571288521693562,0.06118911314840907,0.5750442833663478,0.0
2012,7,2012-05-29,30.0,0.0905004365499774,,11.148470941611619,,0.350283496944109,0.06118911314840907,0.46708918985137554,0.0
2012,7,2012-05-30,31.0,0.0905004365499774,,-6.12477603903322,,0.41234600624757145,0.2059922928094689,7.707881135250719,0.029750180653521925
2012,7,2012-05-31,32.0,0.09781581180244812,0.335,2.8892255291335274,10.570615966488251,0.4854046232599192,0.3461269266288975,4.725322089091497,0.02438907476688396
2012,7,2012-06-01,33.0,0.10757690014237535,,7.046495711289923,,0.5544828524084708,0.4043769113266546,4.200225160102494,0.011392579705743
2012,7,2012-06-02,34.0,0.11484741632384035,,8.793408775400616,,0.5493883018947602,0.4043769113266546,1.6172403655671637,0.0
2012,7,2012-06-03,35.0,0.11484741632384035,,10.011208330630284,,0.5433226346847211,0.4043769113266546,1.2177995552296794,0.0
2012,7,2012-06-04,36.0,0.11484741632384035,,12.614365704588154,,0.5361358893576293,0.4043769113266546,3.87315737395788,0.0
2012,7,2012-06-05,37.0,0.11484741632384035,0.41,13.14142126000853,33.7196254091474,0.5276208642815765,0.4043769113266546,2.777194408096252,0.0
2012,7,2012-06-06,38.0,0.11484741632384035,,-8.73680410761492,,0.6211036434700038,0.7549402643751055,8.496098825290186,0.07967580708636433
2012,7,2012-06-07,39.0,0.12420020467835799,0.44,-7.894877293732559,11.56445810103268,0.7311495091404101,1.203505466777693,6.218361846700667,0.07475962511231041
2012,7,2012-06-08,40.0,0.13349322246330284,0.455,3.636483924720802,20.29969379192534,0.860693074878219,1.7311490425712712,6.125962394782953,0.10927329610972093
2012,7,2012-06-09,41.0,0.14272845218944638,,6.373978772981289,,0.9767962589200322,2.3295650906155436,2.2405742755256095,0.1132525923905645
2012,7,2012-06-10,42.0,0.15190776029843342,,8.205496499002646,,1.0034973785486583,2.6806390495228825,1.6485182263283948,0.08029082196046726
2012,7,2012-06-11,43.0,0.1607902087974987,,9.34682397134841,,0.9993963163349927,2.9459002718596423,1.0848719076796616,0.05544398621630155
2012,7,2012-06-12,44.0,0.16933728687161906,,10.167370670292737,,0.9929030014998083,3.1970241449345007,0.7843771096152006,0.047699340236654224
2012,7,2012-06-13,45.0,0.17768926404589175,0.54,10.992321482680188,41.34958364675426,0.9837186642760067,3.3961841510848667,0.7822375025243326,0.04595742568511318
2012,7,2012-06-14,46.0,0.18554599847045683,,-0.28251973756671517,,1.1580119132764324,4.104871709281266,8.158835934700432,0.15611839625700474
2012,7,2012-06-15,47.0,0.19447025084755576,0.58,4.083507278501073,40.95885347243508,1.3631860815379375,4.938128770937455,4.3288077255223385,0.15284110253441183
2012,7,2012-06-16,48.0,0.20334781576081085,,6.3509637803307255,,1.5807236813275112,5.903136332924802,2.067223728710661,0.17198158000945069
2012,7,2012-06-17,49.0,0.2121799670752742,,8.106786107531953,,1.7789717421295081,6.987920703871217,1.525427558679566,0.2214629179178115
2012,7,2012-06-18,50.0,0.22096791702034624,0.64,12.228210644984202,59.8662622400258,1.9313830827869347,7.651902392539483,4.217526519990509,0.15778646228275187
2012,7,2012-06-19,51.0,0.22943776743521965,,-1.5599379757568255,,2.273581563702352,9.03431155051247,9.378427519890236,0.3573579412545026
2012,7,2012-06-20,52.0,0.23814072555362248,0.68,2.560152139542674,56.99824325575317,2.676410067415653,10.589731141337262,3.1921470596893435,0.2613818282266415
2012,7,2012-06-21,53.0,0.24680278963397345,,5.835467898080558,,3.118677167838856,12.476696855862789,2.554481305699374,0.47880714779039735
2012,7,2012-06-22,54.0,0.2554249641143222,,9.797062974678926,,3.6104898637478797,14.65500317078995,3.9890412439575864,0.4080691176415771
2012,7,2012-06-23,55.0,0.2640082095890232,,12.271983423932502,,3.8637770649400744,16.786624191928517,1.9536757434761656,0.5167240282287754
2012,7,2012-06-24,56.0,0.27253948056588156,0.76,13.781668438791334,82.8325324887895,3.8587049275671172,18.544085946377066,1.0816292932343217,0.4265280196748653
2012,7,2012-06-25,57.0,0.2809778680800036,,-2.838795830779226,,4.542382327603643,21.26983604461353,8.792494531434981,0.6865355514198164
2012,7,2012-06-26,58.0,0.2894496911676875,0.8,3.619986631474103,79.14249187780223,5.34719228275767,24.463570848343544,4.769433809132762,0.6948288303585373
2012,7,2012-06-27,59.0,0.2978860404369795,,7.84340549768674,,6.275123967296674,28.19140354092567,3.404001988094337,0.5820953459286694
2012,7,2012-06-28,60.0,0.3062876940113227,0.84,10.716381216892326,88.62759435568194,7.171743124785215,32.428913177164354,1.7812035740870418,0.771801569769712
2012,7,2012-06-29,61.0,0.31465539961827715,,-8.16132871063522,,8.442417816248186,37.37922197443177,6.031719100304168,0.9170463206745347
2012,7,2012-06-30,62.0,0.32298987627962117,,1.4206108561992825,,9.938228035215545,43.15419132579967,5.3026429046963965,1.0689697239167095
2012,7,2012-07-01,63.0,0.3312918158804642,,6.8988432890284574,,11.636845935304715,49.84683428385308,2.3555999798583183,1.501487380146327
2012,7,2012-07-02,64.0,0.33956188462790726,,12.630080944810107,,13.369442412278337,57.45486770571602,3.6968220208895395,1.7263034624636904
2012,7,2012-07-03,65.0,0.3478007244087026,0.92,15.009232101382793,93.48436922385739,14.745234172198316,65.77424655639527,0.8875346818105996,1.4226492934151864
2012,7,2012-07-04,66.0,0.3560089540544239,,0.5451636401124595,,17.357764425485716,75.41208377975228,5.717498269057046,1.9977979019699916
2012,7,2012-07-05,67.0,0.36418717052181127,0.94,7.368951878563192,87.41731768231381,20.433177413942627,86.5452358554003,4.696488070964376,2.121164216465021
2012,7,2012-07-06,68.0,0.3723359499952138,,8.990960168696539,,24.01528565081573,99.34492806382703,4.548386671302972,2.4058072503664256
2012,7,2012-07-07,69.0,0.38045584891739004,,-11.719200014108816,,27.341754239617654,113.62011975797347,2.9470247874344087,1.8608244362327133
2012,7,2012-07-08,70.0,0.3885474049543335,,-5.821460753920384,,29.93958199290594,128.60361678569208,2.154074477972743,1.5075449614051042
2012,7,2012-07-09,71.0,0.39661113789926905,,3.5918024331068206,,31.67785045578613,144.69135465239373,2.80289203032954,2.6241096466346945
2012,7,2012-07-10,72.0,0.40171862883175463,0.97,9.077982511839798,81.16065505216397,31.67785045578613,160.7643719260885,1.1286066516979174,3.0106091101480397
2012,7,2012-07-11,73.0,0.4097282076685486,,13.070686353528583,,31.67785045578613,176.82266860677643,0.4353057772029343,2.865158382839158
2012,7,2012-07-12,74.0,0.4177114237790999,0.98,16.700225584602055,88.50779136608557,31.67785045578613,192.8662446944575,0.2862692457479664,2.9604029081315617
2012,7,2012-07-13,75.0,0.4256687334438793,,-5.174732880705365,,31.67785045578613,208.8951001891317,3.8172884986740145,2.9661624961326982
2012,7,2012-07-14,76.0,0.43360057882776853,,4.392518077988309,,31.67785045578613,224.90923509079906,4.575043058927934,3.551698652594772
2012,7,2012-07-15,77.0,0.44150738860386357,,11.27649797829778,,31.67785045578613,240.90864939945956,2.9073440572881575,3.142304691990205
2012,7,2012-07-16,78.0,0.44938957854166434,,12.503422703976316,,31.67785045578613,256.8933431151132,4.01334965716112,3.1099167236217347
2012,7,2012-07-17,79.0,0.45724755206213147,1.005,17.933109370844367,88.81080809595589,31.67785045578613,272.86331623776,2.4257754411766475,2.8901334523030546
2012,7,2012-07-18,80.0,0.46508170076188565,,4.287559599821032,,31.67785045578613,288.81856876739994,4.094748511388083,3.1671479979073105
2012,7,2012-07-19,81.0,0.47289240490864487,1.015,11.376498942583233,82.8743999359632,31.67785045578613,304.759100704033,3.9496187451175686,3.0520765855943486
2012,7,2012-07-20,82.0,0.48068003390982333,,17.596422378242554,,31.67785045578613,320.6849120476592,2.839904207564782,3.294217657105565
2012,7,2012-07-21,83.0,0.48844494675607225,,21.559691026225774,,31.67785045578613,336.59600279827856,0.6912791418390777,3.1867075257367685
2012,7,2012-07-22,84.0,0.4961874924413909,1.03,25.158943821282577,97.60078508494243,31.662258882729343,351.09902945915246,0.5385146879629029,2.975761928770137
2012,7,2012-07-23,85.0,0.4961874924413909,,-22.952142796535753,,31.662258882729343,366.9664471761525,4.290067928016521,3.2988451188864047
2012,7,2012-07-24,86.0,0.4961874924413909,1.04,-5.741484657323021,57.74831379528029,31.662258882729343,382.8191574915484,4.218109400362766,3.2405062630721844
2012,7,2012-07-25,87.0,0.4961874924413909,,5.155996600176204,,31.662258882729343,398.6571604053403,2.52915305274429,2.419544903890313
2012,7,2012-07-26,88.0,0.5038438730049408,1.05,11.003025788401231,66.65271068596768,31.662258882729343,414.4804559175281,0.9019306234791516,2.761768310573654
2012,7,2012-07-27,89.0,0.5114794946730321,,-11.897620771579799,,31.662258882729343,430.28904402811185,3.9934123436309616,3.0593470256436976
2012,7,2012-07-28,90.0,0.5190946541470192,,-1.155219003821275,,31.662258882729343,446.0829247370915,3.743839385435831,2.8654812065431283
2012,7,2012-07-29,91.0,0.5266896405301218,,6.563850432685165,,31.662258882729343,461.8620980444671,2.872264548800772,2.7421800748914666
2012,7,2012-07-30,92.0,0.5342647356060366,,10.608416274466714,,31.662258882729343,477.6265639502386,0.718661483808516,2.254283621019595
2012,7,2012-07-31,93.0,0.5418202141043185,1.05,14.096600296443011,61.02347176323134,31.662258882729343,493.3763224544061,0.5439585439681911,2.7393328435215487
2012,7,2012-08-01,94.0,0.5493563439533005,,-16.623640958604476,,31.662258882729343,509.11137355696945,2.766594084470916,2.109624225220118
2012,7,2012-08-02,95.0,0.5568733865212712,1.05,-5.252090297122202,35.240376408965375,31.662258882729343,524.8317172579287,3.2031344933092423,2.80755184273379
2012,7,2012-08-03,96.0,0.5643715968465728,,3.5593114323230775,,31.662258882729343,540.537353557284,1.1509762267237424,2.830641229717597
2012,7,2012-08-04,97.0,0.5718512238572431,,9.965038305587555,,31.662258882729343,556.2282824550351,2.4830401438362273,2.5121139481509402
2012,7,2012-08-05,98.0,0.5793125105807837,1.05,13.785205524007356,47.45907629964658,31.662258882729343,571.9045039511823,0.9868949952918957,2.5090333469608335
2012,7,2012-08-06,99.0,0.5867556943445964,,-10.172293038725385,,31.662258882729343,587.5660180457253,3.611112382428487,2.7407299917485957
2012,7,2012-08-07,100.0,0.5941810069675972,1.05,-4.610589118879603,25.841942447996114,31.662258882729343,603.2128247386643,3.2579540903695947,2.470370994479742
2012,7,2012-08-08,101.0,0.60158867494348,,4.033734573699388,,31.662258882729343,618.8449240299992,2.5126757753366165,2.585196873236962
2012,7,2012-08-09,102.0,0.6089789196160793,1.05,9.471896889228717,34.83767596464985,31.662258882729343,634.46231591973,0.9921860392026491,2.905674828877535
2012,7,2012-08-10,103.0,0.6163519573472462,,-5.1001771460607825,,31.662258882729343,650.0650004078568,3.641341827439748,2.753292035383609
2012,7,2012-08-11,104.0,0.6237079996776291,,1.4476344124367289,,31.662258882729343,665.6529774943796,2.9550413112111116,2.2322602077103606
2012,7,2012-08-12,105.0,0.6310472534807263,,8.190388797190348,,31.662258882729343,680.868675723774,3.2171602911144648,2.447425245692176
2012,7,2012-08-13,106.0,0.6383699211105578,,11.84870717144316,,31.662258882729343,696.1115674037312,2.143759070361146,1.8223071626507334
2012,7,2012-08-14,107.0,0.645676200543275,1.05,15.200524141133249,37.24041138216809,31.662258882729343,711.6554222854418,1.0195798755539334,2.2325683904010103
2012,7,2012-08-15,108.0,0.6529662855130172,,8.563275621458317,,31.46079572134936,727.0050460918978,3.750933262891323,2.783688219657156
2012,7,2012-08-16,109.0,0.6529662855130172,1.05,12.313402627626168,34.31709965208445,31.233694840599103,740.0647754507454,2.296058539802358,1.4460082475655223
2012,7,2012-08-17,110.0,0.6529662855130172,,15.187234713091364,,30.977693645719285,753.2937348862106,1.600257696268059,1.7793177313270752
2012,7,2012-08-18,111.0,0.6529662855130172,,17.99379823417832,,30.689114351956142,767.5963505596236,1.1262050690693322,2.1877248048661944
2012,7,2012-08-19,112.0,0.6529662855130172,,20.2932398716171,,30.363811148477232,780.3060099428321,0.3645681724591834,1.934695009550782
2012,7,2012-08-20,113.0,0.6529662855130172,1.05,21.279112589500905,43.279705436869605,29.99711063849368,793.1058202944694,0.14097445303779405,0.84486284820677
2012,7,2012-08-21,114.0,0.6529662855130172,,2.0162969144844127,,29.58374469993501,806.7455341198853,3.0607538448073686,1.9764205413750737
2012,7,2012-08-22,115.0,0.6529662855130172,1.05,6.623735699956523,28.62431580720929,29.117774802134345,819.9813124259454,2.8380640351593276,1.7693719489979285
2012,7,2012-08-23,116.0,0.6529662855130172,,11.025706042708322,,28.592506691236164,832.7697784730516,2.7529653384819,1.6490042110805179
2012,7,2012-08-24,117.0,0.6529662855130172,,14.13296175367713,,28.00039421867347,845.0636551043141,2.323242045054606,1.5460134402567947
2012,7,2012-08-25,118.0,0.6529662855130172,,17.164240710256706,,27.332930931087233,856.5176298510959,1.2444297482084914,1.7868491438601375
2012,7,2012-08-26,119.0,0.6529662855130172,,19.407050446505277,,26.580527864238725,867.3829089111383,0.6108120842388136,1.6319976334760558
2012,7,2012-08-27,120.0,0.6529662855130172,1.05,21.143340869294423,43.143919869304554,25.732375785267784,877.8706749058449,0.33042225075761616,1.405868166680363
2012,7,2012-08-28,121.0,0.6529662855130172,,-2.6811681472791995,,24.776289904230882,887.6374100918604,3.5242219397334904,1.5512690421402004
2012,7,2012-08-29,122.0,0.6529662855130172,1.05,1.8075491458110633,23.808128143815775,23.698534824001424,896.619519007867,3.2045543343733693,1.2841629582641536
2012,7,2012-08-30,123.0,0.6529662855130172,,7.036487042558065,,22.483627213713653,904.7528971828007,3.7441404962253304,1.4847974003890505
2012,7,2012-08-31,124.0,0.6529662855130172,,9.806788139338522,,21.114113370901727,911.975205356375,1.4740858154688707,1.2962152812725807
2012,7,2012-09-01,125.0,0.6529662855130172,,11.386712040335183,,19.570318476729284,918.2292075533321,0.7175966119177355,0.8623272890673905
2012,7,2012-09-02,126.0,0.6529662855130172,,12.911514008357779,,17.83006394204023,923.4675870335576,0.6483412282478613,0.8764607397713315
2012,7,2012-09-03,127.0,0.6529662855130172,,13.933358002387482,,15.868348783544855,927.6598165347311,0.4241681669192843,0.597675827109402
2012,7,2012-09-04,128.0,0.6529662855130172,1.05,14.82194409974858,36.82252309756532,13.656990452702692,930.7127180368828,0.4013111838474959,0.48727491351328484
2012,7,2012-09-05,129.0,0.6529662855130172,,-17.07154814831185,,11.164219957349134,932.7460546684722,4.273318945762751,0.3331888061767531
2012,7,2012-09-06,130.0,0.6529662855130172,1.05,-6.859636499125709,9.467628235971901,8.35422545947023,933.8842095324968,4.357899591068663,0.1806977953984229
2012,7,2012-09-07,131.0,0.6529662855130172,,0.6219520328793762,,5.186637792323249,934.2649108823508,2.868030372886733,0.049208626874194465
2012,7,2012-09-08,132.0,0.6529662855130172,,4.222464887930712,,1.6159505056985688,934.3014156535113,1.7137989788445922,0.004696043589058286
2012,8,2012-04-30,1.0,0.08,,3.5757955736322145,,0.0,0.0,4.469744467040293,0.0
2012,8,2012-05-01,2.0,0.08,,4.913467870933774,,0.0,0.0,1.672090371626957,0.0
2012,8,2012-05-02,3.0,0.08,,6.092180302821306,,0.0,0.0,1.4733905398594245,0.0
2012,8,2012-05-03,4.0,0.08,,7.191627689080374,,0.0,0.0,1.3743092328238393,0.0
2012,8,2012-05-04,5.0,0.08,,8.024474950124024,,0.0,0.0,1.0410590763045713,0.0
2012,8,2012-05-05,6.0,0.08,,8.538632768651455,,0.4875,0.0,0.642697273159294,0.0
2012,8,2012-05-06,7.0,0.08,,9.636546740989246,,0.5738742470010385,0.0,3.1503924654222466,0.0
2012,8,2012-05-07,8.0,0.08,,7.8138912980817326,,0.6755521053764285,0.0,1.531680696365608,0.0
2012,8,2012-05-08,9.0,0.08,,10.200000000000001,,0.6693127862307413,0.0,3.035707595716126,0.0
2012,8,2012-05-09,10.0,0.08,,10.200000000000001,,0.6619209548482653,0.0,1.1706220068247004,0.0
2012,8,2012-05-10,11.0,0.08,,10.200000000000001,,0.6531637219016666,0.0,1.0166836456547317,0.0
2012,8,2012-05-11,12.0,0.08,,10.200000000000001,,0.6427888736519074,0.0,0.4827744254366772,0.0
2012,8,2012-05-12,13.0,0.08,,10.200000000000001,,0.6304976080361702,0.0,1.586666099246817,0.0
2012,8,2012-05-13,14.0,0.08,,10.200000000000001,,0.6159359289831668,0.0,0.5052056294497448,0.0
2012,8,2012-05-14,15.0,0.08,,10.200000000000001,,0.5986844511067813,0.0,0.641535868026261,0.0
2012,8,2012-05-15,16.0,0.08,,10.200000000000001,,0.5782463211468956,0.0,0.6535893988489779,0.0
2012,8,2012-05-16,17.0,0.08,,10.200000000000001,,0.5540329082874117,0.0,0.4934995052678989,0.0
2012,8,2012-05-17,18.0,0.08,,10.200000000000001,,0.5253468512237497,0.0,0.4151754638444641,0.0
2012,8,2012-05-18,19.0,0.08,,10.200000000000001,,0.49136197372485746,0.0,1.581646844556491,0.0
2012,8,2012-05-19,20.0,0.08,,10.200000000000001,,0.45109949024546064,0.0,0.6766582592087337,0.0
2012,8,2012-05-20,21.0,0.08,,10.200000000000001,,0.40339981629543586,0.0,0.3726446088493294,0.0
2012,8,2012-05-21,22.0,0.08,,10.200000000000001,,0.3468891716874604,0.0,0.6300927505316575,0.0
2012,8,2012-05-22,23.0,0.08,,10.200000000000001,,0.2799400148157657,0.0,2.8253809300348145,0.0
2012,8,2012-05-23,24.0,0.08,,2.3547938598566365,,0.32953921068278375,0.06118911314840907,4.917483409091409,0.008008915729388387
2012,8,2012-05-24,25.0,0.0905004365499774,,7.232833686451317,,0.3753663616041596,0.06118911314840907,5.048550545002393,0.0
2012,8,2012-05-25,26.0,0.0905004365499774,0.25,8.170296934227776,15.783156019175248,0.37189458937619535,0.06118911314840907,1.0358659952527052,0.0
2012,8,2012-05-26,27.0,0.0905004365499774,,9.474665497888708,,0.36778060710301796,0.06118911314840907,1.4412842781599315,0.0
2012,8,2012-05-27,28.0,0.0905004365499774,,10.20533559891615,,0.36290561847107594,0.06118911314840907,0.8073663828394347,0.0
2012,8,2012-05-28,29.0,0.0905004365499774,,10.72575318571838,,0.3571288521693562,0.06118911314840907,0.5750442833663478,0.0
2012,8,2012-05-29,30.0,0.0905004365499774,,11.148470941611619,,0.350283496944109,0.06118911314840907,0.46708918985137554,0.0
2012,8,2012-05-30,31.0,0.0905004365499774,,-5.853274729383288,,0.41234600624757145,0.2059922928094689,7.707881135250719,0.029750180653521925
2012,8,2012-05-31,32.0,0.09781581180244812,0.335,3.0694737470774514,10.98247674109219,0.4854046232599192,0.3461269266288975,4.837182863695436,0.02438907476688396
2012,8,2012-06-01,33.0,0.10757690014237535,,7.287963682956119,,0.5515926410365248,0.37959838311755,4.251072518508315,0.006546374868472112
2012,8,2012-06-02,34.0,0.1129329288426328,,8.998160845287433,,0.5464963712933213,0.37959838311755,1.6021298616829416,0.0
2012,8,2012-06-03,35.0,0.1129329288426328,,10.196147373629135,,0.5404570126160779,0.37959838311755,1.1979865283417126,0.0
2012,8,2012-06-04,36.0,0.1129329288426328,,12.596882712601179,,0.5333014229787469,0.37959838311755,3.670735338972059,0.0
2012,8,2012-06-05,37.0,0.1129329288426328,0.41,13.112778584195121,33.888410115316674,0.5248232937941347,0.37959838311755,2.7254627518510697,0.0
2012,8,2012-06-06,38.0,0.1129329288426328,,-8.5658050198663,,0.6178104051994131,0.7264606927500802,8.496581759552644,0.07883463638594486
2012,8,2012-06-07,39.0,0.12228571719715044,0.44,-7.809665217495219,11.93290620142479,0.7272727816886556,1.1726575517679023,6.21877819470162,0.07436490777214683
2012,8,2012-06-08,40.0,0.13157873498209527,0.455,3.6773117406752505,20.655176890628287,0.8561294768326726,1.6975173599199425,6.113573902464414,0.10869678673909713
2012,8,2012-06-09,41.0,0.14081396470823881,,6.383413782271137,,0.9716170543601079,2.2927783851440795,2.2401845980099626,0.11265549190403933
2012,8,2012-06-10,42.0,0.14999327281722585,,8.205031540640059,,0.9981765983435851,2.642001667731631,1.6494004324724756,0.07986757119199388
2012,8,2012-06-11,43.0,0.15887572131629113,,9.344242724471615,,0.9940971828039639,2.9058644878466384,1.0854989469693799,0.05515169700484171
2012,8,2012-06-12,44.0,0.1674227993904115,,10.164122947970352,,0.9876381272969947,3.1556643519455854,0.7847727400870379,0.04744785337542873
2012,8,2012-06-13,45.0,0.17577477656468418,0.54,10.98836480943847,41.705130831189635,0.9785022205447783,3.3537741550919664,0.7825928581515523,0.0457150847279961
2012,8,2012-06-14,46.0,0.18363151098924926,,-0.2864511627217346,,1.1518712307773924,4.05872886058408,8.159703316698598,0.1552960776330687
2012,8,2012-06-15,47.0,0.1925557633663482,0.58,4.083688208349825,41.3140972296914,1.3559574055477648,4.887602167765092,4.329263330005322,0.15203700749812799
2012,8,2012-06-16,48.0,0.20143332827960328,,6.350126184295839,,1.572341451287854,5.847539271322603,2.0676129017500435,0.1710779337723791
2012,8,2012-06-17,49.0,0.21026547959406663,,8.105236772302623,,1.7695382462233449,6.926630428411238,1.5258973337659463,0.22030062632600508
2012,8,2012-06-18,50.0,0.21905342953913867,0.64,12.226958581722567,60.220620485194054,1.9216599211386667,7.587306765137688,4.218633470757003,0.15700098913130897
2012,8,2012-06-19,51.0,0.2275232799540121,,-1.4680187584775495,,2.262135672278004,8.962847946935494,9.37338096346252,0.35558254370856435
2012,8,2012-06-20,52.0,0.2362262380724149,0.68,2.593962440711625,57.42873316165519,2.662936216497903,10.510558249833377,3.176396188343324,0.260086314280085
2012,8,2012-06-21,53.0,0.24488830215276589,,5.845124507454919,,3.10109334123593,12.387076496767452,2.550465761052035,0.47615616048279075
2012,8,2012-06-22,54.0,0.25351047663311466,,9.797676617668929,,3.584612730857907,14.550095537609243,3.988063098443816,0.4052053034918345
2012,8,2012-06-23,55.0,0.2620937221078157,,12.268150187481186,,3.8360845699214345,16.66349753184253,1.9540941990347012,0.5123075729210316
2012,8,2012-06-24,56.0,0.2706246919515757,0.76,13.776281080230342,83.24710596391685,3.831048178884118,18.4117930301143,1.082443962746993,0.4243034107552013
2012,8,2012-06-25,57.0,0.2790638213412781,,-2.8439664686891284,,4.509825413090916,21.118518342666885,8.797548901616418,0.6817437725481669
2012,8,2012-06-26,58.0,0.287535644428962,0.8,3.6203177755033322,79.55465520112145,5.308867001115275,24.29006800887441,4.771587663745501,0.6900022326278519
2012,8,2012-06-27,59.0,0.29597199369825405,,7.841161682479002,,6.23014786008559,27.992148036726654,3.407090204934376,0.5780741069083792
2012,8,2012-06-28,60.0,0.30437364727259725,0.84,10.645893310150607,89.03623986473974,7.132799675295555,32.20760428850199,1.7826354895083067,0.7677848622672707
2012,8,2012-06-29,61.0,0.3127413528795517,,-8.096533239105026,,8.396574446501512,37.13235376459861,6.036718379578662,0.9123114480840508
2012,8,2012-06-30,62.0,0.3210758295408957,,1.542403803213751,,9.884262231536857,42.8777864941614,5.2948346234931005,1.06350237811184
2012,8,2012-07-01,63.0,0.3293777691417387,,6.915694882394491,,11.572953886778793,49.536193179010674,2.3531926778659513,1.4938065084068026
2012,8,2012-07-02,64.0,0.3376478378891818,,12.627014031187409,,13.296037550847778,57.10574453961997,3.699996451604068,1.717571677007279
2012,8,2012-07-03,65.0,0.3458866776699771,0.92,14.999227397727386,93.95905083310493,14.666704334634636,65.38468017637396,0.8891434930049085,1.4157333312085263
2012,8,2012-07-04,66.0,0.3540949073156984,,0.6352957956296041,,17.26532083287244,74.97647200846053,5.727640042861867,1.988253293159569
2012,8,2012-07-05,67.0,0.3622731237830858,0.94,7.4392691374512125,87.9729115745613,20.3243548557867,86.05752978967014,4.686728549954321,2.1112388554806465
2012,8,2012-07-06,68.0,0.3704219032564883,,9.061998679823393,,23.887385580923322,98.79878871027174,4.560127657902848,2.3948242341170265
2012,8,2012-07-07,69.0,0.37854180217866457,,-11.647565635667188,,27.196138137894977,113.01032191911139,2.955929142543726,1.8525263154389289
2012,8,2012-07-08,70.0,0.386633358215608,,-5.776261509219184,,29.78013043837852,127.92825093457405,2.161366971246472,1.5009479215870325
2012,8,2012-07-09,71.0,0.3946970911605436,,3.6049049013988204,,31.509141270051376,143.9465105108494,2.8105263651283425,2.6127768754489678
2012,8,2012-07-10,72.0,0.3946970911605436,0.97,8.996142501761085,81.70603698384993,31.509141270051376,159.95019198063068,1.1330206391014486,2.9976219404482305
2012,8,2012-07-11,73.0,0.4026997738193856,,12.769606657660349,,31.509141270051376,175.93929534391788,0.43803633134943365,2.8528127513360615
2012,8,2012-07-12,74.0,0.4106829899299369,0.98,16.436545684146182,89.03284557491996,31.509141270051376,191.91382060071098,0.2882980414037825,2.9476614669807595
2012,8,2012-07-13,75.0,0.41864029959471627,,-5.491892557677413,,31.509141270051376,207.87376775101,3.831183873943042,2.9534109090450125
2012,8,2012-07-14,76.0,0.4265721449786055,,4.281021893042898,,31.509141270051376,223.81913679481494,4.591696749158013,3.5364474007342026
2012,8,2012-07-15,77.0,0.43447895475470055,,11.31088374973848,,31.509141270051376,239.7499277321258,2.9266474984598845,3.1288269772681456
2012,8,2012-07-16,78.0,0.4423611446925013,,12.59203882623683,,31.509141270051376,255.6661405629426,4.0279587179097245,3.09659336236183
2012,8,2012-07-17,79.0,0.45021911821296845,1.005,18.044095235432504,89.22746568276769,31.509141270051376,271.5677752872653,2.420088569512457,2.8777660494554453
2012,8,2012-07-18,80.0,0.45805326691272263,,4.836865376552893,,31.509141270051376,287.4548319050939,4.109653873457991,3.1536109796020564
2012,8,2012-07-19,81.0,0.46586397105948185,1.015,11.96308191061085,83.69377299361417,31.509141270051376,303.3273104164284,3.9639958179146753,3.0390466398717813
2012,8,2012-07-20,82.0,0.4736516000606603,,18.081620335619757,,31.509141270051376,319.18521082126887,2.7169905417741855,3.280170434717223
2012,8,2012-07-21,83.0,0.48141651290690923,,22.041004190711927,,31.509141270051376,335.02853311961525,0.6655626504513008,3.1731347141520265
2012,8,2012-07-22,84.0,0.48915905859222786,1.03,25.39748169343778,97.96585277707902,31.46235080716543,348.2520058251822,0.5230011219858932,2.713220320384224
2012,8,2012-07-23,85.0,0.4968479522383305,,-22.49564467969531,,31.46235080716543,364.02341013431055,4.308572956704049,3.2788838770791964
2012,8,2012-07-24,86.0,0.4968479522383305,1.04,-5.723163812078253,58.2105279741689,31.46235080716543,379.78027575639476,4.236304038949045,3.2209143243576195
2012,8,2012-07-25,87.0,0.4968479522383305,,5.157026142372495,,31.46235080716543,395.52260269143477,2.5380101030415725,2.404928646520375
2012,8,2012-07-26,88.0,0.5045043328018803,1.05,10.986637204983623,67.09758615587165,31.46235080716543,411.2503909394306,0.9070207802657497,2.745098651875072
2012,8,2012-07-27,89.0,0.5121399544699716,,-11.81708842657596,,31.46235080716543,426.9636405003822,4.0106377608551105,3.040896693064608
2012,8,2012-07-28,90.0,0.5197551139439587,,-1.1100781292511832,,31.46235080716543,442.6623513742897,3.759988280136671,2.848214558855069
2012,8,2012-07-29,91.0,0.5273501003270613,,6.574050898678264,,31.46235080716543,458.346523561153,2.8736418933507615,2.7256703265867537
2012,8,2012-07-30,92.0,0.5349251954029761,,10.601215143441502,,31.46235080716543,474.0161570609721,0.7211698603615058,2.2407227975347883
2012,8,2012-07-31,93.0,0.542480673901258,1.05,14.074437689011438,61.525877618847545,31.46235080716543,489.671251873747,0.5464811683968365,2.7228681238338193
2012,8,2012-08-01,94.0,0.55001680375024,,-16.4468297301242,,31.46235080716543,505.31180799947776,2.7785276724137886,2.0969551279932728
2012,8,2012-08-02,95.0,0.5575338463182107,1.05,-5.189078421914746,35.93067615739761,31.46235080716543,520.9378254381643,3.208609956570512,2.7907057815725516
2012,8,2012-08-03,96.0,0.5650320566435123,,3.5603927028811495,,31.46235080716543,536.5493041898067,1.1567617872892797,2.813671128566326
2012,8,2012-08-04,97.0,0.5725116836541826,,9.952494527786673,,31.46235080716543,552.1462442544049,2.500954352547708,2.497066358535779
2012,8,2012-08-05,98.0,0.5799729703777232,1.05,13.761009344364613,48.13272345228431,31.46235080716543,567.7286456319589,0.9935765547280638,2.4940171132195763
2012,8,2012-08-06,99.0,0.5874161541415359,,-10.0982335954799,,31.46235080716543,583.2965083224688,3.626688764749693,2.724341205182131
2012,8,2012-08-07,100.0,0.5948414667645368,1.05,-4.567035559919128,26.614070880594344,31.46235080716543,598.8498323259345,3.27200713915962,2.455611629895463
2012,8,2012-08-08,101.0,0.6022491347404195,,4.040394051282882,,31.46235080716543,614.3886176423559,2.519934416508186,2.5697648450954063
2012,8,2012-08-09,102.0,0.6096393794130188,1.05,9.455787960755249,35.58979115996344,31.46235080716543,629.9128642717333,0.9976762168689379,2.888344800896585
2012,8,2012-08-10,103.0,0.6170124171441858,,0.48100301689538655,,31.46235080716543,645.4225722140663,3.6570486032084535,2.7368851418643616
2012,8,2012-08-11,104.0,0.6243684594745686,,5.760491460997815,,31.46235080716543,660.9177414693553,2.9677877583896475,2.2189697578029053
2012,8,2012-08-12,105.0,0.6317077132776658,,11.447704880222378,,31.46235080716543,676.042927630824,3.2282067762799174,2.4328664974348464
2012,8,2012-08-13,106.0,0.6390303809074973,,14.332860454191776,,31.46235080716543,691.1952250580888,1.828262340129722,1.8114765040694965
2012,8,2012-08-14,107.0,0.6463366603402145,1.05,17.410459528140585,43.08477525184105,31.46235080716543,706.6467782522452,0.8561696404839554,2.2193110722143614
2012,8,2012-08-15,108.0,0.6536267453099567,,8.745250171443207,,31.262159636929148,721.9052304859894,3.7670273478437784,2.7671540533397394
2012,8,2012-08-16,109.0,0.6536267453099567,1.05,12.488696738647532,38.16222451013695,31.036492617868856,734.8873584629539,2.305851842597185,1.4374160145152022
2012,8,2012-08-17,110.0,0.6536267453099567,,15.871901219542872,,30.782107754483263,748.0376666767944,2.122414832789565,1.768739007134141
2012,8,2012-08-18,111.0,0.6536267453099567,,18.72007848151901,,30.49535048268885,762.2551842375879,1.181454648474786,2.174708217126152
2012,8,2012-08-19,112.0,0.6536267453099567,,21.25048354730051,,30.172101167330272,774.8891509905555,0.6072293787691775,1.9231728947897708
2012,8,2012-08-20,113.0,0.6536267453099567,1.05,22.310559722036572,47.98401886990058,29.807715918349754,787.6126409291069,0.22025012910987873,0.8398252515702037
2012,8,2012-08-21,114.0,0.6536267453099567,,8.048445696830989,,29.39695987536382,801.1709076991957,3.073267040125541,1.9646187077557231
2012,8,2012-08-22,115.0,0.6536267453099567,1.05,12.656765407156731,38.330224262943105,28.933932002195228,814.3275119523687,2.849531761945316,1.758787883215951
2012,8,2012-08-23,116.0,0.6536267453099567,,17.059829839324767,,28.411980310937025,827.0393191785187,2.7639449467141004,1.6391194666469289
2012,8,2012-08-24,117.0,0.6536267453099567,,19.669179542707738,,27.823606297634164,839.2593189153495,1.8346266284097148,1.5367230695184477
2012,8,2012-08-25,118.0,0.6536267453099567,,22.34544410353816,,27.160357216678765,850.6442634813463,0.9001842988608789,1.77608026037968
2012,8,2012-08-26,119.0,0.6536267453099567,,24.410869390431174,,26.41270464630302,861.4438377172116,0.44329671539996196,1.6221285710274473
2012,8,2012-08-27,120.0,0.6536267453099567,1.05,26.142333579932178,51.81579240926425,25.56990760060752,871.8679314887298,0.33413118181359186,1.3973330075504302
2012,8,2012-08-28,121.0,0.6536267453099567,,9.52121171633377,,24.61985822155425,881.5751013149871,3.537069973093635,1.5418081632674767
2012,8,2012-08-29,122.0,0.6536267453099567,1.05,14.013466027608587,39.68692485688817,23.548907834092155,890.5021421826068,3.215964375757974,1.2762899355048243
2012,8,2012-08-30,123.0,0.6536267453099567,,19.26125130193552,,22.341670865474658,898.5853547941311,3.7721459010833427,1.4756393732400388
2012,8,2012-08-31,124.0,0.6536267453099567,,21.809794719740353,,20.980803811819143,905.7628089828318,1.2603782528128313,1.2881651649909243
2012,8,2012-09-01,125.0,0.6536267453099567,,23.23479050100209,,19.446756076480266,911.97766449809,0.5680661960710586,0.8569295851903803
2012,8,2012-09-02,126.0,0.6536267453099567,,24.597851260003583,,17.717489100711415,917.1829601064179,0.4921354553219531,0.8709253036794418
2012,8,2012-09-03,127.0,0.6536267453099567,,25.50066478851251,,15.768159751566916,921.3484428859923,0.30895091557341975,0.5938626129354849
2012,8,2012-09-04,128.0,0.6536267453099567,1.05,26.270507901904935,51.943966731179415,13.57076341850697,924.3816417080161,0.2857129530749137,0.48413016031751116
2012,8,2012-09-05,129.0,0.6536267453099567,,26.856238513084858,,11.09373169133147,926.4016844982416,0.2547201748140121,0.3310104363659147
2012,8,2012-09-06,130.0,0.6536267453099567,1.05,27.27622583623884,52.94968466551332,8.30147883957126,927.5322888460217,0.24048827643434598,0.17949904671964584
2012,8,2012-09-07,131.0,0.6536267453099567,,27.519481617677467,,5.153890577933059,927.9104229668256,0.19437898899706824,0.04887679244156743
2012,8,2012-09-08,132.0,0.6536267453099567,,27.719088196911056,,1.605747773259365,927.9466770282845,0.19494278742010335,0.0046637918134906095
2012,9,2012-04-30,1.0,0.08,,3.5757955736322145,,0.0,0.0,4.469744467040293,0.0
2012,9,2012-05-01,2.0,0.08,,4.913467870933774,,0.0,0.0,1.672090371626957,0.0
2012,9,2012-05-02,3.0,0.08,,6.092180302821306,,0.0,0.0,1.4733905398594245,0.0
2012,9,2012-05-03,4.0,0.08,,7.191627689080374,,0.0,0.0,1.3743092328238393,0.0
2012,9,2012-05-04,5.0,0.08,,8.024474950124024,,0.0,0.0,1.0410590763045713,0.0
2012,9,2012-05-05,6.0,0.08,,8.538632768651455,,0.4875,0.0,0.642697273159294,0.0
2012,9,2012-05-06,7.0,0.08,,9.636546740989246,,0.5738742470010385,0.0,3.1503924654222466,0.0
2012,9,2012-05-07,8.0,0.08,,7.8138912980817326,,0.6755521053764285,0.0,1.531680696365608,0.0
2012,9,2012-05-08,9.0,0.08,,10.200000000000001,,0.6693127862307413,0.0,3.035707595716126,0.0
2012,9,2012-05-09,10.0,0.08,,10.200000000000001,,0.6619209548482653,0.0,1.1706220068247004,0.0
2012,9,2012-05-10,11.0,0.08,,10.200000000000001,,0.6531637219016666,0.0,1.0166836456547317,0.0
2012,9,2012-05-11,12.0,0.08,,10.200000000000001,,0.6427888736519074,0.0,0.4827744254366772,0.0
2012,9,2012-05-12,13.0,0.08,,10.200000000000001,,0.6304976080361702,0.0,1.586666099246817,0.0
2012,9,2012-05-13,14.0,0.08,,10.200000000000001,,0.6159359289831668,0.0,0.5052056294497448,0.0
2012,9,2012-05-14,15.0,0.08,,10.200000000000001,,0.5986844511067813,0.0,0.641535868026261,0.0
2012,9,2012-05-15,16.0,0.08,,10.200000000000001,,0.5782463211468956,0.0,0.6535893988489779,0.0
2012,9,2012-05-16,17.0,0.08,,10.200000000000001,,0.5540329082874117,0.0,0.4934995052678989,0.0
2012,9,2012-05-17,18.0,0.08,,10.200000000000001,,0.5253468512237497,0.0,0.4151754638444641,0.0
2012,9,2012-05-18,19.0,0.08,,10.200000000000001,,0.49136197372485746,0.0,1.581646844556491,0.0
2012,9,2012-05-19,20.0,0.08,,10.200000000000001,,0.45109949024546064,0.0,0.6766582592087337,0.0
2012,9,2012-05-20,21.0,0.08,,10.200000000000001,,0.40339981629543586,0.0,0.3726446088493294,0.0
2012,9,2012-05-21,22.0,0.08,,10.200000000000001,,0.3468891716874604,0.0,0.6300927505316575,0.0
2012,9,2012-05-22,23.0,0.08,,10.200000000000001,,0.2799400148157657,0.0,2.8253809300348145,0.0
2012,9,2012-05-23,24.0,0.08,,2.3547938598566365,,0.32953921068278375,0.06118911314840907,4.917483409091409,0.008008915729388387
2012,9,2012-05-24,25.0,0.0905004365499774,,7.232833686451317,,0.3753663616041596,0.06118911314840907,5.048550545002393,0.0
2012,9,2012-05-25,26.0,0.0905004365499774,0.25,8.170296934227776,15.783156019175248,0.37189458937619535,0.06118911314840907,1.0358659952527052,0.0
2012,9,2012-05-26,27.0,0.0905004365499774,,9.474665497888708,,0.36778060710301796,0.06118911314840907,1.4412842781599315,0.0
2012,9,2012-05-27,28.0,0.0905004365499774,,10.20533559891615,,0.36290561847107594,0.06118911314840907,0.8073663828394347,0.0
2012,9,2012-05-28,29.0,0.0905004365499774,,10.72575318571838,,0.3571288521693562,0.06118911314840907,0.5750442833663478,0.0
2012,9,2012-05-29,30.0,0.0905004365499774,,11.148470941611619,,0.350283496944109,0.06118911314840907,0.46708918985137554,0.0
2012,9,2012-05-30,31.0,0.0905004365499774,,-5.762774292833303,,0.41234600624757145,0.2059922928094689,7.707881135250719,0.029750180653521925
2012,9,2012-05-31,32.0,0.09781581180244812,0.335,3.0610010455499426,11.04952581063687,0.4854046232599192,0.3461269266288975,4.804231933240125,0.02438907476688396
2012,9,2012-06-01,33.0,0.10757690014237535,,7.265445252810174,,0.5514389271179325,0.3814382512015274,4.231452172936381,0.0069062177749299476
2012,9,2012-06-02,34.0,0.11312268482160205,,8.98007870623466,,0.5463445644583264,0.3814382512015274,1.5985187690001528,0.0
2012,9,2012-06-03,35.0,0.11312268482160205,,10.176225003011726,,0.5403069743814206,0.3814382512015274,1.19614629677708,0.0
2012,9,2012-06-04,36.0,0.11312268482160205,,12.574179911410415,,0.5331534794154914,0.3814382512015274,3.6679549083986958,0.0
2012,9,2012-06-05,37.0,0.11312268482160205,0.41,13.122465801675311,33.921668679635104,0.5246778310896283,0.3814382512015274,2.7191645041110575,0.0
2012,9,2012-06-06,38.0,0.11312268482160205,,-8.556136307123563,,0.6176391697122021,0.7281086563089251,8.49660687074877,0.07879102045236111
2012,9,2012-06-07,39.0,0.12247547317611969,0.44,-7.809713106690011,11.966147385742081,0.7270712070501264,1.174182367824406,6.2187998436807135,0.0743443835293852
2012,9,2012-06-08,40.0,0.13176849096106452,0.455,3.674074188892343,20.68786433796472,0.8558921876144152,1.6988974269166266,6.113050142550665,0.10866680967199935
2012,9,2012-06-09,41.0,0.14100372068720807,,6.38224635028188,,0.9715666311234186,2.294127734815373,2.2402888395518676,0.11264967852930914
2012,9,2012-06-10,42.0,0.1501830287961951,,8.20465304112208,,0.9981247967673877,2.6433329991896057,1.6495185641181647,0.07986345041595541
2012,9,2012-06-11,43.0,0.15906547729526038,,9.34407194313095,,0.9940455919786391,2.9071822044433677,1.0855706721863174,0.05514885127348088
2012,9,2012-06-12,44.0,0.16761255536938074,,10.164087190904722,,0.9875868700194267,3.1569691779817144,0.7848155964853251,0.047445404897598326
2012,9,2012-06-13,45.0,0.17596453254365343,0.54,10.988454056128296,41.738174197269444,0.9784514347861845,3.3550687563529364,0.7826294098833559,0.04571272529673485
2012,9,2012-06-14,46.0,0.18382126696821852,,-0.18635837279300468,,1.151811446902579,4.059987118577349,8.159711761579405,0.15528807149185378
2012,9,2012-06-15,47.0,0.19274551934531745,0.58,4.104007675913719,41.43061881161839,1.3558870292890137,4.88881774499937,4.312748935878554,0.1520291787324788
2012,9,2012-06-16,48.0,0.20162308425857253,,6.355849766458484,,1.5721257973268536,5.848624391706708,2.066041378632004,0.17105468403206656
2012,9,2012-06-17,49.0,0.2104552355730359,,8.106580910936025,,1.7692955458025004,6.927569068264277,1.5257298064723328,0.2202707217599946
2012,9,2012-06-18,50.0,0.21924318551810792,0.64,12.227943989931529,60.335030879530464,1.9213963565208492,7.58815580196983,4.218335780856633,0.1569796961590501
2012,9,2012-06-19,51.0,0.22771303593298134,,0.8238205322985924,,2.2618254098234694,8.96351080153287,9.364310400412993,0.35553441490405646
2012,9,2012-06-20,52.0,0.23641599405138417,0.68,4.545307496719686,60.11901524581896,2.662570982380018,10.511012112725231,3.4614216902163353,0.26005119408846866
2012,9,2012-06-21,53.0,0.24507805813173514,,7.586071934397512,,3.0678976625608376,12.367801207344685,2.5696088847646754,0.4711499968437968
2012,9,2012-06-22,54.0,0.25370023261208385,,11.221441310329396,,3.488984710603683,14.474286385520326,3.7487527062719175,0.3946146334391619
2012,9,2012-06-23,55.0,0.26228347808678487,,13.37274820323705,,3.48857326873786,16.029122721957187,1.774399925319756,0.3769062544574611
2012,9,2012-06-24,56.0,0.2707478572350665,0.76,14.692840666025331,85.19987320070523,3.475520036464409,17.320195201445156,1.0067547685664198,0.3133374518898205
2012,9,2012-06-25,57.0,0.27906742784776867,,-1.9244819961394017,,4.091305525872892,19.781706875598328,8.862695522587725,0.6199817348018897
2012,9,2012-06-26,58.0,0.2875392509354526,0.8,3.887299185773426,81.35833667500751,4.816194621356909,22.66717248049108,4.681357755827179,0.6277617944188286
2012,9,2012-06-27,59.0,0.2959756002047446,,7.863008851127915,,5.6514736566292,26.03668975030488,3.454780182328372,0.5261449433306834
2012,9,2012-06-28,60.0,0.2959756002047446,0.84,10.394001021306611,90.79181553320507,6.47028455314901,29.87540046086391,1.8073876641089972,0.699166068429534
2012,9,2012-06-29,61.0,0.2959756002047446,,-8.74537095049735,,7.616676258094025,34.36317154512682,6.122184986277724,0.8313610583494576
2012,9,2012-06-30,62.0,0.2959756002047446,,1.3077813454790834,,8.9661832866962,39.60315999995062,5.360427245257288,0.9699426388389321
2012,9,2012-07-01,63.0,0.30427753980558764,,6.902578721758804,,10.488296213690814,45.67627457009661,2.4025062981209695,1.3624968405470148
2012,9,2012-07-02,64.0,0.3125476085530307,,12.573659522412989,,12.00227229141755,52.561852807829474,3.8269957732356947,1.5623745183222737
2012,9,2012-07-03,65.0,0.320786448333826,0.92,14.844272065721379,95.46453473204315,12.863727049925377,59.901359037930405,0.9333429470233222,1.2550868928654373
2012,9,2012-07-04,66.0,0.32899467797954735,,0.5212670833395796,,15.142895742364745,68.42123506907384,5.963618525282676,1.7660591339738472
2012,9,2012-07-05,67.0,0.3371728944469347,0.94,7.1923163518165625,89.32724685476686,17.8258828544919,78.28637765919085,4.753460079654324,1.8795743838128833
2012,9,2012-07-06,68.0,0.34532167392033725,,8.866243757402712,,20.950910377574992,89.65954993736193,4.834761072119929,2.137681116150339
2012,9,2012-07-07,69.0,0.3534415728425135,,-11.795123120518838,,23.852918135931183,102.37631942780367,3.1647592440977554,1.657678294257576
2012,9,2012-07-08,70.0,0.36153312887945693,,-5.687027257348266,,26.119260382569042,115.75107212222564,2.3327439398951135,1.3456832538635477
2012,9,2012-07-09,71.0,0.3695968618243925,,3.589759091700177,,27.635723992766863,130.13148854512366,2.9921631576121848,2.3456243364119067
2012,9,2012-07-10,72.0,0.3776332744456123,0.97,8.721606324123213,82.82117609920135,27.635723992766863,144.50044168883886,1.2379536831078721,2.6914238005926756
2012,9,2012-07-11,73.0,0.3856428532824063,,12.13636308825375,,27.635723992766863,158.85793155337126,0.5052276871667806,2.5616965024294815
2012,9,2012-07-12,74.0,0.3936260693929576,0.98,15.179851725784474,89.67627501967888,27.635723992766863,173.20395813872082,0.3410081271705441,2.6471666037107413
2012,9,2012-07-13,75.0,0.3936260693929576,,-7.093021583167236,,27.635723992766863,187.53852144488755,4.158174146690902,2.6526313180201218
2012,9,2012-07-14,76.0,0.3936260693929576,,3.1886782850303526,,27.635723992766863,201.86162147187147,4.983596543525588,3.1766520876205617
2012,9,2012-07-15,77.0,0.4015328791690526,,8.99330043467079,,27.635723992766863,216.17325821967256,1.6127803226248867,2.810823098588782
2012,9,2012-07-16,78.0,0.4094150691068534,,10.463887931576942,,27.635723992766863,230.47343168829082,4.371743658315328,2.782183344382537
2012,9,2012-07-17,79.0,0.4172730426273205,1.005,16.012260674810875,88.33684749799265,27.635723992766863,244.76214187772626,2.7221176510873377,2.585870307457766
2012,9,2012-07-18,80.0,0.4251071913270747,,2.902316339246219,,27.635723992766863,259.0393887879789,4.460411468289449,2.834060688380429
2012,9,2012-07-19,81.0,0.4329178954738339,1.015,10.119726089260443,82.86505972352,27.635723992766863,273.3051724190487,4.302321546023689,2.731418522833795
2012,9,2012-07-20,82.0,0.4407055244750124,,16.20837791830632,,27.635723992766863,287.55949277093566,2.9599472078500044,2.9484735678485974
2012,9,2012-07-21,83.0,0.4484704373212613,,20.05703910118339,,27.635723992766863,301.80234984363983,0.817100586110647,2.8525900915883264
2012,9,2012-07-22,84.0,0.4562129830065799,1.03,23.237091752022867,96.64495351542351,27.61523942559171,314.6935243369213,0.35674367373331745,2.645038664772626
2012,9,2012-07-23,85.0,0.46391917964049695,,-24.559641401874497,,27.61523942559171,328.89403657992364,4.673592056725474,2.9522945279448787
2012,9,2012-07-24,86.0,0.47161799996981785,1.04,-5.609115286935958,56.95947184134819,27.61523942559171,343.08310119762166,4.588196935722611,2.9004348055317397
2012,9,2012-07-25,87.0,0.4792954440209774,,5.229779921311284,,27.61523942559171,357.26071819001544,2.678951024607788,2.165890556402373
2012,9,2012-07-26,88.0,0.4869518245845273,1.05,10.780981155139752,65.55783681536751,27.61523942559171,371.426887557105,0.9889867706531015,2.4725366223560914
2012,9,2012-07-27,89.0,0.4945874462526186,,-12.01716399397721,,27.61523942559171,385.58160929889027,4.350416012422461,2.739283581596584
2012,9,2012-07-28,90.0,0.5022026057266056,,-1.1176929131316626,,27.61523942559171,399.7248834153713,4.078531693906899,2.5660119211057686
2012,9,2012-07-29,91.0,0.5097975921097082,,6.508202959147149,,27.61523942559171,413.8567099065481,3.029884288968088,2.455896279928344
2012,9,2012-07-30,92.0,0.517372687185623,,10.384420780887583,,27.61523942559171,427.9770887724206,0.7894481997251426,2.019182824853833
2012,9,2012-07-31,93.0,0.5249281656839049,1.05,13.643484738780765,59.58466416534698,27.61523942559171,442.08602001298885,0.606226429882758,2.453946117589624
2012,9,2012-08-01,94.0,0.5324642955328869,,-16.950544419842235,,27.61523942559171,456.1835036282529,3.013922472632039,1.8900728542635412
2012,9,2012-08-02,95.0,0.5399813381008576,1.05,-5.3563206242521355,33.86967019171908,27.61523942559171,470.26953961821266,3.4353356574599796,2.5156750420165874
2012,9,2012-08-03,96.0,0.5474795484261592,,3.325394478329946,,27.61523942559171,484.3441279828682,1.2565753134465139,2.5366759650440263
2012,9,2012-08-04,97.0,0.5549591754368295,,9.541945969689644,,27.61523942559171,498.40726872221944,2.5602220456903804,2.2515054549254407
2012,9,2012-08-05,98.0,0.5624204621603701,1.05,13.16728358444105,45.528604394730095,27.61523942559171,512.4589618362664,1.0589334505248644,2.2490219733798162
2012,9,2012-08-06,99.0,0.5698636459241828,,-10.752864676910765,,27.61523942559171,526.4992073250093,3.933939142605527,2.4570116062991643
2012,9,2012-08-07,100.0,0.5772889585471837,1.05,-4.827687349094135,23.97665466540496,27.61523942559171,540.5280051884478,3.5394865685099504,2.2149142639371537
2012,9,2012-08-08,101.0,0.5846966265230664,,2.8755009472972586,,27.61523942559171,554.545355426582,1.6120382614406914,2.318153776491112
2012,9,2012-08-09,102.0,0.5920868711956657,1.05,7.908468126042925,31.371662496841108,27.61523942559171,568.551258039412,0.8589646395373491,2.6058511539670164
2012,9,2012-08-10,103.0,0.5994599089268327,,1.6400724296868265,,27.61523942559171,582.5457130269377,3.966871044023966,2.469499494526727
2012,9,2012-08-11,104.0,0.6068159512572155,,7.0075878469646655,,27.61523942559171,596.5287203891593,3.2192165324890625,2.0024221709817187
2012,9,2012-08-12,105.0,0.6141552050603127,,12.477758183640173,,27.61523942559171,610.179484875487,3.2316684004550056,2.195707691040751
2012,9,2012-08-13,106.0,0.6214778726901442,,14.759040814363974,,27.61523942559171,623.8563576406254,1.3997550926164755,1.6350876018719134
2012,9,2012-08-14,107.0,0.6287841521228614,1.05,17.347172866789787,40.11564129479203,27.61523942559171,637.8050221269342,0.5823000392591816,2.003450730686128
2012,9,2012-08-15,108.0,0.6360742370926036,,11.730326061438483,,27.43952696434405,651.5792037223239,4.084498586011472,2.4979782909322785
2012,9,2012-08-16,109.0,0.6360742370926036,1.05,15.527115695940235,38.29471198629436,27.241453756146583,663.2981553059469,2.4990400768726118,1.2975537376859763
2012,9,2012-08-17,110.0,0.6360742370926036,,17.781744242524404,,27.018174225901188,675.1683575631299,1.1660111593915334,1.596562560621522
2012,9,2012-08-18,111.0,0.6360742370926036,,20.33344899037505,,26.766480677438537,688.0009958465993,1.0968165381979262,1.9628774012860017
2012,9,2012-08-19,112.0,0.6360742370926036,,22.60726361967585,,26.482757210857883,699.4032667628346,0.5381304407759022,1.7356811834258263
2012,9,2012-08-20,113.0,0.6360742370926036,1.05,23.563434546804338,46.330961358400614,26.16292777549798,710.8849454470185,0.1983116913826792,0.7578583970249053
2012,9,2012-08-21,114.0,0.6360742370926036,,13.456193712164385,,25.802397612253415,723.1180677685708,3.3201561799277233,1.772602750390365
2012,9,2012-08-22,115.0,0.6360742370926036,1.05,18.11858888004405,40.886115390446264,25.39598724398045,734.9865632838469,3.0758028699792828,1.586592231748269
2012,9,2012-08-23,116.0,0.6360742370926036,,22.355968407487378,,24.937858065679983,746.4512068862635,2.7590751124757342,1.4783043962649778
2012,9,2012-08-24,117.0,0.6360742370926036,,24.48171175270143,,24.421428465465418,757.4692952212416,1.5021663439118536,1.385576995989707
2012,9,2012-08-25,118.0,0.6360742370926036,,26.969333110649576,,23.83927927128583,767.731142628739,0.8867471047751941,1.6008742519414119
2012,9,2012-08-26,119.0,0.6360742370926036,,29.051958141595378,,23.18304716502557,777.4616541692756,0.621072895671,1.4615521349163565
2012,9,2012-08-27,120.0,0.6360742370926036,1.05,30.714789464873018,53.482315949565276,22.443304532737518,786.5754313382898,0.44114414912618555,1.221687174046627
2012,9,2012-08-28,121.0,0.6360742370926036,,19.29321925373235,,21.609424024904786,795.3132104384036,3.7905917900595827,1.3878379987689606
2012,9,2012-08-29,122.0,0.6360742370926036,1.05,23.88244832876921,46.649974813421565,20.669425880965697,803.3438992005888,3.441089686585419,1.1481393884423479
2012,9,2012-08-30,123.0,0.6360742370926036,,28.67728260358386,,19.609805824723587,810.610386283254,3.468293088819475,1.3265411859924887
2012,9,2012-08-31,124.0,0.6360742370926036,,30.833191536923536,,18.415341058138573,816.0375893141902,1.1818680402891921,0.9740408930496885
2012,9,2012-09-01,125.0,0.6360742370926036,,32.07776994378382,,17.06887156635407,820.5342947376099,0.6245543525994325,0.6200240542606189
2012,9,2012-09-02,126.0,0.6360742370926036,,33.180414993758745,,15.551053592124706,823.6169687386648,0.5868666979792491,0.515778351995621
2012,9,2012-09-03,127.0,0.6360742370926036,,33.91971969090075,,13.840081737990454,825.96781567136,0.4041502442398209,0.33515445290217394
2012,9,2012-09-04,128.0,0.6360742370926036,1.05,34.54712681916857,57.314653303817096,11.911375703839065,827.4592134886946,0.38936448524661005,0.23804264302120492
2012,9,2012-09-05,129.0,0.6360742370926036,,35.043196418092215,,9.737227159441044,828.3618545225748,0.3481600576246915,0.14790954129895315
2012,9,2012-09-06,130.0,0.6360742370926036,1.05,35.421543575740614,58.18907006038914,7.286401678829215,828.8385622117423,0.3026632316689267,0.07568392597948674
2012,9,2012-09-07,131.0,0.6360742370926036,,35.67489358483565,,4.523690017800861,829.0018083639916,0.23224916719426722,0.02110084190078025
2012,9,2012-09-08,132.0,0.6360742370926036,,35.90147255074637,,1.4094022880696384,829.0167975946989,0.22465072260086924,0.0019282433098566205
2012,10,2012-04-30,1.0,0.08,,3.5757955736322145,,0.0,0.0,4.469744467040293,0.0
2012,10,2012-05-01,2.0,0.08,,4.913467870933774,,0.0,0.0,1.672090371626957,0.0
2012,10,2012-05-02,3.0,0.08,,6.092180302821306,,0.0,0.0,1.4733905398594245,0.0
2012,10,2012-05-03,4.0,0.08,,7.191627689080374,,0.0,0.0,1.3743092328238393,0.0
2012,10,2012-05-04,5.0,0.08,,8.024474950124024,,0.0,0.0,1.0410590763045713,0.0
2012,10,2012-05-05,6.0,0.08,,8.538632768651455,,0.4875,0.0,0.642697273159294,0.0
2012,10,2012-05-06,7.0,0.08,,9.636546740989246,,0.5738742470010385,0.0,3.1503924654222466,0.0
2012,10,2012-05-07,8.0,0.08,,7.8138912980817326,,0.6755521053764285,0.0,1.531680696365608,0.0
2012,10,2012-05-08,9.0,0.08,,10.200000000000001,,0.6693127862307413,0.0,3.035707595716126,0.0
2012,10,2012-05-09,10.0,0.08,,10.200000000000001,,0.6619209548482653,0.0,1.1706220068247004,0.0
2012,10,2012-05-10,11.0,0.08,,10.200000000000001,,0.6531637219016666,0.0,1.0166836456547317,0.0
2012,10,2012-05-11,12.0,0.08,,10.200000000000001,,0.6427888736519074,0.0,0.4827744254366772,0.0
2012,10,2012-05-12,13.0,0.08,,10.200000000000001,,0.6304976080361702,0.0,1.586666099246817,0.0
2012,10,2012-05-13,14.0,0.08,,10.200000000000001,,0.6159359289831668,0.0,0.5052056294497448,0.0
2012,10,2012-05-14,15.0,0.08,,10.200000000000001,,0.5986844511067813,0.0,0.641535868026261,0.0
2012,10,2012-05-15,16.0,0.08,,10.200000000000001,,0.5782463211468956,0.0,0.6535893988489779,0.0
2012,10,2012-05-16,17.0,0.08,,10.200000000000001,,0.5540329082874117,0.0,0.4934995052678989,0.0
2012,10,2012-05-17,18.0,0.08,,10.200000000000001,,0.5253468512237497,0.0,0.4151754638444641,0.0
2012,10,2012-05-18,19.0,0.08,,10.200000000000001,,0.49136197372485746,0.0,1.581646844556491,0.0
2012,10,2012-05-19,20.0,0.08,,10.200000000000001,,0.45109949024546064,0.0,0.6766582592087337,0.0
2012,10,2012-05-20,21.0,0.08,,10.200000000000001,,0.40339981629543586,0.0,0.3726446088493294,0.0
2012,10,2012-05-21,22.0,0.08,,10.200000000000001,,0.3468891716874604,0.0,0.6300927505316575,0.0
2012,10,2012-05-22,23.0,0.08,,10.200000000000001,,0.2799400148157657,0.0,2.8253809300348145,0.0
2012,10,2012-05-23,24.0,0.08,,2.3547938598566365,,0.32953921068278375,0.06118911314840907,4.917483409091409,0.008008915729388387
2012,10,2012-05-24,25.0,0.0905004365499774,,7.232833686451317,,0.3753663616041596,0.06118911314840907,5.048550545002393,0.0
2012,10,2012-05-25,26.0,0.0905004365499774,0.25,8.170296934227776,15.783156019175248,0.37189458937619535,0.06118911314840907,1.0358659952527052,0.0
2012,10,2012-05-26,27.0,0.0905004365499774,,9.474665497888708,,0.36778060710301796,0.06118911314840907,1.4412842781599315,0.0
2012,10,2012-05-27,28.0,0.0905004365499774,,10.20533559891615,,0.36290561847107594,0.06118911314840907,0.8073663828394347,0.0
2012,10,2012-05-28,29.0,0.0905004365499774,,10.72575318571838,,0.3571288521693562,0.06118911314840907,0.5750442833663478,0.0
2012,10,2012-05-29,30.0,0.0905004365499774,,11.148470941611619,,0.350283496944109,0.06118911314840907,0.46708918985137554,0.0
2012,10,2012-05-30,31.0,0.0905004365499774,,-5.67227385628333,,0.41234600624757145,0.2059922928094689,7.707881135250719,0.029750180653521925
2012,10,2012-05-31,32.0,0.09781581180244812,0.335,3.0515336111292335,11.115482262177945,0.4854046232599192,0.3461269266288975,4.770188384781186,0.02438907476688396
2012,10,2012-06-01,33.0,0.10757690014237535,,7.2424790392048,,0.5514389271179327,0.3832967419685078,4.212406446496244,0.0072697029209788785
2012,10,2012-06-02,34.0,0.11330417145881612,,8.961833418336612,,0.5463452107195531,0.3832967419685078,1.5950871681561858,0.0
2012,10,2012-06-03,35.0,0.11330417145881612,,10.156228507394086,,0.5403077400886602,0.3832967419685078,1.1943950890574846,0.0
2012,10,2012-06-04,36.0,0.11330417145881612,,12.551535992826256,,0.5331543866454979,0.3832967419685078,3.6653074854321797,0.0
2012,10,2012-06-05,37.0,0.11330417145881612,0.41,13.132060108335248,33.95506502679456,0.5246789059995179,0.3832967419685078,2.713116872553584,0.0
2012,10,2012-06-06,38.0,0.11330417145881612,,-8.546541863765473,,0.6176404350724144,0.7299685649778072,8.49660668518712,0.0787913427121678
2012,10,2012-06-07,39.0,0.12265695981333376,0.44,-7.809627998655455,11.99954386128835,0.7270726966042577,1.1760431865040217,6.218799683703426,0.0743445351953212
2012,10,2012-06-08,40.0,0.1319499775982786,0.455,3.6710060219266643,20.720717992090865,0.8558939410846829,1.7007593152340577,6.112507099611961,0.10866703119056809
2012,10,2012-06-09,41.0,0.14118520732442214,,6.381134743854893,,0.9715686215764515,2.295990835696986,2.2403862242142876,0.11264990801185311
2012,10,2012-06-10,42.0,0.15036451543340917,,8.204289113200966,,0.998126841630257,2.6451968113388826,1.6496318570444517,0.07986361308329058
2012,10,2012-06-11,43.0,0.15924696393247445,,9.343904533480563,,0.9940476285221335,2.9090465540383033,1.0856399871102145,0.05514896360851958
2012,10,2012-06-12,44.0,0.1677940420065948,,10.164051317421583,,0.9875888933961482,3.1588340364305902,0.7848567876480973,0.04744550155108227
2012,10,2012-06-13,45.0,0.1761460191808675,0.54,10.988540240538786,41.771384668592496,0.9784534395497291,3.356934018424064,0.782664349128107,0.04571281843511127
2012,10,2012-06-14,46.0,0.18400275360543258,,-0.2862683553845899,,1.151813806866004,4.06185381529639,8.159711428218333,0.15528838753371
2012,10,2012-06-15,47.0,0.1929270059825315,0.58,4.083488967661774,41.38036238063424,1.3558898073859027,4.8906861265384425,4.3292817418506,0.15202948777246558
2012,10,2012-06-16,48.0,0.2018045708957866,,6.35009107672633,,1.5722630657932275,5.85057581192433,2.067613907207769,0.17106948300743366
2012,10,2012-06-17,49.0,0.21063672221024995,,8.105219593640664,,1.7694500299325535,6.929613726594102,1.5258989454627765,0.22028975668061376
2012,10,2012-06-18,50.0,0.219424672155322,0.64,12.226944102577296,60.286866667807686,1.9215641211689478,7.590257494615596,4.218638945205338,0.1569932496095363
2012,10,2012-06-19,51.0,0.2278945225701954,,0.9458116468399442,,2.2620228986667534,8.965731003324343,9.387241862630432,0.35556504996176413
2012,10,2012-06-20,52.0,0.23659748068859823,0.68,4.806222839983748,60.33272463869348,2.6628034618902348,10.513365342415021,3.6003108427504524,0.2600735488765093
2012,10,2012-06-21,53.0,0.2452595447689492,,7.865632777868749,,3.0618152154901224,12.366538630663026,2.589166876917738,0.470232505909887
2012,10,2012-06-22,54.0,0.2538817192492979,,11.468523640734261,,3.470279990982534,14.461958438703874,3.7183452769070535,0.3925417221151946
2012,10,2012-06-23,55.0,0.26246496472399894,,13.593973661712827,,3.4681979021018066,15.93583465785128,1.7681678719110034,0.357280796875261
2012,10,2012-06-24,56.0,0.27090618454707543,0.76,14.883741659649612,85.34356056127443,3.4534109840787433,17.158019024286634,0.993148920212775,0.2966186183987952
2012,10,2012-06-25,57.0,0.2791863616560819,,-1.7333699048780535,,4.065279237073445,19.604241849878072,8.866757355481033,0.6161309276113497
2012,10,2012-06-26,58.0,0.2876581847437658,0.8,3.946884708760093,81.48340742558825,4.785557048255344,22.47186202453965,4.666412571302642,0.6238793432521602
2012,10,2012-06-27,59.0,0.29609453401305785,,7.872235031673122,,5.6155225684985925,25.820643288416473,3.462727884187487,0.5229070478711891
2012,10,2012-06-28,60.0,0.29609453401305785,0.84,10.396457860307438,90.9202327919449,6.429124709834951,29.6358500949969,1.810305264684911,0.6948851696130998
2012,10,2012-06-29,61.0,0.29609453401305785,,-8.644198321486776,,7.568223798425236,34.096338349701675,6.127520845470823,0.8263069052675953
2012,10,2012-06-30,62.0,0.29609453401305785,,1.344054614919035,,8.909146119911018,39.30474011997103,5.353239278231145,0.9640958182909386
2012,10,2012-07-01,63.0,0.3043964736139009,,6.91831883906642,,10.421210378950118,45.341400221606925,2.4008355703665463,1.3543183190330315
2012,10,2012-07-02,64.0,0.31266654236134395,,12.594913739950552,,11.922585968151552,52.184494828553326,3.8315876360465064,1.55273475534306
2012,10,2012-07-03,65.0,0.32090538214213926,0.92,14.875104815604955,95.65846114025283,12.763670352107015,59.4712517763015,0.9355226798271425,1.246066540431172
2012,10,2012-07-04,66.0,0.3291136117878606,,0.5696994041840657,,15.025111204686956,67.93080647984013,5.976891465286908,1.7535553098336258
2012,10,2012-07-05,67.0,0.33729182825524795,0.94,7.255595560977387,89.51989464965689,17.687229494762242,77.72734451685909,4.764483358764583,1.866503375518973
2012,10,2012-07-06,68.0,0.3454406077286505,,8.947365592147607,,20.787949915141915,89.02308790876654,4.8502900064863805,2.1231277211993103
2012,10,2012-07-07,69.0,0.3535605066508267,,-11.696405775311325,,23.667385264100936,101.65501289809583,3.1765985044556473,1.6466184973502793
2012,10,2012-07-08,70.0,0.36165206268777017,,-5.691534196836132,,25.916099437596017,114.94197000589637,2.342479732552437,1.3368498157149027
2012,10,2012-07-09,71.0,0.36971579563270573,,3.5830195639964937,,27.42076768393007,129.22905499844217,3.002134586281866,2.33040082215833
2012,10,2012-07-10,72.0,0.3777522082539255,0.97,8.704728979321294,82.99985912757671,27.42076768393007,143.50484053626982,1.2440347081764815,2.673972737218607
2012,10,2012-07-11,73.0,0.3857617870907195,,12.10729056656071,,27.42076768393007,157.76932661937934,0.5092616895008077,2.5451025529416818
2012,10,2012-07-12,74.0,0.3937450032012708,0.98,15.136980741163029,89.82848761835702,27.42076768393007,172.02251324777075,0.34422871796557,2.6300355303722487
2012,10,2012-07-13,75.0,0.3937450032012708,,-7.134409097485433,,27.42076768393007,186.264400421444,4.176775451494716,2.635481467952531
2012,10,2012-07-14,76.0,0.3937450032012708,,3.1588009576069105,,27.42076768393007,200.49498814039916,4.99468629178421,3.1561342237589303
2012,10,2012-07-15,77.0,0.40165181297736585,,8.871253002378882,,27.42076768393007,214.71427640463617,1.5199298320639985,2.792685742582912
2012,10,2012-07-16,78.0,0.4095340029151666,,10.56433710795827,,27.42076768393007,228.92226521415506,4.391300351576283,2.7642482736145695
2012,10,2012-07-17,79.0,0.41739197643563375,1.005,16.020072574870603,88.2823311098126,27.42076768393007,243.11895456895581,2.649384832831751,2.5692170237957273
2012,10,2012-07-18,80.0,0.42522612513538793,,3.0067352625239203,,27.42076768393007,257.3043444690384,4.480364810873262,2.81582689701215
2012,10,2012-07-19,81.0,0.43303682928214715,1.015,10.220274534927038,82.91395285877127,27.42076768393007,271.4784349144029,4.321567684260899,2.7138623568123483
2012,10,2012-07-20,82.0,0.4408244582833256,,16.224942225006384,,27.42076768393007,285.6412259050493,2.9005536587719862,2.9295409287863454
2012,10,2012-07-21,83.0,0.44858937112957453,,20.041293532371636,,27.42076768393007,299.7927174409775,0.8087588074315573,2.8342912050946123
2012,10,2012-07-22,84.0,0.45633191681489316,1.03,23.20433568653142,96.57752886651613,27.401393369077592,312.6408256190942,0.35422918124481423,2.636202226415553
2012,10,2012-07-23,85.0,0.46403866040686237,,-24.59594050733548,,27.401393369077592,326.7513150306081,4.694387247908645,2.9335787303563676
2012,10,2012-07-24,86.0,0.47173748073618327,1.04,-5.606238113509761,56.89514768153833,27.401393369077592,340.8505197052095,4.60758660685771,2.882066229899512
2012,10,2012-07-25,87.0,0.4794149247873428,,5.225810889158114,,27.401393369077592,354.93843964289823,2.687087782209908,2.1521876891414697
2012,10,2012-07-26,88.0,0.4870713053508927,1.05,10.766086578608748,65.47719140241573,27.401393369077592,369.0150748436744,0.993858752571701,2.4569094969543457
2012,10,2012-07-27,89.0,0.494706927018984,,-12.130014313634566,,27.401393369077592,383.08042530753806,4.3697732288004865,2.721988061504907
2012,10,2012-07-28,90.0,0.502322086492971,,-1.179721410155465,,27.401393369077592,397.1344910344891,4.096679158489171,2.5498268575121923
2012,10,2012-07-29,91.0,0.5099170728760737,,6.479423286739765,,27.401393369077592,411.17727202452755,3.0478042746587977,2.440421527593498
2012,10,2012-07-30,92.0,0.5174921679519885,,10.359669303052986,,27.401393369077592,425.2087682776534,0.7953280860680195,2.006472808586497
2012,10,2012-07-31,93.0,0.5250476464502704,1.05,13.610144853843558,59.39299202135648,27.401393369077592,439.2289797938667,0.6109913921877846,2.4385152235394396
2012,10,2012-08-01,94.0,0.5325837762992524,,-16.481763368785327,,27.401393369077592,453.23790657316744,3.027332948614735,1.8781998933662862
2012,10,2012-08-02,95.0,0.540100818867223,1.05,-5.17266565177983,34.1598814518339,27.401393369077592,467.23554861555556,3.431468134554019,2.4998884539424266
2012,10,2012-08-03,96.0,0.5475990291925247,,3.362977700822006,,27.401393369077592,481.2219059210311,1.263069658111523,2.520774000354654
2012,10,2012-08-04,97.0,0.555078656203195,,9.540323727553337,,27.401393369077592,495.1969784895941,2.581181841487787,2.2374057619329424
2012,10,2012-08-05,98.0,0.5625399429267356,1.05,13.149219859008221,45.809494621581294,27.401393369077592,509.16076632124447,1.0662294782774226,2.2349524295830956
2012,10,2012-08-06,99.0,0.5699831266905483,,-10.771483197087258,,27.401393369077592,523.1132694159822,3.951443241290331,2.4416568832918286
2012,10,2012-08-07,100.0,0.5774084393135491,1.05,-4.836552343218165,24.260702508811217,27.401393369077592,537.0544877738075,3.55432215925026,2.201086914074414
2012,10,2012-08-08,101.0,0.5848161072894319,,2.866004016889462,,27.401393369077592,550.9844213947201,1.6179739259940122,2.3036970383845734
2012,10,2012-08-09,102.0,0.5922063519620312,1.05,7.8892238005265325,31.635664665366317,27.401393369077592,564.9030702787202,0.8636739244676807,2.5896172677088667
2012,10,2012-08-10,103.0,0.5995793896931981,,2.3232981431713093,,27.401393369077592,578.8104344258077,3.9845216735094287,2.454131208542607
2012,10,2012-08-11,104.0,0.606935432023581,,7.69270110556237,,27.401393369077592,592.7065138359826,3.233540466294282,1.9899737431187383
2012,10,2012-08-12,105.0,0.6142746858266782,,12.877645070821092,,27.401393369077592,606.2725054356823,2.9600728828131477,2.1820720826213598
2012,10,2012-08-13,106.0,0.6215973534565097,,15.06202206145215,,27.401393369077592,619.8645331134182,1.3129907187214838,1.6249442633416828
2012,10,2012-08-14,107.0,0.6289036328892269,1.05,17.57219109071275,40.623698765763535,27.401393369077592,633.7267583128554,0.5167516306226434,1.9910354308118776
2012,10,2012-08-15,108.0,0.636193717858969,,20.394651099760285,,27.22704158467721,647.415571111086,0.33928699608049806,2.4824964707929578
2012,10,2012-08-16,109.0,0.636193717858969,1.05,21.793928199041066,44.84456343851133,27.030502209803476,659.0618715484048,0.10957159788388798,1.289509607990464
2012,10,2012-08-17,110.0,0.636193717858969,,23.48799064393417,,26.808951704836755,670.8584520386893,0.61536310016687,1.5866603067146094
2012,10,2012-08-18,111.0,0.636193717858969,,25.559638002944546,,26.559207213268348,683.611448330455,0.6289411621525208,1.950695380546761
2012,10,2012-08-19,112.0,0.636193717858969,,27.42033230245501,,26.277680835893904,694.9428936926504,0.13579134517181066,1.7248999467444823
2012,10,2012-08-20,113.0,0.636193717858969,1.05,28.230786976028774,51.28136851407936,25.960328086050094,706.3531748714423,0.05730809278888689,0.7531457412821145
2012,10,2012-08-21,114.0,0.636193717858969,,21.126576679805844,,25.602589785388215,718.5101218891483,3.334224664877838,1.7615648036127123
2012,10,2012-08-22,115.0,0.636193717858969,1.05,25.79196953381594,48.84255077035154,25.19932656544311,730.3045874791973,3.0886969497364154,1.576695838045204
2012,10,2012-08-23,116.0,0.636193717858969,,29.86428416644669,,24.744745034028615,741.6975739016531,2.6032500312001137,1.4690645866525898
2012,10,2012-08-24,117.0,0.636193717858969,,31.30777275915983,,24.232314545745368,752.1274329084981,0.8938842273391668,1.3116043611143569
2012,10,2012-08-25,118.0,0.636193717858969,,32.73302978713908,,23.65467338090275,759.9387372559338,0.20667371447049068,1.2185833122748948
2012,10,2012-08-26,119.0,0.636193717858969,,33.891510610657576,,23.003522984995207,766.4186900415386,0.1851724016540999,0.9733084215052165
2012,10,2012-08-27,120.0,0.636193717858969,1.05,34.808749526248334,57.859330742048115,22.269508749347587,772.096417906543,0.15614862528352355,0.7610902902021714
2012,10,2012-08-28,121.0,0.636193717858969,,26.3928013275541,,21.442085620191015,780.778633292306,3.805039092467168,1.3790127088131134
2012,10,2012-08-29,122.0,0.636193717858969,1.05,30.898461330157193,53.94904254592382,20.509366605471634,788.1350720330017,3.453917452612991,1.0517425499824316
2012,10,2012-08-30,123.0,0.636193717858969,,33.844419123053356,,19.457952002998667,792.5455804760606,2.1407927889068774,0.8051650039869623
2012,10,2012-08-31,124.0,0.636193717858969,,34.97108818176093,,18.272736896575665,795.8756969682775,0.5290003104494897,0.5976687482573951
2012,10,2012-09-01,125.0,0.636193717858969,,35.69143796596121,,16.936694154550498,798.6628668118763,0.3360434568741206,0.3843063273259389
2012,10,2012-09-02,126.0,0.636193717858969,,36.36246017222541,,15.43062981328056,800.5798185637658,0.35028695657301445,0.32073524969114414
2012,10,2012-09-03,127.0,0.636193717858969,,36.82912309013623,,13.732907331283716,802.0422076112383,0.2581737158623063,0.20848920204850174
2012,10,2012-09-04,128.0,0.636193717858969,1.05,37.23808259809801,60.28866381386132,11.81913675263289,802.9660409270865,0.2615060775896008,0.1474534303721701
2012,10,2012-09-05,129.0,0.636193717858969,,37.578794893487384,,9.66182431402884,803.5208794615685,0.24979474339486415,0.09091755199452503
2012,10,2012-09-06,130.0,0.636193717858969,1.05,37.85515079687554,60.90573201263885,7.229977461708306,803.8107657400127,0.23033245518541864,0.046023448202735705
2012,10,2012-09-07,131.0,0.636193717858969,,38.05058588341831,,4.4886596037497375,803.9086709778146,0.18278006885536421,0.012655017687413717
2012,10,2012-09-08,132.0,0.636193717858969,,38.23223334831086,,1.398488201224302,803.9175586561862,0.18050413694631923,0.0011433279462305984
2012,11,2012-04-30,1.0,0.08,,3.5757955736322145,,0.0,0.0,4.469744467040293,0.0
2012,11,2012-05-01,2.0,0.08,,4.913467870933774,,0.0,0.0,1.672090371626957,0.0
2012,11,2012-05-02,3.0,0.08,,6.092180302821306,,0.0,0.0,1.4733905398594245,0.0
2012,11,2012-05-03,4.0,0.08,,7.191627689080374,,0.0,0.0,1.3743092328238393,0.0
2012,11,2012-05-04,5.0,0.08,,8.024474950124024,,0.0,0.0,1.0410590763045713,0.0
2012,11,2012-05-05,6.0,0.08,,8.538632768651455,,0.4875,0.0,0.642697273159294,0.0
2012,11,2012-05-06,7.0,0.08,,9.636546740989246,,0.5738742470010385,0.0,3.1503924654222466,0.0
2012,11,2012-05-07,8.0,0.08,,7.8138912980817326,,0.6755521053764285,0.0,1.531680696365608,0.0
2012,11,2012-05-08,9.0,0.08,,10.200000000000001,,0.6693127862307413,0.0,3.035707595716126,0.0
2012,11,2012-05-09,10.0,0.08,,10.200000000000001,,0.6619209548482653,0.0,1.1706220068247004,0.0
2012,11,2012-05-10,11.0,0.08,,10.200000000000001,,0.6531637219016666,0.0,1.0166836456547317,0.0
2012,11,2012-05-11,12.0,0.08,,10.200000000000001,,0.6427888736519074,0.0,0.4827744254366772,0.0
2012,11,2012-05-12,13.0,0.08,,10.200000000000001,,0.6304976080361702,0.0,1.586666099246817,0.0
2012,11,2012-05-13,14.0,0.08,,10.200000000000001,,0.6159359289831668,0.0,0.5052056294497448,0.0
2012,11,2012-05-14,15.0,0.08,,10.200000000000001,,0.5986844511067813,0.0,0.641535868026261,0.0
2012,11,2012-05-15,16.0,0.08,,10.200000000000001,,0.5782463211468956,0.0,0.6535893988489779,0.0
2012,11,2012-05-16,17.0,0.08,,10.200000000000001,,0.5540329082874117,0.0,0.4934995052678989,0.0
2012,11,2012-05-17,18.0,0.08,,10.200000000000001,,0.5253468512237497,0.0,0.4151754638444641,0.0
2012,11,2012-05-18,19.0,0.08,,10.200000000000001,,0.49136197372485746,0.0,1.581646844556491,0.0
2012,11,2012-05-19,20.0,0.08,,10.200000000000001,,0.45109949024546064,0.0,0.6766582592087337,0.0
2012,11,2012-05-20,21.0,0.08,,10.200000000000001,,0.40339981629543586,0.0,0.3726446088493294,0.0
2012,11,2012-05-21,22.0,0.08,,10.200000000000001,,0.3468891716874604,0.0,0.6300927505316575,0.0
2012,11,2012-05-22,23.0,0.08,,10.200000000000001,,0.2799400148157657,0.0,2.8253809300348145,0.0
2012,11,2012-05-23,24.0,0.08,,2.3547938598566365,,0.32953921068278375,0.06118911314840907,4.917483409091409,0.008008915729388387
2012,11,2012-05-24,25.0,0.0905004365499774,,7.232833686451317,,0.3753663616041596,0.06118911314840907,5.048550545002393,0.0
2012,11,2012-05-25,26.0,0.0905004365499774,0.25,8.170296934227776,15.783156019175248,0.37189458937619535,0.06118911314840907,1.0358659952527052,0.0
2012,11,2012-05-26,27.0,0.0905004365499774,,9.474665497888708,,0.36778060710301796,0.06118911314840907,1.4412842781599315,0.0
2012,11,2012-05-27,28.0,0.0905004365499774,,10.20533559891615,,0.36290561847107594,0.06118911314840907,0.8073663828394347,0.0
2012,11,2012-05-28,29.0,0.0905004365499774,,10.72575318571838,,0.3571288521693562,0.06118911314840907,0.5750442833663478,0.0
2012,11,2012-05-29,30.0,0.0905004365499774,,11.148470941611619,,0.350283496944109,0.06118911314840907,0.46708918985137554,0.0
2012,11,2012-05-30,31.0,0.0905004365499774,,-5.94377516593327,,0.41234600624757145,0.2059922928094689,7.707881135250719,0.029750180653521925
2012,11,2012-05-31,32.0,0.09781581180244812,0.335,3.077802928698611,10.915205198067483,0.4854046232599192,0.3461269266288975,4.86991132067073,0.02438907476688396
2012,11,2012-06-01,33.0,0.10757690014237535,,7.309713180527335,,0.5515926410365248,0.37866862043730964,4.270062908748998,0.00636453112212567
2012,11,2012-06-02,34.0,0.1128348327653292,,9.017826845128697,,0.5464961747592636,0.37866862043730964,1.60602000034401,0.0
2012,11,2012-06-03,35.0,0.1128348327653292,,10.217792600684433,,0.5404567797574018,0.37866862043730964,1.199965755555739,0.0
2012,11,2012-06-04,36.0,0.1128348327653292,,12.621513866429908,,0.5333011470817156,0.37866862043730964,3.6737212657454767,0.0
2012,11,2012-06-05,37.0,0.1128348327653292,0.41,13.105809740564348,33.855552863341515,0.524822966904138,0.37866862043730964,2.7322132037577367,0.0
2012,11,2012-06-06,38.0,0.1128348327653292,,-10.372773905095244,,0.6178100203917192,0.7255304987544848,8.496581815983541,0.07883453835687615
2012,11,2012-06-07,39.0,0.12218762111984684,0.44,-8.2807784202499,10.100048910379007,0.7272723287015264,1.1717270810303089,6.218778243352073,0.07436486164924673
2012,11,2012-06-08,40.0,0.13148063890479167,0.455,3.6263728670634725,18.910660130765244,0.8561289435862157,1.696586563896534,6.201914501012816,0.10869671937344573
2012,11,2012-06-09,41.0,0.14071586863093521,,6.373177135294543,,0.9722701960102522,2.292245474770959,2.249738439376749,0.11273079332938932
2012,11,2012-06-10,42.0,0.14989517673992225,,8.205943534309206,,0.9988475938841143,2.6432019637299935,1.6490854136050905,0.0802639565138407
2012,11,2012-06-11,43.0,0.15878162676519403,,9.347758638742949,,0.9947654484577996,2.905844106289986,1.084317336278197,0.054896555190525234
2012,11,2012-06-12,44.0,0.16732049764528872,,10.166785207534604,,0.9883020724595515,3.1572312096771893,0.7840926025250723,0.0477493391159938
2012,11,2012-06-13,45.0,0.1756825087070413,0.54,10.990332805668823,39.96821764076067,0.9791907512018503,3.35669471866518,0.7819889465176388,0.04602746087628921
2012,11,2012-06-14,46.0,0.18355349744502356,,4.115278150278929,,1.152681753879678,4.062142147465695,8.159588825353335,0.15540462077287198
2012,11,2012-06-15,47.0,0.19247774982212248,0.58,8.111428265304891,43.74601477785935,1.3361130896452031,4.8789791770721065,4.100307784397773,0.1498292399080691
2012,11,2012-06-16,48.0,0.20135531473537757,,10.039463579675495,,1.4378138974689445,5.642894870941061,1.7711110895510176,0.13614341814589967
2012,11,2012-06-17,49.0,0.2101614140299115,,11.43380814177954,,1.4355377569233434,6.207584691190266,1.2790617590381688,0.11528360719445768
2012,11,2012-06-18,50.0,0.218787250904722,0.64,13.698600610701947,60.1124064298869,1.42897422298665,6.466388300263476,2.4572905249782644,0.06150125311975611
2012,11,2012-06-19,51.0,0.22608938926764083,,6.6928199839018845,,1.6821569357956059,7.492714090472678,9.452909838351983,0.2653090579805951
2012,11,2012-06-20,52.0,0.23479234738604365,0.68,9.937228802743153,63.81770061458178,1.9164620081681298,8.611412336313618,3.0564160089905683,0.1879926127050947
2012,11,2012-06-21,53.0,0.24345441146639463,,12.21044065690487,,1.9755884408035436,9.481390814912814,2.0524595318640113,0.22075224301669474
2012,11,2012-06-22,54.0,0.2519850982144829,,13.952803548493025,,1.9746294836219813,10.217951556339672,2.1123805730217695,0.13798228916833233
2012,11,2012-06-23,55.0,0.2603718229738073,,15.348667200766481,,1.9621790568340773,10.7185316104381,1.2745185531614196,0.12134508875623595
2012,11,2012-06-24,56.0,0.2682559421927438,0.76,16.40490393503141,85.21870895763446,1.9446978214274249,11.132832216406323,0.9556878473390912,0.1005488833918722
2012,11,2012-06-25,57.0,0.2757732051896778,,5.7922957020559505,,2.289255380340972,12.524644777237393,9.136835489790254,0.3505562760655881
2012,11,2012-06-26,58.0,0.2842450282773617,0.8,10.02854129671443,86.3090129844395,2.639043875058242,14.12586261551578,3.8878846983118605,0.3483608959707004
2012,11,2012-06-27,59.0,0.29268137754665374,,13.241499073944302,,2.968237544020745,15.92337468979104,3.1862790291674172,0.28067874794066183
2012,11,2012-06-28,60.0,0.3004066995461051,0.84,15.050540256926407,94.50818062495125,3.0691795009467717,17.55889162212913,1.4883239246984543,0.2978859387052451
2012,11,2012-06-29,61.0,0.30808077510902515,,2.3586227329184912,,3.612970410290978,19.73821308471634,6.573554824358936,0.40372001236283356
2012,11,2012-06-30,62.0,0.31574432792492924,,8.61401361533125,,4.25310907413901,22.29373764635667,5.352136240980714,0.4730377286715755
2012,11,2012-07-01,63.0,0.3233779629077624,,12.14602874580643,,4.8035466428267535,25.170256968632888,2.4581336742107363,0.6453440723216212
2012,11,2012-07-02,64.0,0.3309822926350643,,16.48192581465398,,5.131168025756719,27.661368638620946,3.597758267281423,0.5652465575303782
2012,11,2012-07-03,65.0,0.33851871808803663,0.92,18.24563298164984,101.96373893919144,5.118439291646643,29.80524662523229,0.974014650008332,0.36661228651367195
2012,11,2012-07-04,66.0,0.3459733088459143,,8.254621856420737,,6.025313834490761,33.38554887057986,7.048352744816936,0.74214993970218
2012,11,2012-07-05,67.0,0.3534931803848912,0.94,14.21990679713838,98.69737563840943,7.030161044714381,37.536986235509346,4.752173797363333,0.7909602173355476
2012,11,2012-07-06,68.0,0.36098598460250986,,16.21350770760261,,8.125851660972153,42.302750062755486,6.011205047507281,0.8957644435836081
2012,11,2012-07-07,69.0,0.3684522331479887,,-4.197363289340387,,9.251401058989396,47.690368999756224,4.182531506471102,0.7022962063053775
2012,11,2012-07-08,70.0,0.3758924204053071,,-2.0247576957673483,,10.130406342162452,53.4063207103298,3.167549513046815,0.5751030073265954
2012,11,2012-07-09,71.0,0.3839561533502427,,2.374543084570067,,10.718569726170786,59.58913648225937,2.688592277015972,1.0084939626015865
2012,11,2012-07-10,72.0,0.3919925659714625,0.97,5.95001237874148,89.22944852383768,10.718569726170786,65.77005181470686,1.5856390012132284,1.1577365775232906
2012,11,2012-07-11,73.0,0.3919925659714625,,8.290435238173012,,10.718569726170786,71.94906670767227,0.913325863139628,1.1024741085745993
2012,11,2012-07-12,74.0,0.3999757820820138,0.98,10.185596730904718,93.8945514189588,10.718569726170786,78.12618116115561,0.7094854979144211,1.1398174254924953
2012,11,2012-07-13,75.0,0.3999757820820138,,-0.9774675828761074,,10.718569726170786,84.30139517515688,5.780681868285002,1.1427321320608055
2012,11,2012-07-14,76.0,0.3999757820820138,,6.360886364236966,,10.718569726170786,90.47470874967607,5.917052228072747,1.3691497941847586
2012,11,2012-07-15,77.0,0.3999757820820138,,9.420485240815754,,10.718569726170786,96.64612188471318,1.8147851820304992,1.2120731469488817
2012,11,2012-07-16,78.0,0.3999757820820138,,10.607855038108234,,10.718569726170786,102.81563458026821,6.0775855957174585,1.2003151921337039
2012,11,2012-07-17,79.0,0.3999757820820138,1.005,14.427543105306327,100.0310852511768,10.718569726170786,108.98324683634117,2.701987590602866,1.1161711021813234
2012,11,2012-07-18,80.0,0.3999757820820138,,5.752728295365561,,10.718569726170786,115.14895865293205,6.200851332874194,1.2239055320066405
2012,11,2012-07-19,81.0,0.3999757820820138,1.015,11.93321558666392,98.33620927243435,10.718569726170786,121.31277003004085,5.000204257366993,1.1801628990097153
2012,11,2012-07-20,82.0,0.3999757820820138,,15.057304658229006,,10.718569726170786,127.47468096766758,1.8494781417190864,1.274577186321233
2012,11,2012-07-21,83.0,0.3999757820820138,,17.1747639060428,,10.718569726170786,133.63469146581224,0.8837095861202116,1.2337401703457025
2012,11,2012-07-22,84.0,0.3999757820820138,1.03,18.93551225089335,106.53846002834433,10.718569726170786,139.55684861199205,0.5456248429122144,1.2151208284915322
2012,11,2012-07-23,85.0,0.3999757820820138,,-33.99015896686116,,10.718569726170786,145.71305823117254,6.494449055406868,1.2798794621330956
2012,11,2012-07-24,86.0,0.3999757820820138,1.04,-7.3392705268414415,61.09006548719806,10.718569726170786,151.86736741087097,5.419253736138164,1.2580232051756424
2012,11,2012-07-25,87.0,0.40765322613317334,,3.9242398742954934,,10.718569726170786,158.0197761510873,3.4168127222738405,0.9398930720664151
2012,11,2012-07-26,88.0,0.41530960669672323,1.05,8.652217668751202,68.3470809305396,10.718569726170786,164.17028445182157,1.534811469952297,1.0734981790490188
2012,11,2012-07-27,89.0,0.4229452283648145,,-14.132279203238697,,10.718569726170786,170.31889231307377,6.045361858625646,1.1899054514284992
2012,11,2012-07-28,90.0,0.4305603878388016,,-2.271017191802562,,10.718569726170786,176.4655997348439,5.086432634097428,1.1151961271422886
2012,11,2012-07-29,91.0,0.4381553742219042,,5.348154644416938,,10.718569726170786,182.61040671713192,3.92380210756365,1.0678738957134093
2012,11,2012-07-30,92.0,0.445730469297819,,8.634653733207346,,10.718569726170786,188.7533132599379,1.2626391688304515,0.8784219958781951
2012,11,2012-07-31,93.0,0.4532859477961009,1.05,10.91264591658363,59.843399352372785,10.718569726170786,194.8943193632618,1.0205888237015597,1.0680963588521153
2012,11,2012-08-01,94.0,0.4608220776450829,,-19.476091097075823,,10.718569726170786,201.0334250271036,4.188163134026063,0.8230800106849883
2012,11,2012-08-02,95.0,0.4683391202130536,1.05,-6.194034225757679,33.96998376525352,10.718569726170786,207.1706302514633,4.48927605708687,1.0960652110828293
2012,11,2012-08-03,96.0,0.4758373305383552,,2.0295189706525587,,10.718569726170786,213.30593503634097,1.7917052392048292,1.1057716064436869
2012,11,2012-08-04,97.0,0.4833169575490255,,7.714845137546508,,10.718569726170786,219.43933938173654,3.2601397753521386,0.9819565626816429
2012,11,2012-08-05,98.0,0.4907782442725661,1.05,10.487216861614346,43.328418816623696,10.718569726170786,225.57084328765004,1.4914935085626895,0.9813683591252311
2012,11,2012-08-06,99.0,0.4982214280363788,,-13.288727792721106,,10.718569726170786,231.70044675408147,5.46662332497697,1.0726669181894903
2012,11,2012-08-07,100.0,0.5056467406593796,1.05,-5.825832545509928,21.84785116601564,10.718569726170786,237.82814978103082,4.709980846575317,0.9674625703270596
2012,11,2012-08-08,101.0,0.5130544086352624,,1.9122026397902934,,10.718569726170786,243.95395236849808,2.1568344476096586,1.0130696715805547
2012,11,2012-08-09,102.0,0.5204446533078617,1.05,6.076744147725923,27.50003032289818,10.718569726170786,250.07785451648328,1.3428998813571942,1.139375156335167
2012,11,2012-08-10,103.0,0.5278176910390286,,-3.025712707652963,,10.718569726170786,256.1998562249864,5.512385675105917,1.08030503067938
2012,11,2012-08-11,104.0,0.5351737333694115,,3.280456448577306,,10.718569726170786,262.31995749400744,4.371974844559413,0.8764228003520199
2012,11,2012-08-12,105.0,0.5425129871725087,,7.315853244879146,,10.718569726170786,268.2976808245967,2.3183813796424273,0.9615090132889268
2012,11,2012-08-13,106.0,0.5498356548023402,,10.358083266185986,,10.718569726170786,274.28988644295896,2.7930129940944974,0.7163758325971533
2012,11,2012-08-14,107.0,0.5571419342350574,1.05,12.733256680070768,31.48610252208655,10.718569726170786,280.40428639353377,1.439491588422412,0.8782130404462855
2012,11,2012-08-15,108.0,0.5644320192047996,,7.2125940416141185,,10.650368750665402,286.4416304782972,5.668343928007153,1.0948857000458998
2012,11,2012-08-16,109.0,0.5644320192047996,1.05,11.211611283126782,29.943804272555365,10.573488682372984,291.5772695113796,3.4258404000956175,0.5686317223201561
2012,11,2012-08-17,110.0,0.5644320192047996,,13.562247750190695,,10.486825040733724,296.77785036446824,2.157896603432353,0.6994870435760311
2012,11,2012-08-18,111.0,0.5644320192047996,,15.38234857719305,,10.389132791637227,302.3980950809725,1.4680836897432983,0.8596713395977318
2012,11,2012-08-19,112.0,0.5644320192047996,,16.768308780032605,,10.279008460914337,307.3895622293453,0.626051456515049,0.7598131697417471
2012,11,2012-08-20,113.0,0.5644320192047996,1.05,17.288370338754635,36.01884268017184,10.154869971634755,312.412822590964,0.18847034429814702,0.33156476071213925
2012,11,2012-08-21,114.0,0.5644320192047996,,7.4161934552793625,,10.014933915547426,317.760927304865,4.5528652135245835,0.7749505707577695
2012,11,2012-08-22,115.0,0.5644320192047996,1.05,12.31492253067978,31.045385504639793,9.857189932138919,322.945004591553,4.205714455628843,0.6930125845567682
2012,11,2012-08-23,116.0,0.5644320192047996,,14.881046019379298,,9.679371827232096,327.9473255448225,1.9211004248211698,0.6450224981427086
2012,11,2012-08-24,117.0,0.5644320192047996,,16.231197396135332,,9.478925016206857,332.74868597764254,1.5083573157405927,0.603793903525992
2012,11,2012-08-25,118.0,0.5644320192047996,,17.657706257302074,,9.252969824123115,337.21378512120987,0.7299420133065815,0.6965668039538456
2012,11,2012-08-26,119.0,0.5644320192047996,,18.750189653412583,,8.998260115505342,341.4402397841153,0.45765716635652787,0.6348262175079925
2012,11,2012-08-27,120.0,0.5644320192047996,1.05,19.59139712248809,38.32185931364384,8.711136659452574,345.5095576282858,0.2957219523266672,0.5454855133220112
2012,11,2012-08-28,121.0,0.5644320192047996,,7.947538999387951,,8.387474560104023,349.28800704588355,5.056003601269014,0.6001382751940136
2012,11,2012-08-29,122.0,0.5644320192047996,1.05,12.949942949933753,31.680405140535346,8.022623997231662,352.7511234362487,4.507285729278977,0.49511822114951387
2012,11,2012-08-30,123.0,0.5644320192047996,,16.033052943175797,,7.611343425622538,355.87473441215406,2.5128759087873402,0.5702340844232113
2012,11,2012-08-31,124.0,0.5644320192047996,,17.780373565562094,,7.147724273574522,358.63596064670395,1.2517527853019035,0.4955678370759645
2012,11,2012-09-01,125.0,0.5644320192047996,,18.77613636499751,,6.625106058702947,361.01462439644075,0.667782955756174,0.3279798436769712
2012,11,2012-09-02,126.0,0.5644320192047996,,19.735841043091117,,6.035980701588133,362.99520229796735,0.6283238036642654,0.3313808744287483
2012,11,2012-09-03,127.0,0.5644320192047996,,20.392425933273834,,5.3718846626069015,364.56950337354846,0.43214066612378466,0.22444422405877087
2012,11,2012-09-04,128.0,0.5644320192047996,1.05,20.983696920081268,39.71415911063983,4.6232773523556006,365.7070849750067,0.4097011012168673,0.18156988559053508
2012,11,2012-09-05,129.0,0.5644320192047996,,21.471229597521532,,3.7794040688747863,366.45806897620605,0.36447412484739405,0.12305855259287594
2012,11,2012-09-06,130.0,0.5644320192047996,1.05,21.855793717075862,40.58625590763441,2.8281414925934643,366.87420726932334,0.3184964212788543,0.06606769827548332
2012,11,2012-09-07,131.0,0.5644320192047996,,22.115270873630177,,1.7558235193299327,367.0118110554208,0.24169079102358396,0.017786365530737036
2012,11,2012-09-08,132.0,0.5644320192047996,,22.346054263870855,,0.54704492921757,367.02483443309416,0.22910803802542837,0.0016753522152489376
2012,12,2012-04-30,1.0,0.08,,3.5757955736322145,,0.0,0.0,4.469744467040293,0.0
2012,12,2012-05-01,2.0,0.08,,4.913467870933774,,0.0,0.0,1.672090371626957,0.0
2012,12,2012-05-02,3.0,0.08,,6.092180302821306,,0.0,0.0,1.4733905398594245,0.0
2012,12,2012-05-03,4.0,0.08,,7.191627689080374,,0.0,0.0,1.3743092328238393,0.0
2012,12,2012-05-04,5.0,0.08,,8.024474950124024,,0.0,0.0,1.0410590763045713,0.0
2012,12,2012-05-05,6.0,0.08,,8.538632768651455,,0.4875,0.0,0.642697273159294,0.0
2012,12,2012-05-06,7.0,0.08,,9.636546740989246,,0.5738742470010385,0.0,3.1503924654222466,0.0
2012,12,2012-05-07,8.0,0.08,,7.8138912980817326,,0.6755521053764285,0.0,1.531680696365608,0.0
2012,12,2012-05-08,9.0,0.08,,10.200000000000001,,0.6693127862307413,0.0,3.035707595716126,0.0
2012,12,2012-05-09,10.0,0.08,,10.200000000000001,,0.6619209548482653,0.0,1.1706220068247004,0.0
2012,12,2012-05-10,11.0,0.08,,10.200000000000001,,0.6531637219016666,0.0,1.0166836456547317,0.0
2012,12,2012-05-11,12.0,0.08,,10.200000000000001,,0.6427888736519074,0.0,0.4827744254366772,0.0
2012,12,2012-05-12,13.0,0.08,,10.200000000000001,,0.6304976080361702,0.0,1.586666099246817,0.0
2012,12,2012-05-13,14.0,0.08,,10.200000000000001,,0.6159359289831668,0.0,0.5052056294497448,0.0
2012,12,2012-05-14,15.0,0.08,,10.200000000000001,,0.5986844511067813,0.0,0.641535868026261,0.0
2012,12,2012-05-15,16.0,0.08,,10.200000000000001,,0.5782463211468956,0.0,0.6535893988489779,0.0
2012,12,2012-05-16,17.0,0.08,,10.200000000000001,,0.5540329082874117,0.0,0.4934995052678989,0.0
2012,12,2012-05-17,18.0,0.08,,10.200000000000001,,0.5253468512237497,0.0,0.4151754638444641,0.0
2012,12,2012-05-18,19.0,0.08,,10.200000000000001,,0.49136197372485746,0.0,1.581646844556491,0.0
2012,12,2012-05-19,20.0,0.08,,10.200000000000001,,0.45109949024546064,0.0,0.6766582592087337,0.0
2012,12,2012-05-20,21.0,0.08,,10.200000000000001,,0.40339981629543586,0.0,0.3726446088493294,0.0
2012,12,2012-05-21,22.0,0.08,,10.200000000000001,,0.3468891716874604,0.0,0.6300927505316575,0.0
2012,12,2012-05-22,23.0,0.08,,10.200000000000001,,0.2799400148157657,0.0,2.8253809300348145,0.0
2012,12,2012-05-23,24.0,0.08,,2.3547938598566365,,0.32953921068278375,0.06118911314840907,4.917483409091409,0.008008915729388387
2012,12,2012-05-24,25.0,0.0905004365499774,,7.232833686451317,,0.3753663616041596,0.06118911314840907,5.048550545002393,0.0
2012,12,2012-05-25,26.0,0.0905004365499774,0.25,8.170296934227776,15.783156019175248,0.37189458937619535,0.06118911314840907,1.0358659952527052,0.0
2012,12,2012-05-26,27.0,0.0905004365499774,,9.474665497888708,,0.36778060710301796,0.06118911314840907,1.4412842781599315,0.0
2012,12,2012-05-27,28.0,0.0905004365499774,,10.20533559891615,,0.36290561847107594,0.06118911314840907,0.8073663828394347,0.0
2012,12,2012-05-28,29.0,0.0905004365499774,,10.72575318571838,,0.3571288521693562,0.06118911314840907,0.5750442833663478,0.0
2012,12,2012-05-29,30.0,0.0905004365499774,,11.148470941611619,,0.350283496944109,0.06118911314840907,0.46708918985137554,0.0
2012,12,2012-05-30,31.0,0.0905004365499774,,-5.853274729383288,,0.41234600624757145,0.2059922928094689,7.707881135250719,0.029750180653521925
2012,12,2012-05-31,32.0,0.09781581180244812,0.335,3.0694737470774514,10.98247674109219,0.4854046232599192,0.3461269266288975,4.837182863695436,0.02438907476688396
2012,12,2012-06-01,33.0,0.10757690014237535,,7.287963682956119,,0.5515926410365248,0.37959838311755,4.251072518508315,0.006546374868472112
2012,12,2012-06-02,34.0,0.1129329288426328,,8.998160845287433,,0.5464963712933213,0.37959838311755,1.6021298616829416,0.0
2012,12,2012-06-03,35.0,0.1129329288426328,,10.196147373629135,,0.5404570126160779,0.37959838311755,1.1979865283417126,0.0
2012,12,2012-06-04,36.0,0.1129329288426328,,12.596882712601179,,0.5333014229787469,0.37959838311755,3.670735338972059,0.0
2012,12,2012-06-05,37.0,0.1129329288426328,0.41,13.112778584195121,33.888410115316674,0.5248232937941347,0.37959838311755,2.7254627518510697,0.0
2012,12,2012-06-06,38.0,0.1129329288426328,,-10.965805019866291,,0.6178104051994131,0.7264606927500802,8.496581759552644,0.07883463638594486
2012,12,2012-06-07,39.0,0.12228571719715044,0.44,-8.431136655426007,9.53290620142479,0.7272727816886556,1.1726575517679023,6.21877819470162,0.07436490777214683
2012,12,2012-06-08,40.0,0.13157873498209527,0.455,3.606868794786279,18.369894815115074,0.8561294768326726,1.6975173599199425,6.2282918269512,0.10869678673909713
2012,12,2012-06-09,41.0,0.14081396470823881,,6.368411854885138,,0.972270801596176,2.293176639708263,2.2532621223452853,0.11273086314779614
2012,12,2012-06-10,42.0,0.14999327281722585,,8.2052309844646,,0.9988482160239734,2.6426335310099187,1.64929848724219,0.07992099764302132
2012,12,2012-06-11,43.0,0.15887572131629113,,9.348335255794083,,0.9947243814837095,2.9052538877841236,1.0841275473844487,0.054892001600685504
2012,12,2012-06-12,44.0,0.16741459219638583,,10.167187782856193,,0.9882560141880014,3.1566174714451716,0.7839801797074225,0.04774487169755831
2012,12,2012-06-13,45.0,0.1757766032581384,0.54,10.990366830303776,39.43015608831662,0.979137656778546,3.3548505491469647,0.7818940046585102,0.04574353110801349
2012,12,2012-06-14,46.0,0.18363333768270348,,7.215176686557098,,1.152619252295691,4.06025998291338,8.159597654045815,0.15539625076027497
2012,12,2012-06-15,47.0,0.1925575900598024,0.58,10.816230874949241,45.90771472600656,1.2684288260334833,4.499305475190198,3.7693656588842512,0.08053240733294897
2012,12,2012-06-16,48.0,0.2011589308336281,,12.370583043914234,,1.2618975495355813,4.771928207210335,1.4904746715902832,0.04858623916144089
2012,12,2012-06-17,49.0,0.20896120411392208,,13.479033400913664,,1.2503909441849785,4.953158225721183,1.071452295928632,0.0369988080476262
2012,12,2012-06-18,50.0,0.21568844575152119,0.64,14.840052101144176,60.716244777040316,1.2360849426416602,5.025577967701539,1.5978084429065713,0.017209593399222473
2012,12,2012-06-19,51.0,0.2195940494391908,,10.841929573958287,,1.4550919296160094,5.709975062771527,9.448957825651453,0.17691921055658422
2012,12,2012-06-20,52.0,0.22823261275462334,0.68,13.559657880583757,66.90251664222404,1.455023761096617,6.131027063460157,2.646972115279884,0.07075604702916227
2012,12,2012-06-21,53.0,0.23646918970467243,,15.240531659214922,,1.443680044189136,6.3428079965950115,1.6271354695607185,0.053738244298829854
2012,12,2012-06-22,54.0,0.24308930438149462,,15.989426950059661,,1.4288348540841294,6.4662162174790785,1.2337768069997008,0.023118458345727132
2012,12,2012-06-23,55.0,0.2480662008463723,,16.849787297276272,,1.410673378119467,6.5488959322228295,0.8403180348191155,0.020042303407374732
2012,12,2012-06-24,56.0,0.25190104137437047,0.76,17.548098493993926,85.82429048675414,1.3891093028557175,6.5488959322228295,0.6983111937653642,0.0
2012,12,2012-06-25,57.0,0.25190104137437047,,10.941661749508842,,1.6352288311353078,7.531824266626901,9.245992779737575,0.24757047482190708
2012,12,2012-06-26,58.0,0.26037087249590773,0.8,14.510976606024364,90.25383526423721,1.7053789278086442,8.126424252111798,3.4399537045535755,0.12936115170337714
2012,12,2012-06-27,59.0,0.2685540646632466,,15.811164340934496,,1.6994409589883779,8.670639787089875,1.4692093153978572,0.08497841942402061
2012,12,2012-06-28,60.0,0.27661944214652123,0.84,16.80648119238763,95.74933985048293,1.6871883821786837,9.11193749121861,0.9149408074687854,0.08037604395506377
2012,12,2012-06-29,61.0,0.28438496573260946,,7.593662503092849,,1.986120948454754,10.321443256288694,6.763119972884897,0.22406133781076945
2012,12,2012-06-30,62.0,0.2927194423939535,,12.808959451035108,,2.279947937266049,11.707401183433104,4.958750640487593,0.25654630745162393
2012,12,2012-07-01,63.0,0.3010205411947673,,15.160096394319654,,2.31570734329457,12.811614386661574,2.0516032468007683,0.24772906608493683
2012,12,2012-07-02,64.0,0.30923550679418316,,17.239856449012322,,2.30762003556471,13.586945301832136,1.740825898604025,0.1759267302333091
2012,12,2012-07-03,65.0,0.31719805243783405,0.92,18.45205472238165,102.92190721993433,2.2922158119190437,14.288528875433414,0.6880303834094842,0.11997378568401988
2012,12,2012-07-04,66.0,0.325037271095411,,12.56333150116484,,2.6983458933926467,15.924280457829763,7.474273029342092,0.33906995975568666
2012,12,2012-07-05,67.0,0.3332146592931441,0.94,17.063912546024813,102.32073132909184,2.8177643325891775,17.258004604485706,3.8313708810817197,0.25411023897805357
2012,12,2012-07-06,68.0,0.34130771365790663,,18.051596206518916,,2.980758888425452,18.525023764462244,5.672718028206837,0.23814665476236518
2012,12,2012-07-07,69.0,0.3493267314428982,,-2.419638104268547,,3.3936376256310035,20.57309023227132,4.643400445837836,0.26697309654277296
2012,12,2012-07-08,70.0,0.35741746798694274,,-0.5291169893937093,,3.7160780195868983,22.75372500532741,3.537374910094747,0.21940171634859074
2012,12,2012-07-09,71.0,0.3654812009318783,,3.8438857503397403,,3.9318305717962363,25.11828958678824,3.0864607465241733,0.3856898203907795
2012,12,2012-07-10,72.0,0.3735176135530981,0.97,6.566144744695648,91.21304929655955,3.9318305717962363,27.482588179186283,1.91596776565165,0.4428526865974989
2012,12,2012-07-11,73.0,0.3815271923898921,,8.338000882626385,,3.9318305717962363,29.84662078252154,1.1969031758022246,0.4217961571787903
2012,12,2012-07-12,74.0,0.3895104085004434,0.98,9.816868337660786,95.01029767089919,3.9318305717962363,32.21038739679401,0.9423806010562825,0.4361684403023871
2012,12,2012-07-13,75.0,0.39746771816522275,,4.780354760905594,,3.9318305717962363,34.5738880220037,6.529803524525526,0.4373691506803148
2012,12,2012-07-14,76.0,0.39746771816522275,,11.11384235044948,,3.9318305717962363,36.9371226581506,5.809312764618322,0.5241305462023007
2012,12,2012-07-15,77.0,0.39746771816522275,,13.378819631677935,,3.9318305717962363,39.300091305234716,1.8008744879683207,0.4640899550140972
2012,12,2012-07-16,78.0,0.39746771816522275,,14.12033742023598,,3.9318305717962363,41.66279396325604,6.3778362868678276,0.45967777924517983
2012,12,2012-07-17,79.0,0.39746771816522275,1.005,16.012807978818522,103.10986164527328,3.9318305717962363,44.02523063221458,1.4649323009822182,0.4275371782700206
2012,12,2012-07-18,80.0,0.39746771816522275,,11.386126642957818,,3.9318305717962363,46.387401312110335,7.004422974840733,0.4688953763438819
2012,12,2012-07-19,81.0,0.39746771816522275,1.015,15.540447064432726,103.43750032719069,3.9318305717962363,48.7493060029433,3.7020948947842007,0.45222543594861797
2012,12,2012-07-20,82.0,0.39746771816522275,,17.296955500822634,,3.9318305717962363,51.11094470471348,1.2680088452396214,0.4884995648393628
2012,12,2012-07-21,83.0,0.39746771816522275,,18.447684719913358,,3.9318305717962363,53.33016935293407,0.706258119025234,0.4444710924365625
2012,12,2012-07-22,84.0,0.39746771816522275,1.03,19.377446004682554,108.47449923128863,3.92530994706637,55.278764733966554,0.5299443281350256,0.3998169544221479
2012,12,2012-07-23,85.0,0.39746771816522275,,-33.396432306221236,,3.92530994706637,57.63187054750229,7.3369096587690565,0.48921202968577426
2012,12,2012-07-24,86.0,0.39746771816522275,1.04,-7.913795904044872,62.46245511203491,3.92530994706637,59.984711243446306,5.480882048492248,0.48095214379922174
2012,12,2012-07-25,87.0,0.4051451622163823,,3.1564304366037397,,3.92530994706637,62.33728682179861,3.8745470810370235,0.3593989900495812
2012,12,2012-07-26,88.0,0.4128015427799322,1.05,7.529448242441933,69.2855902740689,3.92530994706637,64.68959728255919,1.886621236599027,0.41056785434839294
2012,12,2012-07-27,89.0,0.4204371644480235,,-15.114061554100317,,3.92530994706637,67.04164262572806,6.829566824360257,0.4551780889265695
2012,12,2012-07-28,90.0,0.42805232392201054,,-3.219504162568387,,3.92530994706637,69.39342285130522,5.264905566689746,0.42668310356932215
2012,12,2012-07-29,91.0,0.43564731030511317,,4.444130585560902,,3.92530994706637,71.74493795929065,4.3600703181759455,0.40865752275563294
2012,12,2012-07-30,92.0,0.443222405381028,,7.56004238851136,,3.92530994706637,74.09618794968438,1.5535898888681867,0.33622352789805077
2012,12,2012-07-31,93.0,0.45077788387930984,1.05,9.443579979096446,59.53998879425713,3.92530994706637,76.44717282248638,1.2726202614740874,0.40890341747048164
2012,12,2012-08-01,94.0,0.45831401372829184,,-20.506129162329994,,3.92530994706637,78.79789257769667,4.731452089065811,0.31516487045200847
2012,12,2012-08-02,95.0,0.46583105629626254,1.05,-6.954685450160344,33.67862724235641,3.92530994706637,81.14834721531524,4.7422454725707635,0.41977601601073744
2012,12,2012-08-03,96.0,0.47332926662156416,,1.0563071181768695,,3.92530994706637,83.4985367353421,2.0256807410095936,0.42357681193160684
2012,12,2012-08-04,97.0,0.48080889363223445,,6.545063330705484,,3.92530994706637,85.84846113777724,3.59442300040435,0.3762223324652003
2012,12,2012-08-05,98.0,0.4882701803557751,1.05,9.062113718117251,41.84249617919234,3.92530994706637,88.19812042262066,1.6218949741322553,0.3760710768929387
2012,12,2012-08-06,99.0,0.4957133641195878,,-14.558592836072055,,3.92530994706637,90.54751458987236,6.175754268252248,0.4111387326765245
2012,12,2012-08-07,100.0,0.5031386767425886,1.05,-6.48834358144946,20.377621979752842,3.92530994706637,92.89664363953234,5.174645635717272,0.3708884745913451
2012,12,2012-08-08,101.0,0.5105463447184714,,1.2805220742870587,,3.92530994706637,95.24550757160061,2.4308501289876148,0.38844915066576563
2012,12,2012-08-09,102.0,0.5179365893910707,1.05,5.128245633891873,25.25594293959036,3.92530994706637,97.59410638607716,1.6220559879264544,0.43696569225770676
2012,12,2012-08-10,103.0,0.5253096271222376,,-0.7947813586736049,,3.92530994706637,99.942440082962,6.227452915174347,0.414393335260746
2012,12,2012-08-11,104.0,0.5326656694526205,,4.431218782887589,,3.92530994706637,102.2905086622551,4.547216149538875,0.33625274308767134
2012,12,2012-08-12,105.0,0.5400049232557177,,7.380711962628357,,3.92530994706637,104.58440517197594,2.3926524415761086,0.3689702663825354
2012,12,2012-08-13,106.0,0.5473275908855492,,9.98396707814895,,3.92530994706637,106.88431386805033,3.04767694036372,0.2749570211674439
2012,12,2012-08-14,107.0,0.5546338703182664,1.05,11.954660453235748,30.96226462808141,3.92530994706637,109.2315870945683,1.6216103407961175,0.337139535143545
2012,12,2012-08-15,108.0,0.5619239552880085,,13.543248337532392,,3.9003336699706246,111.54915893178608,1.16494299122195,0.42029677748576755
2012,12,2012-08-16,109.0,0.5619239552880085,1.05,14.243821185624522,33.24713327576168,3.872178971675148,113.52042599698545,0.4813649045739298,0.2182639743986335
2012,12,2012-08-17,110.0,0.5619239552880085,,15.124278705618975,,3.840441373911055,115.51638212137307,1.119737049472685,0.2684595217332663
2012,12,2012-08-18,111.0,0.5619239552880085,,16.033957168958914,,3.8046649254737734,117.67305862049548,1.0877214847041843,0.32988474143039004
2012,12,2012-08-19,112.0,0.5619239552880085,,16.844786135319964,,3.764335651900534,119.58805907599569,0.519302952174889,0.2915059887001013
2012,12,2012-08-20,113.0,0.5619239552880085,1.05,17.164690862170822,36.16764418140909,3.7188741715695173,121.51476288886921,0.1927253713930669,0.1271737960388575
2012,12,2012-08-21,114.0,0.5619239552880085,,10.385469423628972,,3.66762737214145,123.56541810665257,5.12363316625171,0.29714385122602954
2012,12,2012-08-22,115.0,0.5619239552880085,1.05,14.760180274948304,33.76313161934607,3.6098590277651064,125.55242491523899,4.109085382906975,0.26562503755226785
2012,12,2012-08-23,116.0,0.5619239552880085,,15.928302787051056,,3.54473922225085,127.46889757993394,0.9210035045920348,0.24711888688305841
2012,12,2012-08-24,117.0,0.5619239552880085,,16.67444961198177,,3.4713324262625758,129.30739294255335,1.2769472577735086,0.23119953337025698
2012,12,2012-08-25,118.0,0.5619239552880085,,17.511805110215604,,3.3885840572416592,131.01605372377355,0.5708000683299942,0.2665554204167034
2012,12,2012-08-26,119.0,0.5619239552880085,,18.16505619187452,,3.2953053289790124,132.63220364164337,0.4105004945852718,0.24275058438266844
2012,12,2012-08-27,120.0,0.5619239552880085,1.05,18.689226598429414,37.69217777547156,3.1901561731799726,134.1869374451907,0.3157608395247883,0.2084095662672365
2012,12,2012-08-28,121.0,0.5619239552880085,,10.359561260405524,,3.071625987668446,135.62911505006284,5.641270862126057,0.22906379963177392
2012,12,2012-08-29,122.0,0.5619239552880085,1.05,14.639196302530085,33.642147479290855,2.938011934653624,136.9494289162407,4.09087111411504,0.18876392794643762
2012,12,2012-08-30,123.0,0.5619239552880085,,16.469210424493482,,2.787394477286094,138.13874652299214,1.6128969963473154,0.2171171255978004
2012,12,2012-08-31,124.0,0.5619239552880085,,17.542473780394452,,2.617609803054685,139.18850666030522,0.8848588875520597,0.18840446834361585
2012,12,2012-09-01,125.0,0.5619239552880085,,18.144120967877218,,2.426218737850844,140.09127015208009,0.4771704812034518,0.12447670627778282
2012,12,2012-09-02,126.0,0.5619239552880085,,18.722521245855223,,2.210471704111302,140.84147404245766,0.4528797311707192,0.12552054680684496
2012,12,2012-09-03,127.0,0.5619239552880085,,19.13485926656295,,1.967269219617909,141.4364530116374,0.3275133355567389,0.0848246851508643
2012,12,2012-09-04,128.0,0.5619239552880085,1.05,19.53067043949936,38.53362161623437,1.6931173694693504,141.86528528373955,0.32736507071100784,0.06844610222537713
2012,12,2012-09-05,129.0,0.5619239552880085,,19.88173456100041,,1.3840776115226363,142.14756130908816,0.3048095021541873,0.04625461934687284
2012,12,2012-09-06,130.0,0.5619239552880085,1.05,20.184046318622546,39.18699749535756,1.0357101941953017,142.30346170199627,0.2775604182476128,0.024751339374528947
2012,12,2012-09-07,131.0,0.5619239552880085,,20.40529679419746,,0.6430103737526451,142.35482015706268,0.21461199359117838,0.006638481983755267
2012,12,2012-09-08,132.0,0.5619239552880085,,20.610076450648215,,0.20033651475970332,142.35966030113988,0.20415701105836706,0.0006226453924046644
2013,1,2013-05-15,1.0,0.08,,3.2272173382667417,,0.0,0.0,4.034021672833438,0.0
2013,1,2013-05-16,2.0,0.08,,5.105640062657151,,0.0,0.0,2.3480284054880247,0.0
2013,1,2013-05-17,3.0,0.08,,6.500186120526758,,0.0,0.0,1.743182572337019,0.0
2013,1,2013-05-18,4.0,0.08,,7.387864929978862,,0.0,0.0,1.1095985118151397,0.0
2013,1,2013-05-19,5.0,0.08,,9.6477456862119,,0.0,0.0,3.078850945291302,0.0
2013,1,2013-05-20,6.0,0.08,,9.744742310070198,,0.4875,0.0,4.439245779822874,0.0
2013,1,2013-05-21,7.0,0.08,,11.000000000000002,,0.5738742470010385,0.0,2.6126369356756474,0.0
2013,1,2013-05-22,8.0,0.08,,11.000000000000002,,0.6755521053764285,0.0,1.9793141226560966,0.0
2013,1,2013-05-23,9.0,0.08,,11.000000000000002,,0.6693127862307413,0.0,0.6175727429402105,0.0
2013,1,2013-05-24,10.0,0.08,,11.000000000000002,,0.6619209548482653,0.0,0.8819442507728491,0.0
2013,1,2013-05-25,11.0,0.08,,11.000000000000002,,0.6531637219016666,0.0,0.7074305884428116,0.0
2013,1,2013-05-26,12.0,0.08,,11.000000000000002,,0.6427888736519074,0.0,0.6675469813375661,0.0
2013,1,2013-05-27,13.0,0.08,,11.000000000000002,,0.6304976080361702,0.0,0.6050875544974155,0.0
2013,1,2013-05-28,14.0,0.08,,11.000000000000002,,0.6159359289831668,0.0,2.3613456984206183,0.0
2013,1,2013-05-29,15.0,0.08,,6.982962795357186,,0.6159223871047751,0.0,2.852703494196485,0.0
2013,1,2013-05-30,16.0,0.08,,11.000000000000002,,0.5986684078047259,0.0,5.201833702369384,0.0
2013,1,2013-05-31,17.0,0.08,,11.000000000000002,,0.5782273143641292,0.0,0.5915933389520687,0.0
2013,1,2013-06-01,18.0,0.08,,11.000000000000002,,0.5540103906168051,0.0,0.45951205389426736,0.0
2013,1,2013-06-02,19.0,0.08,,11.000000000000002,,0.5253201741424268,0.0,0.4413594125983797,0.0
2013,1,2013-06-03,20.0,0.08,,11.000000000000002,,0.491330368916334,0.0,0.48427336264374804,0.0
2013,1,2013-06-04,21.0,0.08,,11.000000000000002,,0.4510669917633703,0.0,6.116792022666051,0.0
2013,1,2013-06-05,22.0,0.08,,11.000000000000002,,0.40336131477080006,0.0,0.18865919511174103,0.0
2013,1,2013-06-06,23.0,0.08,0.09,11.000000000000002,12.375,0.3468435582524956,0.0,0.3372516628832085,0.0
2013,1,2013-06-07,24.0,0.08,,0.1264298295250588,,0.40829658629602406,0.1449483084067596,6.68227863738753,0.02575864951879411
2013,1,2013-06-08,25.0,0.0905004365499774,,4.936009091304427,,0.4806377354127699,0.3339787931538446,5.262523482563367,0.03356661319615243
2013,1,2013-06-09,26.0,0.09996664613855065,,7.760003567869866,,0.48002815757274525,0.35125007409967557,2.305085327225563,0.0033799823899582173
2013,1,2013-06-10,27.0,0.1037449926392702,0.13,9.32937780136306,11.299497107453874,0.47547227424661676,0.35125007409967557,1.2857689128787388,0.0
2013,1,2013-06-11,28.0,0.1037449926392702,,10.529587109895308,,0.4700740289252526,0.35125007409967557,1.2002093085322627,0.0
2013,1,2013-06-12,29.0,0.1037449926392702,0.15,11.378648996373043,14.849525303993069,0.46367771170322414,0.35125007409967557,0.8490618864777465,0.0
2013,1,2013-06-13,30.0,0.1037449926392702,,-1.5744894118514725,,0.5458311746766202,0.6224830830600772,7.294122691325882,0.05273890044960242
2013,1,2013-06-14,31.0,0.1127889111592815,0.17,6.237620859337531,9.768641255422498,0.6425404191943338,0.9416708035908894,5.894841126626602,0.07709555550191545
2013,1,2013-06-15,32.0,0.12259220510261366,,8.82205313954386,,0.6416383083029313,1.0475005953425305,1.9581711404602997,0.021210063737068692
2013,1,2013-06-16,33.0,0.13058114212408972,,10.43747458362361,,0.6356904949975933,1.0475005953425305,1.1223509548183537,0.0
2013,1,2013-06-17,34.0,0.13058114212408972,,11.29808784146614,,0.6284896409311914,1.0475005953425305,0.8606132578425513,0.0
2013,1,2013-06-18,35.0,0.13058114212408972,,12.06352269533606,,0.6199584543033875,1.0475005953425305,0.765434853869926,0.0
2013,1,2013-06-19,36.0,0.13058114212408972,0.22,12.8513918312746,17.135865488386777,0.60985116083413,1.0475005953425305,0.7878691359385457,0.0
2013,1,2013-06-20,37.0,0.13058114212408972,,1.0852478783139445,,0.7179033347823499,1.4885794815648297,8.685429404932508,0.10242664210683915
2013,1,2013-06-21,38.0,0.1399958103828653,0.24,6.6140404503265895,9.973757654823798,0.8450999706005241,2.007424042146742,4.5037620366684346,0.10027408272924193
2013,1,2013-06-22,39.0,0.14934859873738293,,9.132695713984099,,0.9242507340922208,2.4176520351462996,1.9229756457974072,0.07200411877927464
2013,1,2013-06-23,40.0,0.15854321984479397,,11.028985937415028,,0.9199407656924415,2.6288796636498004,1.3423369793686675,0.03913374694868765
2013,1,2013-06-24,41.0,0.16693759130878805,,13.988555697159473,,0.9123434745839827,2.6288796636498004,2.9975573421370822,0.0
2013,1,2013-06-25,42.0,0.16693759130878805,0.29,15.296799944515659,17.14800973521106,0.9016203468341064,2.6288796636498004,1.308244247356194,0.0
2013,1,2013-06-26,43.0,0.16693759130878805,,3.0189961696646073,,1.0613675848620263,3.279681902885905,7.7859129988390805,0.13628322630986797
2013,1,2013-06-27,44.0,0.17601023817443806,0.32,9.706166457407253,14.874573084946999,1.2494185098543718,3.906609786447829,5.897079761897347,0.15728736268967503
2013,1,2013-06-28,45.0,0.1849880519190665,,14.24735635062138,,1.2485808485415333,3.964639888877492,4.835468114092355,0.013826778099297922
2013,1,2013-06-29,46.0,0.18827936945541213,,15.848753293818795,,1.237044933870542,3.964639888877492,2.19578042137556,0.0
2013,1,2013-06-30,47.0,0.18827936945541213,0.365,16.77045563506026,30.204850739755653,1.2232572871620924,3.964639888877492,0.9217023412414629,0.0
2013,1,2013-07-01,48.0,0.18827936945541213,,3.0935724337172967,,1.4399914965306233,4.8222116764348195,6.969311630864638,0.16180516779240436
2013,1,2013-07-02,49.0,0.19711152076987548,0.395,9.17273920150553,28.05333376919831,1.69512622719879,5.835077402672958,5.40602118386803,0.19434504691759139
2013,1,2013-07-03,50.0,0.20589947071494752,,11.78156647689955,,1.8355456957373568,6.8283858401507675,2.296826701630273,0.19390600607098488
2013,1,2013-07-04,51.0,0.21462317438521478,0.425,13.388572511259554,38.07607251125955,1.8307430463274144,7.47740714236468,1.4696481987668701,0.13735783559315468
2013,1,2013-07-05,52.0,0.22308262078836943,,-10.68389330116711,,2.155110332643143,8.790489685637947,5.449393182081472,0.19614100549186272
2013,1,2013-07-06,53.0,0.2317446848687204,,-0.8915733900694471,,2.5369483473840844,10.332795640663182,4.529746303457218,0.26796855919011875
2013,1,2013-07-07,54.0,0.24036685934906915,,4.676607796900481,,2.986439635970401,12.143628833715505,4.457034320047445,0.3096026172372675
2013,1,2013-07-08,55.0,0.24895010482377017,,7.677534810206969,,3.4751716997295787,14.244831412059,2.161882381393526,0.3825191729845092
2013,1,2013-07-09,56.0,0.25749534076211195,0.5,9.639794116443904,41.73521405774421,3.972815771689422,16.639992623674807,1.3730775772584423,0.4532764273428793
2013,1,2013-07-10,57.0,0.2660034480103422,,-23.35087005025287,,4.676711096312036,19.448021794649918,6.849104141710026,0.5510229982211626
2013,1,2013-07-11,58.0,0.2744752710980261,0.54,-1.875777285444276,23.974472190620155,5.505321146333271,22.737708464357787,6.52557168506328,0.8135593078814938
2013,1,2013-07-12,59.0,0.28291162036731815,,0.4364644753668966,,6.480742620206972,26.588395190563674,5.5453672091123885,0.6317124796269599
2013,1,2013-07-13,60.0,0.29131327394166134,,0.3086290171633105,,7.628987263956538,31.090265113112146,5.080752778770935,0.6907308699155322
2013,1,2013-07-14,61.0,0.2996809795486158,0.6,4.103586702578303,36.34281454318088,8.980675531248348,36.346850059433244,3.723559619061009,0.7511299983062151
2013,1,2013-07-15,62.0,0.3080154562099598,0.62,0.08992012366719024,36.77205883913363,10.571853144729843,42.47560395908294,4.00456635250874,0.7818301325923637
2013,1,2013-07-16,63.0,0.3163173958108028,,-17.94179701639036,,12.444952334025436,49.60877946699546,6.669461811889073,1.5687403881070399
2013,1,2013-07-17,64.0,0.3245874645582459,0.66,-1.8650533704717374,35.089759821009366,14.649923383902893,57.89392839588804,5.467048709488029,1.8267544506883127
2013,1,2013-07-18,65.0,0.3328263043390412,0.68,5.26682248539079,42.76183051617508,17.245566667815755,67.49380931558308,4.51451442605533,1.662708458258755
2013,1,2013-07-19,66.0,0.3410345339847625,,-14.560577186670084,,20.301100688408148,78.58542520277359,3.103236420030875,1.3182322794895942
2013,1,2013-07-20,67.0,0.3492127504521499,,-2.2357633189120776,,23.89800794021024,91.3578568955368,3.8352461817604744,2.0150380723894363
2013,1,2013-07-21,68.0,0.3573615299255524,,5.435281499621395,,28.056771521217506,105.97579061957525,2.513719010240758,2.1139054903585386
2013,1,2013-07-22,69.0,0.36548142884772866,,10.513456651708102,,31.477151303060847,122.03203487910004,1.1470085552976717,2.907928621727595
2013,1,2013-07-23,70.0,0.3735729848846721,0.78,14.031021674322526,62.10995440552149,33.6436420008479,138.95787278720633,0.5797857450216369,2.7857844587716616
2013,1,2013-07-24,71.0,0.3816367178296077,,-21.289829873139443,,35.59696525968171,156.64169739032076,2.6033317653698598,2.427023294709659
2013,1,2013-07-25,72.0,0.38967313045082747,0.82,-8.61931958452909,38.384072453015136,35.59696525968171,173.8434254782804,1.573746881181643,1.4271682953808662
2013,1,2013-07-26,73.0,0.39768270928762145,,2.5600041382281193,,35.59696525968171,191.49083475911902,2.7692390379372016,3.017660815337153
2013,1,2013-07-27,74.0,0.40566592539817276,,7.32556692261374,,35.59696525968171,205.61407130454765,1.9240949974400352,1.5987118998327603
2013,1,2013-07-28,75.0,0.4136232350629521,0.88,9.760703168370688,60.88375643102498,35.59696525968171,222.1288530591419,1.2560981236888478,1.157879103773896
2013,1,2013-07-29,76.0,0.42155508044684137,,-18.534420746848536,,35.59696525968171,239.2173145666201,1.054592208042742,0.9500703201528695
2013,1,2013-07-30,77.0,0.4294618902229364,0.91,-5.3630770787089945,44.377833578980066,35.59696525968171,256.79189320290703,2.9791671505836446,2.7602474691758356
2013,1,2013-07-31,78.0,0.43734408016073717,,5.53363351040392,,35.59696525968171,274.34826417805607,3.2516461012010254,3.0095824788487375
2013,1,2013-08-01,79.0,0.4452020536812043,0.93,11.770315263546834,59.396855612373685,35.59696525968171,291.8864274920671,2.3381637852354418,2.3196296681084223
2013,1,2013-08-02,80.0,0.4530362023809585,,-7.086724473786345,,35.59696525968171,309.40638314494026,3.3828644165488835,3.1245380861528833
2013,1,2013-08-03,81.0,0.4608469065277177,,-15.280373488293252,,35.59696525968171,326.90813113667554,2.8003608887041773,2.583828343855007
2013,1,2013-08-04,82.0,0.46863453552889617,,-3.7457372458324856,,35.59696525968171,344.3916714672729,2.70731218634854,2.4953757268618006
2013,1,2013-08-05,83.0,0.4763994483751451,,5.720878917950554,,35.59696525968171,361.8570041367323,2.90948028927544,2.678924721725066
2013,1,2013-08-06,84.0,0.4841419940604637,0.965,12.117414489928219,52.78449735645421,35.59696525968171,379.3041291450538,2.318897850574519,2.6972404948125197
2013,1,2013-08-07,85.0,0.49186251198039727,,-4.377040678798255,,35.59696525968171,395.71552763098157,1.8972803789074275,1.6415168102969555
2013,1,2013-08-08,86.0,0.49956133230971816,0.975,-0.3045879427108288,40.97618790014496,35.59696525968171,412.3793558185919,1.5453231156708769,1.3575702388154807
2013,1,2013-08-09,87.0,0.5072387763608777,,5.666035238059973,,35.59696525968171,428.8021597170164,2.7170865066401864,2.3524424151290666
2013,1,2013-08-10,88.0,0.5148951569244276,,11.557403088915278,,35.59696525968171,446.17645408078624,2.885799551544727,2.6436576678607455
2013,1,2013-08-11,89.0,0.5225307785925188,0.99,14.598780627194092,57.61838545816801,35.59696525968171,463.53254078341814,1.0649575167051237,1.9032539001432163
2013,1,2013-08-12,90.0,0.5301459380665059,,-12.20879048707885,,35.59696525968171,480.2345088641034,2.345575568799552,2.065310282419428
2013,1,2013-08-13,91.0,0.5377409244496085,1.0,-4.834592488954708,36.27434706321212,35.59696525968171,496.90024141156016,2.1583173785187633,2.040758375306398
2013,1,2013-08-14,92.0,0.5453160195255233,,1.845149025697004,,35.59696525968171,513.5588874634124,1.109255267385697,2.1481384134783483
2013,1,2013-08-15,93.0,0.5528714980238052,1.01,6.175242369708875,44.64531193837481,35.59696525968171,530.1352190483469,0.7008553616099719,2.3627158326887
2013,1,2013-08-16,94.0,0.5604076278727872,,-13.461237781929576,,35.59696525968171,547.4002674452892,2.8110049135177677,2.558571943667795
2013,1,2013-08-17,95.0,0.5679246704407579,,-3.652336860351265,,35.59696525968171,564.6471081810935,2.8046561823721046,2.5501011721122566
2013,1,2013-08-18,96.0,0.5754228807660595,,4.275152852901098,,35.59696525968171,581.8757412557599,2.215401889506092,2.3457064027569974
2013,1,2013-08-19,97.0,0.5829025077767298,,9.679771967319766,,35.59696525968171,599.0861666692883,1.059151620908809,2.839859987624205
2013,1,2013-08-20,98.0,0.5903637945002704,1.035,13.338627178440198,46.477652545832996,35.59696525968171,616.2783844216789,0.4347666075312798,2.742119887460932
2013,1,2013-08-21,99.0,0.5978069782640831,,-16.26409653903273,,35.59696525968171,633.4523945129315,2.985835372259299,2.703371935074125
2013,1,2013-08-22,100.0,0.605232290887084,1.045,-13.094098419142595,16.4446447707654,35.59696525968171,650.6081969430463,2.2100341187691948,1.9988409722664702
2013,1,2013-08-23,101.0,0.6126399588629667,,-0.8022156916893248,,35.59696525968171,667.7457917120231,2.7587340719967575,2.4924585034967848
2013,1,2013-08-24,102.0,0.620030203535566,,7.224993057198565,,35.59696525968171,684.865178819862,2.483897643483247,2.317785624685344
2013,1,2013-08-25,103.0,0.627403241266733,1.05,12.124677169143403,31.363741227896554,35.59696525968171,701.966358266563,2.186040604556531,2.4171800089125
2013,1,2013-08-26,104.0,0.6347592835971159,,-6.145694402451495,,35.59696525968171,719.0493300521262,3.0338049654806145,2.7322429237794528
2013,1,2013-08-27,105.0,0.642098537400213,1.05,0.9762165686156248,18.40692218596756,35.59696525968171,736.1140941765514,2.9358902323517126,2.641242836459226
2013,1,2013-08-28,106.0,0.6494212050300445,,5.448299371587181,,35.59696525968171,753.1606506398387,2.5146197072675522,2.30980061279943
2013,1,2013-08-29,107.0,0.6567274844627617,1.05,10.310286644189537,25.635667821287385,35.59696525968171,770.188999441988,1.310897896956794,2.871427418296075
2013,1,2013-08-30,108.0,0.6640175694325039,,-15.4186816842431,,35.37046603284794,787.0047171538187,2.3900438207608894,2.1128726122851123
2013,1,2013-08-31,109.0,0.6640175694325039,,-6.217090758817366,,35.11514305692093,803.5845450319274,2.4838487836299437,2.1582166942948593
2013,1,2013-09-01,110.0,0.6640175694325039,,2.487330449539231,,34.82732829063005,819.9025788315765,2.402953512060999,2.0477582591253105
2013,1,2013-09-02,111.0,0.6640175694325039,,9.19343289125803,,34.502886906558324,835.9300153071933,2.5167423105873667,2.225342487670707
2013,1,2013-09-03,112.0,0.6640175694325039,,13.241559334692047,,34.137157889055466,851.6348895705208,1.7914267890288753,2.024842087782859
2013,1,2013-09-04,113.0,0.6640175694325039,1.05,16.116120108911577,23.055273071237742,33.72488707278365,866.9818088693554,0.7756303092011686,1.934943389115276
2013,1,2013-09-05,114.0,0.6640175694325039,,-3.9367098618296534,,33.26015165990902,881.931691118856,2.9952387359902857,2.295296040968025
2013,1,2013-09-06,115.0,0.6640175694325039,1.05,2.2112835954157677,8.803375399776685,32.73627513153171,896.441520311815,3.200777592918832,2.36623039399326
2013,1,2013-09-07,116.0,0.6640175694325039,,7.6446848087621,,32.14573133094836,910.4641361215619,2.8354453067075744,2.012476480830728
2013,1,2013-09-08,117.0,0.6640175694325039,,11.386144108499145,,31.480036340780256,923.948082096369,1.3883077464882492,2.0623457993996066
2013,1,2013-09-09,118.0,0.6640175694325039,,-12.124496735324632,,30.729626600643854,936.8375465252636,2.31957441342405,1.489543355984692
2013,1,2013-09-10,119.0,0.6640175694325039,,-8.76896765039072,,29.883721514367977,948.3314700561383,1.336056163374948,0.7581644547381864
2013,1,2013-09-11,120.0,0.6640175694325039,,-7.1590740910247845,,28.93016857293449,959.1330633386312,0.8673098655565588,0.45793613761743945
2013,1,2013-09-12,121.0,0.6640175694325039,,-12.254452572205752,,27.85526876813543,968.0106703538337,0.5506492094085788,0.2363621577537153
2013,1,2013-09-13,122.0,0.6640175694325039,,-14.92958238259694,,26.643579788790362,977.6541028355903,1.5006140945836601,0.6914303077185122
2013,1,2013-09-14,123.0,0.6640175694325039,,-8.927274159822455,,25.2776941721856,986.3729057953003,2.2303565647818693,0.9172515777682704
2013,1,2013-09-15,124.0,0.6640175694325039,,-16.257402462989056,,23.737989223597076,990.978286262695,0.36037233876702934,0.0772068799365306
2013,1,2013-09-16,125.0,0.6640175694325039,,-8.196081049873756,,22.002345111170648,997.1706107579407,1.5188680590146093,0.43110782849177354
2013,1,2013-09-17,126.0,0.6640175694325039,1.05,-0.43555252153808355,-1.9698710142232756,20.045827086232116,1002.7336447791671,2.421838982687427,0.6079602974805736
2013,1,2013-09-18,127.0,0.6640175694325039,,3.7655684939360374,,17.840327263714997,1007.2687798605656,2.10956141078078,0.4988869333875231
2013,1,2013-09-19,128.0,0.6640175694325039,,5.897275023766501,,15.354160816423573,1008.9092903121502,2.043711240202453,0.16097475021447094
2013,1,2013-09-20,129.0,0.6640175694325039,,7.556406049952177,,12.55161078194508,1010.2770546253887,1.3070528495717548,0.12740095144205826
2013,1,2013-09-21,130.0,0.6640175694325039,,8.94034243269816,,9.392414942779812,1011.4647208746371,1.1747730999197752,0.1341511916869195
2013,1,2013-09-22,131.0,0.6640175694325039,,6.824171378169217,,5.831187408065549,1011.9574707098977,2.6414206411577825,0.046302782689232325
2013,1,2013-09-23,132.0,0.6640175694325039,,-7.124683003530893,,1.8167665871778274,1011.9786879410274,3.3972574894732483,0.002389514778041899
2013,2,2013-05-15,1.0,0.08,,3.2272173382667417,,0.0,0.0,4.034021672833438,0.0
2013,2,2013-05-16,2.0,0.08,,5.105640062657151,,0.0,0.0,2.3480284054880247,0.0
2013,2,2013-05-17,3.0,0.08,,6.500186120526758,,0.0,0.0,1.743182572337019,0.0
2013,2,2013-05-18,4.0,0.08,,7.387864929978862,,0.0,0.0,1.1095985118151397,0.0
2013,2,2013-05-19,5.0,0.08,,9.6477456862119,,0.0,0.0,3.078850945291302,0.0
2013,2,2013-05-20,6.0,0.08,,9.744742310070198,,0.4875,0.0,4.439245779822874,0.0
2013,2,2013-05-21,7.0,0.08,,11.000000000000002,,0.5738742470010385,0.0,2.6126369356756474,0.0
2013,2,2013-05-22,8.0,0.08,,11.000000000000002,,0.6755521053764285,0.0,1.9793141226560966,0.0
2013,2,2013-05-23,9.0,0.08,,11.000000000000002,,0.6693127862307413,0.0,0.6175727429402105,0.0
2013,2,2013-05-24,10.0,0.08,,11.000000000000002,,0.6619209548482653,0.0,0.8819442507728491,0.0
2013,2,2013-05-25,11.0,0.08,,11.000000000000002,,0.6531637219016666,0.0,0.7074305884428116,0.0
2013,2,2013-05-26,12.0,0.08,,11.000000000000002,,0.6427888736519074,0.0,0.6675469813375661,0.0
2013,2,2013-05-27,13.0,0.08,,11.000000000000002,,0.6304976080361702,0.0,0.6050875544974155,0.0
2013,2,2013-05-28,14.0,0.08,,11.000000000000002,,0.6159359289831668,0.0,2.3613456984206183,0.0
2013,2,2013-05-29,15.0,0.08,,6.982962795357186,,0.6159223871047751,0.0,2.852703494196485,0.0
2013,2,2013-05-30,16.0,0.08,,11.000000000000002,,0.5986684078047259,0.0,5.201833702369384,0.0
2013,2,2013-05-31,17.0,0.08,,11.000000000000002,,0.5782273143641292,0.0,0.5915933389520687,0.0
2013,2,2013-06-01,18.0,0.08,,11.000000000000002,,0.5540103906168051,0.0,0.45951205389426736,0.0
2013,2,2013-06-02,19.0,0.08,,11.000000000000002,,0.5253201741424268,0.0,0.4413594125983797,0.0
2013,2,2013-06-03,20.0,0.08,,11.000000000000002,,0.491330368916334,0.0,0.48427336264374804,0.0
2013,2,2013-06-04,21.0,0.08,,11.000000000000002,,0.4510669917633703,0.0,6.116792022666051,0.0
2013,2,2013-06-05,22.0,0.08,,11.000000000000002,,0.40336131477080006,0.0,0.18865919511174103,0.0
2013,2,2013-06-06,23.0,0.08,0.09,11.000000000000002,12.375,0.3468435582524956,0.0,0.3372516628832085,0.0
2013,2,2013-06-07,24.0,0.08,,0.1264298295250588,,0.40829658629602406,0.1449483084067596,6.68227863738753,0.02575864951879411
2013,2,2013-06-08,25.0,0.0905004365499774,,4.936009091304427,,0.4806377354127699,0.3339787931538446,5.262523482563367,0.03356661319615243
2013,2,2013-06-09,26.0,0.09996664613855065,,7.760003567869866,,0.48002815757274525,0.35125007409967557,2.305085327225563,0.0033799823899582173
2013,2,2013-06-10,27.0,0.1037449926392702,0.13,9.32937780136306,11.299497107453874,0.47547227424661676,0.35125007409967557,1.2857689128787388,0.0
2013,2,2013-06-11,28.0,0.1037449926392702,,10.529587109895308,,0.4700740289252526,0.35125007409967557,1.2002093085322627,0.0
2013,2,2013-06-12,29.0,0.1037449926392702,0.15,11.378648996373043,14.849525303993069,0.46367771170322414,0.35125007409967557,0.8490618864777465,0.0
2013,2,2013-06-13,30.0,0.1037449926392702,,-1.5744894118514725,,0.5458311746766202,0.6224830830600772,7.294122691325882,0.05273890044960242
2013,2,2013-06-14,31.0,0.1127889111592815,0.17,6.237620859337531,9.768641255422498,0.6425404191943338,0.9416708035908894,5.894841126626602,0.07709555550191545
2013,2,2013-06-15,32.0,0.12259220510261366,,8.82205313954386,,0.6416383083029313,1.0475005953425305,1.9581711404602997,0.021210063737068692
2013,2,2013-06-16,33.0,0.13058114212408972,,10.43747458362361,,0.6356904949975933,1.0475005953425305,1.1223509548183537,0.0
2013,2,2013-06-17,34.0,0.13058114212408972,,11.29808784146614,,0.6284896409311914,1.0475005953425305,0.8606132578425513,0.0
2013,2,2013-06-18,35.0,0.13058114212408972,,12.06352269533606,,0.6199584543033875,1.0475005953425305,0.765434853869926,0.0
2013,2,2013-06-19,36.0,0.13058114212408972,0.22,12.8513918312746,17.135865488386777,0.60985116083413,1.0475005953425305,0.7878691359385457,0.0
2013,2,2013-06-20,37.0,0.13058114212408972,,1.0852478783139445,,0.7179033347823499,1.4885794815648297,8.685429404932508,0.10242664210683915
2013,2,2013-06-21,38.0,0.1399958103828653,0.24,6.6140404503265895,9.973757654823798,0.8450999706005241,2.007424042146742,4.5037620366684346,0.10027408272924193
2013,2,2013-06-22,39.0,0.14934859873738293,,9.132695713984099,,0.9242507340922208,2.4176520351462996,1.9229756457974072,0.07200411877927464
2013,2,2013-06-23,40.0,0.15854321984479397,,11.028985937415028,,0.9199407656924415,2.6288796636498004,1.3423369793686675,0.03913374694868765
2013,2,2013-06-24,41.0,0.16693759130878805,,13.988555697159473,,0.9123434745839827,2.6288796636498004,2.9975573421370822,0.0
2013,2,2013-06-25,42.0,0.16693759130878805,0.29,15.296799944515659,17.14800973521106,0.9016203468341064,2.6288796636498004,1.308244247356194,0.0
2013,2,2013-06-26,43.0,0.16693759130878805,,2.9189961696646014,,1.0613675848620263,3.279681902885905,7.7859129988390805,0.13628322630986797
2013,2,2013-06-27,44.0,0.17601023817443806,0.32,9.431254584703753,14.582467382745158,1.2494185098543718,3.94436028266231,5.695502992694835,0.16675842969034352
2013,2,2013-06-28,45.0,0.1850050436994895,,13.914228890779238,,1.2879467834268392,4.087546745563394,4.765586272830363,0.034116904269750725
2013,2,2013-06-29,46.0,0.1909733505107158,,15.784532483020625,,1.2764531421556642,4.087546745563394,2.3314229679862235,0.0
2013,2,2013-06-30,47.0,0.1909733505107158,0.365,16.76165465588284,30.054215700693693,1.262475258257917,4.087546745563394,0.9771221728622157,0.0
2013,2,2013-07-01,48.0,0.1909733505107158,,3.084336625631508,,1.486158027056828,4.972375070181507,6.96373408549037,0.166947884258302
2013,2,2013-07-02,49.0,0.19980550182517914,0.395,9.183641868750788,27.95385402563768,1.7494724486190483,6.017383439625869,5.451443893051654,0.20051246214366447
2013,2,2013-07-03,50.0,0.20859345177025118,,11.706629776992388,,1.8988513024999292,7.0603443959087695,2.311676963817691,0.2035987875370387
2013,2,2013-07-04,51.0,0.21732052241409183,0.425,13.348459020148113,38.035959020148105,1.8967947577916267,7.860441890925081,1.4724978825300366,0.16933136062569984
2013,2,2013-07-05,52.0,0.22590786001086807,,-10.724395729042214,,2.232864950447563,9.220284812834462,5.442019438665815,0.2031258121438532
2013,2,2013-07-06,53.0,0.23456992409121905,,-0.9223479405441235,,2.6284793683961154,10.817386285183431,4.523092027317517,0.2774890280565428
2013,2,2013-07-07,54.0,0.2431920985715678,,4.676281086448523,,3.0941879349663304,12.692378782997228,4.446157064850011,0.32057209181421253
2013,2,2013-07-08,55.0,0.2517753440462688,,7.691216402150934,,3.600369624547749,14.867697563211937,2.1537697260640516,0.3960118597614695
2013,2,2013-07-09,56.0,0.26032057998461056,0.5,9.664320884880466,41.711390274822776,4.115203278084291,17.34665160023175,1.3655602604454595,0.469133945555806
2013,2,2013-07-10,57.0,0.2688286872328408,,-23.32686746177017,,4.844326528137083,20.25249238786951,6.82884168126327,0.5702166913748549
2013,2,2013-07-11,58.0,0.2773005103205247,0.54,-1.9354865515528759,23.96335592044657,5.702634335511431,23.65618248150452,6.511154232393893,0.8417530405917645
2013,2,2013-07-12,59.0,0.28573685958981676,,0.4284318016699362,,6.713015354284901,27.63950786463555,5.522395938561575,0.6534721035117965
2013,2,2013-07-13,60.0,0.29413851316415995,,0.31386354014700835,,7.902413603172628,32.295302610006075,5.05580938598107,0.7143478620984793
2013,2,2013-07-14,61.0,0.3025062187711144,0.6,4.1177064450992,36.334178304759725,9.302546986690166,37.730039872493506,3.7031209518705412,0.7765867445220107
2013,2,2013-07-15,62.0,0.3108406954324584,0.62,3.6038371136488694,40.26190970029348,10.95075312241764,44.064335337147085,3.9768330177809967,0.8080505669011085
2013,2,2013-07-16,63.0,0.3191426350333014,,-18.03050178978127,,12.890985030198344,51.43376091747937,6.614446584404503,1.62069691572745
2013,2,2013-07-17,64.0,0.3274127037807445,0.66,-1.907851993789826,35.00164616970197,15.174983235500994,59.98924128501723,5.432538759054154,1.8863585885190914
2013,2,2013-07-18,65.0,0.3356515435615398,0.68,5.272489873914848,42.67997245007093,17.86365554364413,69.8968040463361,4.467479225174851,1.7159992443424679
2013,2,2013-07-19,66.0,0.34385977320726113,,-14.540350040720806,,21.02870127957888,81.33639361178695,3.059188491193038,1.3595887544848428
2013,2,2013-07-20,67.0,0.3520379896746485,,-2.256099764838801,,24.754523307134576,94.49940450828801,3.7694041215946923,2.076657659383293
2013,2,2013-07-21,68.0,0.36018676914805103,,5.44596953516102,,29.038104235526458,109.54070405457196,2.473279257672938,2.1751285984236133
2013,2,2013-07-22,69.0,0.36830666807022727,,10.582178180925679,,32.5292608287718,126.03031913634183,1.1191704001839866,2.9864159315528997
2013,2,2013-07-23,70.0,0.3763982241071707,0.78,14.160384445993333,62.15059173832978,34.79748429433137,143.4170300770027,0.5619085357556911,2.861638483755712
2013,2,2013-07-24,71.0,0.3844619570521063,,-21.1652047480567,,36.81764690967728,161.57491881085755,2.5326681595764176,2.49208640827903
2013,2,2013-07-25,72.0,0.3924983696733261,0.82,-8.624733616197945,38.41459901449529,36.81764690967728,179.23715483463502,1.5310298403842402,1.4653750570742137
2013,2,2013-07-26,73.0,0.40050794851012006,,2.5688239475801695,,36.81764690967728,197.35635341891134,2.7085625265074746,3.0983355518620783
2013,2,2013-07-27,74.0,0.40849116462067137,,7.336837684930718,,36.81764690967728,211.85664209145258,1.8757624157430186,1.6413931733873925
2013,2,2013-07-28,75.0,0.41644847428545073,0.88,9.772665620146988,60.927283966903445,36.81764690967728,228.8117129701154,1.223882770690204,1.1887485142180307
2013,2,2013-07-29,76.0,0.42438031966934,,-18.42480576695372,,36.81764690967728,246.3551247775588,1.0259668560790514,0.9753642751968882
2013,2,2013-07-30,77.0,0.432287129445435,0.91,-5.342707330760326,44.51054885207579,36.81764690967728,264.396943062678,2.898302046903051,2.8336317069933514
2013,2,2013-07-31,78.0,0.4401693193832358,,5.526193510932208,,36.81764690967728,282.4194162730079,3.1633849577956594,3.089483565601709
2013,2,2013-08-01,79.0,0.4480272929037029,0.93,11.802395686614677,59.559499701640874,36.81764690967728,300.42254440854856,2.314955557403098,2.3811267687646285
2013,2,2013-08-02,80.0,0.4558614416034571,,-7.162144461926521,,36.81764690967728,318.4063274692999,3.291041545271579,3.2072578389896647
2013,2,2013-08-03,81.0,0.4636721457502163,,-15.349627157375469,,36.81764690967728,336.370765455262,2.724349217602145,2.6521364649675947
2013,2,2013-08-04,82.0,0.4714597747513948,,-3.8041380883097964,,36.81764690967728,354.31585836643484,2.633826185201569,2.5612518071327344
2013,2,2013-08-05,83.0,0.4792246875976437,,5.678721489102673,,36.81764690967728,372.2416062028184,2.830506732789088,2.74954562521848
2013,2,2013-08-06,84.0,0.4869672332829623,0.965,12.287335415064453,53.01355086149326,36.81764690967728,390.14800896441267,2.447074406356072,2.7682425971017515
2013,2,2013-08-07,85.0,0.4946877512028959,,-4.211872221579051,,36.81764690967728,406.99080106626235,1.8457814979126341,1.6846660807870852
2013,2,2013-08-08,86.0,0.5023865715322168,0.975,-0.2099935614125667,41.19058029479139,36.81764690967728,424.09202775036846,1.503377596117111,1.393204258481309
2013,2,2013-08-09,87.0,0.5100640155833763,,5.698268752280088,,36.81764690967728,440.94528092527685,2.643335195967485,2.4141010175105593
2013,2,2013-08-10,88.0,0.5177203961469262,,11.561806845472594,,36.81764690967728,458.774303387714,2.807880275370538,2.7128487037476767
2013,2,2013-08-11,89.0,0.5253560178150175,0.99,14.69075281900108,57.903057094774105,36.81764690967728,476.58398077536185,1.1063173334414544,1.9529942739450157
2013,2,2013-08-12,90.0,0.5329711772890046,,-7.027722588893204,,36.81764690967728,493.7218072490056,2.281908375260417,2.119207093639955
2013,2,2013-08-13,91.0,0.5405661636721072,1.0,-1.7556328820741802,41.619009878432735,36.81764690967728,510.82181532132057,2.0749008741000323,2.093936440658239
2013,2,2013-08-14,92.0,0.548141258748022,,3.429061223985658,,36.81764690967728,527.9139139111492,1.0871424520297885,2.2040322745009386
2013,2,2013-08-15,93.0,0.5556967372463039,1.01,7.3247754020034685,50.05853300646866,36.81764690967728,544.9209197272768,0.6742461987649192,2.424102202740304
2013,2,2013-08-16,94.0,0.5632328670952859,,10.607191033325497,,36.81764690967728,562.6338717409783,0.3994982116192864,2.6249484519149684
2013,2,2013-08-17,95.0,0.5707499096632566,,13.572054230394178,,36.81764690967728,580.3274786798905,0.28768987930856876,2.6161595903268076
2013,2,2013-08-18,96.0,0.5782481199885582,,16.94369036723858,,36.81764690967728,598.0017405440135,1.1997398776006556,2.4063794869274453
2013,2,2013-08-19,97.0,0.5857277469992285,,20.479131734965545,,36.81764690967728,615.6566573333472,0.6159712896574816,2.9132046750832874
2013,2,2013-08-20,98.0,0.5931890337227691,1.035,23.576218812684374,71.08819387990056,36.81764690967728,633.2922290478916,0.2822355682816315,2.8128338427118473
2013,2,2013-08-21,99.0,0.6006322174865818,,11.954511555982245,,36.81764690967728,650.9084556876468,2.9047892695243016,2.772981525384996
2013,2,2013-08-22,100.0,0.6080575301095826,1.045,9.359578401451646,58.92087970556464,36.81764690967728,668.5053372526127,2.150045998224529,2.0502315761361314
2013,2,2013-08-23,101.0,0.6154651980854654,,14.599935235240178,,36.81764690967728,686.0828737427893,2.6838522995136325,2.556442773099908
2013,2,2013-08-24,102.0,0.6228554427580647,,19.287215802773098,,36.81764690967728,703.6410651581766,2.3100580595322198,2.3771951298083356
2013,2,2013-08-25,103.0,0.6302284804892316,1.05,22.207069365005818,72.7932686040528,36.81764690967728,721.1799114987747,1.2027982473227037,2.4790423892113505
2013,2,2013-08-26,104.0,0.6375845228196145,,15.760593751563754,,36.81764690967728,738.6994127645835,2.9514567988018072,2.8020612550624384
2013,2,2013-08-27,105.0,0.6449237766227117,1.05,21.32542848907517,71.9116182401805,36.81764690967728,756.1995689556029,2.856199816865139,2.708631765398327
2013,2,2013-08-28,106.0,0.6522464442525432,,23.829252935479246,,36.81764690967728,773.680380071833,1.9131809479092232,2.3686419198774233
2013,2,2013-08-29,107.0,0.6595527236852604,1.05,27.28917878987984,77.87536617474285,36.81764690967728,791.1418461132739,0.5154626918500789,2.9444623749256698
2013,2,2013-08-30,108.0,0.6668428086550026,,19.581344474679415,,36.58338063169414,808.3853009676895,2.3255480776506907,2.1666172165483704
2013,2,2013-08-31,109.0,0.6668428086550026,,24.211734540149138,,36.31930218829223,825.386980578196,2.417260199804466,2.213129655881161
2013,2,2013-09-01,110.0,0.6668428086550026,,28.65062763283417,,36.02161775470679,842.1204152619432,2.339005876014405,2.0998871247535993
2013,2,2013-09-02,111.0,0.6668428086550026,,32.91363903953061,,35.68605071312054,858.5561695353676,1.980975661303465,2.2820357052863818
2013,2,2013-09-03,112.0,0.6668428086550026,,35.18032204825738,,35.30778021357616,874.6615722291193,0.4442004501417104,2.076482540910859
2013,2,2013-09-04,113.0,0.6668428086550026,1.05,37.357375160142105,87.94356178712749,34.88137191629775,890.4004424796564,0.19269244183387957,1.9843606622556729
2013,2,2013-09-05,114.0,0.6668428086550026,,32.52999637927902,,34.40069992044587,905.7328199940702,2.918599637457462,2.354021578239311
2013,2,2013-09-06,115.0,0.6668428086550026,1.05,38.07682517671986,88.66301179874623,33.858858757713115,920.6147118408041,3.119923259022185,2.4269055368997767
2013,2,2013-09-07,116.0,0.6668428086550026,,42.36364719707066,,33.24806418643534,931.2169649202395,2.7652239629653277,1.5215980567155127
2013,2,2013-09-08,117.0,0.6668428086550026,,43.965799325769844,,32.55954136099915,939.6562900756425,0.3113722026654079,1.2907799257376977
2013,2,2013-09-09,118.0,0.6668428086550026,,19.910467044585044,,31.783398769955934,952.8795412280789,2.263706698869424,1.5281167039395707
2013,2,2013-09-10,119.0,0.6668428086550026,,19.70684863492237,,30.90848613180247,964.67247957233,1.3044934613465742,0.7778881289329171
2013,2,2013-09-11,120.0,0.6668428086550026,,16.50733767111601,,29.92223420691868,975.7565897714719,0.8472516463664975,0.4699135100511465
2013,2,2013-09-12,121.0,0.6668428086550026,,7.989060915998489,,28.810474224356437,984.8678486628695,0.5382067312576615,0.24258303028458056
2013,2,2013-09-13,122.0,0.6668428086550026,,0.8673048978360989,,27.557234329313964,994.7669355568352,1.4675498702029695,0.7097606283007054
2013,2,2013-09-14,123.0,0.6668428086550026,,0.44604413005206134,,26.14451012700339,1003.7188213880564,2.1825262614126912,0.9417727915899825
2013,2,2013-09-15,124.0,0.6668428086550026,,-12.088513041433242,,24.55200602648047,1008.4485076798336,0.3528629964355357,0.079290804365024
2013,2,2013-09-16,125.0,0.6668428086550026,,-7.647093651512095,,22.75684366850963,1014.8098198169705,1.4881518344626556,0.4428726989202507
2013,2,2013-09-17,126.0,0.6668428086550026,1.05,-0.4726744423557266,43.42778625674358,20.733233248657502,1020.5265836965955,2.374327364935339,0.6247607790320205
2013,2,2013-09-18,127.0,0.6668428086550026,,3.7213629031159856,,18.452103013750587,1025.1888416787976,2.0880366975364733,0.5128710712372264
2013,2,2013-09-19,128.0,0.6668428086550026,,5.841842194985728,,15.88068160893949,1026.8760844193123,2.0275460789762767,0.16556034644166873
2013,2,2013-09-20,129.0,0.6668428086550026,,7.503429961871533,,12.982027275251054,1028.283526711595,1.3058981114180463,0.13109677259532151
2013,2,2013-09-21,130.0,0.6668428086550026,,8.891871629449792,,9.714497133948543,1029.506357739596,1.1754175088110184,0.138123180432139
2013,2,2013-09-22,131.0,0.6668428086550026,,6.74810150164465,,6.031148933290647,1030.014034415666,2.6124931221478906,0.047705430070875014
2013,2,2013-09-23,132.0,0.6668428086550026,,-7.229591800343045,,1.8790666630161503,1030.0359109481553,3.3683838999270863,0.0024637662358654626
2013,3,2013-05-15,1.0,0.08,,3.2272173382667417,,0.0,0.0,4.034021672833438,0.0
2013,3,2013-05-16,2.0,0.08,,5.105640062657151,,0.0,0.0,2.3480284054880247,0.0
2013,3,2013-05-17,3.0,0.08,,6.500186120526758,,0.0,0.0,1.743182572337019,0.0
2013,3,2013-05-18,4.0,0.08,,7.387864929978862,,0.0,0.0,1.1095985118151397,0.0
2013,3,2013-05-19,5.0,0.08,,9.6477456862119,,0.0,0.0,3.078850945291302,0.0
2013,3,2013-05-20,6.0,0.08,,9.744742310070198,,0.4875,0.0,4.439245779822874,0.0
2013,3,2013-05-21,7.0,0.08,,11.000000000000002,,0.5738742470010385,0.0,2.6126369356756474,0.0
2013,3,2013-05-22,8.0,0.08,,11.000000000000002,,0.6755521053764285,0.0,1.9793141226560966,0.0
2013,3,2013-05-23,9.0,0.08,,11.000000000000002,,0.6693127862307413,0.0,0.6175727429402105,0.0
2013,3,2013-05-24,10.0,0.08,,11.000000000000002,,0.6619209548482653,0.0,0.8819442507728491,0.0
2013,3,2013-05-25,11.0,0.08,,11.000000000000002,,0.6531637219016666,0.0,0.7074305884428116,0.0
2013,3,2013-05-26,12.0,0.08,,11.000000000000002,,0.6427888736519074,0.0,0.6675469813375661,0.0
2013,3,2013-05-27,13.0,0.08,,11.000000000000002,,0.6304976080361702,0.0,0.6050875544974155,0.0
2013,3,2013-05-28,14.0,0.08,,11.000000000000002,,0.6159359289831668,0.0,2.3613456984206183,0.0
2013,3,2013-05-29,15.0,0.08,,6.982962795357186,,0.6159223871047751,0.0,2.852703494196485,0.0
2013,3,2013-05-30,16.0,0.08,,11.000000000000002,,0.5986684078047259,0.0,5.201833702369384,0.0
2013,3,2013-05-31,17.0,0.08,,11.000000000000002,,0.5782273143641292,0.0,0.5915933389520687,0.0
2013,3,2013-06-01,18.0,0.08,,11.000000000000002,,0.5540103906168051,0.0,0.45951205389426736,0.0
2013,3,2013-06-02,19.0,0.08,,11.000000000000002,,0.5253201741424268,0.0,0.4413594125983797,0.0
2013,3,2013-06-03,20.0,0.08,,11.000000000000002,,0.491330368916334,0.0,0.48427336264374804,0.0
2013,3,2013-06-04,21.0,0.08,,11.000000000000002,,0.4510669917633703,0.0,6.116792022666051,0.0
2013,3,2013-06-05,22.0,0.08,,11.000000000000002,,0.40336131477080006,0.0,0.18865919511174103,0.0
2013,3,2013-06-06,23.0,0.08,0.09,11.000000000000002,12.375,0.3468435582524956,0.0,0.3372516628832085,0.0
2013,3,2013-06-07,24.0,0.08,,0.1264298295250588,,0.40829658629602406,0.1449483084067596,6.68227863738753,0.02575864951879411
2013,3,2013-06-08,25.0,0.0905004365499774,,4.936009091304427,,0.4806377354127699,0.3339787931538446,5.262523482563367,0.03356661319615243
2013,3,2013-06-09,26.0,0.09996664613855065,,7.760003567869866,,0.48002815757274525,0.35125007409967557,2.305085327225563,0.0033799823899582173
2013,3,2013-06-10,27.0,0.1037449926392702,0.13,9.32937780136306,11.299497107453874,0.47547227424661676,0.35125007409967557,1.2857689128787388,0.0
2013,3,2013-06-11,28.0,0.1037449926392702,,10.529587109895308,,0.4700740289252526,0.35125007409967557,1.2002093085322627,0.0
2013,3,2013-06-12,29.0,0.1037449926392702,0.15,11.378648996373043,14.849525303993069,0.46367771170322414,0.35125007409967557,0.8490618864777465,0.0
2013,3,2013-06-13,30.0,0.1037449926392702,,-1.5744894118514725,,0.5458311746766202,0.6224830830600772,7.294122691325882,0.05273890044960242
2013,3,2013-06-14,31.0,0.1127889111592815,0.17,6.237620859337531,9.768641255422498,0.6425404191943338,0.9416708035908894,5.894841126626602,0.07709555550191545
2013,3,2013-06-15,32.0,0.12259220510261366,,8.82205313954386,,0.6416383083029313,1.0475005953425305,1.9581711404602997,0.021210063737068692
2013,3,2013-06-16,33.0,0.13058114212408972,,10.43747458362361,,0.6356904949975933,1.0475005953425305,1.1223509548183537,0.0
2013,3,2013-06-17,34.0,0.13058114212408972,,11.29808784146614,,0.6284896409311914,1.0475005953425305,0.8606132578425513,0.0
2013,3,2013-06-18,35.0,0.13058114212408972,,12.06352269533606,,0.6199584543033875,1.0475005953425305,0.765434853869926,0.0
2013,3,2013-06-19,36.0,0.13058114212408972,0.22,12.8513918312746,17.135865488386777,0.60985116083413,1.0475005953425305,0.7878691359385457,0.0
2013,3,2013-06-20,37.0,0.13058114212408972,,1.0852478783139445,,0.7179033347823499,1.4885794815648297,8.685429404932508,0.10242664210683915
2013,3,2013-06-21,38.0,0.1399958103828653,0.24,6.6140404503265895,9.973757654823798,0.8450999706005241,2.007424042146742,4.5037620366684346,0.10027408272924193
2013,3,2013-06-22,39.0,0.14934859873738293,,9.132695713984099,,0.9242507340922208,2.4176520351462996,1.9229756457974072,0.07200411877927464
2013,3,2013-06-23,40.0,0.15854321984479397,,11.028985937415028,,0.9199407656924415,2.6288796636498004,1.3423369793686675,0.03913374694868765
2013,3,2013-06-24,41.0,0.16693759130878805,,13.988555697159473,,0.9123434745839827,2.6288796636498004,2.9975573421370822,0.0
2013,3,2013-06-25,42.0,0.16693759130878805,0.29,15.296799944515659,17.14800973521106,0.9016203468341064,2.6288796636498004,1.308244247356194,0.0
2013,3,2013-06-26,43.0,0.16693759130878805,,8.018996169664607,,1.0613675848620263,3.279681902885905,7.7859129988390805,0.13628322630986797
2013,3,2013-06-27,44.0,0.17601023817443806,0.32,13.652225677929033,18.949425813018163,1.1341647081541086,3.345814796669146,5.112628042462874,0.016591810195302828
2013,3,2013-06-28,45.0,0.1799438379001441,,15.715979248361293,,1.1237573972619197,3.345814796669146,2.6048532496874723,0.0
2013,3,2013-06-29,46.0,0.1799438379001441,,16.596384676061042,,1.1113868268086349,3.345814796669146,1.6424054276997575,0.0
2013,3,2013-06-30,47.0,0.1799438379001441,0.365,17.247300021809465,31.2110998361538,1.0967361435979293,3.345814796669146,0.6509153457484327,0.0
2013,3,2013-07-01,48.0,0.1799438379001441,,8.671821220644011,,1.2910535970586348,4.115354062125491,6.987325855684705,0.14519534314983967
2013,3,2013-07-02,49.0,0.18877598921460745,0.395,14.160846351634671,33.5571180560204,1.4171890156698725,4.276088700009662,4.965655834553266,0.030841186478785833
2013,3,2013-07-03,50.0,0.19475992974598957,,16.298557584775462,,1.4041587636651558,4.276088700009662,1.7998238003834741,0.0
2013,3,2013-07-04,51.0,0.19475992974598957,0.425,17.426187166047175,42.40957143767556,1.3887170646061318,4.276088700009662,1.1276295812717214,0.0
2013,3,2013-07-05,52.0,0.19475992974598957,,-1.9436667173057947,,1.6347670969196642,5.275149006594297,5.498912015497514,0.1492341011495256
2013,3,2013-07-06,53.0,0.20342199382634055,,2.7890841080281397,,1.9244117677268635,6.449242719362893,4.48687317642547,0.20399337728008038
2013,3,2013-07-07,54.0,0.2120441683066893,,6.665387363320974,,2.2638320243732006,7.827696906518087,4.402625543109124,0.2356777121837234
2013,3,2013-07-08,55.0,0.2206274137813903,,9.086771724304091,,2.5904036662165644,9.402011294554674,2.1347839903496024,0.2866003706335276
2013,3,2013-07-09,56.0,0.22917264971973209,0.5,10.811071987466203,50.31107198746619,2.875015392463447,11.146411076195252,1.3941783085124235,0.33012195464969407
2013,3,2013-07-10,57.0,0.23768075696796234,,-14.080489647215007,,3.384404704546372,13.193812188204026,7.006674341297395,0.40176402402139344
2013,3,2013-07-11,58.0,0.24615258005564625,0.54,0.3215259424612017,40.41554990706049,3.9840465669093788,15.595587639850825,6.502066033295149,0.5939735209803582
2013,3,2013-07-12,59.0,0.25458892932493826,,1.0197427816119766,,4.689931740722446,18.41133869847952,5.72460445241484,0.46192931540062737
2013,3,2013-07-13,60.0,0.26299058289928146,,0.4476422869095098,,5.52088419731972,21.709506676162718,5.27579780125507,0.5060444827475221
2013,3,2013-07-14,61.0,0.2713582885062359,0.6,4.048933116956242,52.744351173092404,6.499063100547256,25.569234548753315,3.8638071300448598,0.5515286864013199
2013,3,2013-07-15,62.0,0.2796927651675799,0.62,6.428361502647865,59.606410635531034,7.642730794104827,30.076883426891026,1.7441819183363962,0.5750297332506141
2013,3,2013-07-16,63.0,0.2879947047684229,,-11.49146071602015,,8.996854111791912,35.33973103038383,7.104792697147427,1.15741461609818
2013,3,2013-07-17,64.0,0.296264773515866,0.66,0.7058188294797829,57.67845536989117,10.590898212887751,41.475120078890164,5.571378035325064,1.352763764086176
2013,3,2013-07-18,65.0,0.3045036132966613,0.68,6.199876782233405,65.23140591745035,12.467371768175596,48.61510365104843,4.821450826484354,1.2366519102231983
2013,3,2013-07-19,66.0,0.31271184294238263,,-5.869597924477669,,14.676315047269286,56.90690797465563,3.457132069774703,0.9854762575409628
2013,3,2013-07-20,67.0,0.32089005940977,,2.4706137459552795,,17.2766343517983,66.51278991441774,4.367974305108295,1.5154684944187924
2013,3,2013-07-21,68.0,0.32903883888317254,,7.949694198164235,,20.305373982610337,77.59353424564506,2.8159750873548526,1.6023910575351474
2013,3,2013-07-22,69.0,0.3371587378053488,,11.851394662694121,,22.48798622477242,89.69801948297982,1.308711304068044,2.1922299202719433
2013,3,2013-07-23,70.0,0.3452502938422922,0.78,14.658100102619883,91.46066305456402,23.766523101468927,102.3840787185539,0.6676904798239434,2.08796910695885
2013,3,2013-07-24,71.0,0.3533140267872278,,-12.646736610555404,,25.146388644995415,115.68581399186547,3.2531386081731695,1.825601762794153
2013,3,2013-07-25,72.0,0.3613504394084476,0.82,-4.757103492659309,75.82265516396971,25.146388644995415,128.62886656626836,1.966563311970637,1.0738406156161084
2013,3,2013-07-26,73.0,0.36936001824524156,,3.376236392669956,,25.146388644995415,141.9113218661476,3.2046435721945836,2.271265104812497
2013,3,2013-07-27,74.0,0.37734323435579287,,7.277750628871617,,25.146388644995415,152.5445379547371,2.2395631061886205,1.2036510922720163
2013,3,2013-07-28,75.0,0.38530054402057223,0.88,9.436941986773409,97.89286665338012,25.146388644995415,164.9821349696796,1.5030677844360667,0.8720208295066461
2013,3,2013-07-29,76.0,0.3932323894044615,,-24.877508038301382,,25.146388644995415,177.8557369484715,1.3178245944289104,0.7157360039790017
2013,3,2013-07-30,77.0,0.4010801689082788,0.91,-7.538197359508485,75.4792862154132,25.146388644995415,191.09963230148614,3.722784704848402,2.080074258776751
2013,3,2013-07-31,78.0,0.40896235884607957,,4.9686413826442895,,25.146388644995415,204.3338876677846,4.058244494030325,2.2686683442381357
2013,3,2013-08-01,79.0,0.4168203323665467,0.93,9.904829821501442,88.91046130284005,25.146388644995415,217.5585030473669,1.255150347611976,1.7491119015464471
2013,3,2013-08-02,80.0,0.4246544810663009,,-8.822689823668075,,25.146388644995415,230.77347844023308,4.227247170752701,2.3567807328217785
2013,3,2013-08-03,81.0,0.4324651852130601,,-16.111984194048716,,25.146388644995415,243.97881384638308,3.499347353666012,1.949537836371252
2013,3,2013-08-04,82.0,0.44025281421423856,,-3.7679218786779716,,25.146388644995415,257.17450926581694,3.3830731507003633,1.8833838814150334
2013,3,2013-08-05,83.0,0.4480177270604875,,5.621956927832523,,25.146388644995415,270.36056469853463,3.3877027552072567,2.022546638491135
2013,3,2013-08-06,84.0,0.4557602727458061,0.965,10.281869075922398,80.61944455920181,25.146388644995415,283.5369801445362,1.273535387221286,2.0370096104932784
2013,3,2013-08-07,85.0,0.46348079066573966,,-6.057031915819068,,25.146388644995415,295.93506515077354,2.370852663980877,1.2400932785027519
2013,3,2013-08-08,86.0,0.47117961099506056,0.975,-1.230799346592145,69.03734039179915,25.146388644995415,308.5277881878896,1.9310448082582996,1.0259050818554096
2013,3,2013-08-09,87.0,0.4788570550462201,,5.332911172604567,,25.146388644995415,320.9422608043292,3.3952871985341346,1.7782792831845458
2013,3,2013-08-10,88.0,0.48651343560977,,10.885098278222262,,25.146388644995415,334.08011630346607,3.0166093087726913,1.9990447785877
2013,3,2013-08-11,89.0,0.4941490572778613,0.99,13.370145224517591,84.6827303151218,25.146388644995415,347.2083318158868,0.941540260195191,1.4396290940484018
2013,3,2013-08-12,90.0,0.5017642167518483,,-8.144707953203689,,25.146388644995415,359.8457501050559,2.9310449566021752,1.5627014618737884
2013,3,2013-08-13,91.0,0.509359203134951,1.0,-2.276961658485656,68.55931810893989,25.146388644995415,372.4597315644513,2.592229505691727,1.5446118696504032
2013,3,2013-08-14,92.0,0.5169342982108658,,3.0227550751323213,,25.146388644995415,385.072336583038,1.3721709972634222,1.6263999637259472
2013,3,2013-08-15,93.0,0.5244897767091476,1.01,6.595645643823675,76.29516509377191,25.146388644995415,397.62659547141465,0.89784836361182,1.789427660230854
2013,3,2013-08-16,94.0,0.5320259065581296,,-0.8787839606828383,,25.146388644995415,410.7066110502546,3.512648189359739,1.9383763145827382
2013,3,2013-08-17,95.0,0.5395429491261003,,4.8678946134793115,,25.146388644995415,423.7769866423784,3.5047147777686374,1.932573079788914
2013,3,2013-08-18,96.0,0.547041159451402,,9.031120470380488,,25.146388644995415,436.837722247786,2.4189929371080083,1.77824038631191
2013,3,2013-08-19,97.0,0.5545207864620723,,12.410462083028646,,25.146388644995415,449.8888178664775,1.1348714113871652,2.153536786664515
2013,3,2013-08-20,98.0,0.5619820731856129,1.035,15.14411741390909,89.05428963770996,25.146388644995415,462.93027349845283,0.6340879534922677,2.080082707474216
2013,3,2013-08-21,99.0,0.5694252569494256,,-7.367143036646367,,25.146388644995415,475.962089143712,3.7311173536753746,2.051346452649246
2013,3,2013-08-22,100.0,0.5768505695724264,1.045,-7.7227462741873385,66.28456251427869,25.146388644995415,488.984264802255,2.7616715674832952,1.5172276761975256
2013,3,2013-08-23,101.0,0.5842582375483092,,0.9744339860446574,,25.146388644995415,501.99680047408185,3.4473302399167713,1.8925179189096002
2013,3,2013-08-24,102.0,0.5916484822209085,,7.241454046347085,,25.146388644995415,514.9996961591926,2.502315008862753,1.7604558217176247
2013,3,2013-08-25,103.0,0.5990215199520754,1.05,11.656505018616258,80.56223645940126,25.146388644995415,527.9929518575872,2.575512743950037,1.8365422117657777
2013,3,2013-08-26,104.0,0.6063775622824583,,-2.6087362962457545,,25.146388644995415,540.9765675692655,3.791060438073015,2.07659373313984
2013,3,2013-08-27,105.0,0.6137168160855555,1.05,3.6500027976679466,71.80667676679194,25.146388644995415,553.9505432942277,3.668705614578074,2.0080805215997506
2013,3,2013-08-28,106.0,0.621039483715387,,7.190773336979752,,25.146388644995415,566.9148790324738,3.0530185345095213,1.7566615695803565
2013,3,2013-08-29,107.0,0.6283457631481042,1.05,11.166228486723218,78.57862702416833,25.146388644995415,579.8695747840037,1.5557677679506687,2.184502385335886
2013,3,2013-08-30,108.0,0.6356358481178463,,-8.487105268086967,,24.98638518559367,592.6620990365661,2.9831882106895655,1.6073636938027458
2013,3,2013-08-31,109.0,0.6356358481178463,,-1.5181366358802413,,24.806020069190623,605.2741968917676,3.0963034223045147,1.6417323714871497
2013,3,2013-09-01,110.0,0.6356358481178463,,5.160616043873185,,24.60270212008679,617.6855559442602,2.987921786059338,1.557507682528387
2013,3,2013-09-02,111.0,0.6356358481178463,,9.483131098199518,,24.373510415769555,629.8736154427673,1.6391390996791706,1.6922610603105128
2013,3,2013-09-03,112.0,0.6356358481178463,,13.22207427877952,,24.115152324123585,641.8133707857155,2.21615170690805,1.5394022728781407
2013,3,2013-09-04,113.0,0.6356358481178463,1.05,15.721463078477282,77.4069425857157,23.8239162005571,653.4771783536562,0.9507685057191269,1.4705757491807119
2013,3,2013-09-05,114.0,0.6356358481178463,,2.991853495269811,,23.495618065477753,664.8345679739066,3.700588459441994,1.743730886707348
2013,3,2013-09-06,115.0,0.6356358481178463,1.05,8.742465442013922,70.39300290795191,23.125541496071776,675.852073412533,3.945030905404966,1.796710070681902
2013,3,2013-09-07,116.0,0.6356358481178463,,13.324021557312614,,22.708369868854966,686.4930954674899,3.0513107438206584,1.527162043669255
2013,3,2013-09-08,117.0,0.6356358481178463,,16.24951846901219,,22.238109979572954,696.7178178619072,1.3605459589152225,1.563853290390779
2013,3,2013-09-09,118.0,0.6356358481178463,,-7.4766861817563655,,21.70800594315295,706.4832037059042,2.8340294934176717,1.1285159040390258
2013,3,2013-09-10,119.0,0.6356358481178463,,-5.890205111602701,,21.110442136769592,715.1823094177036,1.6267214089889137,0.573812129598734
2013,3,2013-09-11,120.0,0.6356358481178463,,-6.167473967625543,,20.436833791677774,723.3475410998731,1.0520310627345646,0.34616695532729036
2013,3,2013-09-12,121.0,0.6356358481178463,,-11.907720324075083,,19.677503662024236,730.048905351169,0.6652253911927359,0.17842070634772356
2013,3,2013-09-13,122.0,0.6356358481178463,,-14.546544506388015,,18.82154299882748,737.3164213761512,1.8050137310744439,0.5210780343004375
2013,3,2013-09-14,123.0,0.6356358481178463,,-8.373455641348167,,17.8566548318394,743.8746308743699,2.670495490237366,0.6899488424470603
2013,3,2013-09-15,124.0,0.6356358481178463,,-15.848122160924031,,16.768977307831953,747.3311567570117,0.4294192399811971,0.057946912466410365
2013,3,2013-09-16,125.0,0.6356358481178463,,-7.698611416200504,,15.542884547337374,751.9669967046785,1.8009341867883844,0.32274582745274943
2013,3,2013-09-17,126.0,0.6356358481178463,1.05,0.15844979464126882,28.3072292528133,14.160762158894114,756.1196138355537,2.8572581901506635,0.4538218419259646
2013,3,2013-09-18,127.0,0.6356358481178463,,4.390795194767421,,12.60275418577343,759.4936428079801,2.423204934799075,0.37115960980271756
2013,3,2013-09-19,128.0,0.6356358481178463,,6.632262950643782,,10.84647784975251,760.7094762866041,2.256334383731536,0.11930340970082123
2013,3,2013-09-20,129.0,0.6356358481178463,,8.283768198236826,,8.866701993863401,761.7187364357225,1.3574238119969886,0.09400793836022943
2013,3,2013-09-21,130.0,0.6356358481178463,,9.635304455543034,,6.634984604536361,762.5907278104291,1.2005400057195097,0.09849457465988744
2013,3,2013-09-22,131.0,0.6356358481178463,,7.75673370046033,,4.119264205679394,762.950448059227,2.8957500358627897,0.033802240644479876
2013,3,2013-09-23,132.0,0.6356358481178463,,-6.045443616785959,,1.28339925454713,762.965836853412,3.6468030553767936,0.0017331079110461027
2013,4,2013-05-15,1.0,0.08,,3.2272173382667417,,0.0,0.0,4.034021672833438,0.0
2013,4,2013-05-16,2.0,0.08,,5.105640062657151,,0.0,0.0,2.3480284054880247,0.0
2013,4,2013-05-17,3.0,0.08,,6.500186120526758,,0.0,0.0,1.743182572337019,0.0
2013,4,2013-05-18,4.0,0.08,,7.387864929978862,,0.0,0.0,1.1095985118151397,0.0
2013,4,2013-05-19,5.0,0.08,,9.6477456862119,,0.0,0.0,3.078850945291302,0.0
2013,4,2013-05-20,6.0,0.08,,9.744742310070198,,0.4875,0.0,4.439245779822874,0.0
2013,4,2013-05-21,7.0,0.08,,11.000000000000002,,0.5738742470010385,0.0,2.6126369356756474,0.0
2013,4,2013-05-22,8.0,0.08,,11.000000000000002,,0.6755521053764285,0.0,1.9793141226560966,0.0
2013,4,2013-05-23,9.0,0.08,,11.000000000000002,,0.6693127862307413,0.0,0.6175727429402105,0.0
2013,4,2013-05-24,10.0,0.08,,11.000000000000002,,0.6619209548482653,0.0,0.8819442507728491,0.0
2013,4,2013-05-25,11.0,0.08,,11.000000000000002,,0.6531637219016666,0.0,0.7074305884428116,0.0
2013,4,2013-05-26,12.0,0.08,,11.000000000000002,,0.6427888736519074,0.0,0.6675469813375661,0.0
2013,4,2013-05-27,13.0,0.08,,11.000000000000002,,0.6304976080361702,0.0,0.6050875544974155,0.0
2013,4,2013-05-28,14.0,0.08,,11.000000000000002,,0.6159359289831668,0.0,2.3613456984206183,0.0
2013,4,2013-05-29,15.0,0.08,,6.982962795357186,,0.6159223871047751,0.0,2.852703494196485,0.0
2013,4,2013-05-30,16.0,0.08,,11.000000000000002,,0.5986684078047259,0.0,5.201833702369384,0.0
2013,4,2013-05-31,17.0,0.08,,11.000000000000002,,0.5782273143641292,0.0,0.5915933389520687,0.0
2013,4,2013-06-01,18.0,0.08,,11.000000000000002,,0.5540103906168051,0.0,0.45951205389426736,0.0
2013,4,2013-06-02,19.0,0.08,,11.000000000000002,,0.5253201741424268,0.0,0.4413594125983797,0.0
2013,4,2013-06-03,20.0,0.08,,11.000000000000002,,0.491330368916334,0.0,0.48427336264374804,0.0
2013,4,2013-06-04,21.0,0.08,,11.000000000000002,,0.4510669917633703,0.0,6.116792022666051,0.0
2013,4,2013-06-05,22.0,0.08,,11.000000000000002,,0.40336131477080006,0.0,0.18865919511174103,0.0
2013,4,2013-06-06,23.0,0.08,0.09,11.000000000000002,12.375,0.3468435582524956,0.0,0.3372516628832085,0.0
2013,4,2013-06-07,24.0,0.08,,0.1264298295250588,,0.40829658629602406,0.1449483084067596,6.68227863738753,0.02575864951879411
2013,4,2013-06-08,25.0,0.0905004365499774,,4.936009091304427,,0.4806377354127699,0.3339787931538446,5.262523482563367,0.03356661319615243
2013,4,2013-06-09,26.0,0.09996664613855065,,7.760003567869866,,0.48002815757274525,0.35125007409967557,2.305085327225563,0.0033799823899582173
2013,4,2013-06-10,27.0,0.1037449926392702,0.13,9.32937780136306,11.299497107453874,0.47547227424661676,0.35125007409967557,1.2857689128787388,0.0
2013,4,2013-06-11,28.0,0.1037449926392702,,10.529587109895308,,0.4700740289252526,0.35125007409967557,1.2002093085322627,0.0
2013,4,2013-06-12,29.0,0.1037449926392702,0.15,11.378648996373043,14.849525303993069,0.46367771170322414,0.35125007409967557,0.8490618864777465,0.0
2013,4,2013-06-13,30.0,0.1037449926392702,,-1.4744894118514724,,0.5458311746766202,0.6224830830600772,7.294122691325882,0.05273890044960242
2013,4,2013-06-14,31.0,0.1127889111592815,0.17,6.2327744027942265,9.805221966971787,0.6425404191943338,0.9434354293921461,5.852718940656222,0.07752177743230379
2013,4,2013-06-15,32.0,0.12259387942249488,,8.815717154298097,,0.6416866690505426,1.05038370446252,1.949254227792093,0.021434226537415564
2013,4,2013-06-16,33.0,0.13061425767181134,,10.435421064042139,,0.6357545388171262,1.051447515294575,1.1188287876259129,0.00018443706160407814
2013,4,2013-06-17,34.0,0.13078133183473487,,11.30433433309889,,0.6285655166220129,1.051447515294575,0.8584803035622316,0.0
2013,4,2013-06-18,35.0,0.13078133183473487,,12.068215329235043,,0.6200483477622666,1.051447515294575,0.7638809961361616,0.0
2013,4,2013-06-19,36.0,0.13078133183473487,0.22,12.854761171161147,17.177128938321573,0.6099576617946056,1.051447515294575,0.7865458419261123,0.0
2013,4,2013-06-20,37.0,0.13078133183473487,,1.0886162263397943,,0.7180287053638839,1.4926031075292059,8.685410600522818,0.10244445465583654
2013,4,2013-06-21,38.0,0.14019600009351044,0.24,6.626442916335961,10.004930903412857,0.8452475540837525,2.011537831000375,4.4936554019240935,0.10029150798856488
2013,4,2013-06-22,39.0,0.14954878844802807,,9.147562497842461,,0.9252923808676659,2.4222256714367214,1.9206707075780818,0.07208483221186314
2013,4,2013-06-23,40.0,0.15874340955543914,,11.047152327806527,,0.9209421521138701,2.6324516250058583,1.341212910773312,0.03894816851046929
2013,4,2013-06-24,41.0,0.167125856249566,,14.008675954108012,,0.9133052477831135,2.6324516250058583,2.995976781563663,0.0
2013,4,2013-06-25,42.0,0.167125856249566,0.29,15.316511060873015,17.173659410815215,0.9025578270377671,2.6324516250058583,1.3078351067650134,0.0
2013,4,2013-06-26,43.0,0.167125856249566,,8.038699444235919,,1.0624711658793684,3.283926371558266,7.785764328608919,0.13642405475399
2013,4,2013-06-27,44.0,0.176198503115216,0.32,13.675515985509247,18.97393856241458,1.1370138753427048,3.347768822787011,5.112073597769666,0.01601717046681916
2013,4,2013-06-28,45.0,0.18002290982557287,,15.73509402486878,,1.1265766781731592,3.347768822787011,2.6049145086380667,0.0
2013,4,2013-06-29,46.0,0.18002290982557287,,16.61551876570853,,1.1141745084832617,3.347768822787011,1.6424247408397572,0.0
2013,4,2013-06-30,47.0,0.18002290982557287,0.365,17.26644999227836,31.235709038462215,1.099486432505088,3.347768822787011,0.650931226569832,0.0
2013,4,2013-07-01,48.0,0.18002290982557287,,8.690940636611538,,1.2942911764958267,4.119223347056204,6.98693393344938,0.1455567108838009
2013,4,2013-07-02,49.0,0.18885506114003622,0.395,14.18380372711831,33.58107706439259,1.4224185463127805,4.277319746823555,4.9655424107966635,0.030334970800526634
2013,4,2013-07-03,50.0,0.19477400251977411,,16.320906999207768,,1.409338957566713,4.277319746823555,1.7999828787022896,0.0
2013,4,2013-07-04,51.0,0.19477400251977411,0.425,17.44860042113483,42.43375336502192,1.3938404289641502,4.277319746823555,1.1276934219270671,0.0
2013,4,2013-07-05,52.0,0.19477400251977411,,-2.0212838271883315,,1.6407982084336536,5.280030717568044,5.498336334512957,0.14977941716388818
2013,4,2013-07-06,53.0,0.2034360666001251,,2.534486946917894,,1.9315114591702893,6.458407368974471,4.307380312068592,0.2047375181505348
2013,4,2013-07-07,54.0,0.21205824108047383,,6.342014115329081,,2.273679854818692,7.842778706862811,4.308363790127849,0.23668938203857162
2013,4,2013-07-08,55.0,0.22064148655517485,,8.769312418944093,,2.6097234835191165,9.428656654042443,2.131039741572373,0.2887054903995817
2013,4,2013-07-09,56.0,0.22918672249351663,0.5,10.508959677146667,49.97675296847743,2.9123682719780253,11.195336649193145,1.405129205218963,0.33433841220224964
2013,4,2013-07-10,57.0,0.23769482974174688,,-14.4828090710083,,3.428375690402267,13.268808391564125,7.001273601236446,0.4068798956997171
2013,4,2013-07-11,58.0,0.2461666528294308,0.54,0.2219116509494824,40.039760881396845,4.035808241571829,15.70105697589598,6.553344705929169,0.6015097100540844
2013,4,2013-07-12,59.0,0.25460300209872283,,0.9840567700466687,,4.750864442405371,18.552381964498377,5.718443515709616,0.46776528625767655
2013,4,2013-07-13,60.0,0.263004655673066,,0.4294522202812758,,5.592612829721829,21.89200293231199,5.269081260713639,0.5124046975973487
2013,4,2013-07-14,61.0,0.27137236128002046,0.6,4.04360869323687,52.37549224049609,6.58350046446146,25.799943406692776,3.8645292639557622,0.558417937097506
2013,4,2013-07-15,62.0,0.2797068379413645,0.62,6.430129580130952,59.24307612173564,7.742026959009854,30.363489314777905,1.7425756898555218,0.5821603805324058
2013,4,2013-07-16,63.0,0.2880087775422075,,-11.690047634696647,,9.113743366899529,35.69103191272425,7.08974059180155,1.1716424520171267
2013,4,2013-07-17,64.0,0.29627884628965057,0.66,0.6437297755923528,57.148272200945186,10.728497665723442,41.90106201084895,5.588896387243833,1.369221026443756
2013,4,2013-07-18,65.0,0.3045176860704459,0.68,6.163737733567589,64.70948183177266,12.62935080896295,49.12683789316198,4.81485060046109,1.2515112195147564
2013,4,2013-07-19,66.0,0.3127259157161672,,-6.038557802098654,,14.866993201242195,57.516810288590264,3.4447385390145238,0.997143477394768
2013,4,2013-07-20,67.0,0.32090413218355457,,2.413069867849936,,17.501096468784457,67.23442251815072,4.3492082065651365,1.5330955832299509
2013,4,2013-07-21,68.0,0.3290529116569571,,7.9350895529786545,,20.569186200749797,78.44137755899598,2.8181847645950695,1.6206424408729094
2013,4,2013-07-22,69.0,0.33717281057913334,,11.86327644368482,,22.780155457042046,90.68159939863384,1.3038827605560193,2.216813026038976
2013,4,2013-07-23,70.0,0.3452643666160768,0.78,14.689863732653157,90.89609124624776,24.073631244509507,103.50779508577422,0.6636277210023689,2.1110338409472242
2013,4,2013-07-24,71.0,0.35332809956101235,,-12.61620599459951,,25.47132724404796,116.95493940754231,3.2316665380042933,1.8455584834575884
2013,4,2013-07-25,72.0,0.36136451218223214,0.82,-4.747179669909982,75.25531638569329,25.47132724404796,130.03935635808557,1.9535831747824821,1.0855691323495549
2013,4,2013-07-26,73.0,0.36937409101902613,,3.3877451557481106,,25.47132724404796,143.46675586999092,3.188190522183238,2.296050185845098
2013,4,2013-07-27,74.0,0.37735730712957744,,7.285560426547361,,25.47132724404796,154.21590454242587,2.2249645021699807,1.2167743449185264
2013,4,2013-07-28,75.0,0.3853146167943568,0.88,9.443630790559933,97.33192602838864,25.47132724404796,166.7889876839105,1.4931100980402474,0.8815199895382796
2013,4,2013-07-29,76.0,0.39324646217824605,,-24.8718116279424,,25.47132724404796,179.80270155499133,1.309126403060502,0.7235258304830381
2013,4,2013-07-30,77.0,0.4011532719543411,0.91,-7.53924279855273,74.91548408910876,25.47132724404796,193.1906114471712,3.698212774772846,2.1026930524037337
2013,4,2013-07-31,78.0,0.40903546189214185,,4.967280197733934,,25.47132724404796,206.56864893441968,4.034292654594932,2.293316043503286
2013,4,2013-08-01,79.0,0.416893435412609,0.93,9.915701312939145,88.3596034736429,25.47132724404796,219.9368140167368,1.2484126377457037,1.7680980486902467
2013,4,2013-08-02,80.0,0.42472758411236317,,-8.714119225776749,,25.47132724404796,233.29510669412255,4.199345578228011,2.382340176165006
2013,4,2013-08-03,81.0,0.4325382882591224,,-16.050828750492503,,25.47132724404796,246.64352696657693,3.476250203198949,1.970661825432719
2013,4,2013-08-04,82.0,0.44032591726030085,,-3.7484480218089216,,25.47132724404796,259.98207483409993,3.3607434584161875,1.9037728029231467
2013,4,2013-08-05,83.0,0.44809083010654976,,5.632646935642747,,25.47132724404796,273.3107502966916,3.370271112223725,2.0444224499098658
2013,4,2013-08-06,84.0,0.4558333757918684,0.965,10.302248266276361,80.1798817291904,25.47132724404796,286.62955335435186,1.2646298685222388,2.059022041305943
2013,4,2013-08-07,85.0,0.46355389371180195,,-6.039550647738478,,25.47132724404796,299.16149438159,2.3552040486304073,1.2534819552094127
2013,4,2013-08-08,86.0,0.47125271404112284,0.975,-1.2240009619209644,68.5938381079641,25.47132724404796,311.8900520162014,1.9182991079927183,1.0369712669411595
2013,4,2013-08-09,87.0,0.4789301580922824,,5.330114065071871,,25.47132724404796,324.4383152134437,3.372876888445518,1.7974437717196072
2013,4,2013-08-10,88.0,0.4865865386558323,,10.89034726565517,,25.47132724404796,337.71762865137845,3.0054678395482157,2.020568896733333
2013,4,2013-08-11,89.0,0.4942221603239236,0.99,13.386656166719376,84.25806878479071,25.47132724404796,350.9870696843819,0.9377575142807877,1.4551157660991905
2013,4,2013-08-12,90.0,0.5018373197979107,,-8.43088958777171,,25.47132724404796,363.76030979406903,2.9116988387275256,1.5794967401989408
2013,4,2013-08-13,91.0,0.5094323061810133,1.0,-2.426219654894766,67.85883953943365,25.47132724404796,376.5097372364603,2.6023776250338604,1.5611975506826272
2013,4,2013-08-14,92.0,0.5170074012569281,,2.9716571929170095,,25.47132724404796,389.2576493412286,1.3740892814143688,1.6438478612644367
2013,4,2013-08-15,93.0,0.52456287975521,1.01,6.584027465372454,75.63094731158364,25.47132724404796,401.9464656581367,0.895563757895081,1.80860687157615
2013,4,2013-08-16,94.0,0.532099009604192,,2.113731250492231,,25.47132724404796,415.1665446664832,3.4894632478355714,1.9591328368252658
2013,4,2013-08-17,95.0,0.5396160521721627,,7.6357173113122965,,25.47132724404796,428.37675126989836,3.481582200066268,1.953248357728456
2013,4,2013-08-18,96.0,0.5471142624974643,,11.577917925339023,,25.47132724404796,441.57708546838217,2.3717727443217673,1.797246961713189
2013,4,2013-08-19,97.0,0.5545938895081346,,14.986955158390318,,25.47132724404796,454.7675472619346,1.226052927722817,2.176533337540284
2013,4,2013-08-20,98.0,0.5620551762316752,1.035,17.69669897793543,91.46463851161685,25.47132724404796,467.9481366505557,0.6053843589788492,2.1022742273008173
2013,4,2013-08-21,99.0,0.5694983599954879,,0.2770762748330621,,25.47132724404796,481.11885363424534,3.7064904246459296,2.0732110013517384
2013,4,2013-08-22,100.0,0.5769236726184888,1.045,-2.0269667819821366,73.79007728978985,25.47132724404796,494.27969821300366,2.7434433845428545,1.5333841410691276
2013,4,2013-08-23,101.0,0.5843313405943715,,3.6857352916165955,,25.47132724404796,507.43067038683057,3.4245764240723404,1.9126518549289702
2013,4,2013-08-24,102.0,0.5917215852669708,,8.343984587642039,,25.47132724404796,520.5717701557262,2.5256386834579128,1.7791672064565507
2013,4,2013-08-25,103.0,0.5990946229981378,1.05,12.224841380022754,88.17763113836216,25.47132724404796,533.7029975196904,2.626475751482802,1.856043928173746
2013,4,2013-08-26,104.0,0.6064506653285207,,1.9525359254490746,,25.47132724404796,546.8243524787232,3.766037859712462,2.098623687215449
2013,4,2013-08-27,105.0,0.6137899191316178,1.05,7.779771110631494,83.41614680969946,25.47132724404796,559.9358350328247,3.64449062902927,2.0293634953801134
2013,4,2013-08-28,106.0,0.6211125867614493,,10.948514705454423,,25.47132724404796,573.0374451819948,3.026502839388478,1.7752621895446787
2013,4,2013-08-29,107.0,0.6284188661941665,1.05,14.693387065592795,90.04249466201442,25.47132724404796,586.1291829262335,1.3949715541550811,2.207611269226749
2013,4,2013-08-30,108.0,0.6357089511639087,,1.1226267258995453,,25.30925623925528,599.0570520432472,2.9635872261040257,1.6243695963882314
2013,4,2013-08-31,109.0,0.6357089511639087,,5.8578736524537165,,25.126560466587062,611.8026224165963,3.0760629008596156,1.65910665420067
2013,4,2013-09-01,110.0,0.6357089511639087,,10.403079637844597,,24.920615267484163,624.3453860505798,2.971183576625891,1.5739977094727315
2013,4,2013-09-02,111.0,0.6357089511639087,,13.640392632536123,,24.688461975625803,636.6625641347771,1.5271164629093907,1.7101886356355713
2013,4,2013-09-03,112.0,0.6357089511639087,,16.208667632621534,,24.42676541190185,648.7289093179553,1.2665488694792795,1.5557236029369257
2013,4,2013-09-04,113.0,0.6357089511639087,1.05,18.298549584106176,93.5062610379903,24.131765970297096,660.5165082216668,0.6036977498857234,1.4861833914778613
2013,4,2013-09-05,114.0,0.6357089511639087,,8.53807921592452,,23.799225606339864,671.9945915355949,3.6772680544620804,1.762261317425458
2013,4,2013-09-06,115.0,0.6357089511639087,1.05,14.274334752094859,89.48204586256472,23.424366952170043,683.1293621627175,3.920422038133258,1.8158334145536352
2013,4,2013-09-07,116.0,0.6357089511639087,,17.876550770559646,,23.001804683536445,693.8838560983535,2.058768862907106,1.5434471287204814
2013,4,2013-09-08,117.0,0.6357089511639087,,20.147969651753826,,22.525468152722674,704.2178564051356,0.6908517178481527,1.5805671547116542
2013,4,2013-09-09,118.0,0.6357089511639087,,-3.671589619417307,,21.988514175924433,714.0878882900446,2.817015385706329,1.140609099674129
2013,4,2013-09-10,119.0,0.6357089511639087,,-3.487440577984171,,21.383228722157348,722.8805042383624,1.6171083488899225,0.5799802702942928
2013,4,2013-09-11,120.0,0.6357089511639087,,-5.468423755268977,,20.700916091330733,731.1338260944942,1.0459220946308565,0.3499015593779434
2013,4,2013-09-12,121.0,0.6357089511639087,,-11.72669233733375,,19.931773989388397,737.9077921346288,0.6614366839037267,0.18035369520804556
2013,4,2013-09-13,122.0,0.6357089511639087,,-14.504806480873492,,19.064752705811124,745.2544263866367,1.7949506488582623,0.5267507799915526
2013,4,2013-09-14,123.0,0.6357089511639087,,-8.373977387766484,,18.087396370385434,751.8844314359333,2.6559514598306637,0.6975020103311399
2013,4,2013-09-15,124.0,0.6357089511639087,,-15.853288285256259,,16.985664008688907,755.3790399149582,0.42713928384322175,0.058585347980574895
2013,4,2013-09-16,125.0,0.6357089511639087,,-7.707416796263762,,15.743727825525244,760.0663296774312,1.7916307487299692,0.32632774858018065
2013,4,2013-09-17,126.0,0.6357089511639087,1.05,0.14422218627768088,45.63840410003362,14.343745818392396,764.2654181739781,2.8429214138721983,0.4589004995775862
2013,4,2013-09-18,127.0,0.6357089511639087,,4.377612337687621,,12.76560545428525,767.6775633357464,2.4179704151843104,0.37535257615804635
2013,4,2013-09-19,128.0,0.6357089511639087,,6.6174073078010105,,10.986634727422286,768.907279527937,2.2525895197585375,0.12066564811053358
2013,4,2013-09-20,129.0,0.6357089511639087,,8.270151857443842,,8.981276446870424,769.9282035521273,1.3573381108646383,0.09509437464701234
2013,4,2013-09-21,130.0,0.6357089511639087,,9.623338618736712,,6.720721074793376,770.8104102510072,1.200956408031609,0.09964843241424981
2013,4,2013-09-22,131.0,0.6357089511639087,,7.737109039658482,,4.172492840574733,771.174409374304,2.8876603369851828,0.03420431849798279
2013,4,2013-09-23,132.0,0.6357089511639087,,-6.072859376310756,,1.2999831848158057,771.1899843703094,3.6389803299522505,0.0017540782251624814
2013,5,2013-05-15,1.0,0.08,,3.2272173382667417,,0.0,0.0,4.034021672833438,0.0
2013,5,2013-05-16,2.0,0.08,,5.105640062657151,,0.0,0.0,2.3480284054880247,0.0
2013,5,2013-05-17,3.0,0.08,,6.500186120526758,,0.0,0.0,1.743182572337019,0.0
2013,5,2013-05-18,4.0,0.08,,7.387864929978862,,0.0,0.0,1.1095985118151397,0.0
2013,5,2013-05-19,5.0,0.08,,9.6477456862119,,0.0,0.0,3.078850945291302,0.0
2013,5,2013-05-20,6.0,0.08,,9.744742310070198,,0.4875,0.0,4.439245779822874,0.0
2013,5,2013-05-21,7.0,0.08,,11.000000000000002,,0.5738742470010385,0.0,2.6126369356756474,0.0
2013,5,2013-05-22,8.0,0.08,,11.000000000000002,,0.6755521053764285,0.0,1.9793141226560966,0.0
2013,5,2013-05-23,9.0,0.08,,11.000000000000002,,0.6693127862307413,0.0,0.6175727429402105,0.0
2013,5,2013-05-24,10.0,0.08,,11.000000000000002,,0.6619209548482653,0.0,0.8819442507728491,0.0
2013,5,2013-05-25,11.0,0.08,,11.000000000000002,,0.6531637219016666,0.0,0.7074305884428116,0.0
2013,5,2013-05-26,12.0,0.08,,11.000000000000002,,0.6427888736519074,0.0,0.6675469813375661,0.0
2013,5,2013-05-27,13.0,0.08,,11.000000000000002,,0.6304976080361702,0.0,0.6050875544974155,0.0
2013,5,2013-05-28,14.0,0.08,,11.000000000000002,,0.6159359289831668,0.0,2.3613456984206183,0.0
2013,5,2013-05-29,15.0,0.08,,6.982962795357186,,0.6159223871047751,0.0,2.852703494196485,0.0
2013,5,2013-05-30,16.0,0.08,,11.000000000000002,,0.5986684078047259,0.0,5.201833702369384,0.0
2013,5,2013-05-31,17.0,0.08,,11.000000000000002,,0.5782273143641292,0.0,0.5915933389520687,0.0
2013,5,2013-06-01,18.0,0.08,,11.000000000000002,,0.5540103906168051,0.0,0.45951205389426736,0.0
2013,5,2013-06-02,19.0,0.08,,11.000000000000002,,0.5253201741424268,0.0,0.4413594125983797,0.0
2013,5,2013-06-03,20.0,0.08,,11.000000000000002,,0.491330368916334,0.0,0.48427336264374804,0.0
2013,5,2013-06-04,21.0,0.08,,11.000000000000002,,0.4510669917633703,0.0,6.116792022666051,0.0
2013,5,2013-06-05,22.0,0.08,,11.000000000000002,,0.40336131477080006,0.0,0.18865919511174103,0.0
2013,5,2013-06-06,23.0,0.08,0.09,11.000000000000002,12.375,0.3468435582524956,0.0,0.3372516628832085,0.0
2013,5,2013-06-07,24.0,0.08,,-0.43357017047493956,,0.40829658629602406,0.1449483084067596,6.68227863738753,0.02575864951879411
2013,5,2013-06-08,25.0,0.0905004365499774,,4.519579747661023,,0.4806377354127699,0.3419206347444643,5.114507143797509,0.034976865754590934
2013,5,2013-06-09,26.0,0.10077158995139926,,7.377872648819486,,0.5012161671326438,0.3960490883478579,2.3183765291602705,0.010592915519639135
2013,5,2013-06-10,27.0,0.10863961853942827,0.13,9.25975609381344,10.780042715051122,0.4966161256812875,0.3960490883478579,1.3218907023561262,0.0
2013,5,2013-06-11,28.0,0.10863961853942827,,10.508016237361433,,0.4911327189370099,0.3960490883478579,1.2482601435480103,0.0
2013,5,2013-06-12,29.0,0.10863961853942827,0.15,11.397983103604698,14.341733649439341,0.484635593782173,0.3960490883478579,0.8899668662432735,0.0
2013,5,2013-06-13,30.0,0.10863961853942827,,-1.553392535219439,,0.570502331182863,0.6923127790752572,7.291018462277381,0.05760589889848259
2013,5,2013-06-14,31.0,0.11844589831167929,0.17,6.408976937045129,9.274603194411192,0.6715827604510822,1.0507780232364805,5.906547915003099,0.08658251978108746
2013,5,2013-06-15,32.0,0.12825725882172478,,8.97273578605743,,0.6708690535810545,1.2020417029133317,1.9880802136068294,0.030315776247379855
2013,5,2013-06-16,33.0,0.1369762756142633,,10.602633863526945,,0.6650931783997232,1.249601980399293,1.142204006841746,0.008245712079882122
2013,5,2013-06-17,34.0,0.1419082747989,,11.754431520518942,,0.6576920067248392,1.249601980399293,0.8772466155894851,0.0
2013,5,2013-06-18,35.0,0.1419082747989,,12.536259046970901,,0.6489233161398166,1.249601980399293,0.7818275264519691,0.0
2013,5,2013-06-19,36.0,0.1419082747989,0.22,13.342443189602111,16.576252250340232,0.6385348633909627,1.249601980399293,0.8061841426312152,0.0
2013,5,2013-06-20,37.0,0.1419082747989,,1.5760321530145847,,0.7516691567433839,1.7113359043102716,8.680365841086052,0.10722312232642368
2013,5,2013-06-21,38.0,0.15132294305767557,0.24,6.904410807306508,9.351125562595898,0.8848483514256716,2.254458262982854,4.436318236710205,0.10496611213299496
2013,5,2013-06-22,39.0,0.1606757314121932,,9.393088244762716,,0.9701275638507556,2.744309781973948,1.932586923311002,0.08597981502856854
2013,5,2013-06-23,40.0,0.1699250719393681,,11.265998754744311,,0.9672765128333307,3.0322986205139326,1.3546443836843824,0.05335515250214267
2013,5,2013-06-24,41.0,0.17875396806500418,,14.37371785462064,,0.9611551619289489,3.0322986205139326,3.1719414399182573,0.0
2013,5,2013-06-25,42.0,0.17875396806500418,0.29,15.7257113701814,16.79362679260097,0.9505526016147076,3.0322986205139326,1.3519935155607683,0.0
2013,5,2013-06-26,43.0,0.17875396806500418,,8.447498424127142,,1.1189695558697812,3.718191160149086,7.778155636338657,0.14363141760708606
2013,5,2013-06-27,44.0,0.1878266149306542,0.32,14.09218266864157,18.657861787034328,1.1790685729013572,3.842393413912734,5.161287346985859,0.03116059350176971
2013,5,2013-06-28,45.0,0.1936466672270038,,16.234534854864208,,1.1683949780693033,3.842393413912734,2.6099981798058596,0.0
2013,5,2013-06-29,46.0,0.1936466672270038,,17.116455757833588,,1.155564219662596,3.842393413912734,1.6439209029693793,0.0
2013,5,2013-06-30,47.0,0.1936466672270038,0.365,17.76830508559067,30.927130197566633,1.1403690292714395,3.842393413912734,0.6518493277570915,0.0
2013,5,2013-07-01,48.0,0.1936466672270038,,9.09234167830374,,1.3424172676440052,4.642309419405382,6.981109818574158,0.15092677413891198
2013,5,2013-07-02,49.0,0.20247881854146715,0.395,14.490775854041804,33.2532758540418,1.4608017306647327,4.886213007773294,5.030309717020671,0.046799346741431574
2013,5,2013-07-03,50.0,0.20963732794262133,,16.32032916096135,,1.448208577901801,4.960943841376472,1.8149649304117135,0.01458837650784719
2013,5,2013-07-04,51.0,0.21314213020073475,0.425,17.450956256992114,42.13845625699211,1.43244923957451,4.960943841376472,1.1306270960307694,0.0
2013,5,2013-07-05,52.0,0.21314213020073475,,-1.5191567478613188,,1.6862476486728863,5.991157334305061,5.493999403380574,0.153887591766
2013,5,2013-07-06,53.0,0.22180419428108572,,2.8465655820540228,,1.9850135377218956,7.201798063200545,4.409379076839034,0.2103432530763262
2013,5,2013-07-07,54.0,0.23042636876143446,,6.695322759140595,,2.3358879088723086,8.623531880017344,4.357022828845512,0.24307733721141936
2013,5,2013-07-08,55.0,0.23900961423613548,,9.111899961881013,,2.68631490878821,10.255226639300746,2.1158088705993108,0.2970463373295037
2013,5,2013-07-09,56.0,0.24755485017447726,0.5,10.84160317293679,50.32705579640316,3.0156780578260967,12.083478017404456,1.3835442452700426,0.3459905950933845
2013,5,2013-07-10,57.0,0.2560629574227075,,-14.150970101348127,,3.549989691553858,14.228985357136462,6.986350849807848,0.4210155290637896
2013,5,2013-07-11,58.0,0.2645347805103914,0.54,0.04555764813922247,40.35575031074317,4.178969561234705,16.74541943814035,6.498998845532469,0.6223292899359094
2013,5,2013-07-12,59.0,0.27297112977968346,,0.9477904709413809,,4.919390790141185,19.695001298263154,5.701426718107047,0.4838845128689005
2013,5,2013-07-13,60.0,0.28137278335402666,,0.4321979291476333,,5.790998329017673,23.14908872528986,5.250534353742812,0.5299675144509405
2013,5,2013-07-14,61.0,0.2897404889609811,0.6,4.056911568214671,52.688791008878766,6.817035498357514,27.190121780650596,3.8447022455302804,0.5774359556679095
2013,5,2013-07-15,62.0,0.2980749656223251,0.62,6.453766966821442,59.56347698220456,8.02139665620568,31.910576260405158,1.7296613395454807,0.6021768229286658
2013,5,2013-07-16,63.0,0.2980749656223251,,-11.467565734752766,,9.442611212259857,37.419647037626895,7.047503494770195,1.211564445537819
2013,5,2013-07-17,64.0,0.2980749656223251,0.66,0.7188035048020638,57.65544660482985,11.115633639300903,43.8390071562997,5.531830818961685,1.415375241652297
2013,5,2013-07-18,65.0,0.3063138054031204,0.68,6.259100107189318,65.21530404210607,13.085078737832237,51.30524187416635,4.771850709080803,1.2931589173437796
2013,5,2013-07-19,66.0,0.31452203504884174,,-5.831151661083034,,15.403466066918515,59.97016278331428,3.4100212396728495,1.0298209528563464
2013,5,2013-07-20,67.0,0.3227002515162291,,2.476989938343573,,18.132620493043923,70.00044157854352,4.296681487374359,1.5824233110222083
2013,5,2013-07-21,68.0,0.33084903098963164,,7.979552989011034,,21.31142170973114,81.56023058788027,2.773565202432105,1.6716659081603975
2013,5,2013-07-22,69.0,0.3389689299118079,,11.941094061912562,,23.59709900496785,94.17730653932195,1.2753758042844883,2.2850646570067843
2013,5,2013-07-23,70.0,0.34706048594875133,0.78,14.813407878433317,91.58890586475938,24.923040566340845,107.38821984211909,0.6463905833353281,2.174353622250282
2013,5,2013-07-24,71.0,0.3551242188936869,,-12.496961646814565,,26.37005259963574,121.23436284049029,3.1727179573937256,1.900319209963749
2013,5,2013-07-25,72.0,0.3631606315149067,0.82,-4.716902266044861,75.94048935353128,26.37005259963574,134.70666331600697,1.9179480144391037,1.1177504961237046
2013,5,2013-07-26,73.0,0.37117021035170067,,3.415218938151425,,26.37005259963574,148.53175175562964,3.1424132536344453,2.364053951993883
2013,5,2013-07-27,74.0,0.379153426462252,,7.305281268557636,,26.37005259963574,159.59897528885236,2.1850467692984292,1.2527795526018604
2013,5,2013-07-28,75.0,0.38711073612703134,0.88,9.461095772667923,98.03417949767804,26.37005259963574,172.54376462965038,1.4658156807516998,0.9075809358664656
2013,5,2013-07-29,76.0,0.3950425815109206,,-24.856703036144864,,26.37005259963574,185.94185874777082,1.2852467290926888,0.7448962893862897
2013,5,2013-07-30,77.0,0.4028280416269088,0.91,-7.561349721649875,75.60981877705689,26.37005259963574,199.72483806989646,3.630753960162798,2.1647423007370623
2013,5,2013-07-31,78.0,0.41071023156470954,,4.947086668125586,,26.37005259963574,213.49729011264785,3.962827985892185,2.3609281449634705
2013,5,2013-08-01,79.0,0.41856820508517667,0.93,10.933124040057768,90.0805237673829,26.37005259963574,227.25921487602497,2.226771432686856,1.8201774267835045
2013,5,2013-08-02,80.0,0.42640235378493085,,-7.80076191495658,,26.37005259963574,241.01061236002784,4.122745638717335,2.452447142441688
2013,5,2013-08-03,81.0,0.43421305793169007,,-15.512099863881119,,26.37005259963574,254.75148256465644,3.412840190774733,2.0286002244300403
2013,5,2013-08-04,82.0,0.44200068693286854,,-3.5626865771950955,,26.37005259963574,268.48182548991076,3.2994403956341505,1.95969259139163
2013,5,2013-08-05,83.0,0.44976559977911745,,5.806262146695092,,26.37005259963574,282.20164113579085,3.4136003903317236,2.1044175915142276
2013,5,2013-08-06,84.0,0.4575081454644361,0.965,10.540785651930097,81.98017254203647,26.37005259963574,295.91092950229665,1.2976567032381825,2.1193891669581792
2013,5,2013-08-07,85.0,0.46522866338436963,,-5.9121597045602625,,26.37005259963574,308.8099422456651,2.312242952835925,1.290197558278169
2013,5,2013-08-08,86.0,0.47292748371369053,0.975,-1.1587472185579004,70.28323717877245,26.37005259963574,321.9109806569324,1.8833075615961887,1.0673165640257005
2013,5,2013-08-09,87.0,0.4806049277648501,,5.348835678458747,,26.37005259963574,334.8261030340435,3.3113525007001052,1.8499935738387085
2013,5,2013-08-10,88.0,0.4882613083284,,11.07418762969677,,26.37005259963574,348.4932822830523,3.1244604975992814,2.079586224521046
2013,5,2013-08-11,89.0,0.49589692999649126,0.99,13.643570719244938,86.1918135587726,26.37005259963574,362.1499342526868,0.9706065909327221,1.4975769924083173
2013,5,2013-08-12,90.0,0.5035120894704783,,-7.981754779406833,,26.37005259963574,375.29555249447486,2.8585867642947402,1.6255437917476474
2013,5,2013-08-13,91.0,0.511107075853581,1.0,-2.1951724857543393,69.96126209609676,26.37005259963574,388.4163106534526,2.532650105924024,1.6066678753577952
2013,5,2013-08-14,92.0,0.5186821709294958,,3.0811183993107165,,26.37005259963574,401.53515565038765,1.339208022072001,1.6916797914228476
2013,5,2013-08-15,93.0,0.5262376494277776,1.01,6.684743501227136,77.77456493121987,26.37005259963574,414.59283274178404,0.8712323924138574,1.8611826292144347
2013,5,2013-08-16,94.0,0.5337737792767596,,9.527874679281144,,26.37005259963574,428.19684831454725,0.5559106313275504,2.0160298289031275
2013,5,2013-08-17,95.0,0.5412908218447303,,11.962925552759271,,26.37005259963574,441.79033660793624,0.3410496210236594,2.0099200172992573
2013,5,2013-08-18,96.0,0.5487890321700319,,14.996746327578318,,26.37005259963574,455.37329762195094,1.4189735432610333,1.8493422247075078
2013,5,2013-08-19,97.0,0.5562686591807022,,18.01016338408132,,26.37005259963574,468.9457313565914,0.7675769169119718,2.2395618104470794
2013,5,2013-08-20,98.0,0.5637299459042429,1.035,20.55854404066195,96.39028290162848,26.37005259963574,482.5076378118576,0.38325993864339636,2.1630934378840747
2013,5,2013-08-21,99.0,0.5711731296680556,,9.03121238007482,,26.37005259963574,496.05901698774954,3.6388806180615947,2.1331312809879703
2013,5,2013-08-22,100.0,0.5785984422910564,1.045,6.462645878080163,84.34351521466624,26.37005259963574,509.5998688842672,2.693400444900906,1.5776592019176456
2013,5,2013-08-23,101.0,0.5860061102669392,,11.792648324170516,,26.37005259963574,523.1301935014106,3.362108989076357,1.9678241376158048
2013,5,2013-08-24,102.0,0.5933963549395385,,16.094487661015904,,26.37005259963574,536.6499908391798,2.4713778539589724,1.8304388890062464
2013,5,2013-08-25,103.0,0.6007693926707054,1.05,18.659919655821525,97.52766991739001,26.37005259963574,550.1592608975748,1.3799261551818727,1.909478677884507
2013,5,2013-08-26,104.0,0.6081254350010883,,12.579747780994127,,26.37005259963574,563.6580036765954,3.6973418529478512,2.1589829276114103
2013,5,2013-08-27,105.0,0.6154646888041855,1.05,18.60810482550481,96.74967976161213,26.37005259963574,577.1462191762417,3.5780117559452718,2.087673307717598
2013,5,2013-08-28,106.0,0.622787356434017,,21.0609895586232,,26.37005259963574,590.6239073965138,2.042812289041647,1.8262205963620737
2013,5,2013-08-29,107.0,0.6300936358667342,1.05,24.335323070820593,101.7540042981609,26.37005259963574,604.0910683374117,0.642374158110204,2.2709174930348577
2013,5,2013-08-30,108.0,0.6373837208364763,,17.076297391642182,,26.202263113037333,617.3897121255076,2.90977581413167,1.6709569417090635
2013,5,2013-08-31,109.0,0.6373837208364763,,21.803497110668022,,26.01312113826577,630.5009309568972,3.0204961480720462,1.7067035660738084
2013,5,2013-09-01,110.0,0.6373837208364763,,26.341039875628713,,25.79990940881987,643.4036835321049,2.9183698608264357,1.6191729025527715
2013,5,2013-09-02,111.0,0.6373837208364763,,28.639816364178223,,25.559564865371943,656.0745963715073,0.5394732618478549,1.7593032261891532
2013,5,2013-09-03,112.0,0.6373837208364763,,30.54265039307019,,25.288634651000912,668.487759988076,0.5563948458375954,1.6004391828883
2013,5,2013-09-04,113.0,0.6373837208364763,1.05,32.35892068638367,109.4173603415492,24.983226506484282,680.6145250217066,0.28732475205518115,1.5289455412044555
2013,5,2013-09-05,114.0,0.6373837208364763,,27.68520366499841,,24.63895285301366,692.4233058009703,3.613248780811821,1.8130341977916669
2013,5,2013-09-06,115.0,0.6373837208364763,1.05,33.40630438466333,110.46474403981395,24.250867759010685,703.8794019952892,3.8528662524587216,1.868234467202543
2013,5,2013-09-07,116.0,0.6373837208364763,,36.61858073758891,,23.81339588549089,714.7272725794197,1.6554281361684573,1.5568482167559567
2013,5,2013-09-08,117.0,0.6373837208364763,,38.215588531512346,,23.320252389184777,723.72426994745,0.22093288500292227,1.3760749089201274
2013,5,2013-09-09,118.0,0.6373837208364763,,14.312498727909256,,22.764352632721863,733.8811365353674,2.770309342605091,1.1737565379163557
2013,5,2013-09-10,119.0,0.6373837208364763,,14.214107409076508,,22.13771040474915,742.9301004353719,1.5907191366384374,0.5968895445287776
2013,5,2013-09-11,120.0,0.6373837208364763,,11.086724516267868,,21.431323187785488,751.4249520595635,1.0291519556231226,0.36014127181779343
2013,5,2013-09-12,121.0,0.6373837208364763,,2.6243485250929948,,20.635042825538044,758.3980198470574,0.6510358388680672,0.1856546866281187
2013,5,2013-09-13,122.0,0.6373837208364763,,-4.365082621939995,,19.737429731651112,765.9616754277431,1.767324245925223,0.5423111237128451
2013,5,2013-09-14,123.0,0.6373837208364763,,-4.489841840763748,,18.725588545409618,772.7886671207409,2.6160210228927205,0.7182257622692498
2013,5,2013-09-15,124.0,0.6373837208364763,,-14.926722479546134,,17.58498287338099,776.3877948525457,0.4208791064753972,0.06033756051926925
2013,5,2013-09-16,125.0,0.6373837208364763,,-7.734548591977769,,16.299226455522184,781.2163394249839,1.7660822073019316,0.3361618673242619
2013,5,2013-09-17,126.0,0.6373837208364763,1.05,0.09641063415024587,65.37518526143401,14.84984775558563,785.5430647456749,2.8035421099830873,0.47284938453497827
2013,5,2013-09-18,127.0,0.6373837208364763,,4.337274287475007,,13.216024593864118,789.05994568231,2.4032680242939075,0.3868740211870094
2013,5,2013-09-19,128.0,0.6373837208364763,,6.574487717943996,,11.374285009934459,790.3278283005552,2.2421756451844583,0.124410720807139
2013,5,2013-09-20,129.0,0.6373837208364763,,8.23159361319586,,9.298170057910333,791.38083723939,1.3571194185547522,0.09808293679405831
2013,5,2013-09-21,130.0,0.6373837208364763,,9.589756775887208,,6.957853689826665,792.2911625163899,1.2021259559940412,0.10282452735316364
2013,5,2013-09-22,131.0,0.6373837208364763,,7.682581284727334,,4.319714266294088,792.6669482576601,2.8653468868077145,0.03531188499849234
2013,5,2013-09-23,132.0,0.6373837208364763,,-6.127914702799508,,1.345851538625455,792.6830365880064,3.6173653171930966,0.0018118906695046605
2013,6,2013-05-15,1.0,0.08,,3.2272173382667417,,0.0,0.0,4.034021672833438,0.0
2013,6,2013-05-16,2.0,0.08,,5.105640062657151,,0.0,0.0,2.3480284054880247,0.0
2013,6,2013-05-17,3.0,0.08,,6.500186120526758,,0.0,0.0,1.743182572337019,0.0
2013,6,2013-05-18,4.0,0.08,,7.387864929978862,,0.0,0.0,1.1095985118151397,0.0
2013,6,2013-05-19,5.0,0.08,,9.6477456862119,,0.0,0.0,3.078850945291302,0.0
2013,6,2013-05-20,6.0,0.08,,9.744742310070198,,0.4875,0.0,4.439245779822874,0.0
2013,6,2013-05-21,7.0,0.08,,11.000000000000002,,0.5738742470010385,0.0,2.6126369356756474,0.0
2013,6,2013-05-22,8.0,0.08,,11.000000000000002,,0.6755521053764285,0.0,1.9793141226560966,0.0
2013,6,2013-05-23,9.0,0.08,,11.000000000000002,,0.6693127862307413,0.0,0.6175727429402105,0.0
2013,6,2013-05-24,10.0,0.08,,11.000000000000002,,0.6619209548482653,0.0,0.8819442507728491,0.0
2013,6,2013-05-25,11.0,0.08,,11.000000000000002,,0.6531637219016666,0.0,0.7074305884428116,0.0
2013,6,2013-05-26,12.0,0.08,,11.000000000000002,,0.6427888736519074,0.0,0.6675469813375661,0.0
2013,6,2013-05-27,13.0,0.08,,11.000000000000002,,0.6304976080361702,0.0,0.6050875544974155,0.0
2013,6,2013-05-28,14.0,0.08,,11.000000000000002,,0.6159359289831668,0.0,2.3613456984206183,0.0
2013,6,2013-05-29,15.0,0.08,,6.982962795357186,,0.6159223871047751,0.0,2.852703494196485,0.0
2013,6,2013-05-30,16.0,0.08,,11.000000000000002,,0.5986684078047259,0.0,5.201833702369384,0.0
2013,6,2013-05-31,17.0,0.08,,11.000000000000002,,0.5782273143641292,0.0,0.5915933389520687,0.0
2013,6,2013-06-01,18.0,0.08,,11.000000000000002,,0.5540103906168051,0.0,0.45951205389426736,0.0
2013,6,2013-06-02,19.0,0.08,,11.000000000000002,,0.5253201741424268,0.0,0.4413594125983797,0.0
2013,6,2013-06-03,20.0,0.08,,11.000000000000002,,0.491330368916334,0.0,0.48427336264374804,0.0
2013,6,2013-06-04,21.0,0.08,,11.000000000000002,,0.4510669917633703,0.0,6.116792022666051,0.0
2013,6,2013-06-05,22.0,0.08,,11.000000000000002,,0.40336131477080006,0.0,0.18865919511174103,0.0
2013,6,2013-06-06,23.0,0.08,0.09,11.000000000000002,12.375,0.3468435582524956,0.0,0.3372516628832085,0.0
2013,6,2013-06-07,24.0,0.08,,-0.43357017047493956,,0.40829658629602406,0.1449483084067596,6.68227863738753,0.02575864951879411
2013,6,2013-06-08,25.0,0.0905004365499774,,4.519579747661023,,0.4806377354127699,0.3419206347444643,5.114507143797509,0.034976865754590934
2013,6,2013-06-09,26.0,0.10077158995139926,,7.377872648819486,,0.5012161671326438,0.3960490883478579,2.3183765291602705,0.010592915519639135
2013,6,2013-06-10,27.0,0.10863961853942827,0.13,9.25975609381344,10.780042715051122,0.4966161256812875,0.3960490883478579,1.3218907023561262,0.0
2013,6,2013-06-11,28.0,0.10863961853942827,,10.508016237361433,,0.4911327189370099,0.3960490883478579,1.2482601435480103,0.0
2013,6,2013-06-12,29.0,0.10863961853942827,0.15,11.397983103604698,14.341733649439341,0.484635593782173,0.3960490883478579,0.8899668662432735,0.0
2013,6,2013-06-13,30.0,0.10863961853942827,,-1.553392535219439,,0.570502331182863,0.6923127790752572,7.291018462277381,0.05760589889848259
2013,6,2013-06-14,31.0,0.11844589831167929,0.17,6.408976937045129,9.274603194411192,0.6715827604510822,1.0507780232364805,5.906547915003099,0.08658251978108746
2013,6,2013-06-15,32.0,0.12825725882172478,,8.97273578605743,,0.6708690535810545,1.2020417029133317,1.9880802136068294,0.030315776247379855
2013,6,2013-06-16,33.0,0.1369762756142633,,10.602633863526945,,0.6650931783997232,1.249601980399293,1.142204006841746,0.008245712079882122
2013,6,2013-06-17,34.0,0.1419082747989,,11.754431520518942,,0.6576920067248392,1.249601980399293,0.8772466155894851,0.0
2013,6,2013-06-18,35.0,0.1419082747989,,12.536259046970901,,0.6489233161398166,1.249601980399293,0.7818275264519691,0.0
2013,6,2013-06-19,36.0,0.1419082747989,0.22,13.342443189602111,16.576252250340232,0.6385348633909627,1.249601980399293,0.8061841426312152,0.0
2013,6,2013-06-20,37.0,0.1419082747989,,1.6760321530145847,,0.7516691567433839,1.7113359043102716,8.680365841086052,0.10722312232642368
2013,6,2013-06-21,38.0,0.15132294305767557,0.24,7.161925806119151,9.643503027930391,0.8848483514256716,2.254458262982854,4.628695702044698,0.10496611213299496
2013,6,2013-06-22,39.0,0.1606757314121932,,9.668899285382915,,0.9589644692975066,2.70018497207917,1.9519293896976169,0.07823493143458143
2013,6,2013-06-23,40.0,0.1698929460746329,,11.539578281475006,,0.955146147861902,2.9508612956272704,1.3543391101148703,0.046442332763282974
2013,6,2013-06-24,41.0,0.17853501403773228,,14.483823551932964,,0.9480846119756029,2.9508612956272704,3.011668942435872,0.0
2013,6,2013-06-25,42.0,0.17853501403773228,0.29,15.795813173418331,16.890107355861936,0.9372325864643957,2.9508612956272704,1.3119896214853712,0.0
2013,6,2013-06-26,43.0,0.17853501403773228,,8.517711582022702,,1.103289527840186,3.6272041201519194,7.780266778193971,0.14163163041039903
2013,6,2013-06-27,44.0,0.1876076609033823,0.32,14.122859559431987,18.708243067893036,1.1605478752142755,3.7435334101384132,5.117051925482523,0.029185377944241305
2013,6,2013-06-28,45.0,0.1932621693577758,,16.25342141683655,,1.150019913204458,3.7435334101384132,2.6026423036896533,0.0
2013,6,2013-06-29,46.0,0.1932621693577758,,17.133198453115615,,1.13738553505697,3.7435334101384132,1.641777036279082,0.0
2013,6,2013-06-30,47.0,0.1932621693577758,0.365,17.783804854606018,30.966768809352153,1.1224227099285045,3.7435334101384132,0.6506064014904074,0.0
2013,6,2013-07-01,48.0,0.1932621693577758,,9.208040731917158,,1.3212912563632524,4.530957587400815,6.983666039806752,0.14856983750438704
2013,6,2013-07-02,49.0,0.20209432067223915,0.395,14.562450440100271,33.32495044010027,1.4323848423445582,4.75935352686615,4.965121958810178,0.043823794626793186
2013,6,2013-07-03,50.0,0.20912312820597245,,16.371750144020794,,1.4199270785971867,4.823838020947783,1.7967115387252093,0.012588165195321811
2013,6,2013-07-04,51.0,0.21229553029178086,0.425,17.495991685398838,42.18349168539883,1.404452035579598,4.823838020947783,1.1242415413780553,0.0
2013,6,2013-07-05,52.0,0.21229553029178086,,-1.3739554486084402,,1.653289957676549,5.83410949683066,5.497144102400871,0.1509087635918538
2013,6,2013-07-06,53.0,0.22095759437213183,,2.9459627500647354,,1.9462164708430947,7.021355919504511,4.367639598599754,0.20627860007343946
2013,6,2013-07-07,54.0,0.22957976885248058,,6.76476119740499,,2.289749002665594,8.415381075100793,4.342458528278083,0.23833991906217925
2013,6,2013-07-08,55.0,0.2381630143271816,,9.169342620886502,,2.6319386153170345,10.014552292336035,2.1134559233597248,0.29112550012179544
2013,6,2013-07-09,56.0,0.24670825026552337,0.5,10.89174693517993,50.39174693517992,2.952602866193831,11.805220479691428,1.3835262151556196,0.33887809913782
2013,6,2013-07-10,57.0,0.2552163575137536,,-14.100406249086475,,3.4757389672412162,13.90675912157992,6.995459318017939,0.41238749771566807
2013,6,2013-07-11,58.0,0.2636881806014375,0.54,0.06190600330682505,40.415908736914986,4.091563246354297,16.371811070404007,6.506692806526463,0.6096221794750258
2013,6,2013-07-12,59.0,0.27212452987072955,,0.9433845391223239,,4.816498004222969,19.26142593767249,5.711812212418504,0.47404681366216694
2013,6,2013-07-13,60.0,0.28052618344507274,,0.4224361732483968,,5.669875210985562,22.645658530846696,5.26185290134025,0.5192495481425248
2013,6,2013-07-14,61.0,0.2888938890520272,0.6,4.046098592882957,52.75077864737627,6.674452035475266,26.60547680313895,3.856988117905399,0.5658309192247407
2013,6,2013-07-15,62.0,0.2972283657133712,0.62,6.438398238672335,59.621417615778014,7.853788106469807,31.231856885125996,1.7376151752628506,0.5901759822872547
2013,6,2013-07-16,63.0,0.2972283657133712,,-11.58169724030072,,9.245306124525277,36.63210627332531,7.072823932366782,1.1876322560297916
2013,6,2013-07-17,64.0,0.2972283657133712,0.66,0.6774630316883199,57.61860093262452,10.883370442063654,42.92599728970632,5.563320371437216,1.3877111353094242
2013,6,2013-07-18,65.0,0.3054672054941665,0.68,6.219011006181437,65.17868753370718,12.811663625174646,50.24813044599632,4.797038399694612,1.2682003905364079
2013,6,2013-07-19,66.0,0.3136754351398878,,-5.859338808922848,,15.081607827133729,58.74831584952756,3.4308231123323725,1.0102422311181776
2013,6,2013-07-20,67.0,0.3218536516072752,,2.471701257871163,,17.75373607253608,68.5913076735227,4.328146997616289,1.5528760496567005
2013,6,2013-07-21,68.0,0.3300024310806777,,7.96557703873159,,20.866115656599586,79.93981235617733,2.792787825809648,1.6411119935899965
2013,6,2013-07-22,69.0,0.33812233000285397,,11.901110349822833,,23.105691640035285,92.33067585941372,1.2901848498458222,2.244095570955605
2013,6,2013-07-23,70.0,0.3462138860397974,0.78,14.744534236976468,91.4892530439429,24.41085004349087,105.31011034262761,0.6558027655817078,2.1362550594712437
2013,6,2013-07-24,71.0,0.354277618984733,,-12.563377021103474,,25.82812469992235,118.91621596057077,3.208186646532835,1.8673751875605107
2013,6,2013-07-25,72.0,0.36231403160595277,0.82,-4.734497290940465,75.8454424231091,25.82812469992235,132.15516886833373,1.9393892842975167,1.0983904499237276
2013,6,2013-07-26,73.0,0.37032361044274675,,3.398261295448854,,25.82812469992235,145.74101391784788,3.1699398946966695,2.3231439582282336
2013,6,2013-07-27,74.0,0.37830682655329806,,7.293247243844921,,25.82812469992235,156.61689105849686,2.2090502150328173,1.2311196622634306
2013,6,2013-07-28,75.0,0.3862641362180774,0.88,9.450556927046424,97.92887609849369,25.82812469992235,169.33807349747573,1.4822764649802354,0.891903480183227
2013,6,2013-07-29,76.0,0.39419598160196667,,-24.865771619461785,,25.82812469992235,182.50493935621208,1.2996148567716748,0.7320406495543885
2013,6,2013-07-30,77.0,0.4020345301158319,0.91,-7.550801536173744,75.50929112141101,25.82812469992235,196.05026326886818,3.671343160111535,2.127416356479726
2013,6,2013-07-31,78.0,0.40991672005363267,,4.95901691708326,,25.82812469992235,209.58545689730977,4.007129532966617,2.320256370160074
2013,6,2013-08-01,79.0,0.4177746935740998,0.93,10.925623479710117,89.96746917079449,25.82812469992235,223.11052024153685,2.2419424454873345,1.7888497007694732
2013,6,2013-08-02,80.0,0.425608842273854,,-7.605469663285707,,25.82812469992235,236.62545330154944,4.1688349493409005,2.4102756830261116
2013,6,2013-08-03,81.0,0.4334195464206132,,-15.383437539965527,,25.82812469992235,250.13025607734752,3.4509932725908943,1.9937489790595024
2013,6,2013-08-04,82.0,0.44120717542179166,,-3.50231759566951,,25.82812469992235,263.62492856893107,3.336325749862706,1.926056024163203
2013,6,2013-08-05,83.0,0.4489720882680406,,5.826790937163399,,25.82812469992235,277.1094707763001,3.4414458717763527,2.0683301122362296
2013,6,2013-08-06,84.0,0.4567146339533592,0.965,10.525186969494674,82.04374000985004,25.82812469992235,290.58388269945465,1.3083630442523484,2.083078413525597
2013,6,2013-08-07,85.0,0.46443515187329276,,-5.8263361932806905,,25.82812469992235,303.26210515594664,2.3380921545644027,1.2681134581468587
2013,6,2013-08-08,86.0,0.47213397220261366,0.975,-1.0956639896212432,70.45337158490105,25.82812469992235,316.1391027412284,1.904361576277803,1.0490643860619524
2013,6,2013-08-09,87.0,0.4798114162537732,,5.396952271375029,,25.82812469992235,328.83356851338124,3.3483710236367683,1.818386184510265
2013,6,2013-08-10,88.0,0.4874677968173231,,11.090221539017081,,25.82812469992235,342.26745929967774,3.136172780272552,2.044089252939927
2013,6,2013-08-11,89.0,0.4951034184854144,0.99,13.63331619809876,86.31902695445473,25.82812469992235,355.69121980175976,0.9715978186424143,1.4720383095517613
2013,6,2013-08-12,90.0,0.5027185779594014,,-7.888307850929816,,25.82812469992235,368.61287089926526,2.89054369418309,1.5978487534278338
2013,6,2013-08-13,91.0,0.5103135643425041,1.0,-2.145223926608078,70.17829129558393,25.82812469992235,381.5102948854658,2.5455518159419506,1.5793200775763667
2013,6,2013-08-14,92.0,0.5178886594184189,,3.089093520707857,,25.82812469992235,394.40604798777605,1.3485409686045693,1.6629120111910414
2013,6,2013-08-15,93.0,0.5254441379167007,1.01,6.662799227158186,77.94989208257242,25.82812469992235,407.2418824308343,0.8805856324142382,1.8295621747786412
2013,6,2013-08-16,94.0,0.5329802677656827,,9.478015119671845,,25.82812469992235,420.6149915118438,0.5643562705878905,1.9818109343000534
2013,6,2013-08-17,95.0,0.5404973103336534,,11.88544998880185,,25.82812469992235,433.97797030863876,0.3481877560720227,1.9758371063214175
2013,6,2013-08-18,96.0,0.5479955206589551,,14.92073330908958,,25.82812469992235,447.3308188212192,1.4519041847418104,1.8180120335292835
2013,6,2013-08-19,97.0,0.5554751476696254,,17.914797584759253,,25.82812469992235,460.67353704958515,0.7861747890338632,2.2016568860113925
2013,6,2013-08-20,98.0,0.562936434393166,1.035,20.436998053114763,96.46902038812638,25.82812469992235,474.0061249937366,0.3936706914734516,2.1265176534828285
2013,6,2013-08-21,99.0,0.5703796181569787,,12.114306738979977,,25.82812469992235,487.3285826536735,3.6795606681604625,2.097096598448532
2013,6,2013-08-22,100.0,0.5778049307799795,1.045,9.53106243630218,87.61222193058589,25.82812469992235,500.6409100293959,2.7235107113633568,1.5510335644871684
2013,6,2013-08-23,101.0,0.5852125987558623,,14.865471851573597,,25.82812469992235,513.9431071209038,3.3996949327961423,1.9346457132909856
2013,6,2013-08-24,102.0,0.5926028434284616,,18.248915519166747,,25.82812469992235,527.2351739281972,1.583814694207074,1.7996065615103052
2013,6,2013-08-25,103.0,0.5999758811596285,1.05,20.79884837055355,99.90491023623115,25.82812469992235,540.5171104512762,1.4345803679552307,1.8773460358855212
2013,6,2013-08-26,104.0,0.6073319234900114,,16.937207147213368,,25.82812469992235,553.7889166901406,3.738675457316186,2.1226867981222237
2013,6,2013-08-27,105.0,0.6146711772931086,1.05,22.98520041558919,101.33689389385394,25.82812469992235,567.0505926447904,3.6180113362458006,2.0526100659385733
2013,6,2013-08-28,106.0,0.6219938449229401,,25.537550799975413,,25.82812469992235,580.3021383152258,2.1582534381515246,1.7955783841758224
2013,6,2013-08-29,107.0,0.6293001243556573,1.05,29.004358330462257,106.60385747812906,25.82812469992235,593.5435537014466,0.8582809060713464,2.2328508558764626
2013,6,2013-08-30,108.0,0.6365902093253994,,31.518034534339808,,25.663783435648213,606.619247021332,0.49588965648606526,1.6429435112833812
2013,6,2013-08-31,109.0,0.6365902093253994,,33.626511671772235,,25.478528495714688,619.5105973000674,0.43039412953489636,1.6780830047279842
2013,6,2013-09-01,110.0,0.6365902093253994,,35.574620358907026,,25.269698455850037,632.1968834757427,0.3561002607773104,1.592008425330315
2013,6,2013-09-02,111.0,0.6365902093253994,,37.5342617564376,,25.034293205304397,643.8386653967247,0.3432286926225642,1.616412704575139
2013,6,2013-09-03,112.0,0.6365902093253994,,39.105316727308434,,24.76893084641975,654.0161446464464,0.512864373956036,1.3121905968069172
2013,6,2013-09-04,113.0,0.6365902093253994,1.05,40.460013534142945,117.68466964102917,24.4697991093425,662.7848655019401,0.24913430790615482,1.1055624988933976
2013,6,2013-09-05,114.0,0.6365902093253994,,41.79913460034903,,24.132600583888667,669.730878337483,0.2726808430697779,1.0664402231306784
2013,6,2013-09-06,115.0,0.6365902093253994,1.05,42.98496937231964,120.2096254791984,23.752490981747478,675.3957245425902,0.2620243611386876,0.923810410830087
2013,6,2013-09-07,116.0,0.6365902093253994,,43.90883937069952,,23.324009542080802,680.347371097422,0.2132271077668972,0.7106428906123914
2013,6,2013-09-08,117.0,0.6365902093253994,,44.74032202659641,,22.841000580705952,684.3896830508642,0.2132181587962054,0.618264497100499
2013,6,2013-09-09,118.0,0.6365902093253994,,20.845398920029936,,22.296525055815312,694.3740451536712,2.798411151072571,1.1538214264855338
2013,6,2013-09-10,119.0,0.6365902093253994,,20.75271552539619,,21.682760879761297,703.268833096171,1.6065968458061202,0.5867197595601179
2013,6,2013-09-11,120.0,0.6365902093253994,,17.629264024023364,,20.99089054475785,711.6184137932053,1.0392421428542302,0.35398247602251537
2013,6,2013-09-12,121.0,0.6365902093253994,,9.169957480606744,,20.210974448097865,718.4717226553066,0.6572938123143286,0.18246616094010648
2013,6,2013-09-13,122.0,0.6365902093253994,,2.18778863818792,,19.331808097041172,725.9048321099018,1.7839466563217468,0.5329510179304883
2013,6,2013-09-14,123.0,0.6365902093253994,,1.9880345568968827,,18.340761141938643,732.6133201948123,2.6400470122094166,0.7057587272884582
2013,6,2013-09-15,124.0,0.6365902093253994,,-10.49474711278867,,17.223595925097136,736.1495654949322,0.4246459343224987,0.059283368278784235
2013,6,2013-09-16,125.0,0.6365902093253994,,-6.42578363430228,,15.964262938607696,740.8931176594798,1.7814557337605723,0.3302447206320757
2013,6,2013-09-17,126.0,0.6365902093253994,1.05,0.1360937686935087,72.1333045090482,14.544670252626855,745.1430355896222,2.827239628652998,0.4644554319133496
2013,6,2013-09-18,127.0,0.6365902093253994,,4.366395052640638,,12.944423601653268,748.5968818981296,2.412192743498756,0.37993990527658505
2013,6,2013-09-19,128.0,0.6365902093253994,,6.602504575566615,,11.140533394806464,749.8417908388401,2.248458400412531,0.12215643343025287
2013,6,2013-09-20,129.0,0.6365902093253994,,8.255805234022676,,9.107084440935454,750.8754835031841,1.357243991560237,0.09628371471711852
2013,6,2013-09-21,130.0,0.6365902093253994,,9.610449405226426,,6.8148636437357855,751.7688771525801,1.201414999102241,0.10091203887274504
2013,6,2013-09-22,131.0,0.6365902093253994,,7.715666884000796,,4.230940318238821,752.1375640484832,2.8787910406462047,0.03464481974376101
2013,6,2013-09-23,132.0,0.6365902093253994,,-6.102920645325472,,1.318193099382774,752.1533431335163,3.6303953370669744,0.0017770630220325222
2013,7,2013-05-15,1.0,0.08,,3.2272173382667417,,0.0,0.0,4.034021672833438,0.0
2013,7,2013-05-16,2.0,0.08,,5.105640062657151,,0.0,0.0,2.3480284054880247,0.0
2013,7,2013-05-17,3.0,0.08,,6.500186120526758,,0.0,0.0,1.743182572337019,0.0
2013,7,2013-05-18,4.0,0.08,,7.387864929978862,,0.0,0.0,1.1095985118151397,0.0
2013,7,2013-05-19,5.0,0.08,,9.6477456862119,,0.0,0.0,3.078850945291302,0.0
2013,7,2013-05-20,6.0,0.08,,9.744742310070198,,0.4875,0.0,4.439245779822874,0.0
2013,7,2013-05-21,7.0,0.08,,11.000000000000002,,0.5738742470010385,0.0,2.6126369356756474,0.0
2013,7,2013-05-22,8.0,0.08,,11.000000000000002,,0.6755521053764285,0.0,1.9793141226560966,0.0
2013,7,2013-05-23,9.0,0.08,,11.000000000000002,,0.6693127862307413,0.0,0.6175727429402105,0.0
2013,7,2013-05-24,10.0,0.08,,11.000000000000002,,0.6619209548482653,0.0,0.8819442507728491,0.0
2013,7,2013-05-25,11.0,0.08,,11.000000000000002,,0.6531637219016666,0.0,0.7074305884428116,0.0
2013,7,2013-05-26,12.0,0.08,,11.000000000000002,,0.6427888736519074,0.0,0.6675469813375661,0.0
2013,7,2013-05-27,13.0,0.08,,11.000000000000002,,0.6304976080361702,0.0,0.6050875544974155,0.0
2013,7,2013-05-28,14.0,0.08,,11.000000000000002,,0.6159359289831668,0.0,2.3613456984206183,0.0
2013,7,2013-05-29,15.0,0.08,,6.982962795357186,,0.6159223871047751,0.0,2.852703494196485,0.0
2013,7,2013-05-30,16.0,0.08,,11.000000000000002,,0.5986684078047259,0.0,5.201833702369384,0.0
2013,7,2013-05-31,17.0,0.08,,11.000000000000002,,0.5782273143641292,0.0,0.5915933389520687,0.0
2013,7,2013-06-01,18.0,0.08,,11.000000000000002,,0.5540103906168051,0.0,0.45951205389426736,0.0
2013,7,2013-06-02,19.0,0.08,,11.000000000000002,,0.5253201741424268,0.0,0.4413594125983797,0.0
2013,7,2013-06-03,20.0,0.08,,11.000000000000002,,0.491330368916334,0.0,0.48427336264374804,0.0
2013,7,2013-06-04,21.0,0.08,,11.000000000000002,,0.4510669917633703,0.0,6.116792022666051,0.0
2013,7,2013-06-05,22.0,0.08,,11.000000000000002,,0.40336131477080006,0.0,0.18865919511174103,0.0
2013,7,2013-06-06,23.0,0.08,0.09,11.000000000000002,12.375,0.3468435582524956,0.0,0.3372516628832085,0.0
2013,7,2013-06-07,24.0,0.08,,0.20642982952505884,,0.40829658629602406,0.1449483084067596,6.68227863738753,0.02575864951879411
2013,7,2013-06-08,25.0,0.0905004365499774,,4.976266914634249,,0.4806377354127699,0.33071964686510186,5.2075857853806164,0.03298787848587395
2013,7,2013-06-09,26.0,0.09996351694826697,,7.781672238151806,,0.4798981158372179,0.34654308960226515,2.2828046739523824,0.00309664106373269
2013,7,2013-06-10,27.0,0.1034957849273082,0.13,9.325360559725434,11.31417987674435,0.47531817421506123,0.34654308960226515,1.278532108661647,0.0
2013,7,2013-06-11,28.0,0.1034957849273082,,10.5208203301111,,0.4698914376150999,0.34654308960226515,1.195459770385673,0.0
2013,7,2013-06-12,29.0,0.1034957849273082,0.15,11.367379009447744,14.856955327995871,0.46346136141304733,0.34654308960226515,0.8465586793366516,0.0
2013,7,2013-06-13,30.0,0.1034957849273082,,-1.585776474918676,,0.5455764918871562,0.6175234461946153,7.29415474124035,0.052689774393234516
2013,7,2013-06-14,31.0,0.11253970344731949,0.17,6.221803151451022,9.771290217791746,0.6422406122322256,0.9365437004779211,5.89172867468391,0.07705510625356138
2013,7,2013-06-15,32.0,0.12234312225177515,,8.806121629379973,,0.6413427356804035,1.042276194733354,1.9575426607702797,0.021190563688340717
2013,7,2013-06-16,33.0,0.13033205927325123,,10.421733272704948,,0.6353983758936667,1.042276194733354,1.1221121256964717,0.0
2013,7,2013-06-17,34.0,0.13033205927325123,,11.282203164962358,,0.6282017013319989,1.042276194733354,0.8604698922574157,0.0
2013,7,2013-06-18,35.0,0.13033205927325123,,12.047533461495085,,0.619675464470704,1.042276194733354,0.7653302965327397,0.0
2013,7,2013-06-19,36.0,0.13033205927325123,0.22,12.835313389373328,17.13890159521337,0.6095740329842625,1.042276194733354,0.7877799278782478,0.0
2013,7,2013-06-20,37.0,0.13033205927325123,,1.169172017356015,,0.7175771059902151,1.4831554824910747,8.685478336315946,0.10238029166673634
2013,7,2013-06-21,38.0,0.1397467275320268,0.24,6.616630344127888,10.035696583491378,0.8447159412621928,2.0017654280523853,4.462707620252084,0.10022874004325726
2013,7,2013-06-22,39.0,0.14909951588654444,,9.132814384310276,,0.9244541731874537,2.4092534541552375,1.913937757077115,0.07152319376867475
2013,7,2013-06-23,40.0,0.15829044601545014,,11.031409641536527,,0.920072506783119,2.6192738774883706,1.338146707263,0.03891009030875367
2013,7,2013-06-24,41.0,0.166672892709577,,13.990407394487011,,0.912386197331635,2.6192738774883706,2.99133660922777,0.0
2013,7,2013-06-25,42.0,0.166672892709577,0.29,15.297030085035725,17.18817363168537,0.9016315509595924,2.6192738774883706,1.3066226905487188,0.0
2013,7,2013-06-26,43.0,0.166672892709577,,10.953146697316502,,1.0613807741114145,2.954530287420579,7.7859112220223565,0.07020539025842108
2013,7,2013-06-27,44.0,0.17535457518617456,0.32,15.038049315026111,20.386551611818557,1.052948936392352,2.954530287420579,3.592261367852424,0.0
2013,7,2013-06-28,45.0,0.17535457518617456,,16.26205156808649,,1.0416093496844263,2.954530287420579,1.986002253060384,0.0
2013,7,2013-06-29,46.0,0.17535457518617456,,16.933602338526274,,1.0281789598175546,2.954530287420579,1.4335507704397896,0.0
2013,7,2013-06-30,47.0,0.17535457518617456,0.365,17.45958053663021,31.695582833422648,1.0122722626316603,2.954530287420579,0.5259781981039482,0.0
2013,7,2013-07-01,48.0,0.17535457518617456,,11.815531341985261,,1.191624579441603,3.2968137254760226,6.999369355812646,0.06458144954240326
2013,7,2013-07-02,49.0,0.18371647302526634,0.395,15.51831386143255,35.20482105733497,1.182043650561955,3.2968137254760226,3.228287418557272,0.0
2013,7,2013-07-03,50.0,0.18371647302526634,,16.63441952252253,,1.1692993124973885,3.2968137254760226,1.1161056610899858,0.0
2013,7,2013-07-04,51.0,0.18371647302526634,0.425,17.459971070540472,43.07147826644289,1.1542066070922283,3.2968137254760226,0.8255515480179505,0.0
2013,7,2013-07-05,52.0,0.18371647302526634,,2.09150936639754,,1.3587065590331817,4.128497653503656,5.525305952101955,0.12423234375511268
2013,7,2013-07-06,53.0,0.1923785371056173,,6.849406130894851,,1.5994393917139267,5.106168746178224,4.185093937688688,0.16986585133268617
2013,7,2013-07-07,54.0,0.20100071158596605,,10.81331024076037,,1.8406850998874877,6.229726947905631,4.26673637255687,0.19209751688219234
2013,7,2013-07-08,55.0,0.20958395706066707,,12.895671134093412,,1.90119181077706,7.055934636213927,1.9319516539277397,0.1504092394053154
2013,7,2013-07-09,56.0,0.2180310329027991,0.5,14.269417779846115,53.7694177798461,1.8947216062327201,7.712398895645906,1.2495129312325657,0.12423371452015092
2013,7,2013-07-10,57.0,0.226280811505591,,-3.614615019043693,,2.2304244821608212,9.070774805325483,7.149411435165956,0.2665557659442401
2013,7,2013-07-11,58.0,0.23475263459327492,0.54,4.343779265542729,50.62388638659282,2.6256065029594304,10.666157314250519,6.4439537115600745,0.3945476940764552
2013,7,2013-07-12,59.0,0.24318898386256696,,3.0570604923318845,,3.0908060611423034,12.539137288308059,5.887880002342866,0.30726592627007304
2013,7,2013-07-13,60.0,0.2515906374369101,,1.8636748479080505,,3.6384287199267398,14.73673671149285,5.454110310151625,0.33718205710461846
2013,7,2013-07-14,61.0,0.25995834304386456,0.6,5.223348861524735,62.80986394280643,4.28307803469725,17.313671673585993,3.972626885595865,0.3682263624536153
2013,7,2013-07-15,62.0,0.2682928197052086,,-6.357199730897028,,5.041944988735534,20.333279151834514,4.423850760174851,0.38520393439698575
2013,7,2013-07-16,63.0,0.2765947593060516,0.64,4.238822149750705,68.0084300260194,5.935266428371825,23.86863915242129,6.926313234823438,0.7775025321144282
2013,7,2013-07-17,64.0,0.28486482805349467,,8.95343595515455,,6.882324112185549,27.944407407904805,2.561255423807666,0.8986474310334249
2013,7,2013-07-18,65.0,0.29310366783429,0.68,11.846338384917983,83.33686407720405,8.014803875112655,32.657922550781336,5.014450292181952,0.8163852824583266
2013,7,2013-07-19,66.0,0.29310366783429,,2.1133748486764508,,9.43485033577698,38.15826128222703,3.8091278914242337,0.653712149578879
2013,7,2013-07-20,67.0,0.29310366783429,,8.038980309887718,,11.106497706690279,44.566576732624846,4.904153772153749,1.0110055722395834
2013,7,2013-07-21,68.0,0.29310366783429,,11.726819722843455,,12.746485800029156,51.846306861527424,2.886098042633235,1.0527248090138586
2013,7,2013-07-22,69.0,0.29310366783429,,14.648665210454892,,13.38109950944008,59.45632739417727,1.5427318361534834,1.3782423934974521
2013,7,2013-07-23,70.0,0.29310366783429,0.78,16.67921192827596,110.83319466206426,13.498216971327231,67.12453320651831,0.7682028298533168,1.2620922340542615
2013,7,2013-07-24,71.0,0.29310366783429,,3.509002130287659,,14.281912778166884,75.19599506739509,4.02194663235958,1.1077708809246183
2013,7,2013-07-25,72.0,0.29310366783429,0.82,6.592149736692867,109.38888659681116,14.281912778166884,83.05228213065082,2.4313174575564145,0.6518091530546539
2013,7,2013-07-26,73.0,0.29310366783429,,11.014020656655996,,14.281912778166884,91.11712438247825,3.5507979307559547,1.379066924664116
2013,7,2013-07-27,74.0,0.29310366783429,,13.701494990024583,,14.281912778166884,97.57543895213361,2.4644089672906757,0.731063614360639
2013,7,2013-07-28,75.0,0.29310366783429,0.88,14.834228455960444,129.9309569938423,14.281912778166884,105.13207025804033,1.1109248393287587,0.5298081206310201
2013,7,2013-07-29,76.0,0.29310366783429,,-35.60151513759135,,14.281912778166884,112.95607639643883,1.6292635599011176,0.43499270039806215
2013,7,2013-07-30,77.0,0.29310366783429,0.91,-6.5044155355884925,91.51237405710724,14.281912778166884,121.00767943016754,4.602583292653774,1.2645775103119987
2013,7,2013-07-31,78.0,0.30098585777209075,,5.213310360361089,,14.281912778166884,129.05597265937158,4.622040518565966,1.3796702246458314
2013,7,2013-08-01,79.0,0.3088438312925579,0.93,9.253954684388043,104.05512115330501,14.281912778166884,137.10095608405092,1.3769920800934825,1.0640442728924937
2013,7,2013-08-02,80.0,0.31667797999231206,,-14.51370629311253,,14.281912778166884,145.1426297042056,5.226264408115056,1.4341654739556162
2013,7,2013-08-03,81.0,0.3244886841390713,,-18.297555595164972,,14.281912778166884,153.1809935198356,4.326341419690357,1.1867244503149772
2013,7,2013-08-04,82.0,0.33227631314024975,,-3.405563657818925,,14.281912778166884,161.21604753094093,4.182588356764275,1.1468202872072846
2013,7,2013-08-05,83.0,0.34004122598649866,,5.021361194710938,,14.281912778166884,169.24779173752157,3.3581609854294503,1.2319512328102102
2013,7,2013-08-06,84.0,0.3477837716718173,0.965,8.820515760039019,89.50502573485093,14.281912778166884,177.27622613957752,1.4269123973934144,1.2411568306436165
2013,7,2013-08-07,85.0,0.35550428959175084,,-7.534533641120738,,14.281912778166884,184.8328353681243,2.931151738742956,0.7558344944302551
2013,7,2013-08-08,86.0,0.36320310992107174,0.975,-1.6486647801200354,78.054904157701,14.281912778166884,192.5105317902656,2.387404933806771,0.6254872558700928
2013,7,2013-08-09,87.0,0.3708805539722313,,5.281849893147271,,14.281912778166884,200.08197463361213,4.155671373574164,1.084551907127288
2013,7,2013-08-10,88.0,0.3785369345357812,,9.214687473378541,,14.281912778166884,208.09716981756938,2.161429156532116,1.2195851966025684
2013,7,2013-08-11,89.0,0.3861725562038725,0.99,11.07986792704737,91.53235373822378,14.281912778166884,216.10905519700196,0.9026353206783997,0.8785766260082776
2013,7,2013-08-12,90.0,0.39378771567785953,,-10.457438378376674,,14.281912778166884,223.8238958244944,3.623733204261036,0.9539917450574809
2013,7,2013-08-13,91.0,0.40138270206096216,1.0,-3.0879335630276494,75.28692927792567,14.281912778166884,231.526906774912,3.0875986770709662,0.9432519133124176
2013,7,2013-08-14,92.0,0.40895779713687697,,2.436247602285875,,14.281912778166884,239.23155849230835,1.6587448880914684,0.9935176163233758
2013,7,2013-08-15,93.0,0.41651327563515883,1.01,5.542634336592958,82.24062156668077,14.281912778166884,246.9030418375341,1.157971013495869,1.0934587708444454
2013,7,2013-08-16,94.0,0.42404940548414083,,-1.8700812251820442,,14.281912778166884,254.89837819434325,4.342785616439784,1.1848587280150342
2013,7,2013-08-17,95.0,0.43156644805211153,,4.312442804639372,,14.281912778166884,262.8904047466277,4.332977316863556,1.1816933078197442
2013,7,2013-08-18,96.0,0.43906465837741315,,8.546891665256915,,14.281912778166884,270.87912149438756,2.9395856758954464,1.087676772952289
2013,7,2013-08-19,97.0,0.44654428538808344,,11.517849443608204,,14.281912778166884,278.8645284376227,1.4836581305822751,1.3176570083598298
2013,7,2013-08-20,98.0,0.45400557211162407,1.035,13.684221574216338,93.91846840978572,14.281912778166884,286.84662557633317,0.8628278272791301,1.273126458897917
2013,7,2013-08-21,99.0,0.46144875587543677,,-8.73717501724233,,14.281912778166884,294.82541291051893,4.612885180438106,1.2559460277800174
2013,7,2013-08-22,100.0,0.4688740684984376,1.045,-8.006892526285002,71.29977302600219,14.281912778166884,302.80089044018,3.4143321260940818,0.9292314553409404
2013,7,2013-08-23,101.0,0.47628173647432037,,1.1808995618353517,,14.281912778166884,310.77305816531646,4.123889759957254,1.1594565926946123
2013,7,2013-08-24,102.0,0.48367198114691967,,6.028745027367543,,14.281912778166884,318.7419160859282,1.8393639592403583,1.078899858809574
2013,7,2013-08-25,103.0,0.4910450188780866,1.05,10.125717215247313,83.96969316682049,14.281912778166884,326.7074642020153,3.079413143745849,1.1258968263706872
2013,7,2013-08-26,104.0,0.4984010612084695,,-4.0847658708062395,,14.281912778166884,334.66970251357765,4.686994499303471,1.2734768608935523
2013,7,2013-08-27,105.0,0.5057403150115667,1.05,2.858400017916826,75.3868272301187,14.281912778166884,342.62863102061533,4.524799036435221,1.2318636666659817
2013,7,2013-08-28,106.0,0.5130629826413982,,6.633068042451846,,14.281912778166884,350.5842497231284,3.5130326517244357,1.0779826995463235
2013,7,2013-08-29,107.0,0.5203692620741154,1.05,10.222879973894509,81.3983338071686,14.281912778166884,358.53655862111674,1.8575228163487951,1.3409684094303629
2013,7,2013-08-30,108.0,0.5276593470438575,,-9.32551361871483,,14.191038677569717,366.3888421964769,3.6850404015841964,0.9866290095130644
2013,7,2013-08-31,109.0,0.5276593470438575,,-1.5936366948643381,,14.088600156593273,374.1295266225944,3.821098180131383,1.0076144623776884
2013,7,2013-09-01,110.0,0.5276593470438575,,4.987836300614435,,13.973125554799323,381.74574716070106,3.23952656091352,0.955763341448839
2013,7,2013-09-02,111.0,0.5276593470438575,,8.641669297778648,,13.842955931767206,389.2232328620853,1.6520689287326702,1.0382176000232908
2013,7,2013-09-03,112.0,0.5276593470438575,,12.185144905053129,,13.696221234291842,396.5461900201315,2.6551669201778014,0.9441547644394229
2013,7,2013-09-04,113.0,0.5276593470438575,1.05,14.318812889062222,78.90107024751447,13.530813430676442,403.69718795591706,1.1698566787995102,0.9015995922045356
2013,7,2013-09-05,114.0,0.5276593470438575,,1.7429242143604866,,13.344356226159668,410.657052243742,4.535946651125692,1.0685668742342758
2013,7,2013-09-06,115.0,0.5276593470438575,1.05,7.649717396651161,72.20618700893537,13.134170924400593,417.4047725125081,4.800200152207532,1.1004030838534289
2013,7,2013-09-07,116.0,0.5276593470438575,,10.713532193282369,,12.897237944577974,423.9174346555722,2.127180845916292,0.9346743552228751
2013,7,2013-09-08,117.0,0.5276593470438575,,12.80727684705998,,12.6301534412478,430.1701908571312,1.1367749345423857,0.9563480535333064
2013,7,2013-09-09,118.0,0.5276593470438575,,-10.520042073687419,,12.329080403747787,436.1362855773624,3.4435685566663077,0.6894589608994259
2013,7,2013-09-10,119.0,0.5276593470438575,,-7.083557987709421,,11.989693532629214,441.4449319481697,1.9710956317772164,0.35016998071281846
2013,7,2013-09-11,120.0,0.5276593470438575,,-5.925830999228463,,11.607117101195536,446.4212075787839,1.2708485269911598,0.21097039875558993
2013,7,2013-09-12,121.0,0.5276593470438575,,-11.445212748999177,,11.175854909449196,450.499078736859,0.8009017601136188,0.10857142294243642
2013,7,2013-09-13,122.0,0.5276593470438575,,-13.787855575830118,,10.689711324145513,454.91362653724434,2.165240738933853,0.31652133717251874
2013,7,2013-09-14,123.0,0.5276593470438575,,-7.239083696596919,,10.141702270592942,458.8891784498421,3.190809422721583,0.41824333927271806
2013,7,2013-09-15,124.0,0.5276593470438575,,-15.059595829694244,,9.52395489748303,460.97958343189225,0.5109090774868188,0.035044584830832115
2013,7,2013-09-16,125.0,0.5276593470438575,,-6.697958830881038,,8.827594473306952,463.77564456664226,2.1329942466919785,0.19466096214075765
2013,7,2013-09-17,126.0,0.5276593470438575,1.05,1.139457944094629,29.43834322956161,8.042616889480941,466.27252173174634,3.367919996291846,0.2728730721899289
2013,7,2013-09-18,127.0,0.5276593470438575,,5.183359371700108,,7.15774493852481,468.29408978512004,2.7436897505355384,0.22238232570368852
2013,7,2013-09-19,128.0,0.5276593470438575,,7.592014209358285,,6.160266302545754,469.01962763054485,2.6145661189802403,0.07119325166480035
2013,7,2013-09-20,129.0,0.5276593470438575,,9.256127374731435,,5.035850924524617,469.61912796058317,1.460118054400167,0.055840696893072424
2013,7,2013-09-21,130.0,0.5276593470438575,,10.572735272212334,,3.768345138709501,470.1343815370526,1.225176592222488,0.05819975211728661
2013,7,2013-09-22,131.0,0.5276593470438575,,8.95015511846275,,2.3395396025363913,470.34567346273934,3.173082231554906,0.019854708046504212
2013,7,2013-09-23,132.0,0.5276593470438575,,-4.6099023052157415,,0.7289076961217804,470.35465144630155,3.910725326221913,0.0010111132912610941
2013,8,2013-05-15,1.0,0.08,,3.2272173382667417,,0.0,0.0,4.034021672833438,0.0
2013,8,2013-05-16,2.0,0.08,,5.105640062657151,,0.0,0.0,2.3480284054880247,0.0
2013,8,2013-05-17,3.0,0.08,,6.500186120526758,,0.0,0.0,1.743182572337019,0.0
2013,8,2013-05-18,4.0,0.08,,7.387864929978862,,0.0,0.0,1.1095985118151397,0.0
2013,8,2013-05-19,5.0,0.08,,9.6477456862119,,0.0,0.0,3.078850945291302,0.0
2013,8,2013-05-20,6.0,0.08,,9.744742310070198,,0.4875,0.0,4.439245779822874,0.0
2013,8,2013-05-21,7.0,0.08,,11.000000000000002,,0.5738742470010385,0.0,2.6126369356756474,0.0
2013,8,2013-05-22,8.0,0.08,,11.000000000000002,,0.6755521053764285,0.0,1.9793141226560966,0.0
2013,8,2013-05-23,9.0,0.08,,11.000000000000002,,0.6693127862307413,0.0,0.6175727429402105,0.0
2013,8,2013-05-24,10.0,0.08,,11.000000000000002,,0.6619209548482653,0.0,0.8819442507728491,0.0
2013,8,2013-05-25,11.0,0.08,,11.000000000000002,,0.6531637219016666,0.0,0.7074305884428116,0.0
2013,8,2013-05-26,12.0,0.08,,11.000000000000002,,0.6427888736519074,0.0,0.6675469813375661,0.0
2013,8,2013-05-27,13.0,0.08,,11.000000000000002,,0.6304976080361702,0.0,0.6050875544974155,0.0
2013,8,2013-05-28,14.0,0.08,,11.000000000000002,,0.6159359289831668,0.0,2.3613456984206183,0.0
2013,8,2013-05-29,15.0,0.08,,6.982962795357186,,0.6159223871047751,0.0,2.852703494196485,0.0
2013,8,2013-05-30,16.0,0.08,,11.000000000000002,,0.5986684078047259,0.0,5.201833702369384,0.0
2013,8,2013-05-31,17.0,0.08,,11.000000000000002,,0.5782273143641292,0.0,0.5915933389520687,0.0
2013,8,2013-06-01,18.0,0.08,,11.000000000000002,,0.5540103906168051,0.0,0.45951205389426736,0.0
2013,8,2013-06-02,19.0,0.08,,11.000000000000002,,0.5253201741424268,0.0,0.4413594125983797,0.0
2013,8,2013-06-03,20.0,0.08,,11.000000000000002,,0.491330368916334,0.0,0.48427336264374804,0.0
2013,8,2013-06-04,21.0,0.08,,11.000000000000002,,0.4510669917633703,0.0,6.116792022666051,0.0
2013,8,2013-06-05,22.0,0.08,,11.000000000000002,,0.40336131477080006,0.0,0.18865919511174103,0.0
2013,8,2013-06-06,23.0,0.08,0.09,11.000000000000002,12.375,0.3468435582524956,0.0,0.3372516628832085,0.0
2013,8,2013-06-07,24.0,0.08,,-1.2335701704749402,,0.40829658629602406,0.1449483084067596,6.68227863738753,0.02575864951879411
2013,8,2013-06-08,25.0,0.0905004365499774,,4.388600378564651,,0.4806377354127699,0.3419206347444643,5.251173321901447,0.034976865754590934
2013,8,2013-06-09,26.0,0.10089126242554235,,7.3277966403851025,,0.5064942237386415,0.4011986664723886,2.409907829169974,0.011600685784694625
2013,8,2013-06-10,27.0,0.10908989494804373,0.13,9.22183455438705,10.55981230843676,0.5018853159172648,0.4011986664723886,1.3694308925891772,0.0
2013,8,2013-06-11,28.0,0.10908989494804373,,10.513683607551613,,0.49635162064362237,0.4011986664723886,1.2918490531645725,0.0
2013,8,2013-06-12,29.0,0.10908989494804373,0.15,11.434486534004424,14.052207025572839,0.4897949356882767,0.4011986664723886,0.9208029264528224,0.0
2013,8,2013-06-13,30.0,0.10908989494804373,,-3.0164221818203605,,0.5765757946728859,0.7037931880771223,7.290254410253888,0.0588368739213337
2013,8,2013-06-14,31.0,0.11901043080397102,0.17,5.827987281731871,7.762199543606905,0.6787323077065185,1.1209004129780171,5.998802348323123,0.10074671154052946
2013,8,2013-06-15,32.0,0.1288495207734051,,8.341837883512046,,0.7158235929374402,1.3670158316195804,2.0912939364813283,0.04932565423839606
2013,8,2013-06-16,33.0,0.1382941502127844,,9.918540266964124,,0.7119034575800172,1.5095645827421627,1.2089705296103785,0.024714236779853523
2013,8,2013-06-17,34.0,0.14664507531650212,,11.175440039185581,,0.7051133741568248,1.5808160383824015,0.9322600655279865,0.01242599297837476
2013,8,2013-06-18,35.0,0.15291168608585629,,12.2489292063923,,0.6965298233128873,1.5808160383824015,0.8334473229238074,0.0
2013,8,2013-06-19,36.0,0.15291168608585629,0.22,13.112064847119106,14.915777592675347,0.6863566013404936,1.5808160383824015,0.8631356407268064,0.0
2013,8,2013-06-20,37.0,0.15291168608585629,,1.3452087597537656,,0.8079638518327544,2.0769681731617156,8.67192824775704,0.11521566487762616
2013,8,2013-06-21,38.0,0.16232635434463186,0.24,6.7016314050610575,7.961488555601319,0.9511172247683706,2.6605417060684573,4.699783174034332,0.11278387625699743
2013,8,2013-06-22,39.0,0.1716791426991495,,9.146419818369852,,1.0538324949084397,3.3067519323370105,2.0185944097202997,0.11342423891748657
2013,8,2013-06-23,40.0,0.18097216048409434,,10.925106959846206,,1.08246110011989,3.76435867283905,1.399268032864443,0.08477994338001003
2013,8,2013-06-24,41.0,0.19011094004999426,,14.17958224211565,,1.0798925339646013,3.8932895275072816,3.4263310791307964,0.025283641179515606
2013,8,2013-06-25,42.0,0.19646038696799126,0.29,15.805403816284212,15.927732180587677,1.0695372378925139,3.9026497133470093,1.4047784555331801,0.001783824260662396
2013,8,2013-06-26,43.0,0.19721988386235895,,11.513503610721557,,1.2590356452002813,4.504543546748,7.759314408950014,0.12604141253137602
2013,8,2013-06-27,44.0,0.20623095628120103,0.32,15.357667925114516,19.30766792511451,1.254910291711581,4.6769167092932316,3.701333928017802,0.04324599502765659
2013,8,2013-06-28,45.0,0.21293052659934208,,16.604203368990895,,1.2429554556192692,4.700210981935925,2.002985139373557,0.005550304502830386
2013,8,2013-06-29,46.0,0.2144567902473467,,17.28176280748792,,1.22840442064939,4.700210981935925,1.4395594384970327,0.0
2013,8,2013-06-30,47.0,0.2144567902473467,0.365,17.83010743548682,30.66760743548681,1.211165601026623,4.700210981935925,0.5483446279989151,0.0
2013,8,2013-07-01,48.0,0.2144567902473467,,12.223588194088975,,1.4223665608941023,5.389421231294231,6.971441755850781,0.1300390027513712
2013,8,2013-07-02,49.0,0.22324371203268667,0.395,15.609600877031706,34.372100877031706,1.4199289506378772,5.672663173901356,3.3316652337211474,0.05434744922158531
2013,8,2013-07-03,50.0,0.23086513395405017,,16.809952598379574,,1.4076949328356936,5.889884268756028,1.1579474958843454,0.042404225463530364
2013,8,2013-07-04,51.0,0.23773111941496672,0.425,17.690484046418778,42.37798404641877,1.3924322423862883,6.0754610795586785,0.8412562671149769,0.03927518092423246
2013,8,2013-07-05,52.0,0.24415911976695007,,2.3206081438716875,,1.639140522255177,7.077168669586554,5.498494559749115,0.1496295377037918
2013,8,2013-07-06,53.0,0.252821183847301,,6.587006720773592,,1.9295600675652897,8.25436816573747,4.315865584057608,0.20453299284429802
2013,8,2013-07-07,54.0,0.26144335832764976,,10.137217810639582,,2.2428276998146353,9.620199452777607,4.078691546047937,0.23351954381805598
2013,8,2013-07-08,55.0,0.2700266038023508,,12.305718370616143,,2.5132215085975305,11.148291630031583,1.890314838184765,0.2781857217918062
2013,8,2013-07-09,56.0,0.27857183974069255,0.5,13.842703453798931,53.34270345379892,2.7316758836385833,12.807101853649586,1.2230606725189441,0.3139244106638524
2013,8,2013-07-10,57.0,0.2870799469889228,,-4.04776365055707,,3.215668596459463,14.754333563684174,7.027425235871373,0.38210765977263095
2013,8,2013-07-11,58.0,0.2955517700766067,0.54,4.14758121664361,50.30296436570583,3.785414142354996,17.038998048682785,6.385716742006228,0.5650112742566928
2013,8,2013-07-12,59.0,0.2955517700766067,,3.098881642272736,,4.4561060318585755,19.717999295896895,5.748287720842006,0.43949524880431867
2013,8,2013-07-13,60.0,0.2955517700766067,,1.9634482833767644,,5.245629730440259,22.856766520952544,5.301624904197718,0.4815873077464972
2013,8,2013-07-14,61.0,0.2955517700766067,0.6,5.3508424082455885,62.48339790084406,6.175039613543924,26.531029847918013,3.825725268591884,0.5250270726608699
2013,8,2013-07-15,62.0,0.2955517700766067,,-5.53416445143644,,7.2691204275366195,30.827762477513186,4.251674188553359,0.5481236637193638
2013,8,2013-07-16,63.0,0.2955517700766067,0.64,4.7053327138249905,68.51968041989916,8.55704822915373,35.84636688887222,6.7470888174177786,1.1037002276613017
2013,8,2013-07-17,64.0,0.2955517700766067,,9.59809199368316,,9.923565118907755,41.617974517649344,2.434586878621649,1.272555268949701
2013,8,2013-07-18,65.0,0.2955517700766067,0.68,12.43813475131794,84.04035014915657,11.534990057672795,48.26077701613834,4.625292282129048,1.1505396778537242
2013,8,2013-07-19,66.0,0.2955517700766067,,2.6852638514869747,,13.578735863613215,55.98295722726794,3.5290255926936087,0.9177767537102556
2013,8,2013-07-20,67.0,0.2955517700766067,,8.584613710442502,,15.984588346578517,64.93953755742825,4.476987799119603,1.4130316605187403
2013,8,2013-07-21,68.0,0.2955517700766067,,12.599971170221439,,18.29653772348148,75.04525842425359,2.8052704927531242,1.4613925078401007
2013,8,2013-07-22,69.0,0.2955517700766067,,15.918441853903543,,19.081198488848223,85.52903762755376,1.4189868047779886,1.8987056447565138
2013,8,2013-07-23,70.0,0.2955517700766067,0.78,18.2212177653313,112.49231758546337,19.14269966886663,95.51228858393608,0.6594309735235315,1.6431201523552075
2013,8,2013-07-24,71.0,0.2955517700766067,,5.0229100400434845,,20.25410967908863,106.54916368642961,3.586867187303788,1.5147601593964688
2013,8,2013-07-25,72.0,0.2955517700766067,0.82,8.082361734169044,110.99622568298834,20.25410967908863,117.28995416103427,2.168306446500928,0.8911264934721325
2013,8,2013-07-26,73.0,0.2955517700766067,,12.609443661515892,,20.25410967908863,128.3139661052563,3.1499993104328885,1.8850771998589215
2013,8,2013-07-27,74.0,0.2955517700766067,,15.043745922466313,,20.25410967908863,137.14045167227687,1.943166576800389,0.9991341194568673
2013,8,2013-07-28,75.0,0.2955517700766067,0.88,16.229858707276218,131.4437152223923,20.25410967908863,147.46620157005148,0.9701566539309593,0.7239556789239816
2013,8,2013-07-29,76.0,0.2955517700766067,,-34.222833189334594,,20.25410967908863,158.15545131196782,1.4530157997274498,0.5942921731164741
2013,8,2013-07-30,77.0,0.2955517700766067,0.91,-6.514159276814629,92.97309671787933,20.25410967908863,169.15373693964688,4.104692701893734,1.727380820749396
2013,8,2013-07-31,78.0,0.3034339600144075,,5.422430717472988,,20.25410967908863,180.1455909881902,4.352235018925357,1.8842670504846613
2013,8,2013-08-01,79.0,0.3112919335348746,0.93,9.750765414350433,106.04710686621726,20.25410967908863,191.1310134575978,1.2845559413237888,1.4529521376041281
2013,8,2013-08-02,80.0,0.3191260822346288,,-14.060578631499896,,20.25410967908863,202.11000434786962,4.660906280261548,1.9580115306144743
2013,8,2013-08-03,81.0,0.326936786381388,,-18.1851211107828,,20.25410967908863,213.0825636590057,3.858333662238721,1.6199073238931183
2013,8,2013-08-04,82.0,0.3347244153825665,,-3.4514843403104294,,20.25410967908863,224.04869139100606,3.730131278762171,1.5651640596046723
2013,8,2013-08-05,83.0,0.3424893282288154,,5.498865372947335,,20.25410967908863,235.00838754387067,3.431446963978729,1.6810559250236634
2013,8,2013-08-06,84.0,0.350231873914134,0.965,9.659579559534876,92.2663446878124,20.25410967908863,245.96165211759953,1.3321407374598313,1.693321320536531
2013,8,2013-08-07,85.0,0.3579523918340676,,-6.835167096840486,,20.25410967908863,256.2693972778117,2.6140704871902907,1.0310112798281041
2013,8,2013-08-08,86.0,0.3656512121633885,0.975,-1.3437124378504384,80.64362971757404,20.25410967908863,266.7404793174363,2.1291442186180363,0.8530590441252137
2013,8,2013-08-09,87.0,0.373328656214548,,5.3751806307118635,,20.25410967908863,277.064838756696,3.743598324798588,1.4788863828717194
2013,8,2013-08-10,88.0,0.3809850367780979,,10.395209086563757,,20.25410967908863,287.99237701388193,2.865329248271959,1.6627248105506935
2013,8,2013-08-11,89.0,0.3886206584461892,0.99,12.616712477099655,95.61536119594896,20.25410967908863,298.9134836919321,0.9485933200947153,1.1975993917872703
2013,8,2013-08-12,90.0,0.39623581792017626,,-8.96918800077227,,20.25410967908863,309.4278352269057,3.2317310282860716,1.300170029858093
2013,8,2013-08-13,91.0,0.4038308043032789,1.0,-2.262357130487472,79.42783525680501,20.25410967908863,319.9242161957357,2.849266322579473,1.2853066801324273
2013,8,2013-08-14,92.0,0.4114058993791937,,3.027411958642591,,20.25410967908863,330.42098279250047,1.5144998963958758,1.3535618365167033
2013,8,2013-08-15,93.0,0.41896137787747556,1.01,6.29496299402944,86.84928999019023,20.25410967908863,340.87071732223285,1.0139347874605855,1.489458213012091
2013,8,2013-08-16,94.0,0.42649750772645756,,1.913593863126665,,20.25410967908863,351.75966610460426,3.872998986056676,1.6136739504040607
2013,8,2013-08-17,95.0,0.43401455029442826,,7.458020284382973,,20.25410967908863,362.64218330783996,3.864251712378264,1.6090784567802672
2013,8,2013-08-18,96.0,0.4415127606197299,,11.352547074043143,,20.25410967908863,373.51826893193993,2.6457883502185235,1.480796739637948
2013,8,2013-08-19,97.0,0.44899238763040017,,14.511785015353256,,20.25410967908863,384.3879229769041,1.3610993188822997,1.7935812078966347
2013,8,2013-08-20,98.0,0.4564536743539408,1.035,16.937473384812655,102.28577099530429,20.25410967908863,395.2511454427326,0.6915528438921494,1.7326594389672914
2013,8,2013-08-21,99.0,0.4638968581177535,,-0.43919212075375275,,20.25410967908863,406.1079363294253,4.113880169217046,1.7089744114569119
2013,8,2013-08-22,100.0,0.47132217074075433,1.045,-2.710956527939867,84.68670461365832,20.25410967908863,416.95829563698226,3.044982191237869,1.2641870198788856
2013,8,2013-08-23,101.0,0.4787298387166371,,3.402052179508262,,20.25410967908863,427.8022233654035,3.8003588450830517,1.577119790866762
2013,8,2013-08-24,102.0,0.4861200833892364,,7.364183272834113,,20.25410967908863,438.639719514689,1.8958859995564241,1.4672834152394842
2013,8,2013-08-25,103.0,0.49349312112040333,1.05,11.232929531147356,98.0820704862833,20.25410967908863,449.4707840848387,2.8607922599434192,1.5309255619358433
2013,8,2013-08-26,104.0,0.5008491634507862,,0.9909466567767088,,20.25410967908863,460.29541707585275,4.179972613600293,1.7312869952289023
2013,8,2013-08-27,105.0,0.5081884172538834,1.05,6.725464467093834,93.51281091196087,20.25410967908863,471.113618487731,4.045065819128106,1.6744149977202842
2013,8,2013-08-28,106.0,0.5155110848837149,,9.572042740871666,,20.25410967908863,481.92538832047353,3.1547375201549244,1.4649898728167698
2013,8,2013-08-29,107.0,0.5228173643164321,1.05,12.907022937124038,99.68794851837048,20.25410967908863,492.7307265740803,1.511346025895938,1.8220641875419956
2013,8,2013-08-30,108.0,0.5301074492861743,,-0.6639758594366046,,20.125235204844724,503.40054017263395,3.2878437038800574,1.3406479174368306
2013,8,2013-08-31,109.0,0.5301074492861743,,4.116350485191763,,19.979960473690202,513.9193791640283,3.4109082564121818,1.3692502770672204
2013,8,2013-09-01,110.0,0.5301074492861743,,8.621966301112273,,19.81619842821271,524.2700602568915,3.2066502725159367,1.2989121701622217
2013,8,2013-09-02,111.0,0.5301074492861743,,11.629586947260648,,19.63159641707254,534.433508691037,1.5964513549506023,1.4111522860291907
2013,8,2013-09-03,112.0,0.5301074492861743,,14.248199330897423,,19.423502396155587,544.3885971814641,1.589089379866549,1.283517577093212
2013,8,2013-09-04,113.0,0.5301074492861743,1.05,16.238061343467155,103.01823199204532,19.188926828566004,554.1119864191035,0.76393295312053,1.2259273251403413
2013,8,2013-09-05,114.0,0.5301074492861743,,6.554525692174163,,18.924499736103133,563.5779735953242,4.063125063203734,1.4533387304879613
2013,8,2013-09-06,115.0,0.5301074492861743,1.05,12.37925223012206,99.1594221458491,18.62642228521234,572.7583580817388,4.327609852990202,1.497116507121904
2013,8,2013-09-07,116.0,0.5301074492861743,,15.578870650574641,,18.290412211879808,581.6223369654665,1.9274913029421024,1.2721270604649266
2013,8,2013-09-08,117.0,0.5301074492861743,,17.769609444942247,,17.91164230143028,590.136447911215,0.888520495333582,1.3022182807164244
2013,8,2013-09-09,118.0,0.5301074492861743,,-5.927916390664172,,17.484671039411108,598.2645831954878,3.0985501820439505,0.9393105490164767
2013,8,2013-09-10,119.0,0.5301074492861743,,-4.773667248969531,,17.003364437273984,605.5015642904532,1.77617435364711,0.4773671767587824
2013,8,2013-09-11,120.0,0.5301074492861743,,-5.50974906152024,,16.46080790978015,612.2904107797493,1.1470016101506189,0.2878147749947956
2013,8,2013-09-12,121.0,0.5301074492861743,,-11.461691317658552,,15.849206938135255,617.8583421517719,0.7241191904338075,0.1482435831032193
2013,8,2013-09-13,122.0,0.5301074492861743,,-13.915243855491246,,15.1597750917527,623.8918919608029,1.9614136419270654,0.432603143018362
2013,8,2013-09-14,123.0,0.5301074492861743,,-7.460923851347382,,14.382607799934807,629.3315971542283,2.8964770125188615,0.5722778911647366
2013,8,2013-09-15,124.0,0.5301074492861743,,-15.203469243581283,,13.506540060040445,632.1955970970799,0.46482983282479295,0.04801351403895393
2013,8,2013-09-16,125.0,0.5301074492861743,,-6.882132226772633,,12.518986037934917,636.0321110697416,1.945337130494153,0.26709698579303365
2013,8,2013-09-17,126.0,0.5301074492861743,1.05,0.8579289397786718,55.542572766393526,11.405758256377315,639.4639628234361,3.0795769650798435,0.37505246330048003
2013,8,2013-09-18,127.0,0.5301074492861743,,4.780927983077083,,10.15086377375501,642.2479469195863,2.498773112220638,0.3062518014126514
2013,8,2013-09-19,128.0,0.5301074492861743,,7.069556584130059,,8.736274425012283,643.2493410108594,2.4545842045512414,0.09826158897873767
2013,8,2013-09-20,129.0,0.5301074492861743,,8.72669072679705,,7.141667823989671,644.0788783068712,1.4277178911145456,0.07726758166276523
2013,8,2013-09-21,130.0,0.5301074492861743,,10.067917676598094,,5.344135406341489,644.7939035532746,1.2260462387071946,0.08076468364068522
2013,8,2013-09-22,131.0,0.5301074492861743,,8.299394964761625,,3.317853318694286,645.088080720285,3.018979006235123,0.027643279533545007
2013,8,2013-09-23,132.0,0.5301074492861743,,-5.405790732271514,,1.0337114259478946,645.1006272670543,3.765077938691893,0.0014130099604070848
2013,9,2013-05-15,1.0,0.08,,3.2272173382667417,,0.0,0.0,4.034021672833438,0.0
2013,9,2013-05-16,2.0,0.08,,5.105640062657151,,0.0,0.0,2.3480284054880247,0.0
2013,9,2013-05-17,3.0,0.08,,6.500186120526758,,0.0,0.0,1.743182572337019,0.0
2013,9,2013-05-18,4.0,0.08,,7.387864929978862,,0.0,0.0,1.1095985118151397,0.0
2013,9,2013-05-19,5.0,0.08,,9.6477456862119,,0.0,0.0,3.078850945291302,0.0
2013,9,2013-05-20,6.0,0.08,,9.744742310070198,,0.4875,0.0,4.439245779822874,0.0
2013,9,2013-05-21,7.0,0.08,,11.000000000000002,,0.5738742470010385,0.0,2.6126369356756474,0.0
2013,9,2013-05-22,8.0,0.08,,11.000000000000002,,0.6755521053764285,0.0,1.9793141226560966,0.0
2013,9,2013-05-23,9.0,0.08,,11.000000000000002,,0.6693127862307413,0.0,0.6175727429402105,0.0
2013,9,2013-05-24,10.0,0.08,,11.000000000000002,,0.6619209548482653,0.0,0.8819442507728491,0.0
2013,9,2013-05-25,11.0,0.08,,11.000000000000002,,0.6531637219016666,0.0,0.7074305884428116,0.0
2013,9,2013-05-26,12.0,0.08,,11.000000000000002,,0.6427888736519074,0.0,0.6675469813375661,0.0
2013,9,2013-05-27,13.0,0.08,,11.000000000000002,,0.6304976080361702,0.0,0.6050875544974155,0.0
2013,9,2013-05-28,14.0,0.08,,11.000000000000002,,0.6159359289831668,0.0,2.3613456984206183,0.0
2013,9,2013-05-29,15.0,0.08,,6.982962795357186,,0.6159223871047751,0.0,2.852703494196485,0.0
2013,9,2013-05-30,16.0,0.08,,11.000000000000002,,0.5986684078047259,0.0,5.201833702369384,0.0
2013,9,2013-05-31,17.0,0.08,,11.000000000000002,,0.5782273143641292,0.0,0.5915933389520687,0.0
2013,9,2013-06-01,18.0,0.08,,11.000000000000002,,0.5540103906168051,0.0,0.45951205389426736,0.0
2013,9,2013-06-02,19.0,0.08,,11.000000000000002,,0.5253201741424268,0.0,0.4413594125983797,0.0
2013,9,2013-06-03,20.0,0.08,,11.000000000000002,,0.491330368916334,0.0,0.48427336264374804,0.0
2013,9,2013-06-04,21.0,0.08,,11.000000000000002,,0.4510669917633703,0.0,6.116792022666051,0.0
2013,9,2013-06-05,22.0,0.08,,11.000000000000002,,0.40336131477080006,0.0,0.18865919511174103,0.0
2013,9,2013-06-06,23.0,0.08,0.09,11.000000000000002,12.375,0.3468435582524956,0.0,0.3372516628832085,0.0
2013,9,2013-06-07,24.0,0.08,,-1.3135701704749403,,0.40829658629602406,0.1449483084067596,6.68227863738753,0.02575864951879411
2013,9,2013-06-08,25.0,0.0905004365499774,,4.3938602975524095,,0.4806377354127699,0.3419206347444643,5.284728741413925,0.034976865754590934
2013,9,2013-06-09,26.0,0.10089126242554235,,7.347423624258915,,0.5061298973072149,0.3995137355766219,2.424696512247716,0.011270945519693447
2013,9,2013-06-10,27.0,0.10899738106286147,0.13,9.234816798775439,10.563538469401216,0.5015201145206619,0.3995137355766219,1.3745630588863549,0.0
2013,9,2013-06-11,28.0,0.10899738106286147,,10.530084775908874,,0.49598961552164206,0.3995137355766219,1.295267977133447,0.0
2013,9,2013-06-12,29.0,0.10899738106286147,0.15,11.452706378764644,14.046719463382818,0.4894367159574836,0.3995137355766219,0.9226216028557747,0.0
2013,9,2013-06-13,30.0,0.10899738106286147,,-2.8982351768662507,,0.5761541063072042,0.7016665445900941,7.290307457620824,0.05875098674828216
2013,9,2013-06-14,31.0,0.11891791691878875,0.17,5.834087269084766,7.784051089739769,0.6782359054638013,1.1184699138905438,5.96956571081266,0.10067331925504391
2013,9,2013-06-15,32.0,0.12875700688822286,,8.343343538400598,,0.7149088295911121,1.3630789098512308,2.084643508512758,0.049023741888881714
2013,9,2013-06-16,33.0,0.13819603751664578,,9.919496672603817,,0.7109624752794043,1.5054337682514614,1.2064086197686306,0.02468062083715071
2013,9,2013-06-17,34.0,0.14654696262036349,,11.176822741470493,,0.7041757001555565,1.5765871621463088,0.9307079626070004,0.012408891369028908
2013,9,2013-06-18,35.0,0.15281357338971768,,12.250671002224236,,0.6955963258326275,1.5765871621463088,0.8323077569244383,0.0
2013,9,2013-06-19,36.0,0.15281357338971768,0.22,13.112827515386554,14.931583087870756,0.6854280470109283,1.5765871621463088,0.8621565131623259,0.0
2013,9,2013-06-20,37.0,0.15281357338971768,,1.3459800667900113,,0.8068707781575156,2.072071213684024,8.672092027760714,0.11506052364275342
2013,9,2013-06-21,38.0,0.16222824164849325,0.24,6.703188839028645,7.9731691364806005,0.9498304825482796,2.654859603865331,4.695801360935886,0.11263213627052407
2013,9,2013-06-22,39.0,0.1715810300030109,,9.148582922354874,,1.0524067918207547,3.300200936845688,2.0176583884027246,0.1132717288582087
2013,9,2013-06-23,40.0,0.18087404778795574,,10.928375880275585,,1.08099666612284,3.757192482877642,1.3988658318276332,0.08466596745324746
2013,9,2013-06-24,41.0,0.19001282735385566,,14.18378059885184,,1.078431558207272,3.885949999717625,3.425670900037048,0.02524964922729006
2013,9,2013-06-25,42.0,0.19636227427185265,0.29,15.810386544471891,15.93675104663889,1.0680866934212172,3.894129095971447,1.4046407071029752,0.0015587372492046085
2013,9,2013-06-26,43.0,0.1970303948531592,,11.515272944728919,,1.2573280962439588,4.495212585251603,7.759543917490659,0.12587171995112584
2013,9,2013-06-27,44.0,0.2060414672720013,0.32,15.366232402183883,19.31623240218388,1.2531766826055886,4.666189756388232,3.7011699576284567,0.04289576047476168
2013,9,2013-06-28,45.0,0.2127196980898532,,16.61281025246528,,1.2412323223119077,4.689451267945009,2.0030353517317963,0.005542498549604605
2013,9,2013-06-29,46.0,0.21424596173785782,,17.290389410411,,1.2266935461092765,4.689451267945009,1.4395791579457262,0.0
2013,9,2013-06-30,47.0,0.21424596173785782,0.365,17.837996700511145,30.675496700511136,1.2094697023373184,4.689451267945009,0.5476072901001474,0.0
2013,9,2013-07-01,48.0,0.21424596173785782,,12.231261903898705,,1.420374934328514,5.376243178704198,6.9716824885977156,0.12958271478984237
2013,9,2013-07-02,49.0,0.2230321837034466,0.395,15.615624529040737,34.37812452904073,1.4179047621399399,5.659077495534454,3.3300933896941887,0.05426923544785594
2013,9,2013-07-03,50.0,0.2306536056248101,,16.81483973160771,,1.405681777197172,5.874661386198829,1.1571305794683142,0.04208462309866033
2013,9,2013-07-04,51.0,0.2375017909889759,0.425,17.694941454202525,42.382441454202514,1.3904328299546453,6.059967254555602,0.8408838834986716,0.03921783909614599
2013,9,2013-07-05,52.0,0.24392979134095924,,2.8250774016755122,,1.6367868580425544,7.060250162018801,5.498719220968444,0.14941672650454627
2013,9,2013-07-06,53.0,0.25259185542131024,,6.91049197375746,,1.9267893859699827,8.235778229235493,4.135171982320037,0.20424258976193088
2013,9,2013-07-07,54.0,0.261214029901659,,10.604093315230612,,2.2358623311724775,9.597422876816895,4.222797597729256,0.23280374374390977
2013,9,2013-07-08,55.0,0.26979727537636,,12.779134000945506,,2.489498667937658,11.111299725039347,1.8994428323946604,0.2755978533202531
2013,9,2013-07-09,56.0,0.2783425113147018,0.5,14.300925846437261,53.800925846437245,2.680406584298988,12.739461600544692,1.2136675344909713,0.3081243110007927
2013,9,2013-07-10,57.0,0.28685061856293204,,-3.689149243129173,,3.1553155081460673,14.650816838150194,7.034857334719822,0.375067575713743
2013,9,2013-07-11,58.0,0.29532244165061594,0.54,4.262214403258618,50.628348439237676,3.714367818026714,16.89352702139769,6.362861959377581,0.554635722989277
2013,9,2013-07-12,59.0,0.29532244165061594,,3.108303989538496,,4.372471865958916,19.52352458006741,5.756774515066532,0.43145610051667094
2013,9,2013-07-13,60.0,0.29532244165061594,,1.9432889457441274,,5.147177435098254,22.60515149754593,5.310883030756435,0.472820156531775
2013,9,2013-07-14,61.0,0.29532244165061594,0.6,5.332267011470467,62.819954454300245,6.059143743072302,26.212904137649648,3.845463049005844,0.5155231508903722
2013,9,2013-07-15,62.0,0.29532244165061594,,-6.754673400950947,,7.132690365182917,30.432380853594413,4.262091453916477,0.538268315927328
2013,9,2013-07-16,63.0,0.29532244165061594,0.64,4.045243657162873,67.65211876055578,8.396445769048015,35.36147100074865,6.762094820020315,1.0840140946881285
2013,9,2013-07-17,64.0,0.29532244165061594,,9.185692211944193,,9.755168965744433,41.04081197987071,2.4456914647067336,1.2522118189581488
2013,9,2013-07-18,65.0,0.29532244165061594,0.68,12.191928660657492,83.30518993195183,11.358380021967331,47.58879456913392,4.783355486166333,1.1341167798615635
2013,9,2013-07-19,66.0,0.29532244165061594,,2.446905382667605,,13.370834425144903,55.202199580519135,3.5427504282125986,0.9048488826976495
2013,9,2013-07-20,67.0,0.29532244165061594,,8.349537991288733,,15.739851358985838,64.03460019444462,4.49782859801536,1.3934404924427755
2013,9,2013-07-21,68.0,0.29532244165061594,,12.246037614451238,,18.057228987978366,74.02250620144916,2.7028629401958884,1.444355251841911
2013,9,2013-07-22,69.0,0.29532244165061594,,15.549803446009356,,18.925430531171834,84.43048525972912,1.4178405124740392,1.8849775644114102
2013,9,2013-07-23,70.0,0.29532244165061594,0.78,17.93728710563755,111.70954356728383,19.0324211202316,94.84476034907124,0.6731484946931434,1.7140614160890337
2013,9,2013-07-24,71.0,0.29532244165061594,,4.739540898426462,,20.137428445096468,105.82585139196124,3.595070667375869,1.5071040547262495
2013,9,2013-07-25,72.0,0.29532244165061594,0.82,7.799454732168834,110.21445709478961,20.137428445096468,116.51239046346794,2.1732655536535423,0.8866254408984944
2013,9,2013-07-26,73.0,0.29532244165061594,,12.410305242430407,,20.137428445096468,127.48075760377553,3.243281829286346,1.8755620839754779
2013,9,2013-07-27,74.0,0.29532244165061594,,14.878402806130588,,20.137428445096468,136.26272037421,1.982001398004588,0.9940942601804852
2013,9,2013-07-28,75.0,0.29532244165061594,0.88,16.070235612102795,130.78522892180877,20.137428445096468,146.53641971667423,0.9795259285579624,0.7203063270143232
2013,9,2013-07-29,76.0,0.29532244165061594,,-34.482126809732584,,20.137428445096468,157.17182269574448,1.4563389743907535,0.5912984447931845
2013,9,2013-07-30,77.0,0.29532244165061594,0.91,-6.528536041083084,92.21563187614068,20.137428445096468,168.11474203088727,4.114080494366562,1.7186850407814263
2013,9,2013-07-31,78.0,0.3032046315884167,,5.417001324366176,,20.137428445096468,179.05129941473885,4.360072427997547,1.8747878777427205
2013,9,2013-08-01,79.0,0.31106260510888384,0.93,9.744067462040446,105.2834722556182,20.137428445096468,189.98149484729922,1.2873323653859907,1.4456477083512578
2013,9,2013-08-02,80.0,0.318896753808638,,-14.065553138933675,,20.137428445096468,200.9053283285684,4.671566182006252,1.9481746663793729
2013,9,2013-08-03,81.0,0.32670745795539724,,-18.183589092622746,,20.137428445096468,211.82279985854638,3.867158009965242,1.6117745722146208
2013,9,2013-08-04,82.0,0.3344950869565757,,-3.4473764234236395,,20.137428445096468,222.73390943723314,3.7386624163855227,1.5573114758762392
2013,9,2013-08-05,83.0,0.3422599998028246,,5.49808358928556,,20.137428445096468,233.63865706462872,3.436939958228571,1.6726276307513912
2013,9,2013-08-06,84.0,0.35000254548814325,0.965,9.652645695108056,91.49667163517897,20.137428445096468,244.53704274073309,1.3353284181066596,1.6848373104252465
2013,9,2013-08-07,85.0,0.3577230634080768,,-6.841561150856467,,20.137428445096468,254.7931784550363,2.6200490958280978,1.025849149793766
2013,9,2013-08-08,86.0,0.3654218837373977,0.975,-1.3448463396274513,79.87537445351015,20.137428445096468,265.211869064058,2.134013758318264,0.8487908143910466
2013,9,2013-08-09,87.0,0.37309932778855726,,5.376894561180743,,20.137428445096468,275.4846065504065,3.7521602627382102,1.4714919286523727
2013,9,2013-08-10,88.0,0.38075570835210715,,10.392414400224169,,20.137428445096468,286.35754442134606,2.868768226121928,1.654416862800639
2013,9,2013-08-11,89.0,0.38839133002019843,0.99,12.609485763696219,94.83897280585512,20.137428445096468,297.22412034099443,0.9501414774410681,1.191619594590807
2013,9,2013-08-12,90.0,0.3960064894941855,,-8.975511412860634,,20.137428445096468,307.686008246361,3.2391222807926354,1.2936825504690124
2013,9,2013-08-13,91.0,0.4036014758772881,1.0,-2.264573896552211,78.65105323238093,20.137428445096468,318.13005137244807,2.854377807787315,1.2788977874768577
2013,9,2013-08-14,92.0,0.4111765709532029,,3.0239026993103084,,20.137428445096468,328.5745143664086,1.517538704165747,1.3468172680807484
2013,9,2013-08-15,93.0,0.4187320494514848,1.01,6.286851416947117,86.0640983851423,20.137428445096468,338.97221568938477,1.0166475470275873,1.4820416334873254
2013,9,2013-08-16,94.0,0.4262681793004668,,8.803962084744319,,20.137428445096468,349.8069818525771,0.6794851042565351,1.6056444258942668
2013,9,2013-08-17,95.0,0.4337852218684375,,10.920367768235721,,20.137428445096468,360.63538606447827,0.44422680184228974,1.6010773622759134
2013,9,2013-08-18,96.0,0.4412834321937391,,14.05816926832467,,20.137428445096468,371.45742832508824,1.904238527286904,1.473438647837188
2013,9,2013-08-19,97.0,0.4487630592044094,,16.865583562768368,,20.137428445096468,382.273108634407,1.0181841684311699,1.7846751031049628
2013,9,2013-08-20,98.0,0.45622434592795,1.035,19.112613084186094,103.69162267770118,20.137428445096468,393.08242699243453,0.5214922960658931,1.7240618555638256
2013,9,2013-08-21,99.0,0.4636675296917627,,7.636882050176291,,20.137428445096468,403.8853833991709,4.123288974234014,1.7005002914651286
2013,9,2013-08-22,100.0,0.47109284231476356,1.045,5.107068461349387,91.73544186253108,20.137428445096468,414.68197785461604,3.0519463327633987,1.2579228191977023
2013,9,2013-08-23,101.0,0.47850051029064633,,10.484932616201139,,20.137428445096468,425.47221035877,3.808502492338718,1.569310461720735
2013,9,2013-08-24,102.0,0.48589075496324563,,13.646735047290592,,20.137428445096468,436.25608091163275,1.7017625659960427,1.4600230714128692
2013,9,2013-08-25,103.0,0.49326379269441256,1.05,16.388122369370905,104.04142225610724,20.137428445096468,447.0335895132043,1.980026151768371,1.5233556503394732
2013,9,2013-08-26,104.0,0.5006198350247955,,10.100389178536963,,20.137428445096468,457.8047361634846,4.189532577838414,1.7227324136360254
2013,9,2013-08-27,105.0,0.5079590888278926,1.05,15.820854306203861,103.47415177561763,20.137428445096468,468.5695208624738,4.054317239686674,1.6661472883492738
2013,9,2013-08-28,106.0,0.5152817564577241,,17.779354258204968,,20.137428445096468,479.3279436101717,2.27873838706011,1.457761367165648
2013,9,2013-08-29,107.0,0.5225880358904413,1.05,20.3450582422565,107.99835544859724,20.137428445096468,490.08000440657844,0.7526237115824302,1.8130802071714507
2013,9,2013-08-30,108.0,0.5298781208601835,,12.774427749358889,,20.009296399570644,500.69720195007795,3.295332707320768,1.3340367799525086
2013,9,2013-08-31,109.0,0.5298781208601835,,17.555566283113095,,19.86485857683459,511.16415712606675,3.4186420303617298,1.3624964966663982
2013,9,2013-09-01,110.0,0.5298781208601835,,21.30929134305384,,19.70203994273633,521.463765621538,2.4612220135025615,1.292503044258433
2013,9,2013-09-02,111.0,0.5298781208601835,,23.263907261144528,,19.518501399247835,531.5770406018324,0.5504300054710035,1.4041859119132951
2013,9,2013-09-03,112.0,0.5298781208601835,,24.93490118346385,,19.311606180328685,541.4829524987397,0.6478167228075021,1.2771771992829086
2013,9,2013-09-04,113.0,0.5298781208601835,1.05,26.513559787674044,114.1668569642703,19.078381971407754,551.1582703784866,0.35879212771380253,1.2198664764221876
2013,9,2013-09-05,114.0,0.5298781208601835,,21.83174448409622,,18.815478208280926,560.5774113338574,4.07203839347961,1.4461463029185262
2013,9,2013-09-06,115.0,0.5298781208601835,1.05,27.65845896261285,115.31175613917728,18.51911794196878,569.7123069979212,4.3370161864880075,1.4896982920208326
2013,9,2013-09-07,116.0,0.5298781208601835,,29.7912762534399,,18.185043578011353,578.532299829789,0.8670029537525662,1.2658143370719657
2013,9,2013-09-08,117.0,0.5298781208601835,,31.24887903425227,,17.808455710675574,586.0469067085452,0.3082568875921424,1.1493458932197862
2013,9,2013-09-09,118.0,0.5298781208601835,,7.441408902695657,,17.38394417335035,594.1345527615247,3.1050540548645627,0.9346314977033203
2013,9,2013-09-10,119.0,0.5298781208601835,,7.410241296974084,,16.905410314580166,601.335396363289,1.7798489259856307,0.47498346829275473
2013,9,2013-09-11,120.0,0.5298781208601835,,4.329275214198837,,16.36597938313284,608.0902474361739,1.1493365063109569,0.2863735311633621
2013,9,2013-09-12,121.0,0.5298781208601835,,-4.0967255036661285,,15.757901763400866,613.6302060663247,0.7255669769449297,0.147498821861165
2013,9,2013-09-13,122.0,0.5298781208601835,,-11.000112644658289,,15.072441642256502,619.6333296927096,1.9652577779629419,0.4304215977159535
2013,9,2013-09-14,123.0,0.5298781208601835,,-7.249325727753328,,14.299751507917474,625.0454845925559,2.9020299209170157,0.5693794944042874
2013,9,2013-09-15,124.0,0.5298781208601835,,-15.194912732304095,,13.428730677839006,627.8949073976496,0.46569960525080223,0.04776913567919228
2013,9,2013-09-16,125.0,0.5298781208601835,,-6.877035551919119,,12.446865823204131,631.7117837520533,1.948881885912609,0.2657298205273212
2013,9,2013-09-17,126.0,0.5298781208601835,1.05,0.8641281200112183,69.79855343707597,11.340051198942726,635.1259558682585,3.0850295045478804,0.37312033100966335
2013,9,2013-09-18,127.0,0.5298781208601835,,4.785940927119997,,10.092385996653267,637.8954927679093,2.5004976182189824,0.3046625394770622
2013,9,2013-09-19,128.0,0.5298781208601835,,7.0749762704698815,,8.685945909142884,638.8916470456606,2.4559624107025195,0.0977474333560026
2013,9,2013-09-20,129.0,0.5298781208601835,,8.731506880873328,,7.100525624817846,639.7168029792596,1.4276665597597975,0.07685947791667097
2013,9,2013-09-21,130.0,0.5298781208601835,,10.072063882490891,,5.313348552526988,640.4280116339511,1.225851089955568,0.0803335858245478
2013,9,2013-09-22,131.0,0.5298781208601835,,8.30634986307953,,3.2987396066840304,640.7205998279351,3.021950936455693,0.02749396670281816
2013,9,2013-09-23,132.0,0.5298781208601835,,-5.396015776732163,,1.0277563518082538,640.7330776973175,3.7679101753938484,0.0014052754153345902
2013,10,2013-05-15,1.0,0.08,,3.2272173382667417,,0.0,0.0,4.034021672833438,0.0
2013,10,2013-05-16,2.0,0.08,,5.105640062657151,,0.0,0.0,2.3480284054880247,0.0
2013,10,2013-05-17,3.0,0.08,,6.500186120526758,,0.0,0.0,1.743182572337019,0.0
2013,10,2013-05-18,4.0,0.08,,7.387864929978862,,0.0,0.0,1.1095985118151397,0.0
2013,10,2013-05-19,5.0,0.08,,9.6477456862119,,0.0,0.0,3.078850945291302,0.0
2013,10,2013-05-20,6.0,0.08,,9.744742310070198,,0.4875,0.0,4.439245779822874,0.0
2013,10,2013-05-21,7.0,0.08,,11.000000000000002,,0.5738742470010385,0.0,2.6126369356756474,0.0
2013,10,2013-05-22,8.0,0.08,,11.000000000000002,,0.6755521053764285,0.0,1.9793141226560966,0.0
2013,10,2013-05-23,9.0,0.08,,11.000000000000002,,0.6693127862307413,0.0,0.6175727429402105,0.0
2013,10,2013-05-24,10.0,0.08,,11.000000000000002,,0.6619209548482653,0.0,0.8819442507728491,0.0
2013,10,2013-05-25,11.0,0.08,,11.000000000000002,,0.6531637219016666,0.0,0.7074305884428116,0.0
2013,10,2013-05-26,12.0,0.08,,11.000000000000002,,0.6427888736519074,0.0,0.6675469813375661,0.0
2013,10,2013-05-27,13.0,0.08,,11.000000000000002,,0.6304976080361702,0.0,0.6050875544974155,0.0
2013,10,2013-05-28,14.0,0.08,,11.000000000000002,,0.6159359289831668,0.0,2.3613456984206183,0.0
2013,10,2013-05-29,15.0,0.08,,6.982962795357186,,0.6159223871047751,0.0,2.852703494196485,0.0
2013,10,2013-05-30,16.0,0.08,,11.000000000000002,,0.5986684078047259,0.0,5.201833702369384,0.0
2013,10,2013-05-31,17.0,0.08,,11.000000000000002,,0.5782273143641292,0.0,0.5915933389520687,0.0
2013,10,2013-06-01,18.0,0.08,,11.000000000000002,,0.5540103906168051,0.0,0.45951205389426736,0.0
2013,10,2013-06-02,19.0,0.08,,11.000000000000002,,0.5253201741424268,0.0,0.4413594125983797,0.0
2013,10,2013-06-03,20.0,0.08,,11.000000000000002,,0.491330368916334,0.0,0.48427336264374804,0.0
2013,10,2013-06-04,21.0,0.08,,11.000000000000002,,0.4510669917633703,0.0,6.116792022666051,0.0
2013,10,2013-06-05,22.0,0.08,,11.000000000000002,,0.40336131477080006,0.0,0.18865919511174103,0.0
2013,10,2013-06-06,23.0,0.08,0.09,11.000000000000002,12.375,0.3468435582524956,0.0,0.3372516628832085,0.0
2013,10,2013-06-07,24.0,0.08,,-1.4735701704749404,,0.40829658629602406,0.1449483084067596,6.68227863738753,0.02575864951879411
2013,10,2013-06-08,25.0,0.0905004365499774,,4.404835574932681,,0.4806377354127699,0.3419206347444643,5.352125875369477,0.034976865754590934
2013,10,2013-06-09,26.0,0.10089126242554235,,7.387175102624678,,0.505763654624919,0.39623554321340426,2.4542521374185924,0.01062940465811389
2013,10,2013-06-10,27.0,0.10880003011376925,0.13,9.26081005950975,10.571334297387141,0.5011457066359206,0.39623554321340426,1.3847365385012582,0.0
2013,10,2013-06-11,28.0,0.10880003011376925,,10.562833083123575,,0.495617073866415,0.39623554321340426,1.3020230236138297,0.0
2013,10,2013-06-12,29.0,0.10880003011376925,0.15,11.489040919550593,14.035910534247192,0.48906638376070694,0.39623554321340426,0.926207836427031,0.0
2013,10,2013-06-13,30.0,0.10880003011376925,,-3.061934520294197,,0.5757181594137367,0.6979320420704707,7.290362298949612,0.05866226120560182
2013,10,2013-06-14,31.0,0.11872056596969653,0.17,5.845235081190511,7.676198132632762,0.677722718396681,1.1144212796690112,6.070970204933343,0.10059744491370276
2013,10,2013-06-15,32.0,0.12855965593913066,,8.35317037972846,,0.7147588317069028,1.3589791664805153,2.107611171366016,0.049013498758910715
2013,10,2013-06-16,33.0,0.13799868656755357,,9.915074965174682,,0.7108757914055939,1.5013292526125914,1.2155003191965672,0.024679793450279805
2013,10,2013-06-17,34.0,0.14634961167127128,,11.157364811673595,,0.7041306560711738,1.5735050532510804,0.9362199329400919,0.0125871953616053
2013,10,2013-06-18,35.0,0.15266643613531225,,12.221603352035672,,0.6955729114885153,1.5735050532510804,0.8363384312128571,0.0
2013,10,2013-06-19,36.0,0.15266643613531225,0.22,13.087218875795323,14.79493205234342,0.6854293884271605,1.5735050532510804,0.865615523759656,0.0
2013,10,2013-06-20,37.0,0.15266643613531225,,1.220371414718894,,0.806872357243116,2.068990069927157,8.672091791157916,0.11506074776565883
2013,10,2013-06-21,38.0,0.16208110439408782,0.24,6.394504952401039,7.578628139803632,0.9498323414130175,2.6517795943566718,4.537911193056552,0.11263235548010478
2013,10,2013-06-22,39.0,0.17143389274860546,,8.804623686060477,,1.0601728020095822,3.3018537393580787,2.0039494105815447,0.11410244242417451
2013,10,2013-06-23,40.0,0.1807269105335503,,10.593328970682863,,1.1071466124774965,3.8157089740919075,1.4033039100600944,0.0952009965116797
2013,10,2013-06-24,41.0,0.18990715036894368,,13.978934347610895,,1.1056857676121778,3.974519011165428,3.5789270041623173,0.031143018507127213
2013,10,2013-06-25,42.0,0.19685738270569872,0.29,15.639246509637267,15.73855621020125,1.0954194428878126,4.006913351787377,1.4351277129996394,0.006173575151075797
2013,10,2013-06-26,43.0,0.19917750467417308,,11.304306595003919,,1.2895036060257241,4.66426242269576,7.755220034407764,0.13765418554850384
2013,10,2013-06-27,44.0,0.20821109336132212,0.32,15.167244569784511,19.117244569784507,1.2861766005537532,4.8635613902237775,3.7858128399381834,0.050001299688819466
2013,10,2013-06-28,45.0,0.21528144957502152,,16.459423505138826,,1.2753862194111691,4.997254044140513,2.0223241120502666,0.03185482330405175
2013,10,2013-06-29,46.0,0.22109168534564438,,17.152223370785148,,1.2612010407424812,5.053858260541728,1.4438195879122018,0.01098027773412942
2013,10,2013-06-30,47.0,0.22433103488701475,0.365,17.713302598495815,30.550802598495807,1.2441130640088525,5.053858260541728,0.5610792277106784,0.0
2013,10,2013-07-01,48.0,0.22433103488701475,,12.02713524907185,,1.4620713192132009,5.876363849580774,6.9666437127219485,0.15518893785408808
2013,10,2013-07-02,49.0,0.2331545591841846,0.395,15.467359302938563,34.229859302938564,1.462048157060847,6.289940461272639,3.360868455270455,0.07935559859627069
2013,10,2013-07-03,50.0,0.2414479302784264,,16.701857250690068,,1.451936738850336,6.627474412192833,1.1686071751909957,0.06589077256051874
2013,10,2013-07-04,51.0,0.24933198126357436,0.425,17.606985454305676,42.294485454305665,1.438414957416676,6.919739184150724,0.8432737523682944,0.06185445124732031
2013,10,2013-07-05,52.0,0.25690535760839567,,2.6368371135067092,,1.693270360128258,7.954200982580408,5.493329479063661,0.15452218013737853
2013,10,2013-07-06,53.0,0.26556742168874664,,6.780061110196275,,1.9932805187441667,9.169825260932054,4.1860148748386115,0.21120912185098095
2013,10,2013-07-07,54.0,0.2741895961690954,,10.500252190617198,,2.31728925132373,10.580391476748478,4.2410230954962085,0.24116798492472455
2013,10,2013-07-08,55.0,0.2827728416437964,,12.688635310380977,,2.5971716646237746,12.15875703659815,1.9010452424721571,0.2873378772916344
2013,10,2013-07-09,56.0,0.2913180775821382,0.5,14.225231469794391,53.72523146979438,2.8265318085160036,13.874222829491385,1.211949867522705,0.32464629189072414
2013,10,2013-07-10,57.0,0.29982618483036844,,-3.765960190025947,,3.3273308989468826,15.887764522801533,7.013688591296935,0.3951197488827328
2013,10,2013-07-11,58.0,0.29982618483036844,0.54,4.242458858591731,50.56419368223792,3.916860541859345,18.24995857871577,6.345969068614489,0.5841848036494078
2013,10,2013-07-12,59.0,0.29982618483036844,,3.124128581856768,,4.610841833984844,21.019497058799015,5.732607863103907,0.4543480540156834
2013,10,2013-07-13,60.0,0.29982618483036844,,1.9682384550106995,,5.4277813036285965,24.263806997524398,5.284524263196009,0.4977809365453212
2013,10,2013-07-14,61.0,0.29982618483036844,0.6,5.358380392224035,62.75126141012517,6.389464427704973,28.060883004469023,3.8165444349692055,0.5425761637621728
2013,10,2013-07-15,62.0,0.29982618483036844,,-6.129285596357415,,7.521536589105871,32.50021723635954,4.232444974046838,0.5663150010541563
2013,10,2013-07-16,63.0,0.29982618483036844,0.64,4.2951898646060505,68.12579720793548,8.854186966900288,37.6839781840624,6.650058460067094,1.1400217409389481
2013,10,2013-07-17,64.0,0.29982618483036844,,9.321071413241778,,10.280089439915226,43.6503058034378,2.3792934254086755,1.315488185728416
2013,10,2013-07-18,65.0,0.29982618483036844,0.68,12.308845071754972,83.76414745301003,11.962510472211608,50.52178738472211,4.715725900874639,1.1901471113595452
2013,10,2013-07-19,66.0,0.29982618483036844,,2.3591339592202547,,14.082003465605073,58.506119743748414,3.4959430948022403,0.948933388325963
2013,10,2013-07-20,67.0,0.29982618483036844,,8.256930943716016,,16.57702386685154,67.76172880075438,4.426791784155973,1.460207819595287
2013,10,2013-07-21,68.0,0.29982618483036844,,12.276562830468697,,19.033069993475234,78.22782313325709,2.757007596699367,1.5135062649590154
2013,10,2013-07-22,69.0,0.29982618483036844,,15.676020308228653,,19.93973826642727,89.1266984101415,1.4246736771077853,1.9738832350841093
2013,10,2013-07-23,70.0,0.29982618483036844,0.78,18.10939029174405,112.22644323220307,20.035627298872285,99.85535821078307,0.6673045966407225,1.765805267564413
2013,10,2013-07-24,71.0,0.29982618483036844,,4.9066631007498245,,21.19887998142154,111.3408399244576,3.5208683291594545,1.5763293459233079
2013,10,2013-07-25,72.0,0.29982618483036844,0.82,7.962416065722334,110.72221998103133,21.19887998142154,122.51789607840185,2.1284093044816745,0.9273219584121961
2013,10,2013-07-26,73.0,0.29982618483036844,,12.586024202352789,,21.19887998142154,133.9893628230331,3.1700110680467155,1.9615908000333981
2013,10,2013-07-27,74.0,0.29982618483036844,,15.044291109201772,,21.19887998142154,143.17385531956324,1.9266055676758178,1.0396595285292523
2013,10,2013-07-28,75.0,0.29982618483036844,0.88,16.25162979452093,131.31142510763888,21.19887998142154,153.91812767482253,0.9620391705297855,0.7532989917925752
2013,10,2013-07-29,76.0,0.29982618483036844,,-34.30372699644809,,21.19887998142154,165.0403270355942,1.4262801056969796,0.61836295226859
2013,10,2013-07-30,77.0,0.29982618483036844,0.91,-6.68781240930587,92.73252981082454,21.19887998142154,176.48376384213893,4.0291657818234095,1.7972958633967115
2013,10,2013-07-31,78.0,0.3077083747681692,,5.3895300841871405,,21.19887998142154,187.92019316416201,4.289745218577065,1.9604779004084891
2013,10,2013-08-01,79.0,0.31556634828863633,0.93,9.781783774227554,105.8564944409897,21.19887998142154,199.3496150016635,1.2620652022690706,1.5116763089105494
2013,10,2013-08-02,80.0,0.3234004969883905,,-14.027444026917676,,21.19887998142154,210.77202935464334,4.575144952520209,2.0370924098687393
2013,10,2013-08-03,81.0,0.33121120113514974,,-18.221310775653965,,21.19887998142154,222.18743622310154,3.7873397829702182,1.6852860547008164
2013,10,2013-08-04,82.0,0.3389988301363282,,-3.519405992535597,,21.19887998142154,233.5958356070381,3.661496341288554,1.6282882280540847
2013,10,2013-08-05,83.0,0.3467637429825771,,5.636923002171266,,21.19887998142154,244.99722750645304,3.532637092167085,1.7488055452174778
2013,10,2013-08-06,84.0,0.35450628866789574,0.965,9.90472138539552,92.31791182843803,21.19887998142154,256.39161192134634,1.3549919433300124,1.7615162981094277
2013,10,2013-08-07,85.0,0.3622268065878293,,-6.5914626702397205,,21.19887998142154,267.11418159053983,2.5659712244481296,1.0725032590399814
2013,10,2013-08-08,86.0,0.3699256269171502,0.975,-1.231818303913425,80.68371877601086,21.19887998142154,278.00635799097506,2.089967667071664,0.8873647970130502
2013,10,2013-08-09,87.0,0.37760307096830975,,5.422232599905146,,21.19887998142154,288.74561177339274,3.6747155917935035,1.538316858731911
2013,10,2013-08-10,88.0,0.38525945153185964,,10.637316235062194,,21.19887998142154,300.1119662501995,3.008213784570061,1.729494708625029
2013,10,2013-08-11,89.0,0.39289507319995093,0.99,12.919372315029586,95.91746779407492,21.19887998142154,311.4713132424846,0.9623516175301595,1.2456564568134119
2013,10,2013-08-12,90.0,0.400510232673938,,-8.674252886776328,,21.19887998142154,322.40727672717566,3.172266725160641,1.3523051728984716
2013,10,2013-08-13,91.0,0.4081052190570406,1.0,-2.1391683128297014,79.7124302202399,21.19887998142154,333.3242430488287,2.7875821765731494,1.3368083515327513
2013,10,2013-08-14,92.0,0.4156803141329554,,3.0883436458051645,,21.19887998142154,344.2413040777037,1.4819379780970592,1.4077589550446326
2013,10,2013-08-15,93.0,0.4232357926312373,1.01,6.380173310470989,87.18977821320425,21.19887998142154,355.10914449812066,0.98859791155009,1.5490531482725949
2013,10,2013-08-16,94.0,0.4307719224802193,,8.943087709650928,,21.19887998142154,366.43345406779764,0.6556730814862614,1.678191689952961
2013,10,2013-08-17,95.0,0.43828896504819,,11.11076600034375,,21.19887998142154,377.750756152953,0.4240843780770593,1.6733653284447245
2013,10,2013-08-18,96.0,0.4457871753734916,,14.21951265606931,,21.19887998142154,389.0610507535867,1.8086641150867404,1.5399149977130757
2013,10,2013-08-19,97.0,0.4532668023841619,,17.06134104725351,,21.19887998142154,400.3643378696988,0.9721312458869317,1.8651341868889753
2013,10,2013-08-20,98.0,0.4607280891077025,1.035,19.36063321021538,104.9757534224753,21.19887998142154,411.6606175012892,0.4960851072761132,1.801731078458263
2013,10,2013-08-21,99.0,0.4681712728715152,,10.876348234412719,,21.19887998142154,422.949889648358,4.038184198462401,1.7770515638245885
2013,10,2013-08-22,100.0,0.47559658549451606,1.045,8.321967248641545,95.98645205440874,21.19887998142154,434.2321543109052,2.9889540928452454,1.3145087768012138
2013,10,2013-08-23,101.0,0.4830042534703988,,13.692911496945117,,21.19887998142154,445.5074114889307,3.7310417181063813,1.6398515084133225
2013,10,2013-08-24,102.0,0.4903944981429981,,16.905210353202826,,21.19887998142154,456.7756611824346,1.68667921068925,1.5256029313695074
2013,10,2013-08-25,103.0,0.49776753587416506,1.05,19.171245123096384,107.86065670560761,21.19887998142154,468.03690339141684,1.436299915186359,1.591729367434053
2013,10,2013-08-26,104.0,0.505123578204548,,14.774304515704264,,21.19887998142154,479.2911381158775,4.103060532620908,1.7999973057642706
2013,10,2013-08-27,105.0,0.5124628320076452,1.05,20.48575965536558,109.17516916172394,21.19887998142154,490.53836535581655,3.9706360420440525,1.7408185756870926
2013,10,2013-08-28,106.0,0.5197854996374767,,22.3932475171543,,21.19887998142154,501.77858511123395,2.1624430452057264,1.5230446415954155
2013,10,2013-08-29,107.0,0.5270917790701939,1.05,25.073970453484726,113.7633797262571,21.19887998142154,513.0117973821297,0.7865078786759387,1.8942149990560853
2013,10,2013-08-30,108.0,0.534381864039936,,26.929269658206277,,21.063994046890144,524.1041750256799,0.4615566562664458,1.393742528853946
2013,10,2013-08-31,109.0,0.534381864039936,,28.75663987519461,,20.91194285141066,535.0397014277838,0.40387921782998565,1.4234909925141621
2013,10,2013-09-01,110.0,0.534381864039936,,30.44308294916769,,20.74054198498928,545.8005614337319,0.33605734475074955,1.350385728024732
2013,10,2013-09-02,111.0,0.534381864039936,,32.04054728296989,,20.547329054848497,554.9634692980427,0.3252329187344118,1.2722314146796974
2013,10,2013-09-03,112.0,0.534381864039936,,33.313081801289265,,20.329528310003887,562.911195962346,0.5018277181109083,1.0247068000826969
2013,10,2013-09-04,113.0,0.534381864039936,1.05,34.40606305315277,123.09547229792756,20.084010764049275,569.7008186025461,0.23694394645683792,0.856037305365914
2013,10,2013-09-05,114.0,0.534381864039936,,35.48459795943697,,19.807249243262998,575.0219324122259,0.26156984547215223,0.8169650607988177
2013,10,2013-09-06,115.0,0.534381864039936,1.05,36.437664042150715,125.12707328690801,19.495267714243923,579.3085439827202,0.25401508421333346,0.6990509984961524
2013,10,2013-09-07,116.0,0.534381864039936,,37.177282435678094,,19.14358416310373,583.0141124001301,0.2078082527273677,0.531810140798638
2013,10,2013-09-08,117.0,0.534381864039936,,37.84144111736562,,18.74714620560203,585.9935913242635,0.20845262538376333,0.45570605630330424
2013,10,2013-09-09,118.0,0.534381864039936,,14.017420124731757,,18.300258503181535,594.4470611528067,3.0462275525179163,0.9769071389728339
2013,10,2013-09-10,119.0,0.534381864039936,,13.974555799215532,,17.79650094214172,601.974446050009,1.7466128247482628,0.4965228497355033
2013,10,2013-09-11,120.0,0.534381864039936,,10.885495465086215,,17.228636400490036,609.0365218516976,1.1282173889015328,0.2993983972187209
2013,10,2013-09-12,121.0,0.534381864039936,,2.4531308546958073,,16.58850677742361,614.8293145485292,0.7124714949886897,0.15423041129196297
2013,10,2013-09-13,122.0,0.534381864039936,,-4.465306826759182,,15.86691579177179,621.1074953179029,1.9304857487691254,0.45014308644693424
2013,10,2013-09-14,123.0,0.534381864039936,,-4.563481359078917,,15.053496865649176,626.7687584126361,2.8517986546386656,0.5955866338305158
2013,10,2013-09-15,124.0,0.534381864039936,,-14.998531308038931,,14.136564195298817,629.750016963507,0.45783108490003843,0.04997929544072299
2013,10,2013-09-16,125.0,0.534381864039936,,-6.926718995464734,,13.10294486956763,633.7445425107978,1.9168100353798714,0.2780977056143619
2013,10,2013-09-17,126.0,0.534381864039936,1.05,0.7997269623741274,77.28822757921797,11.937789624181109,637.3186989244953,3.035688210918819,0.390604333574536
2013,10,2013-09-18,127.0,0.534381864039936,,4.737162120791537,,10.62435951306031,640.2190139506855,2.484654519815691,0.3190487699492354
2013,10,2013-09-19,128.0,0.534381864039936,,7.024527570558154,,9.143785431941597,641.2626180835556,2.4433511548137923,0.10240344061769334
2013,10,2013-09-20,129.0,0.534381864039936,,8.687232965986835,,7.474797039548238,642.1274673876626,1.4281407120432665,0.08055673271395464
2013,10,2013-09-21,130.0,0.534381864039936,,10.034113839637465,,5.593417181919613,642.8732698866888,1.2276367259422845,0.0842410854655204
2013,10,2013-09-22,131.0,0.534381864039936,,8.24297728871488,,3.472617429912435,643.1802686474996,2.994971894776751,0.02884810078153904
2013,10,2013-09-23,132.0,0.534381864039936,,-5.484998532976424,,1.081929781229433,643.1933697484084,3.7421647952017905,0.0014754646371576306
2013,11,2013-05-15,1.0,0.08,,3.2272173382667417,,0.0,0.0,4.034021672833438,0.0
2013,11,2013-05-16,2.0,0.08,,5.105640062657151,,0.0,0.0,2.3480284054880247,0.0
2013,11,2013-05-17,3.0,0.08,,6.500186120526758,,0.0,0.0,1.743182572337019,0.0
2013,11,2013-05-18,4.0,0.08,,7.387864929978862,,0.0,0.0,1.1095985118151397,0.0
2013,11,2013-05-19,5.0,0.08,,9.6477456862119,,0.0,0.0,3.078850945291302,0.0
2013,11,2013-05-20,6.0,0.08,,9.744742310070198,,0.4875,0.0,4.439245779822874,0.0
2013,11,2013-05-21,7.0,0.08,,11.000000000000002,,0.5738742470010385,0.0,2.6126369356756474,0.0
2013,11,2013-05-22,8.0,0.08,,11.000000000000002,,0.6755521053764285,0.0,1.9793141226560966,0.0
2013,11,2013-05-23,9.0,0.08,,11.000000000000002,,0.6693127862307413,0.0,0.6175727429402105,0.0
2013,11,2013-05-24,10.0,0.08,,11.000000000000002,,0.6619209548482653,0.0,0.8819442507728491,0.0
2013,11,2013-05-25,11.0,0.08,,11.000000000000002,,0.6531637219016666,0.0,0.7074305884428116,0.0
2013,11,2013-05-26,12.0,0.08,,11.000000000000002,,0.6427888736519074,0.0,0.6675469813375661,0.0
2013,11,2013-05-27,13.0,0.08,,11.000000000000002,,0.6304976080361702,0.0,0.6050875544974155,0.0
2013,11,2013-05-28,14.0,0.08,,11.000000000000002,,0.6159359289831668,0.0,2.3613456984206183,0.0
2013,11,2013-05-29,15.0,0.08,,6.982962795357186,,0.6159223871047751,0.0,2.852703494196485,0.0
2013,11,2013-05-30,16.0,0.08,,11.000000000000002,,0.5986684078047259,0.0,5.201833702369384,0.0
2013,11,2013-05-31,17.0,0.08,,11.000000000000002,,0.5782273143641292,0.0,0.5915933389520687,0.0
2013,11,2013-06-01,18.0,0.08,,11.000000000000002,,0.5540103906168051,0.0,0.45951205389426736,0.0
2013,11,2013-06-02,19.0,0.08,,11.000000000000002,,0.5253201741424268,0.0,0.4413594125983797,0.0
2013,11,2013-06-03,20.0,0.08,,11.000000000000002,,0.491330368916334,0.0,0.48427336264374804,0.0
2013,11,2013-06-04,21.0,0.08,,11.000000000000002,,0.4510669917633703,0.0,6.116792022666051,0.0
2013,11,2013-06-05,22.0,0.08,,11.000000000000002,,0.40336131477080006,0.0,0.18865919511174103,0.0
2013,11,2013-06-06,23.0,0.08,0.09,11.000000000000002,12.375,0.3468435582524956,0.0,0.3372516628832085,0.0
2013,11,2013-06-07,24.0,0.08,,-0.5135701704749418,,0.40829658629602406,0.1449483084067596,6.68227863738753,0.02575864951879411
2013,11,2013-06-08,25.0,0.0905004365499774,,4.525355850750667,,0.4806377354127699,0.3419206347444643,5.1493518950901525,0.034976865754590934
2013,11,2013-06-09,26.0,0.1008141601988382,,7.400631972854507,,0.5008242342823124,0.3943981001068402,2.3326291178485348,0.010269817817843316
2013,11,2013-06-10,27.0,0.10861259283095592,0.13,9.27697092033397,10.783880998653121,0.4962254683284266,0.3943981001068402,1.3268783870876513,0.0
2013,11,2013-06-11,28.0,0.10861259283095592,,10.528564495079978,,0.49074591004660706,0.3943981001068402,1.2515935747460225,0.0
2013,11,2013-06-12,29.0,0.10861259283095592,0.15,11.420307994351003,14.336374466812437,0.4842533429393363,0.3943981001068402,0.8917434992710336,0.0
2013,11,2013-06-13,30.0,0.10861259283095592,,-2.131101720133225,,0.5700523539221483,0.6901953996338605,7.291075072331324,0.057515213184447855
2013,11,2013-06-14,31.0,0.11845951611616454,0.17,6.186547595810168,8.800574903074427,0.6710530571451124,1.0686755139582729,5.922840599860282,0.09141684589790569
2013,11,2013-06-15,32.0,0.12828445472645153,,8.740724396904461,,0.6709285755788574,1.247776731968337,2.0199812424097434,0.03589488542408659
2013,11,2013-06-16,33.0,0.1373603414383546,,10.369635566227725,,0.6657599799849196,1.323592308828307,1.1636900580406775,0.013144444292656099
2013,11,2013-06-17,34.0,0.14392798639032856,,11.598781659350571,,0.6585927917913795,1.323592308828307,0.8951853724810802,0.0
2013,11,2013-06-18,35.0,0.14392798639032856,,12.397924377619454,,0.6500932136484823,1.323592308828307,0.7991427182688898,0.0
2013,11,2013-06-19,36.0,0.14392798639032856,0.22,13.22318164490735,16.07440917164708,0.640023580151218,1.323592308828307,0.8252572672879036,0.0
2013,11,2013-06-20,37.0,0.14392798639032856,,1.4567567492439104,,0.7534216412762852,1.7863980308823504,8.680103090738669,0.10747201359789377
2013,11,2013-06-21,38.0,0.15334265464910413,0.24,6.89114496059655,9.004840388875529,0.8869113375624917,2.3307801278919045,4.591646538427763,0.10520957446413524
2013,11,2013-06-22,39.0,0.16269544300362176,,9.372323868828959,,0.9649428419863111,2.8346391188309603,1.9690355679371037,0.08843843728533744
2013,11,2013-06-23,40.0,0.1719551289164226,,11.21974148459751,,0.9626486737914535,3.1394935467509817,1.3714506795557915,0.056479808644972464
2013,11,2013-06-24,41.0,0.18085956988362067,,14.314326155892696,,0.9572352435396299,3.1544988440296144,3.196811683297189,0.0029425737784889564
2013,11,2013-06-25,42.0,0.18217715280269442,0.29,15.731383173616578,16.5393275566736,0.9469135552625879,3.1544988440296144,1.3573284172992384,0.0
2013,11,2013-06-26,43.0,0.18217715280269442,,16.6872441480992,,0.9346878772937292,3.1544988440296144,0.9558609744826293,0.0
2013,11,2013-06-27,44.0,0.18217715280269442,0.32,17.486498339866227,22.246882208048113,0.9202069902791732,3.1544988440296144,0.8016936768919075,0.0
2013,11,2013-06-28,45.0,0.18217715280269442,,17.963701442531452,,0.9030548872005156,3.1544988440296144,1.3427004579618285,0.0
2013,11,2013-06-29,46.0,0.18217715280269442,,18.322402011999728,,0.8827388223265078,3.1544988440296144,1.1984967113541907,0.0
2013,11,2013-06-30,47.0,0.18217715280269442,0.365,18.663504783512238,32.566661623315724,0.8586751556104149,3.1544988440296144,0.41508224595161586,0.0
2013,11,2013-07-01,48.0,0.18217715280269442,,10.289841749111606,,1.0108134530142079,3.753564874624721,7.0213062187796,0.11303074681977116
2013,11,2013-07-02,49.0,0.19100831886606567,0.395,14.971215583415505,34.27193661798871,1.0100451308397114,3.787987283848023,4.1473331805115405,0.006604848562075125
2013,11,2013-07-03,50.0,0.1935545586283267,,16.67666899546832,,1.0005824737876736,3.787987283848023,1.553041446069779,0.0
2013,11,2013-07-04,51.0,0.1935545586283267,0.425,17.706903756015798,42.78021282460595,0.9893746643784519,3.787987283848023,1.0302347605474822,0.0
2013,11,2013-07-05,52.0,0.1935545586283267,,6.839423269777695,,1.164670031840183,4.501703138295021,5.5439085881625445,0.10661092559935498
2013,11,2013-07-06,53.0,0.20221662270867768,,11.141028418357084,,1.369682909560197,5.340052362812756,4.024136761836313,0.14565931815292457
2013,11,2013-07-07,54.0,0.21083879718902643,,14.405234003152465,,1.499005097808156,5.746247314856249,3.956757432009294,0.06944815278609605
2013,11,2013-07-08,55.0,0.21884047320626235,,16.15820662111626,,1.4881857637772131,5.9701963606375585,1.7122032011232493,0.040769416840555794
2013,11,2013-07-09,56.0,0.2254703122859488,0.5,17.274937227026875,56.77493722702686,1.4730087652076613,6.130570657771184,1.0863802945871877,0.030350311323434846
2013,11,2013-07-10,57.0,0.23112258592607293,,5.49417466481253,,1.7339934276091817,7.189660522515765,7.211410938442509,0.20782649934315
2013,11,2013-07-11,58.0,0.23959440901375684,0.54,11.873351369541593,59.27335136954159,2.0412188155363467,8.434173752732352,6.071401094502248,0.3077756102268184
2013,11,2013-07-12,59.0,0.24803075828304888,,10.198252144561296,,2.402877765600559,9.896111631484041,5.959067086093064,0.23983368892664078
2013,11,2013-07-13,60.0,0.2564324118573921,,8.88166876256466,,2.8286147043478125,11.61268205059666,5.532039799200544,0.26337681880282343
2013,11,2013-07-14,61.0,0.2648001174643465,0.6,11.880045099809225,71.1300450998092,3.300642354946652,13.610006025306717,3.728972416436474,0.28540392080810956
2013,11,2013-07-15,62.0,0.2731345941256905,,3.4939774481475454,,3.885443376543065,15.952899991455878,4.5150551001739085,0.298877248164418
2013,11,2013-07-16,63.0,0.28143653372653354,0.64,10.909048688000281,79.24474430970356,4.573858239956563,18.69937763032221,6.811061091449245,0.6040101484035034
2013,11,2013-07-17,64.0,0.2897066024739766,,13.969452683703993,,5.067915268943461,21.733195076566385,2.391491515063119,0.6689124806406064
2013,11,2013-07-18,65.0,0.29794544225477193,0.68,15.532324527716602,92.95371577112319,5.713631200672101,25.13989106759996,4.02082887510591,0.5900429689067083
2013,11,2013-07-19,66.0,0.29794544225477193,,16.441113274253638,,6.301320649015486,28.883146498553458,2.4959049541622704,0.4448837923747758
2013,11,2013-07-20,67.0,0.29794544225477193,,17.839462758545,,6.300043171632836,32.13247611308738,0.885720171367494,0.5126293129238757
2013,11,2013-07-21,68.0,0.29794544225477193,,18.77679608311754,,6.287864042912599,34.961799296111586,0.7821837194708227,0.40914960510172776
2013,11,2013-07-22,69.0,0.29794544225477193,,19.681448080377262,,6.251839629972196,37.09702141403667,0.5179442834195613,0.38670771384016805
2013,11,2013-07-23,70.0,0.29794544225477193,0.78,20.357561547170413,120.49319184483518,6.202173173660591,38.92621523464535,0.3750506925187858,0.30106277427437217
2013,11,2013-07-24,71.0,0.29794544225477193,,7.223730418793495,,6.562266445224981,42.81472879744618,4.632488335284245,0.5336805363388387
2013,11,2013-07-25,72.0,0.29794544225477193,0.82,10.33821389102335,119.11669199953975,6.562266445224981,46.60042072334884,2.8003976161402413,0.3140858560896165
2013,11,2013-07-26,73.0,0.29794544225477193,,14.291781550690775,,6.562266445224981,50.48747285736193,3.796891914615162,0.6646757450522818
2013,11,2013-07-27,74.0,0.29794544225477193,,16.078181209834504,,6.562266445224981,53.600911451172735,1.9419668925244657,0.35243276661927875
2013,11,2013-07-28,75.0,0.29794544225477193,0.88,16.863261198366153,137.9417393068826,6.562266445224981,57.244640058170305,1.0376120521968784,0.25546793633479087
2013,11,2013-07-29,76.0,0.29794544225477193,,-41.65035324183265,,6.562266445224981,61.01813444916299,1.8765899019196204,0.20979565788158205
2013,11,2013-07-30,77.0,0.29794544225477193,0.91,-7.123294342783645,91.48942982129185,6.562266445224981,64.90226372560059,5.30126711375183,0.6100378408562381
2013,11,2013-07-31,78.0,0.3058276321925727,,4.485652522049745,,6.562266445224981,68.78566228764431,4.735415243287943,0.6657075250492636
2013,11,2013-08-01,79.0,0.31368560571303983,0.93,8.24281011066902,103.02622073403217,6.562266445224981,72.66833013529417,1.5221393689227465,0.5135287754803931
2013,11,2013-08-02,80.0,0.321519754412794,,-15.437098628415262,,6.562266445224981,76.55026726855014,6.019624604889507,0.6923111371529254
2013,11,2013-08-03,81.0,0.32933045855955323,,-18.67192399358089,,6.562266445224981,80.43147368741225,4.983091023615761,0.5729925466955378
2013,11,2013-08-04,82.0,0.3371180875607317,,-3.581883262111365,,6.562266445224981,84.31194939188049,4.743670724879243,0.5538492032223399
2013,11,2013-08-05,83.0,0.3448830004069806,,3.4425863964481103,,6.562266445224981,88.19169438195485,2.4972701142883658,0.5950957227441622
2013,11,2013-08-06,84.0,0.35262554609229924,0.965,6.645074682472106,86.41283231943923,6.562266445224981,92.07070865763534,1.4402110667004488,0.5996767019970947
2013,11,2013-08-07,85.0,0.3603460640122328,,-9.566522944240335,,6.562266445224981,95.72257387093747,3.3761080093468774,0.36527040286751267
2013,11,2013-08-08,86.0,0.3680448843415537,0.975,-2.653635776971605,74.95637532708045,6.562266445224981,99.43378815192611,2.749819059874374,0.3023455355524574
2013,11,2013-08-09,87.0,0.37572232839271325,,4.643170294014876,,6.562266445224981,103.09446270811831,4.515741321122414,0.5243639360996334
2013,11,2013-08-10,88.0,0.38337870895626314,,8.239553548627661,,6.562266445224981,106.9705541262233,2.271417955356276,0.5897827321361867
2013,11,2013-08-11,89.0,0.3910143306243544,0.99,9.75862423693758,87.33737780311898,6.562266445224981,110.84591482993443,0.9797277293024985,0.42496880202156895
2013,11,2013-08-12,90.0,0.3986294900983415,,-11.711288411243624,,6.562266445224981,114.57843287618252,4.173825098487938,0.461550870112545
2013,11,2013-08-13,91.0,0.4062244764814441,1.0,-3.6462129088194004,71.05935901509798,6.562266445224981,118.30606533605038,3.4841478304879105,0.4564574128906334
2013,11,2013-08-14,92.0,0.4137995715573589,,1.9355905622477334,,6.562266445224981,122.03533039686448,1.8974274427615994,0.48089007391370386
2013,11,2013-08-15,93.0,0.4213550500556408,1.01,4.835848684694787,77.40250356544634,6.562266445224981,125.74937672956253,1.3854435552694258,0.5293834784036576
2013,11,2013-08-16,94.0,0.4288911799046228,,6.747652781604382,,6.562266445224981,129.6210838613043,1.0391503262763424,0.5737627264993582
2013,11,2013-08-17,95.0,0.4364082224725935,,8.196122915186258,,6.562266445224981,133.4920602786522,0.7844469711990275,0.5723588250342456
2013,11,2013-08-18,96.0,0.4439064327978951,,11.425560570665887,,6.562266445224981,137.3623059816062,2.9281803958065002,0.5269402445520337
2013,11,2013-08-19,97.0,0.4513860598085654,,13.633630566540335,,6.562266445224981,141.23182097016632,1.5638497714993727,0.6385014038575767
2013,11,2013-08-20,98.0,0.458847346532106,1.035,15.137881988473856,92.40308435902081,6.562266445224981,145.1006052443326,0.8853277782401553,0.6170623506099021
2013,11,2013-08-21,99.0,0.4662905302959187,,3.7604954930347856,,6.562266445224981,148.968658804105,5.313132854238875,0.6088727898313199
2013,11,2013-08-22,100.0,0.47371584291891955,1.045,1.3224919239167094,80.63688733554335,6.562266445224981,152.8359816494835,3.932636405381073,0.450585939527693
2013,11,2013-08-23,101.0,0.4811235108948023,,6.387387668071431,,6.562266445224981,156.70257378046816,4.502480716888038,0.5623496509482363
2013,11,2013-08-24,102.0,0.4885137555674016,,8.967924073074718,,6.562266445224981,160.56843519705893,2.0571177659802453,0.523397126424985
2013,11,2013-08-25,103.0,0.49588679329856855,1.05,12.043815523244644,92.38311695454328,6.562266445224981,164.43356589925583,3.2915643406390904,0.5463200181193701
2013,11,2013-08-26,104.0,0.5032428356289514,,5.760380439353643,,6.562266445224981,168.29796588705887,5.398492155731708,0.6180704185352146
2013,11,2013-08-27,105.0,0.5105820894320486,1.05,11.332349782465666,91.67164809815054,6.562266445224981,172.16163516046802,4.973959202411378,0.5980093669289629
2013,11,2013-08-28,106.0,0.5179047570618801,,13.348848036414122,,6.562266445224981,176.0245737194833,3.2710715884784136,0.5234264099049262
2013,11,2013-08-29,107.0,0.5252110364945973,1.05,15.584611615599254,95.9239095912428,6.562266445224981,179.88678156410472,1.5844936840503558,0.6512698106585841
2013,11,2013-08-30,108.0,0.5325011214643395,,8.106215876645496,,6.52051152973492,183.70019854757552,4.242453450387268,0.47915078271858225
2013,11,2013-08-31,109.0,0.5325011214643395,,12.992293698387146,,6.473442983711459,187.45907483920544,4.396780237992335,0.4892975743792977
2013,11,2013-09-01,110.0,0.5325011214643395,,15.197717035489985,,6.420384607260192,191.15702424998486,1.741365804807809,0.4640575292786772
2013,11,2013-09-02,111.0,0.5325011214643395,,16.694494773632023,,6.360574148907785,194.78696900725498,0.9927750971636482,0.5040026400067124
2013,11,2013-09-03,112.0,0.5325011214643395,,17.73694995799907,,6.293152354884168,198.3410845133343,0.83822020930109,0.4582349747527577
2013,11,2013-09-04,113.0,0.5325011214643395,1.05,18.62560696957691,98.96490490350779,6.217150624842583,201.81074600997502,0.45120122998312207,0.4374557814937221
2013,11,2013-09-05,114.0,0.5325011214643395,,14.243626041143488,,6.1314770966761465,205.18647984836542,5.199733483373024,0.5182855881609467
2013,11,2013-09-06,115.0,0.5325011214643395,1.05,18.763055864063062,99.1023537979508,6.034900960521497,208.45792309120884,3.985930197896496,0.5334996250125589
2013,11,2013-09-07,116.0,0.5325011214643395,,19.630993310249053,,5.926034776600109,211.6137965239787,0.41501759541457023,0.45291985076802377
2013,11,2013-09-08,117.0,0.5325011214643395,,20.44829707502063,,5.803314542870455,214.6418979238453,0.354160986399913,0.46314277837057855
2013,11,2013-09-09,118.0,0.5325011214643395,,-3.0254974000362895,,5.664977226137318,217.52912475313914,3.9279359115071695,0.33365618598974
2013,11,2013-09-10,119.0,0.5325011214643395,,-2.743646734627112,,5.509035433823897,220.09605726854275,2.244710404485459,0.16932050971654608
2013,11,2013-09-11,120.0,0.5325011214643395,,-4.533955205164815,,5.333248862534293,222.49995711840285,1.4446572104010427,0.10191391063097027
2013,11,2013-09-12,121.0,0.5325011214643395,,-11.019712541678125,,5.135092113228446,224.46766492987715,0.9086215504629682,0.05238930528829033
2013,11,2013-09-13,122.0,0.5325011214643395,,-13.545941666390206,,4.911718410633324,226.59508816399185,2.451037424500346,0.1525354073038005
2013,11,2013-09-14,123.0,0.5325011214643395,,-6.963812756553333,,4.659918705673277,228.50811689638832,3.6031696997744587,0.20125797442783971
2013,11,2013-09-15,124.0,0.5325011214643395,,-14.888514052233548,,4.376075573373642,229.51230693037246,0.575388275618265,0.016834739265556446
2013,11,2013-09-16,125.0,0.5325011214643395,,-6.485913290491018,,4.05611124392198,230.8528673024718,2.395124779580076,0.09332942280747338
2013,11,2013-09-17,126.0,0.5325011214643395,1.05,1.500680821405874,53.711226209271054,3.6954290202866398,232.0473234207267,3.7696779853675118,0.1305370224612905
2013,11,2013-09-18,127.0,0.5325011214643395,,5.6631847010806835,,3.288847240781787,233.01194780981888,3.0147576182844515,0.10611337803781626
2013,11,2013-09-19,128.0,0.5325011214643395,,8.196187409584912,,2.8305248378666317,233.35714942993962,2.7863149375170413,0.03387283788340956
2013,11,2013-09-20,129.0,0.5325011214643395,,9.836099116857987,,2.3138774237357227,233.64144582259172,1.4923917397408835,0.026480900667503134
2013,11,2013-09-21,130.0,0.5325011214643395,,11.117079551635044,,1.7314826971625044,233.88487696740145,1.221074378564231,0.027496426871272628
2013,11,2013-09-22,131.0,0.5325011214643395,,9.689011561543628,,1.0749738126443102,233.98427784356122,3.378358511480298,0.009340514879139002
2013,11,2013-09-23,132.0,0.5325011214643395,,-3.681325290561048,,0.3349191799601617,233.98848113108704,4.101059903466873,0.0004733802256277114
2013,12,2013-05-15,1.0,0.08,,3.2272173382667417,,0.0,0.0,4.034021672833438,0.0
2013,12,2013-05-16,2.0,0.08,,5.105640062657151,,0.0,0.0,2.3480284054880247,0.0
2013,12,2013-05-17,3.0,0.08,,6.500186120526758,,0.0,0.0,1.743182572337019,0.0
2013,12,2013-05-18,4.0,0.08,,7.387864929978862,,0.0,0.0,1.1095985118151397,0.0
2013,12,2013-05-19,5.0,0.08,,9.6477456862119,,0.0,0.0,3.078850945291302,0.0
2013,12,2013-05-20,6.0,0.08,,9.744742310070198,,0.4875,0.0,4.439245779822874,0.0
2013,12,2013-05-21,7.0,0.08,,11.000000000000002,,0.5738742470010385,0.0,2.6126369356756474,0.0
2013,12,2013-05-22,8.0,0.08,,11.000000000000002,,0.6755521053764285,0.0,1.9793141226560966,0.0
2013,12,2013-05-23,9.0,0.08,,11.000000000000002,,0.6693127862307413,0.0,0.6175727429402105,0.0
2013,12,2013-05-24,10.0,0.08,,11.000000000000002,,0.6619209548482653,0.0,0.8819442507728491,0.0
2013,12,2013-05-25,11.0,0.08,,11.000000000000002,,0.6531637219016666,0.0,0.7074305884428116,0.0
2013,12,2013-05-26,12.0,0.08,,11.000000000000002,,0.6427888736519074,0.0,0.6675469813375661,0.0
2013,12,2013-05-27,13.0,0.08,,11.000000000000002,,0.6304976080361702,0.0,0.6050875544974155,0.0
2013,12,2013-05-28,14.0,0.08,,11.000000000000002,,0.6159359289831668,0.0,2.3613456984206183,0.0
2013,12,2013-05-29,15.0,0.08,,6.982962795357186,,0.6159223871047751,0.0,2.852703494196485,0.0
2013,12,2013-05-30,16.0,0.08,,11.000000000000002,,0.5986684078047259,0.0,5.201833702369384,0.0
2013,12,2013-05-31,17.0,0.08,,11.000000000000002,,0.5782273143641292,0.0,0.5915933389520687,0.0
2013,12,2013-06-01,18.0,0.08,,11.000000000000002,,0.5540103906168051,0.0,0.45951205389426736,0.0
2013,12,2013-06-02,19.0,0.08,,11.000000000000002,,0.5253201741424268,0.0,0.4413594125983797,0.0
2013,12,2013-06-03,20.0,0.08,,11.000000000000002,,0.491330368916334,0.0,0.48427336264374804,0.0
2013,12,2013-06-04,21.0,0.08,,11.000000000000002,,0.4510669917633703,0.0,6.116792022666051,0.0
2013,12,2013-06-05,22.0,0.08,,11.000000000000002,,0.40336131477080006,0.0,0.18865919511174103,0.0
2013,12,2013-06-06,23.0,0.08,0.09,11.000000000000002,12.375,0.3468435582524956,0.0,0.3372516628832085,0.0
2013,12,2013-06-07,24.0,0.08,,-6.593570170474945,,0.40829658629602406,0.1449483084067596,6.68227863738753,0.02575864951879411
2013,12,2013-06-08,25.0,0.0905004365499774,,2.9700361943968603,,0.4806377354127699,0.3419206347444643,5.3791528874534915,0.034976865754590934
2013,12,2013-06-09,26.0,0.10089126242554235,,6.1202665575441975,,0.5449129975335147,0.5208277892241894,2.7910367602990713,0.0350120546053054
2013,12,2013-06-10,27.0,0.11103857182384769,0.13,7.930339636255743,8.19469226980016,0.5436613475621668,0.6009867652224907,1.6536090171717337,0.014994340065696452
2013,12,2013-06-11,28.0,0.11954267228445502,,9.642895241722693,,0.538756535454744,0.6009867652224907,1.5939948445473178,0.0
2013,12,2013-06-12,29.0,0.11954267228445502,0.15,10.800283877590928,11.224907735959148,0.5325827588910538,0.6009867652224907,1.1573886358682388,0.0
2013,12,2013-06-13,30.0,0.11954267228445502,,-10.94625077833073,,0.6269446763576189,0.9586543002833372,7.28392000150398,0.06954534257437138
2013,12,2013-06-14,31.0,0.1294632081403823,0.17,3.263243077329721,2.511235532152064,0.7380254442175144,1.4120431477741575,6.47604495654531,0.10951005570498999
2013,12,2013-06-15,32.0,0.13930229810981642,,5.945280994437011,,0.8497824430559625,1.933748286522675,2.2366604437849946,0.10455845241366771
2013,12,2013-06-16,33.0,0.14906338644974365,,7.481496630304667,,0.9440516286121226,2.513010397773512,1.303741384521705,0.10042894702557034
2013,12,2013-06-17,34.0,0.1587496621476041,,8.602713900673342,,1.0139708125538245,3.1054040755506085,1.01225620429964,0.1033112883708536
2013,12,2013-06-18,35.0,0.16836390551649805,,9.602674877688603,,1.0514106444019915,3.645994944494807,0.9220772772345087,0.10548796636476898
2013,12,2013-06-19,36.0,0.1778765532035676,0.22,10.671859468848643,10.732039406480348,1.0489364426968106,4.075755421612817,0.9690988714629585,0.10830469918730841
2013,12,2013-06-20,37.0,0.1872080097307876,,-1.1728131472794165,,1.2347848434965747,4.832129680057409,8.60813502901306,0.1756440353154528
2013,12,2013-06-21,38.0,0.19662267798956318,0.24,4.280141108383462,4.230544543750169,1.453561481579266,5.72138528020508,4.712757931973222,0.17186127867783962
2013,12,2013-06-22,39.0,0.20597546634408082,,6.697955701055273,,1.6916774108845691,6.754883473549977,2.0951608840577802,0.18140187393757884
2013,12,2013-06-23,40.0,0.21526848412902566,,8.414050510498255,,1.9328755786400555,7.876179544481054,1.464632797426792,0.20774042205206694
2013,12,2013-06-24,41.0,0.2245037138551692,,12.102588550144633,,2.1698513286057257,9.106154861676501,3.9546125935784597,0.2412010271680389
2013,12,2013-06-25,42.0,0.2336712044332983,0.29,13.824989444007127,13.824573887649434,2.169542317160457,10.093920351167922,1.533779304518082,0.18824413042328403
2013,12,2013-06-26,43.0,0.24271581413999624,,15.05217568259065,,2.1621070803915647,10.911731211454818,1.0557726820731252,0.17125617558103134
2013,12,2013-06-27,44.0,0.2515945913092939,0.32,16.20437281009486,18.609328736976344,2.1485403179995224,11.562867660085123,0.9887769108638956,0.16336095018505567
2013,12,2013-06-28,45.0,0.2601946578514382,,17.16627349258565,,2.1351854987762247,12.168589208827223,1.5795549222549703,0.14432470551937118
2013,12,2013-06-29,46.0,0.2686630036083614,,17.84127707810147,,2.1213037784157898,12.81937840740195,1.310754115550774,0.1262422943208283
2013,12,2013-06-30,47.0,0.27720220575313437,0.365,18.44300814248163,26.259172352073833,2.1021709176073684,13.498448681148762,0.4835519427458255,0.11817674077398058
2013,12,2013-07-01,48.0,0.28576778698955646,,12.8564915981431,,2.4687438414320235,14.959919523569276,6.845734876691302,0.2757478013066632
2013,12,2013-07-02,49.0,0.2945999383040198,0.395,16.34443424217215,27.76805805218327,2.675613164888864,16.367178871431456,3.2179225115324614,0.2700198821034964
2013,12,2013-07-03,50.0,0.2945999383040198,,17.577812980076853,,2.669577783348868,17.53349257710073,1.0056998955056973,0.22767875914396593
2013,12,2013-07-04,51.0,0.2945999383040198,0.425,18.51087969633444,35.473246757816014,2.655072679300903,18.46314441770826,0.7363166560468899,0.1967500361628429
2013,12,2013-07-05,52.0,0.2945999383040198,,9.63358519571504,,3.1254929939832516,20.356762498127623,5.3578473003019775,0.2828581921325024
2013,12,2013-07-06,53.0,0.2945999383040198,,13.400751229641925,,3.5644882397390267,22.51085090518445,3.646903088224831,0.3742629436957028
2013,12,2013-07-07,54.0,0.2945999383040198,,15.813763065475468,,3.9077684098087753,24.867686101202487,2.7720579089157678,0.4029539263382657
2013,12,2013-07-08,55.0,0.2945999383040198,,17.40223720238986,,3.904504548372757,26.699862776962508,1.2549305203453107,0.33354361640168345
2013,12,2013-07-09,56.0,0.2945999383040198,0.5,18.497726539237046,50.27259359097086,3.887739383501823,28.151174919290423,0.8208332595196195,0.27465607727921854
2013,12,2013-07-10,57.0,0.2945999383040198,,10.698493273157453,,4.576561048704392,30.9006696261837,6.8612300251551455,0.539536708751299
2013,12,2013-07-11,58.0,0.2945999383040198,0.54,16.41742317723886,56.09229022895467,5.044649469386802,33.36095552062848,5.1104863985283195,0.6084435055490691
2013,12,2013-07-12,59.0,0.2945999383040198,,14.723479573339903,,5.912798813737168,36.8857828379434,5.601801772132632,0.5782546239672472
2013,12,2013-07-13,60.0,0.2945999383040198,,13.386222990324173,,6.960416342363178,41.009165705402005,5.142084569874881,0.6326588471090631
2013,12,2013-07-14,61.0,0.2945999383040198,0.6,15.963765538109909,67.4886325898241,7.735054688804883,45.56979722748759,2.9418595287835765,0.6516830190020799
2013,12,2013-07-15,62.0,0.2945999383040198,,10.556064249873465,,9.105535764204625,50.89418639979557,4.113079418458758,0.6792192933047655
2013,12,2013-07-16,63.0,0.2945999383040198,0.64,17.243095564281354,77.85365823769882,10.374326304732872,55.83754911582544,5.599878371500997,1.0871529429069058
2013,12,2013-07-17,64.0,0.2945999383040198,,19.26302165244321,,10.326565572150539,59.033965217162276,1.353220619379012,0.704763111620893
2013,12,2013-07-18,65.0,0.2945999383040198,0.68,20.062191000035913,89.82269841907919,10.312872527540762,61.834307229122906,3.388338942650261,0.48502188602691493
2013,12,2013-07-19,66.0,0.2945999383040198,,20.573267853569362,,10.275397535871647,64.44954524462415,2.2490417414652972,0.3108195600754149
2013,12,2013-07-20,67.0,0.2945999383040198,,21.365420360888077,,10.171045329151353,66.12523767968459,0.5420633693259265,0.2643650117287308
2013,12,2013-07-21,68.0,0.2945999383040198,,21.917593382746674,,10.045736690092056,67.32055127033595,0.6426524908290541,0.17285479669557738
2013,12,2013-07-22,69.0,0.2945999383040198,,22.463483332733826,,9.896206757647814,67.97667229641952,0.43347745570992496,0.118829352632318
2013,12,2013-07-23,70.0,0.2987553808428198,0.78,23.001611266199667,115.4392056352604,9.72032721385,68.70868153998168,0.3336846774950735,0.12047970596575402
2013,12,2013-07-24,71.0,0.2987553808428198,,15.943103185796634,,10.284681727841383,74.61356363124291,4.33107411068696,0.8104178089100074
2013,12,2013-07-25,72.0,0.2987553808428198,0.82,18.97339435625456,120.05383653616691,10.284681727841383,79.58065191459981,2.6181889164217984,0.4121022540361278
2013,12,2013-07-26,73.0,0.2987553808428198,,20.607805284942735,,10.237333387306208,82.40457178938205,1.665538071652743,0.48288291024308405
2013,12,2013-07-27,74.0,0.2987553808428198,,21.351424992356424,,10.164014815528766,84.31936342752161,1.0375682126292036,0.21674919681104027
2013,12,2013-07-28,75.0,0.2987553808428198,0.88,21.749143060647288,135.14010766197546,10.0734611395009,86.39891591750421,0.7617318144765519,0.14580091999592934
2013,12,2013-07-29,76.0,0.2987553808428198,,-36.783744077328954,,10.0734611395009,91.89989626267653,1.7612738515660271,0.30583901045775175
2013,12,2013-07-30,77.0,0.2987553808428198,0.91,-7.0717485841905265,88.62193818782507,10.0734611395009,97.56153763066291,4.975505377102861,0.8892122867229859
2013,12,2013-07-31,78.0,0.30663757078062054,,4.761027575654553,,10.0734611395009,103.22149183371891,4.7290855031391885,0.9702517123108957
2013,12,2013-08-01,79.0,0.31449554430108767,0.93,8.675831732775304,100.63430996547154,10.0734611395009,108.87975887184454,1.4646617789853713,0.7483727832110372
2013,12,2013-08-02,80.0,0.32232969300084185,,-15.062477760972694,,10.0734611395009,114.5363387450398,5.649719953192782,1.008803880634593
2013,12,2013-08-03,81.0,0.3301403971476011,,-18.57572316490958,,10.0734611395009,120.19123145330468,4.676881140034907,0.8348464432223336
2013,12,2013-08-04,82.0,0.33792802614877954,,-3.5506579340049687,,10.0734611395009,125.84443699663919,4.5166741288619905,0.8068658649821373
2013,12,2013-08-05,83.0,0.34569293899502845,,3.7413701432629938,,10.0734611395009,131.4959553750433,2.501285558047067,0.8668596576843208
2013,12,2013-08-06,84.0,0.3534354846803471,0.965,7.139658198422571,84.42141991944467,10.0734611395009,137.14578658851707,1.3629182178831247,0.8734363702082069
2013,12,2013-08-07,85.0,0.36115600260028063,,-9.612825175066117,,10.0734611395009,142.4641859382934,3.168646890214366,0.5319620959795811
2013,12,2013-08-08,86.0,0.36885482292960153,0.975,-2.7158668628317546,72.3931449643276,10.0734611395009,147.8684221281995,2.580843263485736,0.4402727952032612
2013,12,2013-08-09,87.0,0.3765322669807611,,4.731066303038865,,10.0734611395009,153.19847446965852,4.413159066295137,0.7634896745073463
2013,12,2013-08-10,88.0,0.384188647544311,,8.600156598671065,,10.0734611395009,158.84155702341076,2.270092746669548,0.8586465816250498
2013,12,2013-08-11,89.0,0.39182426921240227,0.99,10.316851829727414,85.37473891001937,10.0734611395009,164.48295241223263,0.9825751933084463,0.6186306832862852
2013,12,2013-08-12,90.0,0.3994394286863893,,-11.19892428211776,,10.0734611395009,169.91580994425158,3.9173444338888257,0.671809242455347
2013,12,2013-08-13,91.0,0.40703441506949195,1.0,-3.4630564261136514,69.09097715118185,10.0734611395009,175.34095624189703,3.3167625668109766,0.6643219980073438
2013,12,2013-08-14,92.0,0.41460951014540676,,2.110090738098021,,10.0734611395009,180.76787808472474,1.798808295649967,0.6998035279239705
2013,12,2013-08-15,93.0,0.4221649886436886,1.01,5.0982487441219,75.69826392147215,10.0734611395009,186.1720549499901,1.2883878553422576,0.7702870913741359
2013,12,2013-08-16,94.0,0.4297011184926706,,7.156834900745089,,10.0734611395009,191.8050145141601,0.9416057977512317,0.8347692962883889
2013,12,2013-08-17,95.0,0.4372181610606413,,8.764633754618323,,10.0734611395009,197.4362869133997,0.6885506526724829,0.8326344845274978
2013,12,2013-08-18,96.0,0.44471637138594294,,12.137046186469291,,10.0734611395009,203.06587214770892,2.843235748128361,0.7664771820117873
2013,12,2013-08-19,97.0,0.45219599839661323,,14.535271721950567,,10.0734611395009,208.69377021708777,1.4641579386910353,0.9286488949362787
2013,12,2013-08-20,98.0,0.45965728512015386,1.035,16.231369537139184,91.5636765774991,10.0734611395009,214.31998112153624,0.7969647336045155,0.897367927415442
2013,12,2013-08-21,99.0,0.46710046888396656,,7.803948329518609,,10.0734611395009,219.94450486105436,4.986641970360622,0.8853598865250418
2013,12,2013-08-22,100.0,0.4745257815069674,1.045,5.2922369079158695,82.67377789919465,10.0734611395009,225.56734143564208,3.6909767346765663,0.6551227301333062
2013,12,2013-08-23,101.0,0.48193344948285016,,10.450680878274603,,10.0734611395009,231.1884908452994,4.340852774310047,0.817529054362326
2013,12,2013-08-24,102.0,0.48932369415544946,,12.971536126031442,,10.0734611395009,236.8079530900264,1.7600184831358494,0.7608163030162585
2013,12,2013-08-25,103.0,0.4966967318866164,1.05,15.160770323344963,93.56722196230534,10.0734611395009,242.42572816982297,2.157178496295913,0.7940489519903092
2013,12,2013-08-26,104.0,0.5040527742169993,,10.92576312276501,,10.0734611395009,248.0418160846892,5.06675596093122,0.8982346079669967
2013,12,2013-08-27,105.0,0.5113920280200965,1.05,15.988280510910052,94.39472918231644,10.0734611395009,253.65621683462504,4.193533308966696,0.8689833421461879
2013,12,2013-08-28,106.0,0.518714695649928,,17.247775140429972,,10.0734611395009,259.2689304196305,2.276974259585442,0.7605201265155279
2013,12,2013-08-29,107.0,0.5260209750826452,1.05,18.918672229907152,97.32512057743848,10.0734611395009,264.8799568397056,0.7247303962398383,0.9461666127812498
2013,12,2013-08-30,108.0,0.5333110600523874,,19.973622890194,,10.009364912673911,270.42019635310464,0.3588268919526417,0.6961237417255803
2013,12,2013-08-31,109.0,0.5333110600523874,,20.96829622778948,,9.93711195354496,275.88138221185966,0.28378401319570146,0.7108893154780207
2013,12,2013-09-01,110.0,0.5333110600523874,,21.858307319978767,,9.855664255898398,281.2543295864735,0.21575722409648043,0.6742538652204367
2013,12,2013-09-02,111.0,0.5333110600523874,,22.813616623526457,,9.763851719333823,286.528854842908,0.22296354211512145,0.7323457605520994
2013,12,2013-09-03,112.0,0.5333110600523874,,23.66237900850878,,9.660355339276514,291.6936944049891,0.4368554600953606,0.6659069246016406
2013,12,2013-09-04,113.0,0.5333110600523874,1.05,24.47927239915744,102.88572070702773,9.543688257788862,296.73642587389196,0.18110455705538658,0.6357888335008082
2013,12,2013-09-05,114.0,0.5333110600523874,,25.441754997770172,,9.412174402953461,301.6433951810552,0.20910226849624336,0.75338033008653
2013,12,2013-09-06,115.0,0.5333110600523874,1.05,26.42760395910012,104.83405226693074,9.26392440995525,306.3996550155008,0.210208777529812,0.775640183790431
2013,12,2013-09-07,116.0,0.5333110600523874,,27.26225301139175,,9.096808477938218,310.9889217018136,0.1760136453307567,0.6586354069577292
2013,12,2013-09-08,117.0,0.5333110600523874,,28.11545239336738,,8.908425772690753,315.3935602558056,0.17951766916807982,0.6736817128065433
2013,12,2013-09-09,118.0,0.5333110600523874,,4.488539832716951,,8.696069935589977,319.5946107009896,3.702073493963994,0.4854853988155221
2013,12,2013-09-10,119.0,0.5333110600523874,,4.566128270673317,,8.456690203296967,323.3310010578394,2.1171279190585475,0.24646051889771625
2013,12,2013-09-11,120.0,0.5333110600523874,,1.5614791491942561,,8.18684757963751,326.8315943646748,1.3636185060252628,0.14840849274522108
2013,12,2013-09-12,121.0,0.5333110600523874,,-6.802856494003063,,7.882665430021389,329.6984346974909,0.8584025829964292,0.0763282904773118
2013,12,2013-09-13,122.0,0.5333110600523874,,-12.291937228889829,,7.539773788625799,332.7997674614224,2.3178218275359845,0.22236433669850889
2013,12,2013-09-14,123.0,0.5333110600523874,,-6.993760321338641,,7.153246578244316,335.5904205191213,3.4110091054860785,0.2935874261646738
2013,12,2013-09-15,124.0,0.5333110600523874,,-14.981294808963085,,6.717530840884225,337.0564184656479,0.545351984646463,0.024576715918697416
2013,12,2013-09-16,125.0,0.5333110600523874,,-6.6075786209843566,,6.226366962419168,339.01519856112543,2.2730818567424547,0.1363696999571902
2013,12,2013-09-17,126.0,0.5333110600523874,1.05,1.3118291800910205,58.79011546719954,5.672698745222178,340.76225262869076,3.5827699109219187,0.19092809905151445
2013,12,2013-09-18,127.0,0.5333110600523874,,5.335286183375261,,5.048572036857346,342.17476824837,2.8009548318739967,0.15538359347974523
2013,12,2013-09-19,128.0,0.5333110600523874,,7.7666171229557515,,4.345020458501671,342.6809152820201,2.6608223341123436,0.04966557344082835
2013,12,2013-09-20,129.0,0.5333110600523874,,9.41238257912452,,3.551936591439503,343.0983830993991,1.4592649204834727,0.038885206037139144
2013,12,2013-09-21,130.0,0.5333110600523874,,10.705320340886095,,2.6579267710588503,343.45645035140245,1.2193558074138588,0.04044498914632729
2013,12,2013-09-22,131.0,0.5333110600523874,,9.187679365015327,,1.6501474022794411,343.6029430191957,3.284132783405424,0.01376564267912851
2013,12,2013-09-23,132.0,0.5333110600523874,,-4.269222207078227,,0.5141204448742088,343.60915121210405,4.014197945215895,0.0006991755243083726
